Date,Open,High,Low,Close,Volume,Dividends,Stock Splits
1980-03-17,0.0,0.2877111389689723,0.2834676206111908,0.2834676206111908,685800,0.0,0.0
1980-03-18,0.0,0.28177028228673096,0.2809215784072876,0.2809215784072876,383800,0.0,0.0
1980-03-19,0.0,0.280921445077354,0.27837533464744973,0.2792240381240845,470600,0.0,0.0
1980-03-20,0.0,0.2792241161148437,0.2698883482501179,0.27073705196380615,522300,0.0,0.0
1980-03-21,0.0,0.2724343167585016,0.2707369102198004,0.271585613489151,420500,0.0,0.0
1980-03-24,0.0,0.27158577880107027,0.2690396674432225,0.26988837122917175,400500,0.0,0.0
1980-03-25,0.0,0.2732830200278522,0.26903950368109925,0.271585613489151,145100,0.0,0.0
1980-03-26,0.0,0.27667794228297193,0.27073699061912393,0.27413180470466614,423800,0.0,0.0
1980-03-27,0.0,0.27498050822605175,0.27073699061912393,0.27413180470466614,275300,0.0,0.0
1980-03-28,0.0,0.2749805152416229,0.27158570106946883,0.2749805152416229,317000,0.0,0.0
1980-03-31,0.0,0.27328309416770935,0.2698882801693169,0.27328309416770935,91700,0.0,0.0
1980-04-01,0.0,0.27752652024365565,0.2732829775424753,0.27667781710624695,290300,0.0,0.0
1980-04-02,0.0,0.2783753564279267,0.2749805152416229,0.2749805152416229,540600,0.0,0.0
1980-04-03,0.0,0.2758292457988112,0.2724344046125074,0.2749805152416229,215200,0.0,0.0
1980-04-07,0.0,0.27498058010102977,0.2681909501552582,0.2681909501552582,659100,0.0,0.0
1980-04-08,0.0,0.26988830466419605,0.26819089751094427,0.2690396010875702,116800,0.0,0.0
1980-04-09,0.0,0.26988839069505133,0.26394746376491324,0.2647961676120758,136800,0.0,0.0
1980-04-10,0.0,0.2664934923249565,0.26564478874206543,0.26564478874206543,525600,0.0,0.0
1980-04-11,0.0,0.2664933169321826,0.2563088536262512,0.2563088536262512,380400,0.0,0.0
1980-04-14,0.0,0.2605524885957453,0.2563089715222464,0.25970378518104553,664100,0.0,0.0
1980-04-15,0.0,0.2622500391753399,0.2588552236557007,0.2588552236557007,343700,0.0,0.0
1980-04-16,0.0,0.26479612415157266,0.2605525785980856,0.26309871673583984,365400,0.0,0.0
1980-04-17,0.0,0.2664935083724672,0.26224996318832633,0.26394739747047424,488900,0.0,0.0
1980-04-18,0.0,0.2681909830007262,0.26394746376491324,0.2647961676120758,392100,0.0,0.0
1980-04-21,0.0,0.26394737567330007,0.25800642371177673,0.25800642371177673,979500,0.0,0.0
1980-04-22,0.0,0.2614012360572815,0.25885512538415545,0.2614012360572815,669100,0.0,0.0
1980-04-23,0.0,0.2614013352954301,0.25630911201597123,0.2588552236557007,1425100,0.0,0.0
1980-04-24,0.0,0.26819089949073854,0.2571577258990041,0.26564478874206543,942800,0.0,0.0
1980-04-25,0.0,0.2673421959078475,0.2630986779933923,0.26564478874206543,370400,0.0,0.0
1980-04-28,0.0,0.2766779493418497,0.2673421833542763,0.2749805152416229,283600,0.0,0.0
1980-04-29,0.0,0.28686249256134033,0.2758293426286543,0.28686249256134033,138500,0.0,0.0
1980-04-30,0.0,0.2868623909775511,0.28177016973495483,0.28177016973495483,113400,0.0,0.0
1980-05-01,0.0,0.28346768330740735,0.2792241640110617,0.2800728678703308,135100,0.0,0.0
1980-05-02,0.0,0.2817702755888691,0.27837546015179254,0.2800728678703308,61700,0.0,0.0
1980-05-05,0.0,0.28007278750200343,0.2758292694233571,0.2775266766548157,452200,0.0,0.0
1980-05-06,0.0,0.2834676900456177,0.27582935513062734,0.2809215784072876,267000,0.0,0.0
1980-05-07,0.0,0.2843163871666765,0.2800728678703308,0.2800728678703308,180200,0.0,0.0
1980-05-08,0.0,0.27922392651847305,0.27498038381729273,0.27667781710624695,310300,0.0,0.0
1980-05-09,0.0,0.2792240838862742,0.2758292694233571,0.2775266766548157,163500,0.0,0.0
1980-05-12,0.0,0.2809215717296,0.27752675629252344,0.2800728678703308,267000,0.0,0.0
1980-05-13,0.0,0.2851650049489132,0.27837537612420904,0.2843163013458252,1017900,0.0,0.0
1980-05-14,0.0,0.29789549112319946,0.28601361745045034,0.29789549112319946,325400,0.0,0.0
1980-05-15,0.0,0.30638264219165384,0.298744282920804,0.30468523502349854,348700,0.0,0.0
1980-05-16,0.0,0.3046853041494815,0.3004417582521807,0.30213919281959534,166800,0.0,0.0
1980-05-19,0.0,0.3021390865065342,0.3004416525363922,0.3004416525363922,714200,0.0,0.0
1980-05-20,0.0,0.3038368011228934,0.3004419567591911,0.3012906610965729,171800,0.0,0.0
1980-05-21,0.0,0.30213919281959534,0.3004417582521807,0.30213919281959534,46700,0.0,0.0
1980-05-22,0.0,0.3046853041494815,0.30213919281959534,0.30213919281959534,213600,0.0,0.0
1980-05-23,0.0,0.30468516828006015,0.3021390580855707,0.303836464881897,160200,0.0,0.0
1980-05-27,0.0,0.3055339386075762,0.30213912427126566,0.30468523502349854,282000,0.0,0.0
1980-05-28,0.0,0.3029877841472625,0.29959294328653013,0.3029877841472626,73400,0.0,0.0
1980-05-29,0.0,0.3046851969405257,0.3004416525363922,0.3004416525363922,98400,0.0,0.0
1980-05-30,0.0,0.3004416525363922,0.2953494316684092,0.3004416525363922,255300,0.0,0.0
1980-06-02,0.0,0.30468516828006015,0.29874421747877283,0.303836464881897,981200,0.0,0.0
1980-06-03,0.0,0.3046852350234986,0.30129039367303695,0.30468523502349854,170200,0.0,0.0
1980-06-04,0.0,0.3055339386075762,0.30213912427126566,0.30468523502349854,632400,0.0,0.0
1980-06-05,0.0,0.3046852350234986,0.3029878278553433,0.30468523502349854,350400,0.0,0.0
1980-06-06,0.0,0.3055340051651001,0.3038365976271816,0.3055340051651001,231900,0.0,0.0
1980-06-09,0.0,0.29874419445595707,0.2970467877904419,0.29789549112319946,186900,0.0,0.0
1980-06-10,0.0,0.29874420166015625,0.2961980916004842,0.29874420166015625,267000,0.0,0.0
1980-06-11,0.0,0.3004416525363922,0.29704683862440356,0.3004416525363922,1570300,0.0,0.0
1980-06-12,0.0,0.3004416525363922,0.29874424558039786,0.3004416525363922,1516900,0.0,0.0
1980-06-13,0.0,0.30129031171982823,0.29874420166015625,0.29874420166015625,83400,0.0,0.0
1980-06-16,0.0,0.3055340051651001,0.3004417555371876,0.3055340051651001,382100,0.0,0.0
1980-06-17,0.0,0.3114749056419819,0.30553397975338276,0.30977749824523926,275300,0.0,0.0
1980-06-18,0.0,0.31062623858451843,0.30808012718906985,0.31062623858451843,113400,0.0,0.0
1980-06-19,0.0,0.31062620194361057,0.30892879454686795,0.30977749824523926,83400,0.0,0.0
1980-06-20,0.0,0.31147494238300133,0.31062623858451843,0.31062623858451843,208600,0.0,0.0
1980-06-23,0.0,0.31147494238300133,0.30892883098755275,0.31062623858451843,58400,0.0,0.0
1980-06-24,0.0,0.3131723933768437,0.30723146596421835,0.3123236894607544,358700,0.0,0.0
1980-06-25,0.0,0.31741572245888655,0.3131721787722126,0.31486961245536804,116800,0.0,0.0
1980-06-26,0.0,0.31741586327552795,0.3148697521424666,0.31741586327552795,811000,0.0,0.0
1980-06-27,0.0,0.3174157966668491,0.3157183896010036,0.3165670931339264,101700,0.0,0.0
1980-06-30,0.0,0.31741585854473575,0.30977749824523926,0.30977749824523926,524000,0.0,0.0
1980-07-01,0.0,0.31656709313392634,0.31147484492224037,0.3165670931339264,148500,0.0,0.0
1980-07-02,0.0,0.3182645669865484,0.3123236139952501,0.31741586327552795,1266600,0.0,0.0
1980-07-03,0.0,0.3259029686450959,0.3157185219797497,0.3259029686450958,226900,0.0,0.0
1980-07-07,0.0,0.32929768460915404,0.3276002774841992,0.32844898104667664,248600,0.0,0.0
1980-07-08,0.0,0.33184378639493567,0.32760026869638015,0.3309950828552246,602400,0.0,0.0
1980-07-09,0.0,0.3326924917761731,0.32760027050971985,0.32760027050971985,762600,0.0,0.0
1980-07-10,0.0,0.3292978753510352,0.32081080779607746,0.32250821590423584,408800,0.0,0.0
1980-07-11,0.0,0.3250541548307936,0.32250804402549066,0.3233567476272583,191900,0.0,0.0
1980-07-14,0.0,0.32420562401239417,0.32250821590423584,0.32250821590423584,545600,0.0,0.0
1980-07-15,0.0,0.32250799314983475,0.31911317927829635,0.32081058621406555,290300,0.0,0.0
1980-07-16,0.0,0.319961891846569,0.30977742292813865,0.31147482991218567,225200,0.0,0.0
1980-07-17,0.0,0.3216593861579895,0.3131723219194514,0.3216593861579895,288700,0.0,0.0
1980-07-18,0.0,0.33014651510315085,0.3259029686450959,0.3259029686450958,1388400,0.0,0.0
1980-07-21,0.0,0.3326924917761731,0.32760027050971985,0.32760027050971985,133500,0.0,0.0
1980-07-22,0.0,0.33099508468735533,0.3259028364067523,0.32760027050971985,215200,0.0,0.0
1980-07-23,0.0,0.32760027050971985,0.3233567257735257,0.32760027050971985,518900,0.0,0.0
1980-07-24,0.0,0.3292977139052379,0.32420546506318926,0.3250541687011719,51700,0.0,0.0
1980-07-25,0.0,0.32420531776525774,0.31656698849377685,0.3182643949985504,75000,0.0,0.0
1980-07-28,0.0,0.3208105047557107,0.31656698849377685,0.3182643949985504,216900,0.0,0.0
1980-07-29,0.0,0.32420527935028076,0.3199617635911597,0.32420527935028076,245300,0.0,0.0
1980-07-30,0.0,0.32929778099060053,0.32250812348938074,0.3292977809906006,255300,0.0,0.0
1980-07-31,0.0,0.3318438692283567,0.32760035047055247,0.330146461725235,282000,0.0,0.0
1980-08-01,0.0,0.3335413203264495,0.3301465048764924,0.33184391260147095,302000,0.0,0.0
1980-08-04,0.0,0.33099508468735533,0.3259028364067523,0.32760027050971985,518900,0.0,0.0
1980-08-05,0.0,0.3284491073255932,0.3259029686450959,0.3259029686450958,68400,0.0,0.0
1980-08-06,0.0,0.32420545122902594,0.32081063682195543,0.3233567476272583,569000,0.0,0.0
1980-08-07,0.0,0.33184391260147095,0.32420555082490743,0.33184391260147095,51700,0.0,0.0
1980-08-08,0.0,0.3343900241889388,0.3301465048764924,0.33184391260147095,218600,0.0,0.0
1980-08-11,0.0,0.334389865398407,0.32929764464159605,0.334389865398407,997900,0.0,0.0
1980-08-12,0.0,0.3437257639870102,0.3343899952922296,0.33948221802711487,874400,0.0,0.0
1980-08-13,0.0,0.3454231917858124,0.341179672591666,0.3454231917858124,158500,0.0,0.0
1980-08-14,0.0,0.3437255847074907,0.3403307713215587,0.3428768813610077,155100,0.0,0.0
1980-08-15,0.0,0.34966656565666193,0.34287693776783346,0.349666565656662,338700,0.0,0.0
1980-08-18,0.0,0.3539099065837055,0.3488176615812566,0.35051506757736206,373800,0.0,0.0
1980-08-19,0.0,0.35051521042617717,0.34457428701864656,0.34627169370651245,200200,0.0,0.0
1980-08-20,0.0,0.35306140661522417,0.3462717517122477,0.349666565656662,518900,0.0,0.0
1980-08-21,0.0,0.3539102238971188,0.3479692705700002,0.34881797432899475,403800,0.0,0.0
1980-08-22,0.0,0.35136377057541485,0.3488176615812566,0.35051506757736206,236900,0.0,0.0
1980-08-25,0.0,0.3606996772614126,0.3505152101287168,0.3564561605453491,278600,0.0,0.0
1980-08-26,0.0,0.3573048638885618,0.3564561605453491,0.3564561605453491,248600,0.0,0.0
1980-08-27,0.0,0.3581535816192627,0.35645617486465025,0.3581535816192627,510600,0.0,0.0
1980-08-28,0.0,0.35815362753184554,0.34966656565666193,0.349666565656662,133500,0.0,0.0
1980-08-29,0.0,0.35221272706985474,0.3496666162431963,0.35221272706985474,150100,0.0,0.0
1980-09-02,0.0,0.36239741951150584,0.3505155346902951,0.36070001125335693,510600,0.0,0.0
1980-09-03,0.0,0.36324593667139166,0.3598511219024658,0.3598511219024658,425500,0.0,0.0
1980-09-04,0.0,0.3632461236405803,0.3598513071242825,0.36070001125335693,560700,0.0,0.0
1980-09-05,0.0,0.36069972888791496,0.3573049150291687,0.35900232195854187,185200,0.0,0.0
1980-09-08,0.0,0.35475892765611333,0.3471205668110056,0.34881797432899475,283600,0.0,0.0
1980-09-09,0.0,0.34881797432899475,0.3471205668110056,0.34881797432899475,173500,0.0,0.0
1980-09-10,0.0,0.3488180272845226,0.346271915621003,0.34796932339668274,525600,0.0,0.0
1980-09-11,0.0,0.3445744541231061,0.34033093534550907,0.34117963910102844,352100,0.0,0.0
1980-09-12,0.0,0.34117965261956756,0.33863351423796734,0.33948221802711487,1043000,0.0,0.0
1980-09-15,0.0,0.3445742653862935,0.3394820186282434,0.3437255620956421,343700,0.0,0.0
1980-09-16,0.0,0.3454229686769449,0.3428768588049907,0.3437255620956421,116800,0.0,0.0
1980-09-17,0.0,0.34796932339668274,0.3445745078453233,0.34796932339668274,277000,0.0,0.0
1980-09-18,0.0,0.3547588586807251,0.34712049932073546,0.3547588586807251,872700,0.0,0.0
1980-09-19,0.0,0.3657919068246779,0.3556074401795041,0.36494317650794983,415500,0.0,0.0
1980-09-22,0.0,0.3666408061981201,0.3623972604016999,0.3666408061981201,804300,0.0,0.0
1980-09-23,0.0,0.37258173249328924,0.3666408061981201,0.3666408061981201,387100,0.0,0.0
1980-09-24,0.0,0.36324593667139166,0.3581537145180029,0.3598511219024658,328700,0.0,0.0
1980-09-25,0.0,0.3598510660916308,0.3530614376068115,0.3530614376068115,106800,0.0,0.0
1980-09-26,0.0,0.353910169390554,0.33523863554000854,0.33523863554000854,153500,0.0,0.0
1980-09-29,0.0,0.3377846036042306,0.332692383987599,0.3360871970653534,692500,0.0,0.0
1980-09-30,0.0,0.3420283428565479,0.33693609330927493,0.34117963910102844,397100,0.0,0.0
1980-10-01,0.0,0.3420283564087151,0.3377848104488198,0.33948221802711487,872700,0.0,0.0
1980-10-02,0.0,0.35900232195854187,0.33863338477776966,0.35900232195854187,1705500,0.0,0.0
1980-10-03,0.0,0.37343043088912964,0.3598511439666607,0.37343043088912964,1972500,0.0,0.0
1980-10-06,0.0,0.37343043088912964,0.37173302340059056,0.37343043088912964,826000,0.0,0.0
1980-10-07,0.0,0.3734304172417216,0.36833819496220493,0.37173300981521606,377100,0.0,0.0
1980-10-08,0.0,0.37003546362448575,0.3649432162404195,0.3657919466495514,170200,0.0,0.0
1980-10-09,0.0,0.36579205846024976,0.36154851317405695,0.361548513174057,235300,0.0,0.0
1980-10-10,0.0,0.3632458392819747,0.3573049150291687,0.35900232195854187,141800,0.0,0.0
1980-10-13,0.0,0.3581535816192627,0.35475876811003787,0.3581535816192627,78400,0.0,0.0
1980-10-14,0.0,0.36154843235260153,0.3573049150291687,0.35900232195854187,110100,0.0,0.0
1980-10-15,0.0,0.3598509883738751,0.3581535816192627,0.3581535816192627,435500,0.0,0.0
1980-10-16,0.0,0.3590022705749872,0.3547587538589237,0.3564561605453491,141800,0.0,0.0
1980-10-17,0.0,0.35900244645108614,0.34881797432899475,0.34881797432899475,241900,0.0,0.0
1980-10-20,0.0,0.35221267611497264,0.3479691586844548,0.349666565656662,3487700,0.0,0.0
1980-10-21,0.0,0.35221274999935825,0.34966663900694467,0.35136404633522034,126800,0.0,0.0
1980-10-22,0.0,0.34881797432899475,0.3479692705700002,0.34881797432899475,307000,0.0,0.0
1980-10-23,0.0,0.34881778917509587,0.3445742726325989,0.3445742726325989,138500,0.0,0.0
1980-10-24,0.0,0.34542322492362515,0.33693615870697546,0.34202840924263,298700,0.0,0.0
1980-10-27,0.0,0.34202819908778676,0.33693595168099844,0.33863335847854614,96700,0.0,0.0
1980-10-28,0.0,0.33863335847854614,0.3360872482822245,0.33863335847854614,28300,0.0,0.0
1980-10-29,0.0,0.3386333068736692,0.3352384937959148,0.3360871970653534,156800,0.0,0.0
1980-10-30,0.0,0.3360873391682922,0.3326925246551576,0.33523863554000854,80100,0.0,0.0
1980-10-31,0.0,0.3343900241889388,0.3301465048764924,0.33184391260147095,166800,0.0,0.0
1980-11-03,0.0,0.3318438692283567,0.330146461725235,0.330146461725235,80100,0.0,0.0
1980-11-05,0.0,0.34202828239010286,0.3352386265321197,0.3377847373485565,463900,0.0,0.0
1980-11-06,0.0,0.3386334500531432,0.33354122828344124,0.33523863554000854,173500,0.0,0.0
1980-11-07,0.0,0.33948221802711487,0.33523869908137716,0.33948221802711487,135100,0.0,0.0
1980-11-10,0.0,0.3420283428565479,0.34033093534550907,0.34117963910102844,539000,0.0,0.0
1980-11-11,0.0,0.3428768813610077,0.3403307713215587,0.3428768813610077,120100,0.0,0.0
1980-11-12,0.0,0.34796910143990567,0.3428768813610077,0.3428768813610077,425500,0.0,0.0
1980-11-13,0.0,0.3471205234527588,0.3403308942288835,0.3471205234527588,200200,0.0,0.0
1980-11-14,0.0,0.35221274999935825,0.3462718243503932,0.35136404633522034,695800,0.0,0.0
1980-11-17,0.0,0.3522124735734676,0.3479689585832038,0.35051506757736206,493900,0.0,0.0
1980-11-18,0.0,0.3581535816192627,0.3530613613554255,0.3581535816192627,108400,0.0,0.0
1980-11-19,0.0,0.3564562721284374,0.35221272706985474,0.35221272706985474,1019600,0.0,0.0
1980-11-20,0.0,0.35221274537066516,0.3471205234527588,0.3471205234527588,46700,0.0,0.0
1980-11-21,0.0,0.3547588880059254,0.34966663900694467,0.35136404633522034,101700,0.0,0.0
1980-11-24,0.0,0.3513639726288691,0.3479691586844548,0.349666565656662,93400,0.0,0.0
1980-11-25,0.0,0.35306132530694917,0.3437255620956421,0.3437255620956421,56700,0.0,0.0
1980-11-26,0.0,0.3428771131628788,0.33948227046772184,0.34202840924263,68400,0.0,0.0
1980-11-28,0.0,0.3394823758166825,0.3318440381640967,0.3326927423477173,160200,0.0,0.0
1980-12-01,0.0,0.3343899059840187,0.32844898104667664,0.32844898104667664,193500,0.0,0.0
1980-12-02,0.0,0.330146461725235,0.32420550845015267,0.330146461725235,166800,0.0,0.0
1980-12-03,0.0,0.33523863554000854,0.3284490065137393,0.33523863554000854,45000,0.0,0.0
1980-12-04,0.0,0.3386331943679606,0.3292974615057907,0.33693578839302063,253600,0.0,0.0
1980-12-05,0.0,0.34033079229023905,0.3343898414846768,0.33863335847854614,230200,0.0,0.0
1980-12-08,0.0,0.3360873391682922,0.33184382102687393,0.33523863554000854,352100,0.0,0.0
1980-12-09,0.0,0.33948206187732,0.3360872482822245,0.33863335847854614,83400,0.0,0.0
1980-12-10,0.0,0.35136404171768076,0.34287700518783676,0.3471205234527588,292000,0.0,0.0
1980-12-11,0.0,0.3479693033023002,0.3454231917858124,0.3454231917858124,75000,0.0,0.0
1980-12-12,0.0,0.34966656565666193,0.3420282342817299,0.349666565656662,141800,0.0,0.0
1980-12-15,0.0,0.3488178037383113,0.3454229903625795,0.34627169370651245,118400,0.0,0.0
1980-12-16,0.0,0.35051533806469637,0.34627181979977434,0.3471205234527588,248600,0.0,0.0
1980-12-17,0.0,0.34966673117236247,0.346271915621003,0.34796932339668274,408800,0.0,0.0
1980-12-18,0.0,0.3513638917115047,0.3437255620956421,0.3437255620956421,852700,0.0,0.0
1980-12-19,0.0,0.3437257503675867,0.33863350082031374,0.34117963910102844,130100,0.0,0.0
1980-12-22,0.0,0.33948208615521785,0.334389865398407,0.334389865398407,110100,0.0,0.0
1980-12-23,0.0,0.3437255847074907,0.33693593092148316,0.3428768813610077,365400,0.0,0.0
1980-12-24,0.0,0.3471205234527588,0.34372570884082115,0.3471205234527588,215200,0.0,0.0
1980-12-26,0.0,0.35136377057541485,0.34966636457930933,0.35051506757736206,48300,0.0,0.0
1980-12-29,0.0,0.3556077182292938,0.35221287535037904,0.3556077182292938,233600,0.0,0.0
1980-12-30,0.0,0.364094680176522,0.3539102347560993,0.35730504989624023,161800,0.0,0.0
1980-12-31,0.0,0.36154851317405695,0.3573049949020175,0.361548513174057,270300,0.0,0.0
1981-01-02,0.0,0.3649435448045341,0.36239743232727045,0.3623974323272705,46700,0.0,0.0
1981-01-05,0.0,0.3683382137110256,0.3623972604016999,0.3666408061981201,385400,0.0,0.0
1981-01-06,0.0,0.3751278383776687,0.36664080093497325,0.37343043088912964,191900,0.0,0.0
1981-01-07,0.0,0.371733009815216,0.36748949124895214,0.37173300981521606,332000,0.0,0.0
1981-01-08,0.0,0.37767402995427884,0.37343051033019364,0.3759766221046448,166800,0.0,0.0
1981-01-09,0.0,0.38616108230075746,0.37512790466157,0.38531237840652466,193500,0.0,0.0
1981-01-12,0.0,0.3921019647390482,0.3802200853824615,0.38022008538246155,323700,0.0,0.0
1981-01-13,0.0,0.38191717844551526,0.3768249331910948,0.3785223662853241,290300,0.0,0.0
1981-01-14,0.0,0.38191749285995163,0.3793713816437165,0.38022008538246155,513900,0.0,0.0
1981-01-15,0.0,0.38106881907843887,0.37682527303695673,0.3768252730369568,791000,0.0,0.0
1981-01-16,0.0,0.3810688421639095,0.3785227305932695,0.37937143445014954,567300,0.0,0.0
1981-01-19,0.0,0.3785227076620445,0.37427916162056235,0.3768252730369568,375400,0.0,0.0
1981-01-20,0.0,0.38022003204013144,0.3759764869275912,0.3776738941669464,253600,0.0,0.0
1981-01-21,0.0,0.3870096206665039,0.37597644774633193,0.3870096206665039,992900,0.0,0.0
1981-01-22,0.0,0.3895557312602014,0.3870096206665039,0.3870096206665039,156800,0.0,0.0
1981-01-23,0.0,0.39379925119455783,0.38870700331287594,0.39125311374664307,809300,0.0,0.0
1981-01-26,0.0,0.395496545634729,0.3870094862558597,0.38870689272880554,315400,0.0,0.0
1981-01-27,0.0,0.39549693465232844,0.3904046832105246,0.3954969346523285,602400,0.0,0.0
1981-01-28,0.0,0.39974010911106045,0.39210177907909954,0.39379918575286865,123400,0.0,0.0
1981-01-29,0.0,0.3997402420006039,0.3963454275244944,0.39889153838157654,335400,0.0,0.0
1981-01-30,0.0,0.3980429064636152,0.3929506838321685,0.3929506838321686,130100,0.0,0.0
1981-02-02,0.0,0.39379927593051334,0.3853122136040389,0.3870096206665039,1134700,0.0,0.0
1981-02-03,0.0,0.3904045224189759,0.3853123000886153,0.39040452241897583,797600,0.0,0.0
1981-02-04,0.0,0.3895557981620813,0.3861609834541296,0.38785839080810547,251900,0.0,0.0
1981-02-05,0.0,0.3904045224189759,0.386161003810342,0.39040452241897583,318700,0.0,0.0
1981-02-06,0.0,0.39210209250450134,0.3870098413985782,0.39210209250450134,258600,0.0,0.0
1981-02-09,0.0,0.39125300243822436,0.3870094862558597,0.38870689272880554,153500,0.0,0.0
1981-02-10,0.0,0.38870702772896887,0.3861609171352714,0.3870096206665039,417200,0.0,0.0
1981-02-11,0.0,0.39379918575286865,0.3870095320436491,0.39379918575286865,972900,0.0,0.0
1981-02-12,0.0,0.40313522035922944,0.3954968846828472,0.40058910846710205,312000,0.0,0.0
1981-02-13,0.0,0.4014378124311445,0.39889170053901707,0.40058910846710205,1428400,0.0,0.0
1981-02-17,0.0,0.41077347229548156,0.402286407929208,0.409076064825058,1216500,0.0,0.0
1981-02-18,0.0,0.4175629217645235,0.4090758616142464,0.4167141914367676,1513600,0.0,0.0
1981-02-19,0.0,0.41926039696152145,0.4141681492328644,0.4141681492328644,425500,0.0,0.0
1981-02-20,0.0,0.4158655561377011,0.4141681492328644,0.4141681492328644,216900,0.0,0.0
1981-02-23,0.0,0.42350408719942406,0.4116222069983904,0.42010927200317383,1640400,0.0,0.0
1981-02-24,0.0,0.41671424392496936,0.4124707268224001,0.41586554050445557,537300,0.0,0.0
1981-02-25,0.0,0.41671413269289254,0.4099245071411132,0.4099245071411133,487200,0.0,0.0
1981-02-26,0.0,0.4209579758022364,0.41077350319932787,0.42010927200317383,1433400,0.0,0.0
1981-02-27,0.0,0.43114233630815724,0.4209578663532104,0.4285961985588074,861100,0.0,0.0
1981-03-02,0.0,0.42774754075876814,0.4252014297510795,0.4268988370895386,338700,0.0,0.0
1981-03-03,0.0,0.4294449090957641,0.4260500947271572,0.42944490909576416,485600,0.0,0.0
1981-03-04,0.0,0.42774757742881775,0.42774757742881775,0.42774757742881775,193500,0.0,0.0
1981-03-05,0.0,0.4294449480972273,0.42605013342030906,0.4268988370895386,352100,0.0,0.0
1981-03-06,0.0,0.4285962444279977,0.42605013342030906,0.4268988370895386,265300,0.0,0.0
1981-03-09,0.0,0.4302936397020672,0.42774750191146066,0.42944490909576416,256900,0.0,0.0
1981-03-10,0.0,0.4413269828915936,0.43453735113143915,0.4345373511314392,2825200,0.0,0.0
1981-03-11,0.0,0.43453715144666694,0.43199104070663447,0.4319910407066345,378800,0.0,0.0
1981-03-12,0.0,0.4379320740699768,0.42944500915681494,0.4379320740699768,136800,0.0,0.0
1981-03-13,0.0,0.4387808709815357,0.43453735113143915,0.4345373511314392,392100,0.0,0.0
1981-03-16,0.0,0.4362345426249799,0.4319910248803896,0.4336884319782257,215200,0.0,0.0
1981-03-17,0.0,0.43708326921185053,0.4328397512435913,0.4328397512435913,206900,0.0,0.0
1981-03-18,0.0,0.43708337987850504,0.4345372684528907,0.43538597226142883,101700,0.0,0.0
1981-03-19,0.0,0.4362345426249799,0.4336884319782257,0.4336884319782257,208600,0.0,0.0
1981-03-20,0.0,0.4353858390760618,0.4336884319782257,0.4336884319782257,158500,0.0,0.0
1981-03-23,0.0,0.4379320740699768,0.43368855512047466,0.4379320740699768,116800,0.0,0.0
1981-03-24,0.0,0.44302415009256213,0.4379319023359161,0.43878060579299927,1129700,0.0,0.0
1981-03-25,0.0,0.4472678899765015,0.4404782319265781,0.44726788997650146,128400,0.0,0.0
1981-03-26,0.0,0.45066256928471415,0.4481164584158476,0.4489651620388031,412100,0.0,0.0
1981-03-27,0.0,0.45151111580080433,0.44811630249023443,0.4481163024902344,250300,0.0,0.0
1981-03-30,0.0,0.450662705494383,0.44641918609703113,0.44726788997650146,493900,0.0,0.0
1981-03-31,0.0,0.4498140016149126,0.44641918609703113,0.44726788997650146,278600,0.0,0.0
1981-04-01,0.0,0.44811659069521403,0.4387808210727287,0.43962952494621277,131800,0.0,0.0
1981-04-02,0.0,0.4404782288196969,0.4362347094522764,0.43962952494621277,934500,0.0,0.0
1981-04-03,0.0,0.4396294569997815,0.43114241957664495,0.4311424195766449,83400,0.0,0.0
1981-04-06,0.0,0.4294449041249426,0.4226552754663187,0.4252013862133026,170200,0.0,0.0
1981-04-07,0.0,0.42520149479754915,0.42010927200317383,0.42010927200317383,45000,0.0,0.0
1981-04-08,0.0,0.42010908462117064,0.4158655405044555,0.41586554050445557,48300,0.0,0.0
1981-04-09,0.0,0.41926029324531555,0.4167141565037744,0.41926029324531555,80100,0.0,0.0
1981-04-10,0.0,0.42774757742881775,0.42095794749291826,0.42774757742881775,70000,0.0,0.0
1981-04-13,0.0,0.43283941948399757,0.42435236303842466,0.42604976892471313,303700,0.0,0.0
1981-04-14,0.0,0.4260499713908199,0.41841164127265906,0.4218064546585083,116800,0.0,0.0
1981-04-15,0.0,0.42350408719942406,0.4192605682041113,0.42010927200317383,375400,0.0,0.0
1981-04-16,0.0,0.4201090317053639,0.4167141914367676,0.4167141914367676,73400,0.0,0.0
1981-04-20,0.0,0.4243525646978953,0.4141680975262039,0.4218064546585083,245300,0.0,0.0
1981-04-21,0.0,0.43114233630815724,0.42605008782360837,0.4285961985588074,722500,0.0,0.0
1981-04-22,0.0,0.4379320495151542,0.4302937158343313,0.4311424195766449,363700,0.0,0.0
1981-04-23,0.0,0.4328398270612723,0.4302937158343313,0.4311424195766449,71700,0.0,0.0
1981-04-24,0.0,0.43708324617389793,0.43114232133147157,0.4336884319782257,208600,0.0,0.0
1981-04-27,0.0,0.4387808709815357,0.43453735113143915,0.4345373511314392,278600,0.0,0.0
1981-04-28,0.0,0.4353859382882132,0.43114241957664495,0.4311424195766449,151800,0.0,0.0
1981-04-29,0.0,0.43368845483724316,0.43029364046263574,0.4328397512435913,357100,0.0,0.0
1981-04-30,0.0,0.43453723454589954,0.4302937158343313,0.4311424195766449,206900,0.0,0.0
1981-05-01,0.0,0.43878078749558125,0.4328398608358145,0.43538597226142883,333700,0.0,0.0
1981-05-04,0.0,0.44811635636076663,0.43453707447190376,0.4438728392124176,769300,0.0,0.0
1981-05-05,0.0,0.44302432382353696,0.4379320740699768,0.4379320740699768,445500,0.0,0.0
1981-05-06,0.0,0.4404782789215743,0.43453735113143915,0.4345373511314392,282000,0.0,0.0
1981-05-07,0.0,0.43453715144666694,0.4302936335466129,0.4319910407066345,1001200,0.0,0.0
1981-05-08,0.0,0.4328397454684055,0.4226552754663187,0.4252013862133026,208600,0.0,0.0
1981-05-11,0.0,0.42520138434224203,0.4107733964920044,0.4107733964920044,265300,0.0,0.0
1981-05-12,0.0,0.4158655405044555,0.4107733199813724,0.41586554050445557,51700,0.0,0.0
1981-05-13,0.0,0.42604976892471313,0.41586530659285176,0.42604976892471313,473900,0.0,0.0
1981-05-14,0.0,0.43453719758801795,0.4260501338725597,0.4302936792373657,240300,0.0,0.0
1981-05-15,0.0,0.4328397902477571,0.428596244882951,0.4302936792373657,325400,0.0,0.0
1981-05-18,0.0,0.4328397512435913,0.42859620626118067,0.4328397512435913,338700,0.0,0.0
1981-05-19,0.0,0.4404780603695702,0.4319910248803896,0.4336884319782257,143500,0.0,0.0
1981-05-20,0.0,0.43878060579299927,0.4353857919646666,0.43878060579299927,325400,0.0,0.0
1981-05-21,0.0,0.44132693269318096,0.4353860055787923,0.43962952494621277,322000,0.0,0.0
1981-05-22,0.0,0.4379320122685397,0.4302936792373657,0.4302936792373657,193500,0.0,0.0
1981-05-26,0.0,0.43538597226142883,0.43029374941020015,0.43538597226142883,61700,0.0,0.0
1981-05-27,0.0,0.44557013375582,0.4370830745843294,0.44472143054008484,250300,0.0,0.0
1981-05-28,0.0,0.4515113830566407,0.4438730485866224,0.4515113830566406,135100,0.0,0.0
1981-05-29,0.0,0.46169548231206403,0.45320842386772237,0.4574519395828247,133500,0.0,0.0
1981-06-01,0.0,0.47188040989205055,0.459998553555091,0.46848559379577637,580700,0.0,0.0
1981-06-02,0.0,0.46848544747463794,0.46509063243865967,0.46509063243865967,88400,0.0,0.0
1981-06-03,0.0,0.4650907085675444,0.46169589297588204,0.46339330077171326,148500,0.0,0.0
1981-06-04,0.0,0.4650905150630894,0.46169570088386536,0.46169570088386536,95100,0.0,0.0
1981-06-05,0.0,0.46593925547415066,0.46169571064624265,0.46254444122314453,108400,0.0,0.0
1981-06-08,0.0,0.46084713935852045,0.4557549162219135,0.4608471393585205,415500,0.0,0.0
1981-06-09,0.0,0.46424200881124456,0.46084713935852045,0.4608471393585205,196900,0.0,0.0
1981-06-10,0.0,0.4625441776428647,0.4591493112981186,0.4599980413913727,248600,0.0,0.0
1981-06-11,0.0,0.46848538106942794,0.4616957519598638,0.46763670444488525,211900,0.0,0.0
1981-06-12,0.0,0.47697238704510175,0.4710314356118215,0.4752749800682068,518900,0.0,0.0
1981-06-15,0.0,0.48206483306677855,0.4769726097583771,0.4769726097583771,961200,0.0,0.0
1981-06-16,0.0,0.4803674252973114,0.4769726097583771,0.4769726097583771,460500,0.0,0.0
1981-06-17,0.0,0.4820647835731507,0.4761238299758131,0.48206478357315063,332000,0.0,0.0
1981-06-18,0.0,0.4812161193971656,0.4778213037366845,0.47951871156692505,226900,0.0,0.0
1981-06-19,0.0,0.47867001752784427,0.4769726097583771,0.4769726097583771,203500,0.0,0.0
1981-06-22,0.0,0.4778210635194012,0.4735775190630158,0.4752749800682068,180200,0.0,0.0
1981-06-23,0.0,0.48545920848846436,0.4718799046154007,0.48545920848846436,987900,0.0,0.0
1981-06-24,0.0,0.4846106596265281,0.4786697626113892,0.47866976261138916,1283300,0.0,0.0
1981-06-25,0.0,0.4812161193971656,0.47867003466596636,0.47951871156692505,168500,0.0,0.0
1981-06-26,0.0,0.48376233139044994,0.4795187841582829,0.4812161922454834,191900,0.0,0.0
1981-06-29,0.0,0.4812161193971656,0.47951871156692505,0.47951871156692505,131800,0.0,0.0
1981-06-30,0.0,0.48121584589550803,0.4786697626113892,0.47866976261138916,238600,0.0,0.0
1981-07-01,0.0,0.47867009611292904,0.4684855937957764,0.46848559379577637,632400,0.0,0.0
1981-07-02,0.0,0.4718802734152925,0.46848545830086347,0.470182865858078,1476800,0.0,0.0
1981-07-06,0.0,0.4701830018439135,0.4684855937957764,0.46848559379577637,317000,0.0,0.0
1981-07-07,0.0,0.47272892627705837,0.46763670444488525,0.46763670444488525,465500,0.0,0.0
1981-07-08,0.0,0.47103150505236346,0.4659392833709717,0.4659392833709717,467200,0.0,0.0
1981-07-09,0.0,0.4778212010860443,0.4676367562925321,0.4778212010860443,1835600,0.0,0.0
1981-07-10,0.0,0.48121553172429016,0.4769720443451072,0.48036685585975647,368800,0.0,0.0
1981-07-13,0.0,0.4769723328267049,0.47103138206874434,0.47272878885269165,270300,0.0,0.0
1981-07-14,0.0,0.4718802734152925,0.46848545830086347,0.470182865858078,310300,0.0,0.0
1981-07-15,0.0,0.476123720407486,0.46763668438460054,0.47612372040748596,5607100,0.0,0.0
1981-07-16,0.0,0.4863082384139711,0.4778212010860443,0.4778212010860443,3888300,0.0,0.0
1981-07-17,0.0,0.4820649233032494,0.4769726990416478,0.4812161922454834,697500,0.0,0.0
1981-07-20,0.0,0.48121605577824555,0.4718802869319916,0.4718802869319916,919500,0.0,0.0
1981-07-21,0.0,0.4744265282547079,0.4693343043327332,0.46933430433273315,116800,0.0,0.0
1981-07-22,0.0,0.47357760290160106,0.46763670444488525,0.46763670444488525,318700,0.0,0.0
1981-07-23,0.0,0.4718802734152925,0.46933418909362795,0.470182865858078,355400,0.0,0.0
1981-07-24,0.0,0.4769726097583771,0.47188033242165434,0.4769726097583771,338700,0.0,0.0
1981-07-27,0.0,0.47867001752784427,0.4769726097583771,0.4769726097583771,156800,0.0,0.0
1981-07-28,0.0,0.4820647835731507,0.47866996838276227,0.48206478357315063,98400,0.0,0.0
1981-07-29,0.0,0.4854597394776505,0.48121619224548345,0.4812161922454834,1625400,0.0,0.0
1981-07-30,0.0,0.48545920848846436,0.48206439602726653,0.48545920848846436,231900,0.0,0.0
1981-07-31,0.0,0.4930977523326874,0.4871568012368424,0.4930977523326874,547300,0.0,0.0
1981-08-03,0.0,0.4973412425197541,0.4922490218782983,0.4930977523326874,655800,0.0,0.0
1981-08-04,0.0,0.49309756342359823,0.48885402083396906,0.4888540208339691,791000,0.0,0.0
1981-08-05,0.0,0.4897027909755707,0.4880053846066827,0.4897027909755707,747600,0.0,0.0
1981-08-06,0.0,0.48970275107909783,0.48545920848846436,0.48545920848846436,879400,0.0,0.0
1981-08-07,0.0,0.4854596486057129,0.47527520198890993,0.4769726097583771,328700,0.0,0.0
1981-08-10,0.0,0.47612365654250627,0.4727288425887164,0.4752749800682068,90100,0.0,0.0
1981-08-11,0.0,0.47951871156692505,0.4769726268357259,0.47951871156692505,198500,0.0,0.0
1981-08-12,0.0,0.4803673624210572,0.47357767820358276,0.47357767820358276,120100,0.0,0.0
1981-08-13,0.0,0.47442642535490304,0.4718802869319916,0.4718802869319916,897800,0.0,0.0
1981-08-14,0.0,0.47188038927955667,0.46848557333157353,0.46933430433273315,203500,0.0,0.0
1981-08-17,0.0,0.4693340598012693,0.4608469703249095,0.46169570088386536,145100,0.0,0.0
1981-08-18,0.0,0.46084687337672636,0.4540572464466095,0.4540572464466095,327000,0.0,0.0
1981-08-19,0.0,0.45490593971552606,0.4523598028103034,0.4532085061073303,98400,0.0,0.0
1981-08-20,0.0,0.4540572464466095,0.44981372961528643,0.4540572464466095,605700,0.0,0.0
1981-08-21,0.0,0.45490622539080766,0.4498139753966366,0.4515113830566406,123400,0.0,0.0
1981-08-24,0.0,0.45320865114963405,0.4421754777431488,0.4421754777431488,230200,0.0,0.0
1981-08-25,0.0,0.44132693269318096,0.4379321171992446,0.43962952494621277,131800,0.0,0.0
1981-08-26,0.0,0.44132693269318096,0.43962952494621277,0.43962952494621277,178500,0.0,0.0
1981-08-27,0.0,0.437931949722816,0.4336884319782257,0.4336884319782257,93400,0.0,0.0
1981-08-28,0.0,0.4353859012581484,0.4302936792373657,0.4302936792373657,63400,0.0,0.0
1981-08-31,0.0,0.43114242478270615,0.4209579527378083,0.4209579527378082,539000,0.0,0.0
1981-09-01,0.0,0.4226554036140442,0.41671444972231964,0.4226554036140442,529000,0.0,0.0
1981-09-02,0.0,0.42774754075876814,0.4201092077357022,0.4268988370895386,363700,0.0,0.0
1981-09-03,0.0,0.431991123152911,0.42774757742881775,0.42774757742881775,126800,0.0,0.0
1981-09-04,0.0,0.42859628117080517,0.42095794749291826,0.42774757742881775,235300,0.0,0.0
1981-09-08,0.0,0.4268986224275184,0.41926029324531555,0.41926029324531555,609100,0.0,0.0
1981-09-09,0.0,0.42520138621330267,0.41926046113700677,0.4252013862133026,370400,0.0,0.0
1981-09-10,0.0,0.4294449041249426,0.42520138621330267,0.4252013862133026,150100,0.0,0.0
1981-09-11,0.0,0.43029363272975757,0.42605008782360837,0.4285961985588074,75000,0.0,0.0
1981-09-14,0.0,0.4302936792373657,0.42689883754269015,0.4302936792373657,183500,0.0,0.0
1981-09-15,0.0,0.43538597226142883,0.42944501858750384,0.43538597226142883,348700,0.0,0.0
1981-09-16,0.0,0.43623464203052686,0.43114241957664495,0.4311424195766449,270300,0.0,0.0
1981-09-17,0.0,0.43199071654085336,0.4252010659815689,0.42604976892471313,173500,0.0,0.0
1981-09-18,0.0,0.4277473397463185,0.42350382339433773,0.4243525266647339,191900,0.0,0.0
1981-09-21,0.0,0.42350408719942406,0.4175631606059862,0.42010927200317383,619100,0.0,0.0
1981-09-22,0.0,0.41756286290100364,0.4099245071411132,0.4099245071411133,695800,0.0,0.0
1981-09-23,0.0,0.4082271837652821,0.4048323702990645,0.4056810736656189,737600,0.0,0.0
1981-09-24,0.0,0.40737876719360494,0.40058910846710205,0.40058910846710205,235300,0.0,0.0
1981-09-25,0.0,0.3988917246268458,0.39040465745975045,0.39210209250450134,1231500,0.0,0.0
1981-09-28,0.0,0.3997403248414065,0.39040455608324093,0.3980429172515869,407100,0.0,0.0
1981-09-29,0.0,0.402286516395187,0.3980429965749746,0.40058910846710205,115100,0.0,0.0
1981-09-30,0.0,0.4056810736656189,0.3988914197190395,0.4056810736656189,115100,0.0,0.0
1981-10-01,0.0,0.4167141914367676,0.40568104835979263,0.4167141914367676,101700,0.0,0.0
1981-10-02,0.0,0.4158655405044555,0.4124707268224001,0.41586554050445557,85100,0.0,0.0
1981-10-05,0.0,0.42010927200317383,0.4175631606059862,0.42010927200317383,70000,0.0,0.0
1981-10-06,0.0,0.4201091387798208,0.41841173171997076,0.4184117317199707,30000,0.0,0.0
1981-10-07,0.0,0.42265514164620427,0.4167141914367676,0.4167141914367676,240300,0.0,0.0
1981-10-08,0.0,0.41841180006224443,0.41247084736824036,0.41247084736824036,1284900,0.0,0.0
1981-10-09,0.0,0.41331975112087493,0.40737882256507874,0.40737882256507874,210200,0.0,0.0
1981-10-12,0.0,0.40907586247435407,0.4031349122524262,0.40313491225242615,348700,0.0,0.0
1981-10-13,0.0,0.4048323458973645,0.40228620893702827,0.40313491225242615,86700,0.0,0.0
1981-10-14,0.0,0.4065297597952336,0.400588809467106,0.40398362278938293,422200,0.0,0.0
1981-10-15,0.0,0.4056810736656189,0.40143752981870273,0.4056810736656189,482200,0.0,0.0
1981-10-16,0.0,0.40737876719360494,0.40058910846710205,0.40058910846710205,195200,0.0,0.0
1981-10-19,0.0,0.4039837670871087,0.3997402489185333,0.3997402489185333,65000,0.0,0.0
1981-10-20,0.0,0.3971941173076629,0.39464800653927207,0.39719411730766296,365400,0.0,0.0
1981-10-21,0.0,0.3971943427948742,0.3921021183672369,0.3954969346523285,2229500,0.0,0.0
1981-10-22,0.0,0.3980429064636152,0.3929506838321685,0.3929506838321686,231900,0.0,0.0
1981-10-23,0.0,0.3904043152831694,0.38361468911170965,0.3836146891117096,687500,0.0,0.0
1981-10-26,0.0,0.3836149003374417,0.3802200853824615,0.38022008538246155,313700,0.0,0.0
1981-10-27,0.0,0.38531237840652466,0.38191756282959344,0.38531237840652466,537300,0.0,0.0
1981-10-28,0.0,0.3878583241977364,0.38361480654157387,0.3870096206665039,241900,0.0,0.0
1981-10-29,0.0,0.3904045224189759,0.3870097075320688,0.39040452241897583,135100,0.0,0.0
1981-10-30,0.0,0.4048324525356293,0.3954966865929445,0.4048324525356293,141800,0.0,0.0
1981-11-02,0.0,0.40737882256507874,0.4056814144062798,0.40737882256507874,51700,0.0,0.0
1981-11-03,0.0,0.4065299050024066,0.3997402489185333,0.3997402489185333,200200,0.0,0.0
1981-11-04,0.0,0.4014377324312261,0.3980429172515869,0.3980429172515869,433800,0.0,0.0
1981-11-05,0.0,0.4005889525522484,0.39719413801738807,0.3997402489185333,56700,0.0,0.0
1981-11-06,0.0,0.3980429172515869,0.3954968058668575,0.3980429172515869,68400,0.0,0.0
1981-11-09,0.0,0.39974023715150736,0.39210190467291883,0.394648015499115,1583600,0.0,0.0
1981-11-10,0.0,0.40398384774035706,0.3971942173151225,0.40228644013404846,292000,0.0,0.0
1981-11-11,0.0,0.4039839243232719,0.39974040450305953,0.40058910846710205,672500,0.0,0.0
1981-11-12,0.0,0.4133193199170029,0.40228615138122287,0.4099245071411133,1573600,0.0,0.0
1981-11-13,0.0,0.41077363888267654,0.4056814144062798,0.40737882256507874,595700,0.0,0.0
1981-11-16,0.0,0.411622342962076,0.40737882256507874,0.40737882256507874,135100,0.0,0.0
1981-11-17,0.0,0.4141681492328644,0.4082272250659358,0.4141681492328644,952800,0.0,0.0
1981-11-18,0.0,0.41926043524989576,0.4124707799963461,0.4184117317199707,121800,0.0,0.0
1981-11-19,0.0,0.41756319365752603,0.4133196473121643,0.4133196473121643,313700,0.0,0.0
1981-11-20,0.0,0.4141682108063778,0.40992469291341105,0.4107733964920044,1138100,0.0,0.0
1981-11-23,0.0,0.4141681492328644,0.4082272250659358,0.4141681492328644,322000,0.0,0.0
1981-11-24,0.0,0.4294449849127926,0.4124708830588878,0.42774757742881775,809300,0.0,0.0
1981-11-25,0.0,0.4447216252570913,0.4328397480202966,0.443024218082428,348700,0.0,0.0
1981-11-27,0.0,0.45066240429878235,0.44811629436203776,0.45066240429878235,105100,0.0,0.0
1981-11-30,0.0,0.46424213051795965,0.4540576275464351,0.4642421305179596,118400,0.0,0.0
1981-12-01,0.0,0.46509085324620103,0.4583012199507835,0.45914989709854126,165200,0.0,0.0
1981-12-02,0.0,0.45745203909430177,0.4472675991625919,0.4481163024902344,240300,0.0,0.0
1981-12-03,0.0,0.45066241247316186,0.44811630249023443,0.4481163024902344,63400,0.0,0.0
1981-12-04,0.0,0.453208514235527,0.44811629436203776,0.45066240429878235,60000,0.0,0.0
1981-12-07,0.0,0.44811630249023443,0.443872785852022,0.4481163024902344,175200,0.0,0.0
1981-12-08,0.0,0.4549060165882111,0.4481163620504984,0.45490601658821106,125100,0.0,0.0
1981-12-09,0.0,0.4574520225924648,0.4532085061073303,0.4532085061073303,81700,0.0,0.0
1981-12-10,0.0,0.458300918340683,0.4532086697061844,0.458300918340683,363700,0.0,0.0
1981-12-11,0.0,0.4574523166491099,0.45236009359359747,0.4523600935935974,50000,0.0,0.0
1981-12-14,0.0,0.44981399844218223,0.4370834133257605,0.43962952494621277,121800,0.0,0.0
1981-12-15,0.0,0.4404782288196969,0.4379321171992446,0.43962952494621277,40000,0.0,0.0
1981-12-16,0.0,0.44302436745430945,0.4379321171992446,0.43962952494621277,63400,0.0,0.0
1981-12-17,0.0,0.44557040226319816,0.4404781528859825,0.4413268566131592,201900,0.0,0.0
1981-12-18,0.0,0.44217556034033584,0.43962944915880586,0.4413268566131592,60000,0.0,0.0
1981-12-21,0.0,0.4413267161642488,0.43623449542174975,0.43878060579299927,200200,0.0,0.0
1981-12-22,0.0,0.4455702460717572,0.43878059162025274,0.4438728392124176,432200,0.0,0.0
1981-12-23,0.0,0.44472177520127765,0.43962952494621277,0.43962952494621277,390400,0.0,0.0
1981-12-24,0.0,0.43878078749558125,0.43538597226142883,0.43538597226142883,312000,0.0,0.0
1981-12-28,0.0,0.43708333373069763,0.4345372225739049,0.43708333373069763,65000,0.0,0.0
1981-12-29,0.0,0.44302415009256213,0.4370831988788329,0.43878060579299927,844400,0.0,0.0
1981-12-30,0.0,0.4447214305400849,0.4370830745843294,0.44472143054008484,120100,0.0,0.0
1981-12-31,0.0,0.4464189410209656,0.44387283078032375,0.4464189410209656,81700,0.0,0.0
1982-01-04,0.0,0.44726754753640224,0.44132659791450046,0.4455701410770416,63400,0.0,0.0
1982-01-05,0.0,0.44472177520127765,0.43962952494621277,0.43962952494621277,113400,0.0,0.0
1982-01-06,0.0,0.4404780127071656,0.43878060579299927,0.43878060579299927,36700,0.0,0.0
1982-01-07,0.0,0.43962948164977766,0.4379320740699768,0.4379320740699768,73400,0.0,0.0
1982-01-08,0.0,0.44132693269318096,0.4379321171992446,0.43962952494621277,325400,0.0,0.0
1982-01-11,0.0,0.44132686448440883,0.43114241957664495,0.4311424195766449,677500,0.0,0.0
1982-01-12,0.0,0.4311423432942189,0.42774750191146066,0.42944490909576416,111800,0.0,0.0
1982-01-13,0.0,0.4302937156689361,0.42774757742881775,0.42774757742881775,345400,0.0,0.0
1982-01-14,0.0,0.4311423432942189,0.42774750191146066,0.42944490909576416,155100,0.0,0.0
1982-01-15,0.0,0.43114241941092357,0.42774757742881775,0.42774757742881775,113400,0.0,0.0
1982-01-18,0.0,0.4294449849127926,0.4252014662028554,0.42774757742881775,75000,0.0,0.0
1982-01-19,0.0,0.42774757742881775,0.424352762460868,0.42774757742881775,664100,0.0,0.0
1982-01-20,0.0,0.42689847186785734,0.42435236303842466,0.42604976892471313,80100,0.0,0.0
1982-01-21,0.0,0.42689883708953863,0.4252014297510795,0.4268988370895386,76700,0.0,0.0
1982-01-22,0.0,0.42859628117080517,0.42605016994484285,0.42774757742881775,230200,0.0,0.0
1982-01-25,0.0,0.42604976892471313,0.42435236303842466,0.42604976892471313,308700,0.0,0.0
1982-01-26,0.0,0.4285958777541458,0.42604976892471313,0.42604976892471313,188500,0.0,0.0
1982-01-27,0.0,0.42774717481100155,0.4252010659815689,0.42604976892471313,352100,0.0,0.0
1982-01-28,0.0,0.4302936397020672,0.42689879831930894,0.42944490909576416,465500,0.0,0.0
1982-01-29,0.0,0.4396293092500824,0.42859613729385415,0.43878060579299927,138500,0.0,0.0
1982-02-01,0.0,0.4404782789215743,0.43453735113143915,0.4345373511314392,138500,0.0,0.0
1982-02-02,0.0,0.4345371355271438,0.4319910248803896,0.4336884319782257,95100,0.0,0.0
1982-02-03,0.0,0.43453715144666694,0.43199104070663447,0.4319910407066345,235300,0.0,0.0
1982-02-04,0.0,0.43114233830374954,0.42435268263097464,0.4252013862133026,467200,0.0,0.0
1982-02-05,0.0,0.429444902137207,0.42605008782360837,0.4285961985588074,188500,0.0,0.0
1982-02-08,0.0,0.43029347657164807,0.4226551201239416,0.4243525266647339,745900,0.0,0.0
1982-02-09,0.0,0.42180650731877656,0.4141681492328644,0.4141681492328644,273600,0.0,0.0
1982-02-10,0.0,0.4141682108063778,0.4107733964920044,0.4107733964920044,200200,0.0,0.0
1982-02-11,0.0,0.4124708036491911,0.4082272857562244,0.4107733964920044,200200,0.0,0.0
1982-02-12,0.0,0.4133196473121643,0.41162223957968364,0.4133196473121643,20000,0.0,0.0
1982-02-16,0.0,0.4116221760306933,0.40822736108984625,0.409076064825058,287000,0.0,0.0
1982-02-17,0.0,0.4124708036491911,0.40907598933481776,0.4107733964920044,395500,0.0,0.0
1982-02-18,0.0,0.41416835117840467,0.4107735357134433,0.4133196473121643,468900,0.0,0.0
1982-02-19,0.0,0.4158655405044555,0.41162202340188625,0.41586554050445557,1031300,0.0,0.0
1982-02-22,0.0,0.4184116935091031,0.4141681492328644,0.4141681492328644,191900,0.0,0.0
1982-02-23,0.0,0.41162210007059774,0.40737858217763107,0.4107733964920044,318700,0.0,0.0
1982-02-24,0.0,0.4150169583738905,0.40992473636259025,0.41247084736824036,81700,0.0,0.0
1982-02-25,0.0,0.42010925842538654,0.41501700878143305,0.4150170087814331,755900,0.0,0.0
1982-02-26,0.0,0.41416802311097534,0.4099245071411132,0.4099245071411133,2196100,0.0,0.0
1982-03-01,0.0,0.4107733155103177,0.40822720527648926,0.40822720527648926,2493100,0.0,0.0
1982-03-02,0.0,0.41162201892159384,0.40822720527648926,0.40822720527648926,178500,0.0,0.0
1982-03-03,0.0,0.4107733964920044,0.4065298785990377,0.4107733964920044,1103000,0.0,0.0
1982-03-04,0.0,0.409076194236901,0.4022865351931326,0.40653008222579956,635800,0.0,0.0
1982-03-05,0.0,0.41162201892159384,0.40568109504266076,0.40822720527648926,889400,0.0,0.0
1982-03-08,0.0,0.4099248982406015,0.40653008222579956,0.40653008222579956,193500,0.0,0.0
1982-03-09,0.0,0.4150169583738905,0.40737862535694014,0.41247084736824036,490600,0.0,0.0
1982-03-10,0.0,0.4158655561377011,0.4116220388756093,0.4141681492328644,413800,0.0,0.0
1982-03-11,0.0,0.4167142595901195,0.4141681492328644,0.4141681492328644,447200,0.0,0.0
1982-03-12,0.0,0.4158655405044555,0.4124707268224001,0.41586554050445557,60000,0.0,0.0
1982-03-15,0.0,0.41756299005668474,0.413319445780446,0.4141681492328644,56700,0.0,0.0
1982-03-16,0.0,0.4167142595901195,0.413319445780446,0.4141681492328644,190200,0.0,0.0
1982-03-17,0.0,0.4175629743596291,0.4141681336634278,0.41586554050445557,165200,0.0,0.0
1982-03-18,0.0,0.4209579527378083,0.4167144069608429,0.4209579527378082,2366300,0.0,0.0
1982-03-19,0.0,0.42350393533706665,0.4192604178634176,0.42350393533706665,418800,0.0,0.0
1982-03-22,0.0,0.423503861351433,0.4201090479655837,0.4218064546585083,597400,0.0,0.0
1982-03-23,0.0,0.4209579527378083,0.4184118414801229,0.4209579527378082,1296600,0.0,0.0
1982-03-24,0.0,0.42010908462117064,0.4158655405044555,0.41586554050445557,362100,0.0,0.0
1982-03-25,0.0,0.41416825470534047,0.40992473636259025,0.41247084736824036,1758900,0.0,0.0
1982-03-26,0.0,0.41077360224430204,0.40653008222579956,0.40653008222579956,1009600,0.0,0.0
1982-03-29,0.0,0.41077347229548156,0.40652995361942273,0.409076064825058,66700,0.0,0.0
1982-03-30,0.0,0.41416802311097534,0.4099245071411132,0.4099245071411133,108400,0.0,0.0
1982-03-31,0.0,0.411622342962076,0.40737882256507874,0.40737882256507874,470600,0.0,0.0
1982-04-01,0.0,0.4107733964920044,0.4056811750204444,0.4107733964920044,967900,0.0,0.0
1982-04-02,0.0,0.4226554036140442,0.4116222266844065,0.4226554036140442,367100,0.0,0.0
1982-04-05,0.0,0.42604976892471313,0.4209575512658478,0.42604976892471313,65000,0.0,0.0
1982-04-06,0.0,0.42774757742881775,0.4252014662028554,0.42774757742881775,70000,0.0,0.0
1982-04-07,0.0,0.4362347590714778,0.42944510029716,0.4345373511314392,218600,0.0,0.0
1982-04-08,0.0,0.4413267161642488,0.43283968159341707,0.43878060579299927,305300,0.0,0.0
1982-04-12,0.0,0.43708323731849685,0.4336884231916043,0.4362345337867737,662500,0.0,0.0
1982-04-13,0.0,0.43708326921185053,0.4311423440562876,0.4328397512435913,1713800,0.0,0.0
1982-04-14,0.0,0.4362345656181987,0.4311423440562876,0.4328397512435913,410500,0.0,0.0
1982-04-15,0.0,0.4328397512435913,0.42859620626118067,0.4328397512435913,193500,0.0,0.0
1982-04-16,0.0,0.43368845483724316,0.4294449098548325,0.4328397512435913,864400,0.0,0.0
1982-04-19,0.0,0.4362345656181987,0.4328397512435913,0.4328397512435913,75000,0.0,0.0
1982-04-20,0.0,0.43453719758801795,0.42944494855308146,0.4302936792373657,844400,0.0,0.0
1982-04-21,0.0,0.4285963504255773,0.41756319999694824,0.41756319999694824,161800,0.0,0.0
1982-04-22,0.0,0.4252013423265263,0.41586557687035014,0.42350393533706665,7673100,0.0,0.0
1982-04-23,0.0,0.43114238244984016,0.4252014297510795,0.4268988370895386,488900,0.0,0.0
1982-04-26,0.0,0.4277474969602866,0.4235039790486467,0.4252013862133026,170200,0.0,0.0
1982-04-27,0.0,0.4268986582142716,0.4167141914367676,0.4167141914367676,206900,0.0,0.0
1982-04-28,0.0,0.4192605546537538,0.4133196012381676,0.4150170087814331,196900,0.0,0.0
1982-04-29,0.0,0.4175629743596291,0.4124707268224001,0.41586554050445557,75000,0.0,0.0
1982-04-30,0.0,0.42435263883179647,0.4141681698808905,0.42350393533706665,295300,0.0,0.0
1982-05-03,0.0,0.42520138621330267,0.41756305397235083,0.4252013862133026,447200,0.0,0.0
1982-05-04,0.0,0.4345371355271438,0.42605007302381326,0.4336884319782257,190200,0.0,0.0
1982-05-05,0.0,0.43793208368704317,0.43538597226142883,0.43538597226142883,78400,0.0,0.0
1982-05-06,0.0,0.43708323731849685,0.4336884231916043,0.4362345337867737,176800,0.0,0.0
1982-05-07,0.0,0.4379320740699768,0.4345372589103751,0.4379320740699768,165200,0.0,0.0
1982-05-10,0.0,0.44472161546322275,0.4396293670372254,0.4421754777431488,113400,0.0,0.0
1982-05-11,0.0,0.44557013375582,0.44217529387874016,0.44472143054008484,226900,0.0,0.0
1982-05-12,0.0,0.4430244178457956,0.43453735113143915,0.4345373511314392,725900,0.0,0.0
1982-05-13,0.0,0.4362347590714778,0.43453735113143915,0.4345373511314392,438800,0.0,0.0
1982-05-14,0.0,0.4336884939178875,0.4302936792373657,0.4302936792373657,40000,0.0,0.0
1982-05-17,0.0,0.4311423432942189,0.42774750191146066,0.42944490909576416,36700,0.0,0.0
1982-05-18,0.0,0.42944499026342614,0.4209579527378083,0.4209579527378082,68400,0.0,0.0
1982-05-19,0.0,0.4235038094576505,0.41926029324531555,0.41926029324531555,507300,0.0,0.0
1982-05-20,0.0,0.4184118508821211,0.41501700878143305,0.4150170087814331,123400,0.0,0.0
1982-05-21,0.0,0.41331940396460853,0.4056810736656189,0.4056810736656189,518900,0.0,0.0
1982-05-24,0.0,0.4099246120990416,0.40568109504266076,0.40822720527648926,93400,0.0,0.0
1982-05-25,0.0,0.4116219135290581,0.4082271007531684,0.4099245071411133,265300,0.0,0.0
1982-05-26,0.0,0.4099245904983909,0.4048323702990645,0.4056810736656189,123400,0.0,0.0
1982-05-27,0.0,0.40737882256507874,0.4056814144062798,0.40737882256507874,155100,0.0,0.0
1982-05-28,0.0,0.40992476856026977,0.40737865735463447,0.409076064825058,670800,0.0,0.0
1982-06-01,0.0,0.40907606482505804,0.40822736108984625,0.409076064825058,176800,0.0,0.0
1982-06-02,0.0,0.4099246120990416,0.40737850186521307,0.40822720527648926,143500,0.0,0.0
1982-06-03,0.0,0.4099249348032771,0.40737882256507874,0.40737882256507874,871100,0.0,0.0
1982-06-04,0.0,0.4107733155103177,0.40822720527648926,0.40822720527648926,263600,0.0,0.0
1982-06-07,0.0,0.40568105646466435,0.400588809467106,0.40398362278938293,145100,0.0,0.0
1982-06-08,0.0,0.4073784631258028,0.40398362278938293,0.40398362278938293,50000,0.0,0.0
1982-06-09,0.0,0.4065297770321733,0.40398363991836594,0.4056810736656189,390400,0.0,0.0
1982-06-10,0.0,0.4073784803987277,0.4048323702990645,0.4056810736656189,136800,0.0,0.0
1982-06-11,0.0,0.41501700878143305,0.4039838327360505,0.4150170087814331,549000,0.0,0.0
1982-06-14,0.0,0.4150169583738905,0.4107734400311403,0.41247084736824036,552300,0.0,0.0
1982-06-15,0.0,0.41416835117840467,0.412470943445924,0.4133196473121643,136800,0.0,0.0
1982-06-16,0.0,0.4158657125530658,0.41416830500980034,0.4150170087814331,644100,0.0,0.0
1982-06-17,0.0,0.41756299005668474,0.4141681492328644,0.4141681492328644,457200,0.0,0.0
1982-06-18,0.0,0.41331950722778443,0.4107733964920044,0.4107733964920044,128400,0.0,0.0
1982-06-21,0.0,0.4141682872363286,0.40907606482505804,0.409076064825058,165200,0.0,0.0
1982-06-22,0.0,0.40907606482505804,0.40652995361942273,0.409076064825058,228600,0.0,0.0
1982-06-23,0.0,0.4141681492328644,0.4099246319707725,0.4141681492328644,954500,0.0,0.0
1982-06-24,0.0,0.4175631471104883,0.41501700878143305,0.4150170087814331,544000,0.0,0.0
1982-06-25,0.0,0.41586575891088534,0.4133196473121643,0.4133196473121643,720900,0.0,0.0
1982-06-28,0.0,0.4133197835418068,0.4099249669579185,0.41162237524986267,150100,0.0,0.0
1982-06-29,0.0,0.4141682872363286,0.40568124988421095,0.409076064825058,415500,0.0,0.0
1982-06-30,0.0,0.4099246120990416,0.40737850186521307,0.40822720527648926,176800,0.0,0.0
1982-07-01,0.0,0.4082273937702867,0.4022864401340484,0.40228644013404846,328700,0.0,0.0
1982-07-02,0.0,0.4065298596135447,0.4022863149046064,0.4048324525356293,267000,0.0,0.0
1982-07-06,0.0,0.4039837670871087,0.39804284165110315,0.3997402489185333,367100,0.0,0.0
1982-07-07,0.0,0.4005889456196312,0.3971941311435218,0.39889153838157654,178500,0.0,0.0
1982-07-08,0.0,0.39719406510624733,0.3870095963570312,0.39125311374664307,518900,0.0,0.0
1982-07-09,0.0,0.3912532261407026,0.386161003810342,0.39040452241897583,1012900,0.0,0.0
1982-07-12,0.0,0.4022864401340484,0.3937994021025052,0.40228644013404846,393800,0.0,0.0
1982-07-13,0.0,0.4082272666914602,0.39889150074877544,0.4048324525356293,981200,0.0,0.0
1982-07-14,0.0,0.40737882256507874,0.4056814144062798,0.40737882256507874,161800,0.0,0.0
1982-07-15,0.0,0.4073784803987277,0.40398363991836594,0.4056810736656189,400500,0.0,0.0
1982-07-16,0.0,0.4073784803987277,0.40313493655181154,0.4056810736656189,992900,0.0,0.0
1982-07-19,0.0,0.4073784631258028,0.4031349194588137,0.40398362278938293,168500,0.0,0.0
1982-07-20,0.0,0.4056810510880923,0.3929504742841318,0.3963452875614166,1877400,0.0,0.0
1982-07-21,0.0,0.4039839243232719,0.39464818071880475,0.40058910846710205,879400,0.0,0.0
1982-07-22,0.0,0.40483257855766946,0.3997403287245855,0.40228644013404846,66700,0.0,0.0
1982-07-23,0.0,0.4056810736656189,0.40228623318525714,0.4056810736656189,215200,0.0,0.0
1982-07-26,0.0,0.4099246120990416,0.4048323916313846,0.40822720527648926,906100,0.0,0.0
1982-07-27,0.0,0.4099245071411132,0.40652969436522357,0.4099245071411133,213600,0.0,0.0
1982-07-28,0.0,0.409076194236901,0.4048326742183985,0.40653008222579956,717500,0.0,0.0
1982-07-29,0.0,0.4073785631525025,0.4048324525356293,0.4048324525356293,221900,0.0,0.0
1982-07-30,0.0,0.40398384774035706,0.4022864401340484,0.40228644013404846,549000,0.0,0.0
1982-08-02,0.0,0.40398362278938293,0.40143751279767526,0.40398362278938293,705900,0.0,0.0
1982-08-03,0.0,0.4048323458973645,0.40228620893702827,0.40313491225242615,740900,0.0,0.0
1982-08-04,0.0,0.4031349875332468,0.40058887711159624,0.40143758058547974,143500,0.0,0.0
1982-08-05,0.0,0.4005889316655174,0.3971941173076629,0.39719411730766296,98400,0.0,0.0
1982-08-06,0.0,0.3971941263253112,0.39464801549911505,0.394648015499115,81700,0.0,0.0
1982-08-09,0.0,0.3954969085656736,0.3912533614750435,0.39210209250450134,338700,0.0,0.0
1982-08-10,0.0,0.3946479546724802,0.39125311374664307,0.39125311374664307,372100,0.0,0.0
1982-08-11,0.0,0.39295066059831163,0.3904045224189759,0.39040452241897583,116800,0.0,0.0
1982-08-12,0.0,0.3912531383226664,0.3870096206665039,0.3870096206665039,183500,0.0,0.0
1982-08-13,0.0,0.3904042992017514,0.3853120797829138,0.38870689272880554,153500,0.0,0.0
1982-08-16,0.0,0.3895557981620813,0.3870096871311175,0.38785839080810547,348700,0.0,0.0
1982-08-17,0.0,0.3963452875614166,0.38700952403474087,0.3963452875614166,752600,0.0,0.0
1982-08-18,0.0,0.4039839753650573,0.39549693465232844,0.3954969346523285,971200,0.0,0.0
1982-08-19,0.0,0.40653008222579956,0.39379949515612767,0.40653008222579956,1073000,0.0,0.0
1982-08-20,0.0,0.4133196473121643,0.4065300163822416,0.4133196473121643,1169800,0.0,0.0
1982-08-23,0.0,0.41756319999694824,0.4116222458289106,0.41756319999694824,849400,0.0,0.0
1982-08-24,0.0,0.42689874931598587,0.417563010873958,0.42350393533706665,1461800,0.0,0.0
1982-08-25,0.0,0.4294449090957641,0.4226552803585504,0.42944490909576416,1927400,0.0,0.0
1982-08-26,0.0,0.4362345337867737,0.42944487851883917,0.4362345337867737,712500,0.0,0.0
1982-08-27,0.0,0.43453723454589954,0.43114241957664495,0.4311424195766449,255300,0.0,0.0
1982-08-30,0.0,0.4294449849127926,0.42774757742881775,0.42774757742881775,422200,0.0,0.0
1982-08-31,0.0,0.43708323731849685,0.4277474714553929,0.4362345337867737,1101400,0.0,0.0
1982-09-01,0.0,0.4396294913041194,0.43538597226142883,0.43538597226142883,333700,0.0,0.0
1982-09-02,0.0,0.4464189410209656,0.4328396593900635,0.4464189410209656,256900,0.0,0.0
1982-09-03,0.0,0.44302432382353696,0.43623466649017595,0.4379320740699768,1169800,0.0,0.0
1982-09-07,0.0,0.44302429108166813,0.43708333797727583,0.4413268566131592,438800,0.0,0.0
1982-09-08,0.0,0.450662725504526,0.445570502001601,0.4498140215873718,1141400,0.0,0.0
1982-09-09,0.0,0.4489650512616074,0.4464189410209656,0.4464189410209656,700800,0.0,0.0
1982-09-10,0.0,0.44811642973778726,0.44132677417450766,0.4421754777431488,1341700,0.0,0.0
1982-09-13,0.0,0.44726754753640224,0.4396291914551399,0.4455701410770416,1017900,0.0,0.0
1982-09-14,0.0,0.44641902260050503,0.44132677417450766,0.4421754777431488,1592000,0.0,0.0
1982-09-15,0.0,0.44387283921241766,0.4421754053389319,0.4438728392124176,153500,0.0,0.0
1982-09-16,0.0,0.44387299480884485,0.4413268566131592,0.4413268566131592,699200,0.0,0.0
1982-09-17,0.0,0.44302432382353696,0.4353859627002755,0.4379320740699768,2368000,0.0,0.0
1982-09-20,0.0,0.4379320495151542,0.42944498507786155,0.4311424195766449,287000,0.0,0.0
1982-09-21,0.0,0.4379320740699768,0.430293739960873,0.4379320740699768,912800,0.0,0.0
1982-09-22,0.0,0.44472170646781956,0.4285962813355479,0.4311424195766449,4412300,0.0,0.0
1982-09-23,0.0,0.43114201359770915,0.42265495715213625,0.42604976892471313,473900,0.0,0.0
1982-09-24,0.0,0.4243527909984866,0.41671442979276574,0.42010927200317383,433800,0.0,0.0
1982-09-27,0.0,0.4226553602429318,0.4175631377275611,0.4209579527378082,597400,0.0,0.0
1982-09-28,0.0,0.42605000856476766,0.4141681336634278,0.41586554050445557,2327900,0.0,0.0
1982-09-29,0.0,0.41586586335907333,0.4056814144062798,0.40737882256507874,962800,0.0,0.0
1982-09-30,0.0,0.4073785631525025,0.4022863149046064,0.4048324525356293,243600,0.0,0.0
1982-10-01,0.0,0.40313522035922944,0.39719429261093214,0.40058910846710205,2264500,0.0,0.0
1982-10-04,0.0,0.4082275266444782,0.4005891629157162,0.40737882256507874,113400,0.0,0.0
1982-10-05,0.0,0.4124708036491911,0.404832471441851,0.4107733964920044,425500,0.0,0.0
1982-10-06,0.0,0.4209579527378083,0.4099247769403486,0.4209579527378082,579000,0.0,0.0
1982-10-07,0.0,0.4294449041249426,0.42435268263097464,0.4252013862133026,1899000,0.0,0.0
1982-10-08,0.0,0.4260500458212561,0.42350393533706665,0.42350393533706665,914500,0.0,0.0
1982-10-11,0.0,0.44132693269318096,0.42435282820933873,0.43962952494621277,4514100,0.0,0.0
1982-10-12,0.0,0.4489651620388031,0.4370832843032734,0.4489651620388031,891100,0.0,0.0
1982-10-13,0.0,0.4701829813055651,0.4455705386685234,0.46933430433273315,2321300,0.0,0.0
1982-10-14,0.0,0.4684851924679564,0.4532085061073303,0.4532085061073303,599000,0.0,0.0
1982-10-15,0.0,0.45236009359359747,0.44811657438067043,0.4523600935935974,579000,0.0,0.0
1982-10-18,0.0,0.4684855937957764,0.4566037374588168,0.46848559379577637,557300,0.0,0.0
1982-10-19,0.0,0.48206455317854685,0.47018265166262574,0.47272878885269165,2948700,0.0,0.0
1982-10-20,0.0,0.49055142706416627,0.47357731073392195,0.4888540208339691,3007100,0.0,0.0
1982-10-21,0.0,0.5126179513597575,0.5083744072032776,0.5100718140602112,1241500,0.0,0.0
1982-10-22,0.0,0.5321382382635088,0.5092232151912239,0.522802472114563,2598300,0.0,0.0
1982-10-25,0.0,0.5194077593705911,0.5058284997940063,0.5058284997940063,991200,0.0,0.0
1982-10-26,0.0,0.5126176921773041,0.504979338168953,0.5109202861785889,360400,0.0,0.0
1982-10-27,0.0,0.5109208291396575,0.5024337901268136,0.5041311979293823,362100,0.0,0.0
1982-10-28,0.0,0.5092232870661794,0.5024336576461792,0.5024336576461792,382100,0.0,0.0
1982-10-29,0.0,0.5058284997940063,0.5015849541621681,0.5058284997940063,335400,0.0,0.0
1982-11-01,0.0,0.5151641825837315,0.5075258233207637,0.5134667754173279,924500,0.0,0.0
1982-11-02,0.0,0.5321383324125895,0.5244999720276369,0.5261974334716797,841000,0.0,0.0
1982-11-03,0.0,0.5321384072303772,0.5261975074541866,0.5321384072303772,782600,0.0,0.0
1982-11-04,0.0,0.5482636669721455,0.5414740380882103,0.5440201759338379,1001200,0.0,0.0
1982-11-05,0.0,0.5465661883354187,0.5397765603386337,0.5465661883354187,1425100,0.0,0.0
1982-11-08,0.0,0.5474150497007586,0.5363818745545149,0.5372305512428284,287000,0.0,0.0
1982-11-09,0.0,0.5380791141739607,0.5346843004226685,0.5346843004226685,1939100,0.0,0.0
1982-11-10,0.0,0.5346842861791837,0.5295920656878974,0.5329868793487549,390400,0.0,0.0
1982-11-11,0.0,0.5329873254982483,0.523651553102018,0.525348961353302,165200,0.0,0.0
1982-11-12,0.0,0.5287434278963602,0.5160128474235535,0.5160128474235535,146800,0.0,0.0
1982-11-15,0.0,0.5126179262407158,0.49649253487586975,0.49649253487586975,208600,0.0,0.0
1982-11-16,0.0,0.4930977495489364,0.48376198474482535,0.4863080680370331,687500,0.0,0.0
1982-11-17,0.0,0.4930978319918756,0.4837620656268815,0.49224910140037537,937800,0.0,0.0
1982-11-18,0.0,0.49394664458236476,0.48970315254115926,0.49055182933807373,270300,0.0,0.0
1982-11-19,0.0,0.4956438797104814,0.48970298211468205,0.49479520320892334,113400,0.0,0.0
1982-11-22,0.0,0.4930974260538198,0.4795181259669655,0.48036685585975647,302000,0.0,0.0
1982-11-23,0.0,0.4820647835731507,0.47697256078756806,0.48206478357315063,410500,0.0,0.0
1982-11-24,0.0,0.48206460797578654,0.4718801120861209,0.4752749800682068,1296600,0.0,0.0
1982-11-26,0.0,0.47697240711789146,0.47442626953125,0.47442626953125,158500,0.0,0.0
1982-11-29,0.0,0.47612367657957816,0.4735775389929367,0.47442626953125,498900,0.0,0.0
1982-11-30,0.0,0.4778212010860443,0.4693341637581175,0.4778212010860443,827700,0.0,0.0
1982-12-01,0.0,0.499038618022362,0.48206455028478173,0.49649253487586975,1668800,0.0,0.0
1982-12-02,0.0,0.500736217164719,0.4930978575583843,0.4990387558937073,462200,0.0,0.0
1982-12-03,0.0,0.5032821297645569,0.49903858608757257,0.5032821297645569,782600,0.0,0.0
1982-12-06,0.0,0.500736217164719,0.4956439414082929,0.4990387558937073,737600,0.0,0.0
1982-12-07,0.0,0.5015850634789325,0.49394670128822327,0.49394670128822327,2032500,0.0,0.0
1982-12-08,0.0,0.4956440522045103,0.48970315254115926,0.49055182933807373,977900,0.0,0.0
1982-12-09,0.0,0.49055182154912164,0.4820647835731507,0.48206478357315063,640800,0.0,0.0
1982-12-10,0.0,0.48121584589550803,0.4786697626113892,0.47866976261138916,574000,0.0,0.0
1982-12-13,0.0,0.4769725473264771,0.4718802706562927,0.47357767820358276,752600,0.0,0.0
1982-12-14,0.0,0.4846110084198845,0.4769726990416478,0.4812161922454834,363700,0.0,0.0
1982-12-15,0.0,0.4820642616170811,0.4769720443451072,0.48036685585975647,635800,0.0,0.0
1982-12-16,0.0,0.48121553172429016,0.4769720443451072,0.48036685585975647,483900,0.0,0.0
1982-12-17,0.0,0.4803674424962069,0.4769726268357259,0.47951871156692505,777600,0.0,0.0
1982-12-20,0.0,0.4846107065677643,0.47782107844805494,0.4846107065677643,270300,0.0,0.0
1982-12-21,0.0,0.5160125193497684,0.48630783245629083,0.5126177072525024,395500,0.0,0.0
1982-12-22,0.0,0.5126177265449893,0.5015845597995056,0.5049793720245361,343700,0.0,0.0
1982-12-23,0.0,0.5083744781914581,0.5024335803767644,0.5075258016586304,782600,0.0,0.0
1982-12-27,0.0,0.5151638433395852,0.5058280830579703,0.5126177072525024,585700,0.0,0.0
1982-12-28,0.0,0.5151638281895095,0.5100715561650988,0.5109202861785889,133500,0.0,0.0
1982-12-29,0.0,0.5117695460398828,0.5041312373452771,0.509223461151123,332000,0.0,0.0
1982-12-30,0.0,0.5092230801066777,0.5032821297645569,0.5032821297645569,95100,0.0,0.0
1982-12-31,0.0,0.5015847086906433,0.4981898954578914,0.5015847086906433,61700,0.0,0.0
1983-01-03,0.0,0.5058282834058343,0.49818992614746094,0.49818992614746094,505600,0.0,0.0
1983-01-04,0.0,0.4998878240585327,0.4930981905032745,0.4998878240585327,333700,0.0,0.0
1983-01-05,0.0,0.5083745580870364,0.5015849286441645,0.5066771507263184,398800,0.0,0.0
1983-01-06,0.0,0.5100718140602112,0.5049795934894107,0.5100718140602112,610700,0.0,0.0
1983-01-07,0.0,0.5160128932327934,0.5092232641187582,0.5143154859542847,1341700,0.0,0.0
1983-01-10,0.0,0.5160128591527824,0.5109206376535712,0.5134667754173279,760900,0.0,0.0
1983-01-11,0.0,0.5160128133803665,0.5126179993486927,0.5151641368865967,1386700,0.0,0.0
1983-01-12,0.0,0.5151638433395852,0.5117689772140527,0.5126177072525024,463900,0.0,0.0
1983-01-13,0.0,0.514315684956969,0.5058286452805592,0.509223461151123,1311600,0.0,0.0
1983-01-14,0.0,0.5143154859542847,0.5092232641187582,0.5143154859542847,614100,0.0,0.0
1983-01-17,0.0,0.5160127650736245,0.5100718140602112,0.5100718140602112,327000,0.0,0.0
1983-01-18,0.0,0.5168615780016143,0.5109206260400909,0.5160128474235535,764300,0.0,0.0
1983-01-19,0.0,0.5202564001083374,0.5168615858014652,0.5202564001083374,221900,0.0,0.0
1983-01-20,0.0,0.5295922022089438,0.520256435220817,0.5278947949409485,428800,0.0,0.0
1983-01-21,0.0,0.5287434098695742,0.5194076439706994,0.5211050510406494,510600,0.0,0.0
1983-01-24,0.0,0.5185589509182705,0.5126179993486927,0.5151641368865967,368800,0.0,0.0
1983-01-25,0.0,0.510072098224212,0.5024337901268136,0.5041311979293823,1905700,0.0,0.0
1983-01-26,0.0,0.5058284723561792,0.4973413815528709,0.5024336576461792,530600,0.0,0.0
1983-01-27,0.0,0.4956439137458802,0.4905516923019608,0.4956439137458801,1768900,0.0,0.0
1983-01-28,0.0,0.5007362332448544,0.49734136462211614,0.4973413646221161,540600,0.0,0.0
1983-01-31,0.0,0.4990390271466866,0.4837623536586761,0.48376235365867615,690800,0.0,0.0
1983-02-01,0.0,0.4880053448484989,0.48376180225786547,0.48545920848846436,892800,0.0,0.0
1983-02-02,0.0,0.48885402083396906,0.48545920837357465,0.4888540208339691,188500,0.0,0.0
1983-02-03,0.0,0.4888544139539275,0.4803673759779565,0.48206478357315063,270300,0.0,0.0
1983-02-04,0.0,0.4846106625673389,0.47527495176452716,0.4829132556915283,750900,0.0,0.0
1983-02-07,0.0,0.4863080694431495,0.4812158488157178,0.4829132556915283,1371700,0.0,0.0
1983-02-08,0.0,0.4846108679517841,0.47866996838276227,0.48206478357315063,962800,0.0,0.0
1983-02-09,0.0,0.48291352722740605,0.4778213037366845,0.47951871156692505,268600,0.0,0.0
1983-02-10,0.0,0.47951843902999797,0.4727288115679578,0.47866976261138916,1161400,0.0,0.0
1983-02-11,0.0,0.4820645763424093,0.47697235574587915,0.47866976261138916,824300,0.0,0.0
1983-02-14,0.0,0.482913600332684,0.4778213760710824,0.4812161922454834,507300,0.0,0.0
1983-02-15,0.0,0.48291325276101804,0.4786697626113892,0.47866976261138916,952800,0.0,0.0
1983-02-16,0.0,0.48121601601721503,0.4778212010860443,0.4778212010860443,1059600,0.0,0.0
1983-02-17,0.0,0.48121601601721503,0.4778212010860443,0.4778212010860443,273600,0.0,0.0
1983-02-18,0.0,0.47612367657957816,0.47103145543459357,0.47442626953125,1798900,0.0,0.0
1983-02-22,0.0,0.46848538106942794,0.46509056651464586,0.46763670444488525,1053000,0.0,0.0
1983-02-23,0.0,0.4676367707298,0.46424195569382176,0.46509063243865967,258600,0.0,0.0
1983-02-24,0.0,0.4650905150630894,0.45999829379425333,0.46169570088386536,1024600,0.0,0.0
1983-02-25,0.0,0.46424200881124456,0.4583010548043767,0.4608471393585205,665800,0.0,0.0
1983-02-28,0.0,0.4591497175266589,0.44641916007662846,0.4515113830566406,3434300,0.0,0.0
1983-03-01,0.0,0.46339327794098367,0.4523601007975089,0.4608471393585205,1785600,0.0,0.0
1983-03-02,0.0,0.4633931079734774,0.45745215614568546,0.46169570088386536,1785600,0.0,0.0
1983-03-03,0.0,0.4769726097583771,0.4608471549059571,0.4769726097583771,5103100,0.0,0.0
1983-03-04,0.0,0.4829129374816148,0.4778207202096409,0.48036685585975647,2202800,0.0,0.0
1983-03-07,0.0,0.497341529780975,0.4812161280882916,0.4914006292819977,1365000,0.0,0.0
1983-03-08,0.0,0.49309779574569873,0.4846107065677643,0.4846107065677643,1436800,0.0,0.0
1983-03-09,0.0,0.48545959876353906,0.48121605276139573,0.48206478357315063,1103000,0.0,0.0
1983-03-10,0.0,0.4854590731317303,0.48036685585975647,0.48036685585975647,769300,0.0,0.0
1983-03-11,0.0,0.4786699318329928,0.47357765540792507,0.4778212010860443,2391300,0.0,0.0
1983-03-14,0.0,0.4786697626113892,0.47357748798656657,0.47866976261138916,1368400,0.0,0.0
1983-03-15,0.0,0.4803674424962069,0.47867003466596636,0.47951871156692505,310300,0.0,0.0
1983-03-16,0.0,0.48291352722740605,0.4778213037366845,0.47951871156692505,317000,0.0,0.0
1983-03-17,0.0,0.4803671694768992,0.47782103216448796,0.47866976261138916,277000,0.0,0.0
1983-03-18,0.0,0.48376198614358007,0.47951844193990717,0.4829132556915283,280300,0.0,0.0
1983-03-21,0.0,0.4820649233032494,0.4769726990416478,0.4812161922454834,327000,0.0,0.0
1983-03-22,0.0,0.48376219116834485,0.4803673759779565,0.48206478357315063,280300,0.0,0.0
1983-03-23,0.0,0.49649261024033714,0.48206462345917117,0.49479520320892334,492200,0.0,0.0
1983-03-24,0.0,0.5049797416645252,0.4956439741978708,0.5024336576461792,488900,0.0,0.0
1983-03-25,0.0,0.5041308800827033,0.48800548911094666,0.48800548911094666,2358000,0.0,0.0
1983-03-28,0.0,0.48970289584332694,0.48291321488551764,0.48800548911094666,430500,0.0,0.0
1983-03-29,0.0,0.48885420535753343,0.4846106611661304,0.4863080680370331,146800,0.0,0.0
1983-03-30,0.0,0.48970289584332694,0.48630802835027814,0.48800548911094666,302000,0.0,0.0
1983-03-31,0.0,0.492249020522633,0.4829132556915284,0.4829132556915283,278600,0.0,0.0
1983-04-04,0.0,0.48291342348280036,0.4769725243674074,0.4778212010860443,218600,0.0,0.0
1983-04-05,0.0,0.48461083094838575,0.4778212010860443,0.4778212010860443,363700,0.0,0.0
1983-04-06,0.0,0.47612365654250627,0.4727288425887164,0.4752749800682068,617400,0.0,0.0
1983-04-07,0.0,0.48291352722740605,0.47527521900548536,0.47951871156692505,1318300,0.0,0.0
1983-04-08,0.0,0.48121619224548345,0.47867010712884833,0.4812161922454834,98400,0.0,0.0
1983-04-11,0.0,0.48291352722740605,0.47951871156692505,0.47951871156692505,300300,0.0,0.0
1983-04-12,0.0,0.4846107065677643,0.4812158925079096,0.4846107065677643,392100,0.0,0.0
1983-04-13,0.0,0.48715679848663074,0.48376198474482535,0.4863080680370331,1593700,0.0,0.0
1983-04-14,0.0,0.4964928400279006,0.48715707002018077,0.49394670128822327,1353300,0.0,0.0
1983-04-15,0.0,0.5041308766848944,0.4964925194265211,0.49818992614746094,832700,0.0,0.0
1983-04-18,0.0,0.5134667754173279,0.49819005689139195,0.5134667754173279,1355000,0.0,0.0
1983-04-19,0.0,0.5295922022089438,0.5066771230485494,0.5278947949409485,1246500,0.0,0.0
1983-04-20,0.0,0.5626917672001819,0.539776738148365,0.5575995445251465,5563700,0.0,0.0
1983-04-21,0.0,0.5771198129260444,0.5533561048665085,0.5601457357406616,1678800,0.0,0.0
1983-04-22,0.0,0.5677838841862229,0.557599387672731,0.5635403394699097,325400,0.0,0.0
1983-04-25,0.0,0.5703299249210556,0.558448076248169,0.558448076248169,1264900,0.0,0.0
1983-04-26,0.0,0.5592967527106562,0.5542045318508475,0.558448076248169,510600,0.0,0.0
1983-04-27,0.0,0.5677839719080917,0.5618430191930437,0.5669352412223816,1520200,0.0,0.0
1983-04-28,0.0,0.5771194696426392,0.5643888923118708,0.5771194696426392,622400,0.0,0.0
1983-04-29,0.0,0.6008835424635367,0.5839094661976539,0.5966400504112244,1131400,0.0,0.0
1983-05-02,0.0,0.5957914266930019,0.5771198854155118,0.5839095711708069,1678800,0.0,0.0
1983-05-03,0.0,0.5839094384334824,0.5796658925546287,0.5822120308876038,717500,0.0,0.0
1983-05-04,0.0,0.5873041611049098,0.580514531989836,0.5856067538261414,2334600,0.0,0.0
1983-05-05,0.0,0.5881524833555356,0.5830602645874023,0.5830602645874023,363700,0.0,0.0
1983-05-06,0.0,0.6076729952405493,0.5890014644408121,0.6051268577575684,2239500,0.0,0.0
1983-05-09,0.0,0.6102190129441384,0.6042781161711414,0.607672929763794,757600,0.0,0.0
1983-05-10,0.0,0.6110678233922494,0.6068242788314819,0.6068242788314819,532300,0.0,0.0
1983-05-11,0.0,0.6093704163736019,0.6042781953176594,0.6068242788314819,1670400,0.0,0.0
1983-05-12,0.0,0.6102191805839539,0.6051269587960363,0.6102191805839539,500600,0.0,0.0
1983-05-13,0.0,0.6136141419410706,0.6093706497831992,0.6136141419410706,302000,0.0,0.0
1983-05-16,0.0,0.6076730093549544,0.6034294647941869,0.6068242788314819,690800,0.0,0.0
1983-05-17,0.0,0.6085218775081771,0.6042783856391907,0.6042783856391907,293700,0.0,0.0
1983-05-18,0.0,0.605975476267776,0.5957909822463989,0.5957909822463989,382100,0.0,0.0
1983-05-19,0.0,0.5957911406999761,0.570329979917442,0.5788170695304871,495600,0.0,0.0
1983-05-20,0.0,0.5839095711708069,0.5779686163955461,0.5839095711708069,1305000,0.0,0.0
1983-05-23,0.0,0.594093918800354,0.5830607420862843,0.594093918800354,672500,0.0,0.0
1983-05-24,0.0,0.6000345403941282,0.5949423202747841,0.5974884033203125,473900,0.0,0.0
1983-05-25,0.0,0.5983373845689992,0.5940938390094277,0.594942569732666,837700,0.0,0.0
1983-05-26,0.0,0.5966399771508326,0.5906990241730946,0.594942569732666,842700,0.0,0.0
1983-05-27,0.0,0.5932449157123204,0.5890013719167205,0.590698778629303,357100,0.0,0.0
1983-05-31,0.0,0.5932447408697258,0.5873037921124749,0.5881524682044983,56700,0.0,0.0
1983-06-01,0.0,0.5915473346574072,0.5881524682044983,0.5881524682044983,218600,0.0,0.0
1983-06-02,0.0,0.5898504719177411,0.5796660243272883,0.5839095711708069,287000,0.0,0.0
1983-06-03,0.0,0.5864554304513727,0.5839093465473729,0.5856067538261414,440500,0.0,0.0
1983-06-06,0.0,0.5805144766474359,0.5771196083852377,0.5788170695304871,161800,0.0,0.0
1983-06-07,0.0,0.5796659314807618,0.5652379393577576,0.5652379393577576,609100,0.0,0.0
1983-06-08,0.0,0.575422345352592,0.5669353076427146,0.5711788535118103,1036300,0.0,0.0
1983-06-09,0.0,0.5745736012805421,0.5669352412223816,0.5669352412223816,881100,0.0,0.0
1983-06-10,0.0,0.574573688994606,0.5686327353726157,0.5703301429748535,1577000,0.0,0.0
1983-06-13,0.0,0.5762710773789221,0.5720275315006866,0.5754223465919495,83400,0.0,0.0
1983-06-14,0.0,0.5856067538261414,0.5771196634039935,0.5856067538261414,196900,0.0,0.0
1983-06-15,0.0,0.5898498744168169,0.5805141672632006,0.5881524682044983,201900,0.0,0.0
1983-06-16,0.0,0.6008831115943828,0.5898499429188429,0.5991857051849365,213600,0.0,0.0
1983-06-17,0.0,0.611067789064403,0.6008832934963529,0.6059755682945251,455500,0.0,0.0
1983-06-20,0.0,0.6110676889119592,0.5847578048706055,0.5847578048706055,580700,0.0,0.0
1983-06-21,0.0,0.5839095711708069,0.5677841688050932,0.5839095711708069,2606600,0.0,0.0
1983-06-22,0.0,0.5923961853418854,0.5830604214085382,0.590698778629303,660800,0.0,0.0
1983-06-23,0.0,0.5932449300942272,0.5881526558047413,0.5923961997032166,216900,0.0,0.0
1983-06-24,0.0,0.5915476803999691,0.5864554047584534,0.5864554047584534,213600,0.0,0.0
1983-06-27,0.0,0.5847582481225146,0.5822121632390647,0.5839095711708069,116800,0.0,0.0
1983-06-28,0.0,0.5822118212669285,0.5711786491769649,0.572027325630188,115100,0.0,0.0
1983-06-29,0.0,0.573724732564929,0.5669351048259651,0.572027325630188,283600,0.0,0.0
1983-06-30,0.0,0.57881693037981,0.5686324360982228,0.5771194696426392,946200,0.0,0.0
1983-07-01,0.0,0.5830611729875409,0.5771202148213296,0.5805150866508484,263600,0.0,0.0
1983-07-05,0.0,0.57881693037981,0.5686324360982228,0.5771194696426392,787600,0.0,0.0
1983-07-06,0.0,0.5762710897498639,0.5720275437805311,0.5728762745857239,714200,0.0,0.0
1983-07-07,0.0,0.573724732564929,0.569481242242224,0.572027325630188,1673800,0.0,0.0
1983-07-08,0.0,0.5711788737901304,0.5686327353726157,0.5703301429748535,1066300,0.0,0.0
1983-07-11,0.0,0.572027325630188,0.5635402909564832,0.572027325630188,443900,0.0,0.0
1983-07-12,0.0,0.5720274171040025,0.5686326026916504,0.5686326026916504,567300,0.0,0.0
1983-07-13,0.0,0.5805141974352548,0.5669348930026541,0.5779680609703064,537300,0.0,0.0
1983-07-14,0.0,0.5890016555786133,0.5788172103983125,0.5890016555786133,3305800,0.0,0.0
1983-07-15,0.0,0.5873041611049098,0.5830606158938358,0.5856067538261414,797600,0.0,0.0
1983-07-18,0.0,0.5847576708434468,0.5813628583313579,0.5830602645874023,191900,0.0,0.0
1983-07-19,0.0,0.5957911129923288,0.5847579402311154,0.5932450294494629,213600,0.0,0.0
1983-07-20,0.0,0.6195549964904785,0.594942562223556,0.6195549964904785,612400,0.0,0.0
1983-07-21,0.0,0.6178576404818743,0.6076731952543633,0.6110680103302002,282000,0.0,0.0
1983-07-22,0.0,0.612765230410897,0.6051268718128344,0.6068242788314819,113400,0.0,0.0
1983-07-25,0.0,0.6059755799690627,0.600034628608935,0.6008833050727844,156800,0.0,0.0
1983-07-26,0.0,0.6127650338859127,0.5991857280635675,0.6119163036346436,282000,0.0,0.0
1983-07-27,0.0,0.6187061472333668,0.605975568294525,0.6059755682945251,302000,0.0,0.0
1983-07-28,0.0,0.6059755882613274,0.6042781812821054,0.6051268577575684,45000,0.0,0.0
1983-07-29,0.0,0.6017318418132449,0.5991857051849365,0.5991857051849365,595700,0.0,0.0
1983-08-01,0.0,0.60342937707901,0.5991858331350889,0.60342937707901,133500,0.0,0.0
1983-08-02,0.0,0.6085214674510301,0.5991857051849365,0.5991857051849365,223600,0.0,0.0
1983-08-03,0.0,0.600034865664401,0.5949426427846362,0.5966400504112244,88400,0.0,0.0
1983-08-04,0.0,0.5983369595066814,0.5881524682044983,0.5881524682044983,468900,0.0,0.0
1983-08-05,0.0,0.590698778629303,0.5890013719167205,0.590698778629303,233600,0.0,0.0
1983-08-08,0.0,0.5906995400543331,0.5796663551863793,0.5805150866508484,211900,0.0,0.0
1983-08-09,0.0,0.5788172621968541,0.5711789006139123,0.5737249851226807,355400,0.0,0.0
1983-08-10,0.0,0.5754221394996699,0.570329918695447,0.572027325630188,692500,0.0,0.0
1983-08-11,0.0,0.5788170157680519,0.5728760643963957,0.5762708783149719,198500,0.0,0.0
1983-08-12,0.0,0.5822122172385957,0.5754225308535649,0.5796660780906677,220200,0.0,0.0
1983-08-15,0.0,0.58390990445201,0.5796663551863793,0.5805150866508484,118400,0.0,0.0
1983-08-16,0.0,0.5822118296866282,0.573724740861892,0.5762708783149719,547300,0.0,0.0
1983-08-17,0.0,0.5788172281371265,0.5711788670036538,0.5728762745857239,140100,0.0,0.0
1983-08-18,0.0,0.5711786983479538,0.5635403394699097,0.5635403394699097,465500,0.0,0.0
1983-08-19,0.0,0.5686327546774859,0.5635405316978933,0.5652379393577576,505600,0.0,0.0
1983-08-22,0.0,0.5720275905791822,0.5635405519744916,0.5643892288208008,789300,0.0,0.0
1983-08-23,0.0,0.5660864771053574,0.5635403394699097,0.5635403394699097,423800,0.0,0.0
1983-08-24,0.0,0.5635405645734619,0.5609944259209714,0.5618431568145752,375400,0.0,0.0
1983-08-25,0.0,0.5618426996434527,0.5592965630627521,0.5609939694404602,560700,0.0,0.0
1983-08-26,0.0,0.5677838781435808,0.560994195864079,0.56608647108078,497300,0.0,0.0
1983-08-29,0.0,0.572027325630188,0.566086428372742,0.572027325630188,95100,0.0,0.0
1983-08-30,0.0,0.5771197665267412,0.5720275437805311,0.5728762745857239,91700,0.0,0.0
1983-08-31,0.0,0.5822124955514292,0.574574128484637,0.5805150866508484,255300,0.0,0.0
1983-09-01,0.0,0.5830602798719287,0.5779680609703064,0.5779680609703064,150100,0.0,0.0
1983-09-02,0.0,0.5906992163241853,0.5720276746222969,0.5898504853248596,121800,0.0,0.0
1983-09-06,0.0,0.5932449157123204,0.5890013719167205,0.590698778629303,93400,0.0,0.0
1983-09-07,0.0,0.6127654178681188,0.5923964733847826,0.6110680103302002,919500,0.0,0.0
1983-09-08,0.0,0.6093703821411103,0.6051268378187317,0.6059755682945251,343700,0.0,0.0
1983-09-09,0.0,0.6076729869250571,0.6008833050727844,0.6008833050727844,754200,0.0,0.0
1983-09-12,0.0,0.6076728975872879,0.5957909966138645,0.5974884033203125,168500,0.0,0.0
1983-09-13,0.0,0.5957912464275943,0.5932451623144995,0.594942569732666,58400,0.0,0.0
1983-09-14,0.0,0.6042781730130684,0.5940936772488071,0.6008833050727844,877700,0.0,0.0
1983-09-15,0.0,0.6025805180038291,0.5974882987754903,0.5991857051849365,267000,0.0,0.0
1983-09-16,0.0,0.6017324328422547,0.5983376166889318,0.6017324328422546,75000,0.0,0.0
1983-09-19,0.0,0.6059757931924481,0.6000348397418899,0.6042783856391907,1214800,0.0,0.0
1983-09-20,0.0,0.6161600210135377,0.604278172334912,0.6144626140594482,679200,0.0,0.0
1983-09-21,0.0,0.6153113139247196,0.6068242788314819,0.6068242788314819,513900,0.0,0.0
1983-09-22,0.0,0.6102191805839539,0.602580820887925,0.6102191805839539,273600,0.0,0.0
1983-09-23,0.0,0.6178575158119202,0.6110678870302427,0.6178575158119202,2885300,0.0,0.0
1983-09-26,0.0,0.6229494917793099,0.6178572722008313,0.6204034090042114,959500,0.0,0.0
1983-09-27,0.0,0.623798390330543,0.6195548458562773,0.6229496598243713,55000,0.0,0.0
1983-09-28,0.0,0.6221012079816777,0.6187063927877462,0.6212524771690369,193500,0.0,0.0
1983-09-29,0.0,0.6246470668084184,0.6229496598243713,0.6229496598243713,178500,0.0,0.0
1983-09-30,0.0,0.6246469871262986,0.6229495803587787,0.6237983107566833,393800,0.0,0.0
1983-10-03,0.0,0.6305882334709167,0.6237986032175956,0.6305882334709167,629100,0.0,0.0
1983-10-04,0.0,0.6450162589162469,0.6339830821564197,0.6382266283035278,1121400,0.0,0.0
1983-10-05,0.0,0.639924168586731,0.6339832135551268,0.639924168586731,957800,0.0,0.0
1983-10-06,0.0,0.6509566951701714,0.6416209334859678,0.6484105587005615,907800,0.0,0.0
1983-10-07,0.0,0.6721746783365844,0.6594440968981772,0.6704772710800171,1069700,0.0,0.0
1983-10-10,0.0,0.6721743941307068,0.665384767975198,0.6721743941307068,358700,0.0,0.0
1983-10-11,0.0,0.6713259353773581,0.6552005410194397,0.6552005410194397,273600,0.0,0.0
1983-10-12,0.0,0.6518057446783091,0.6450161155744479,0.6501083374023438,457200,0.0,0.0
1983-10-13,0.0,0.6475625709848752,0.6450164318084717,0.6450164318084717,407100,0.0,0.0
1983-10-14,0.0,0.6585955619812011,0.6467136546005269,0.6585955619812012,213600,0.0,0.0
1983-10-17,0.0,0.6653849977181275,0.6560492315167255,0.6568979620933533,947800,0.0,0.0
1983-10-18,0.0,0.6552006784584257,0.6382265499813494,0.643318772315979,348700,0.0,0.0
1983-10-19,0.0,0.6484110742226065,0.6382266283035278,0.6382266283035278,657500,0.0,0.0
1983-10-20,0.0,0.6399239136992747,0.6271933317184448,0.6271933317184448,744200,0.0,0.0
1983-10-21,0.0,0.633134074992188,0.6237983107566833,0.6237983107566833,712500,0.0,0.0
1983-10-24,0.0,0.6254959493932324,0.6153114509844673,0.6195549964904785,620700,0.0,0.0
1983-10-25,0.0,0.6263446999599341,0.6195550695720712,0.6212524771690369,400500,0.0,0.0
1983-10-26,0.0,0.6212523302027589,0.6178575158119202,0.6178575158119202,300300,0.0,0.0
1983-10-27,0.0,0.6237986155786434,0.6170089851907805,0.6212524771690369,218600,0.0,0.0
1983-10-28,0.0,0.6229498847660027,0.6195550695720712,0.6212524771690369,415500,0.0,0.0
1983-10-31,0.0,0.6237983561785312,0.6170087286140649,0.6221009492874146,193500,0.0,0.0
1983-11-01,0.0,0.6237982220565306,0.6195546787269909,0.6204034090042114,452200,0.0,0.0
1983-11-02,0.0,0.6246470668084184,0.6195548458562773,0.6229496598243713,949500,0.0,0.0
1983-11-03,0.0,0.6246469871262986,0.6229495803587787,0.6237983107566833,95100,0.0,0.0
1983-11-04,0.0,0.6237986155786434,0.6178576619751055,0.6212524771690369,243600,0.0,0.0
1983-11-07,0.0,0.6254961098517597,0.6204038863552237,0.6246473789215088,86700,0.0,0.0
1983-11-08,0.0,0.6365291339730969,0.6229498205684594,0.6348317265510559,258600,0.0,0.0
1983-11-09,0.0,0.6365287899971008,0.6339826532257999,0.6365287899971008,627400,0.0,0.0
1983-11-10,0.0,0.6552009344857538,0.6356806601994347,0.6450164318084717,527300,0.0,0.0
1983-11-11,0.0,0.6552008068736286,0.6433188984024033,0.6518059372901917,560700,0.0,0.0
1983-11-14,0.0,0.6501086166166277,0.6382267605817482,0.639924168586731,1770500,0.0,0.0
1983-11-15,0.0,0.6450160523193224,0.6382264238813032,0.6390751004219055,465500,0.0,0.0
1983-11-16,0.0,0.6450164318084717,0.6390754764157515,0.6450164318084717,148500,0.0,0.0
1983-11-17,0.0,0.6475625709848752,0.6424703466604001,0.6450164318084717,81700,0.0,0.0
1983-11-18,0.0,0.6467134952545166,0.64247000425983,0.6467134952545166,502300,0.0,0.0
1983-11-21,0.0,0.6526540517807007,0.6450156969817302,0.6526540517807007,774300,0.0,0.0
1983-11-22,0.0,0.6619901657104491,0.6526543997594773,0.6619901657104492,824300,0.0,0.0
1983-11-23,0.0,0.6619903772247319,0.6585955619812011,0.6585955619812012,198500,0.0,0.0
1983-11-25,0.0,0.6619903309535917,0.6585955159473483,0.66029292345047,559000,0.0,0.0
1983-11-28,0.0,0.6645364821407309,0.6577468514442444,0.6577468514442444,330400,0.0,0.0
1983-11-29,0.0,0.6585955619812011,0.6552007467376704,0.6585955619812012,447200,0.0,0.0
1983-11-30,0.0,0.6619903309535917,0.6552007009411049,0.66029292345047,1323300,0.0,0.0
1983-12-01,0.0,0.6645365020512712,0.6602930097529848,0.6636878252029419,148500,0.0,0.0
1983-12-02,0.0,0.6645360410705504,0.6297391798324969,0.6314365863800049,3963400,0.0,0.0
1983-12-05,0.0,0.6484109024580519,0.6254958781961741,0.6467134952545166,1143100,0.0,0.0
1983-12-06,0.0,0.6450159862996695,0.639923765492362,0.6416211724281311,161800,0.0,0.0
1983-12-07,0.0,0.6399236191175445,0.6314365863800049,0.6314365863800049,260300,0.0,0.0
1983-12-08,0.0,0.6322853935277974,0.6246470354686688,0.6263444423675537,1191500,0.0,0.0
1983-12-09,0.0,0.630588339454909,0.6263447928192062,0.6288909316062927,752600,0.0,0.0
1983-12-12,0.0,0.6288909316062926,0.6263447928192062,0.6288909316062927,80100,0.0,0.0
1983-12-13,0.0,0.6280418492664385,0.625495765932258,0.6263444423675537,308700,0.0,0.0
1983-12-14,0.0,0.6280420083687364,0.6195549717242855,0.6271933317184448,856000,0.0,0.0
1983-12-15,0.0,0.6297394697259338,0.6271933317184448,0.6271933317184448,770900,0.0,0.0
1983-12-16,0.0,0.6314365863800049,0.625495636449586,0.6314365863800049,816000,0.0,0.0
1983-12-19,0.0,0.65010796500421,0.6331339019677258,0.6484105587005615,337000,0.0,0.0
1983-12-20,0.0,0.6467133932354387,0.6390750350103299,0.6416211724281311,685800,0.0,0.0
1983-12-21,0.0,0.6424699686692152,0.635680286202896,0.6390751004219055,165200,0.0,0.0
1983-12-22,0.0,0.6407727127691387,0.6365292206503481,0.6382266283035278,303700,0.0,0.0
1983-12-23,0.0,0.6373774662353471,0.6365287899971008,0.6365287899971008,85100,0.0,0.0
1983-12-27,0.0,0.6373774822821414,0.6314365863800049,0.6314365863800049,178500,0.0,0.0
1983-12-28,0.0,0.6365288060225286,0.6297391798324969,0.6314365863800049,231900,0.0,0.0
1983-12-29,0.0,0.6314366315797485,0.6280417642134375,0.6297392249107361,372100,0.0,0.0
1983-12-30,0.0,0.6280421945858661,0.6246473789215088,0.6246473789215088,307000,0.0,0.0
1984-01-03,0.0,0.6280418492664385,0.6246470354686688,0.6263444423675537,213600,0.0,0.0
1984-01-04,0.0,0.6271935176839384,0.6237987020195811,0.6246473789215088,327000,0.0,0.0
1984-01-05,0.0,0.630588339454909,0.6237987080604436,0.6288909316062927,245300,0.0,0.0
1984-01-06,0.0,0.6305880182667312,0.6229496598243713,0.6229496598243713,432200,0.0,0.0
1984-01-09,0.0,0.629739261457148,0.6204034972216435,0.6237983107566833,570700,0.0,0.0
1984-01-10,0.0,0.6263445872761734,0.6212523654014024,0.6254959106445312,1016200,0.0,0.0
1984-01-11,0.0,0.6271931728311428,0.622949628569784,0.6263444423675537,465500,0.0,0.0
1984-01-12,0.0,0.6271933317184448,0.6229497863820658,0.6271933317184448,739200,0.0,0.0
1984-01-13,0.0,0.6288905797300277,0.6246470354686688,0.6263444423675537,350400,0.0,0.0
1984-01-16,0.0,0.6263447867536874,0.6195551554249727,0.6246473789215088,160200,0.0,0.0
1984-01-17,0.0,0.6254959493932324,0.6195549964904785,0.6195549964904785,160200,0.0,0.0
1984-01-18,0.0,0.6110678091989931,0.6017320437991245,0.6051268577575684,1164800,0.0,0.0
1984-01-19,0.0,0.6178578344302761,0.6051272468855405,0.6127656102180481,1333300,0.0,0.0
1984-01-20,0.0,0.6195546693202026,0.6110676368182648,0.6161598563194275,218600,0.0,0.0
1984-01-23,0.0,0.6170085770856981,0.6119163036346437,0.6119163036346436,443900,0.0,0.0
1984-01-24,0.0,0.6153115496098827,0.6119167342722583,0.6136141419410706,1443500,0.0,0.0
1984-01-25,0.0,0.6195546597829453,0.6119163036346437,0.6119163036346436,1101400,0.0,0.0
1984-01-26,0.0,0.6110676040793386,0.5966396225849061,0.5991857051849365,1885700,0.0,0.0
1984-01-27,0.0,0.600883233471878,0.5906987929494842,0.5923961997032166,133500,0.0,0.0
1984-01-30,0.0,0.59069925768447,0.578817401060246,0.5796660780906677,1261600,0.0,0.0
1984-01-31,0.0,0.5839095711708069,0.5737250695520275,0.5839095711708069,181800,0.0,0.0
1984-02-01,0.0,0.5856068458940519,0.5754223465919495,0.5754223465919495,1179800,0.0,0.0
1984-02-02,0.0,0.5898504853248596,0.5745738135919463,0.5898504853248596,672500,0.0,0.0
1984-02-03,0.0,0.5932453418095519,0.5839095711708069,0.5839095711708069,308700,0.0,0.0
1984-02-06,0.0,0.583060309504942,0.5771193601369737,0.5813629031181335,602400,0.0,0.0
1984-02-07,0.0,0.5839089947295611,0.5796654520753135,0.5830602645874023,136800,0.0,0.0
1984-02-08,0.0,0.5873038072416499,0.5822115884735167,0.5830602645874023,1221500,0.0,0.0
1984-02-09,0.0,0.5898501391377733,0.5813631042672537,0.5873040556907654,480600,0.0,0.0
1984-02-10,0.0,0.590698778629303,0.5864552348337031,0.590698778629303,517300,0.0,0.0
1984-02-13,0.0,0.5940936064569489,0.5906987929494842,0.5923961997032166,1386700,0.0,0.0
1984-02-14,0.0,0.5932453552938347,0.5898504853248596,0.5898504853248596,806000,0.0,0.0
1984-02-15,0.0,0.5932450071142772,0.5864553251895654,0.5873040556907654,877700,0.0,0.0
1984-02-16,0.0,0.5873040556907654,0.5830605112413576,0.5873040556907654,719200,0.0,0.0
1984-02-17,0.0,0.5898503323294816,0.5856068405185131,0.5890016555786133,370400,0.0,0.0
1984-02-21,0.0,0.5873043870342911,0.5796660243272883,0.5839095711708069,151800,0.0,0.0
1984-02-22,0.0,0.5873039418523861,0.5839091285622022,0.5847578048706055,512300,0.0,0.0
1984-02-23,0.0,0.5847578268467577,0.5771194696426392,0.5771194696426392,1094700,0.0,0.0
1984-02-24,0.0,0.5839089947295611,0.5788167759614279,0.5830602645874023,300300,0.0,0.0
1984-02-27,0.0,0.58390990445201,0.5805150866508484,0.5805150866508484,260300,0.0,0.0
1984-02-28,0.0,0.5830604201378744,0.5762707933023413,0.5771194696426392,78400,0.0,0.0
1984-02-29,0.0,0.577119660340834,0.5737248458013156,0.5745735764503479,1039600,0.0,0.0
1984-03-01,0.0,0.576270983720107,0.5728761691805887,0.5745735764503479,136800,0.0,0.0
1984-03-02,0.0,0.57881693037981,0.5762707933023413,0.5771194696426392,590700,0.0,0.0
1984-03-05,0.0,0.5779685313417191,0.5737249851226807,0.5737249851226807,463900,0.0,0.0
1984-03-06,0.0,0.5762708783149719,0.573724740861892,0.5762708783149719,589000,0.0,0.0
1984-03-07,0.0,0.576270983720107,0.5745735764503479,0.5745735764503479,55000,0.0,0.0
1984-03-08,0.0,0.5822116037357955,0.5737245182048172,0.5779680609703064,1975800,0.0,0.0
1984-03-09,0.0,0.5771195547804683,0.5745734713556838,0.5762708783149719,121800,0.0,0.0
1984-03-12,0.0,0.5830611729875409,0.5762715373852177,0.5805150866508484,398800,0.0,0.0
1984-03-13,0.0,0.5839089947295611,0.5822115884735167,0.5830602645874023,268600,0.0,0.0
1984-03-14,0.0,0.5856065352072942,0.5805143152720182,0.5847578048706055,180200,0.0,0.0
1984-03-15,0.0,0.6008833050727844,0.5847579119766906,0.6008833050727844,438800,0.0,0.0
1984-03-16,0.0,0.605975568294525,0.6025807004196455,0.6059755682945251,463900,0.0,0.0
1984-03-19,0.0,0.6161602804584478,0.6051271035970097,0.6136141419410706,270300,0.0,0.0
1984-03-20,0.0,0.6127651959876955,0.605975568294525,0.6059755682945251,393800,0.0,0.0
1984-03-21,0.0,0.607672929763794,0.6051267925551593,0.607672929763794,70000,0.0,0.0
1984-03-22,0.0,0.609370608298963,0.6042783856391907,0.6042783856391907,218600,0.0,0.0
1984-03-23,0.0,0.6119163036346437,0.604278001514622,0.6119163036346436,221900,0.0,0.0
1984-03-26,0.0,0.6110680103302002,0.6051270569333285,0.6110680103302002,95100,0.0,0.0
1984-03-27,0.0,0.6187062464237814,0.6110678870302427,0.6178575158119202,196900,0.0,0.0
1984-03-28,0.0,0.6263444423675537,0.6170087314378337,0.6263444423675537,88400,0.0,0.0
1984-03-29,0.0,0.6280419589844364,0.6178575158119202,0.6178575158119202,582400,0.0,0.0
1984-03-30,0.0,0.6178575158119202,0.6136139708092203,0.6178575158119202,315400,0.0,0.0
1984-04-02,0.0,0.6178576881272599,0.6136141419410706,0.6136141419410706,243600,0.0,0.0
1984-04-03,0.0,0.6212522960158452,0.6144626676077943,0.6170088052749634,1355000,0.0,0.0
1984-04-04,0.0,0.6195546693202026,0.61446244981904,0.6161598563194275,508900,0.0,0.0
1984-04-05,0.0,0.6187061472333668,0.6025807004196455,0.6059755682945251,250300,0.0,0.0
1984-04-06,0.0,0.6042784855223405,0.5923965766572249,0.5983375310897827,1021300,0.0,0.0
1984-04-09,0.0,0.5991861348369485,0.5949426427846362,0.5966400504112244,475600,0.0,0.0
1984-04-10,0.0,0.600034865664401,0.5949426427846362,0.5966400504112244,226900,0.0,0.0
1984-04-11,0.0,0.5974884054796328,0.590698778629303,0.590698778629303,360400,0.0,0.0
1984-04-12,0.0,0.5932450294494629,0.590698891878299,0.5932450294494629,270300,0.0,0.0
1984-04-13,0.0,0.5932453418095519,0.5839095711708069,0.5839095711708069,480600,0.0,0.0
1984-04-16,0.0,0.5856067538261414,0.5813632086150674,0.5856067538261414,140100,0.0,0.0
1984-04-17,0.0,0.5864556560542569,0.5839095711708069,0.5839095711708069,385400,0.0,0.0
1984-04-18,0.0,0.585606979102549,0.5822121632390647,0.5839095711708069,292000,0.0,0.0
1984-04-19,0.0,0.5839094384334824,0.5805146233417251,0.5822120308876038,130100,0.0,0.0
1984-04-23,0.0,0.5847583023581923,0.5771199389427397,0.5796660780906677,215200,0.0,0.0
1984-04-24,0.0,0.5847582481225146,0.5796660243272883,0.5839095711708069,400500,0.0,0.0
1984-04-25,0.0,0.5847579674256579,0.5771196083852377,0.5788170695304871,387100,0.0,0.0
1984-04-26,0.0,0.5796660780906677,0.5771199389427397,0.5796660780906677,420500,0.0,0.0
1984-04-27,0.0,0.5796658157764324,0.5618430118912248,0.5626916885375977,1128100,0.0,0.0
1984-04-30,0.0,0.5660866905700587,0.5618431442535534,0.5643892288208008,235300,0.0,0.0
1984-05-01,0.0,0.5652379393577576,0.559296985534074,0.5652379393577576,684200,0.0,0.0
1984-05-02,0.0,0.572027325630188,0.5669351048259651,0.572027325630188,1974100,0.0,0.0
1984-05-03,0.0,0.5762710965968438,0.5703301429748536,0.5703301429748535,569000,0.0,0.0
1984-05-04,0.0,0.5711787791711685,0.5618430118912248,0.5626916885375977,136800,0.0,0.0
1984-05-07,0.0,0.5669352412223816,0.5626916958504462,0.5669352412223816,544000,0.0,0.0
1984-05-08,0.0,0.5694813590422156,0.5652378138208695,0.5677839517593384,327000,0.0,0.0
1984-05-09,0.0,0.5660864771053574,0.5601455253081787,0.5635403394699097,1056300,0.0,0.0
1984-05-10,0.0,0.577119660340834,0.5635404021827606,0.5745735764503479,2521500,0.0,0.0
1984-05-11,0.0,0.577119618372916,0.5686325826412942,0.5694813132286072,482200,0.0,0.0
1984-05-14,0.0,0.5703300356695015,0.5652378138208695,0.5677839517593384,175200,0.0,0.0
1984-05-15,0.0,0.5694815060119348,0.5618431442535534,0.5643892288208008,353700,0.0,0.0
1984-05-16,0.0,0.5652379393577576,0.560145716378165,0.5652379393577576,1395100,0.0,0.0
1984-05-17,0.0,0.5669353674163679,0.5626918210998626,0.5643892288208008,246900,0.0,0.0
1984-05-18,0.0,0.5686325546608318,0.5643890099896804,0.56608647108078,130100,0.0,0.0
1984-05-21,0.0,0.5660866702018484,0.5635405316978933,0.5652379393577576,392100,0.0,0.0
1984-05-22,0.0,0.5694813132286072,0.5643890377613326,0.5694813132286072,303700,0.0,0.0
1984-05-23,0.0,0.5703301429748536,0.5677840585856548,0.5703301429748535,185200,0.0,0.0
1984-05-24,0.0,0.5711787203749316,0.5686325826412942,0.5694813132286072,200200,0.0,0.0
1984-05-25,0.0,0.5754221394996699,0.5686325117607061,0.572027325630188,136800,0.0,2.0
1984-05-29,0.0,0.5788170572259979,0.5635403394699097,0.5635403394699097,534000,0.0,0.0
1984-05-30,0.0,0.5737249851226807,0.5652379467129222,0.5737249851226807,106800,0.0,0.0
1984-05-31,0.0,0.5754223465919495,0.5703301239550553,0.5754223465919495,397100,0.0,0.0
1984-06-01,0.0,0.5906990631086635,0.5788172103983125,0.5890016555786133,2070100,0.0,0.0
1984-06-04,0.0,0.5906989756624467,0.5822119392686045,0.5856067538261414,304500,0.0,0.0
1984-06-05,0.0,0.5873042535252397,0.5788172157958464,0.5822120308876038,329500,0.0,0.0
1984-06-06,0.0,0.5822120502188342,0.5703301429748536,0.5703301429748535,130100,0.0,0.0
1984-06-07,0.0,0.5754221394996699,0.570329918695447,0.572027325630188,88400,0.0,0.0
1984-06-08,0.0,0.5771197733838048,0.5703301429748536,0.5703301429748535,1464300,0.0,0.0
1984-06-11,0.0,0.5805145071631861,0.5686326026916504,0.5686326026916504,176000,0.0,0.0
1984-06-12,0.0,0.5669353666148147,0.5567509203035851,0.5601457357406616,110900,0.0,0.0
1984-06-13,0.0,0.5635402971079776,0.5567506692948995,0.558448076248169,195200,0.0,0.0
1984-06-14,0.0,0.5584481199419304,0.5499610304832458,0.5499610304832458,226100,0.0,0.0
1984-06-15,0.0,0.551658649489948,0.534684519742648,0.5397767424583435,218600,0.0,0.0
1984-06-18,0.0,0.5499610023338111,0.5397765603386337,0.5465661883354187,448000,0.0,0.0
1984-06-19,0.0,0.5601457357406616,0.5499612354011124,0.5601457357406616,136000,0.0,0.0
1984-06-20,0.0,0.5601457088670408,0.553356078318628,0.5567508935928345,212700,0.0,0.0
1984-06-21,0.0,0.5533559780961218,0.5499611094084688,0.551658570766449,408000,0.0,0.0
1984-06-22,0.0,0.5584483012299376,0.5516586706815247,0.5567508935928345,1213200,0.0,0.0
1984-06-25,0.0,0.5601456074148133,0.551658570766449,0.551658570766449,196900,0.0,0.0
1984-06-26,0.0,0.5567507128558534,0.5431714021389377,0.5499610304832458,203500,0.0,0.0
1984-06-27,0.0,0.5550530404873113,0.5499607676345855,0.5533556342124939,206000,0.0,0.0
1984-06-28,0.0,0.5499610023338111,0.5431713743370262,0.5465661883354187,146800,0.0,0.0
1984-06-29,0.0,0.5482635953346149,0.5414739673378299,0.5465661883354187,438000,0.0,0.0
1984-07-02,0.0,0.55165831370009,0.543171226978302,0.543171226978302,599000,0.0,0.0
1984-07-03,0.0,0.5465660400557044,0.543171226978302,0.543171226978302,449700,0.0,0.0
1984-07-05,0.0,0.5465661883354187,0.5448687813362224,0.5465661883354187,75900,0.0,0.0
1984-07-06,0.0,0.5499608531331067,0.5414738204396008,0.543171226978302,882700,0.0,0.0
1984-07-09,0.0,0.5567508935928345,0.5431715784676915,0.5567508935928345,515600,0.0,0.0
1984-07-10,0.0,0.5567504467621287,0.5533556342124939,0.5533556342124939,948700,0.0,0.0
1984-07-11,0.0,0.5567506986514861,0.5482636094093323,0.5482636094093323,754200,0.0,0.0
1984-07-12,0.0,0.5516584775231727,0.5465662023665612,0.5482636094093323,210200,0.0,0.0
1984-07-13,0.0,0.5533558845659439,0.5465662023665612,0.5482636094093323,272800,0.0,0.0
1984-07-16,0.0,0.5567508935928345,0.5482638013790012,0.5567508935928345,324500,0.0,0.0
1984-07-17,0.0,0.5567504467621287,0.5499607676345855,0.5533556342124939,217700,0.0,0.0
1984-07-18,0.0,0.5533558703605004,0.5465661883354187,0.5465661883354187,338700,0.0,0.0
1984-07-19,0.0,0.5482634465944055,0.543171226978302,0.543171226978302,1931600,0.0,0.0
1984-07-20,0.0,0.5516584915976224,0.5431714021389377,0.5499610304832458,168500,0.0,0.0
1984-07-23,0.0,0.5652379393577576,0.5448689934110698,0.5652379393577576,335400,0.0,0.0
1984-07-24,0.0,0.5652379317783506,0.5550534859557312,0.5567508935928345,413800,0.0,0.0
1984-07-25,0.0,0.5567504467621287,0.5448685488101332,0.5533556342124939,614100,0.0,0.0
1984-07-26,0.0,0.5669352412223816,0.5533559824774806,0.5669352412223816,1145600,0.0,0.0
1984-07-27,0.0,0.5873040556907654,0.5652377109991185,0.5873040556907654,218600,0.0,0.0
1984-07-30,0.0,0.597488693228864,0.5856068405185131,0.5890016555786133,582400,0.0,0.0
1984-07-31,0.0,0.60597549088084,0.5873039630816244,0.5974884033203125,232700,0.0,0.0
1984-08-01,0.0,0.6042779784415534,0.5923960795471513,0.5991857051849365,383800,0.0,0.0
1984-08-02,0.0,0.6076729869250571,0.5974884911607957,0.6008833050727844,554800,0.0,0.0
1984-08-03,0.0,0.6076728975872879,0.5923961832009684,0.5974884033203125,2871100,0.0,0.0
1984-08-06,0.0,0.6110676040793386,0.5974882987754903,0.5991857051849365,1447600,0.0,0.0
1984-08-07,0.0,0.6110677433564466,0.5974884349575457,0.607672929763794,841900,0.0,0.0
1984-08-08,0.0,0.6110677433564466,0.6042781161711414,0.607672929763794,254400,0.0,0.0
1984-08-09,0.0,0.6263447867536874,0.6042784849353647,0.6246473789215088,440500,0.0,0.0
1984-08-10,0.0,0.6382266071670101,0.6212524771690369,0.6212524771690369,1854800,0.0,0.0
1984-08-13,0.0,0.6348314449177731,0.6195547308683758,0.6297392249107361,302000,0.0,0.0
1984-08-14,0.0,0.6399236030066479,0.6331339769875537,0.6365287899971008,1000400,0.0,0.0
1984-08-15,0.0,0.6416210095114214,0.6348313834923273,0.6365287899971008,892800,0.0,0.0
1984-08-16,0.0,0.6416214436098874,0.6314369976908089,0.6382266283035278,695000,0.0,0.0
1984-08-17,0.0,0.6450160357287714,0.6331341862678527,0.6331341862678528,972000,0.0,0.0
1984-08-20,0.0,0.6365291339730969,0.6314369117069741,0.6348317265510559,207700,0.0,0.0
1984-08-21,0.0,0.6382265413951378,0.6280420428345821,0.6348317265510559,886900,0.0,0.0
1984-08-22,0.0,0.6450162589162469,0.6331344053439886,0.6382266283035278,1794700,0.0,0.0
1984-08-23,0.0,0.6382261965018743,0.6331339769875537,0.6365287899971008,311200,0.0,0.0
1984-08-24,0.0,0.6365291339730969,0.6314369117069741,0.6348317265510559,60900,0.0,0.0
1984-08-27,0.0,0.6331341557569499,0.6229496598243713,0.6229496598243713,2266200,0.0,0.0
1984-08-28,0.0,0.6263446999599341,0.614462846781174,0.6212524771690369,1161400,0.0,0.0
1984-08-29,0.0,0.6246470668084184,0.6195548458562773,0.6229496598243713,720000,0.0,0.0
1984-08-30,0.0,0.6246471445935976,0.6144627014210814,0.6178575158119202,3759800,0.0,0.0
1984-08-31,0.0,0.6161598563194275,0.6076728238174897,0.6161598563194275,100100,0.0,0.0
1984-09-04,0.0,0.6246472186807064,0.6161601816969934,0.6195549964904785,343700,0.0,0.0
1984-09-05,0.0,0.6229496598243713,0.6195548458562773,0.6229496598243713,232700,0.0,0.0
1984-09-06,0.0,0.6229496598243713,0.6110678109360421,0.6229496598243713,1703800,0.0,0.0
1984-09-07,0.0,0.6246472923629683,0.6178576619751055,0.6212524771690369,967000,0.0,0.0
1984-09-10,0.0,0.6195546693202026,0.6127650433186524,0.6161598563194275,136800,0.0,0.0
1984-09-11,0.0,0.6229500586425041,0.6110682021473054,0.6127656102180481,216900,0.0,0.0
1984-09-12,0.0,0.6161600210135377,0.6110678001512695,0.6144626140594482,75900,0.0,0.0
1984-09-13,0.0,0.6229496598243713,0.6110678109360421,0.6229496598243713,327000,0.0,0.0
1984-09-14,0.0,0.6348314449177731,0.6246469508754128,0.6297392249107361,473900,0.0,0.0
1984-09-17,0.0,0.6314365863800049,0.6280417192567066,0.6314365863800049,226100,0.0,0.0
1984-09-18,0.0,0.6365290729759732,0.6246471681319923,0.6280419826507568,624900,0.0,0.0
1984-09-19,0.0,0.6365292877750827,0.6246473789215088,0.6246473789215088,341200,0.0,0.0
1984-09-20,0.0,0.6229498847660027,0.6127654391842082,0.6212524771690369,219400,0.0,0.0
1984-09-21,0.0,0.6280416681738016,0.5991857051849365,0.5991857051849365,302800,0.0,0.0
1984-09-24,0.0,0.6008832167332084,0.5906987764945204,0.5974884033203125,428800,0.0,0.0
1984-09-25,0.0,0.6229498847660027,0.5923964939923037,0.6212524771690369,382100,0.0,0.0
1984-09-26,0.0,0.6348317170894715,0.6195549964904785,0.6195549964904785,346200,0.0,0.0
1984-09-27,0.0,0.6314367170925018,0.6161600009742446,0.6263444423675537,317900,0.0,0.0
1984-09-28,0.0,0.6246471445935976,0.6178575158119202,0.6178575158119202,306200,0.0,0.0
1984-10-01,0.0,0.6178573705417519,0.607672929763794,0.607672929763794,162700,0.0,0.0
1984-10-02,0.0,0.6161604263595334,0.6042785698643346,0.6127656102180481,286100,0.0,0.0
1984-10-03,0.0,0.6246470557839847,0.6110678001512695,0.6144626140594482,330400,0.0,0.0
1984-10-04,0.0,0.6195548349217165,0.6144626140594484,0.6144626140594482,584900,0.0,0.0
1984-10-05,0.0,0.6178572628198151,0.61446244981904,0.6161598563194275,202700,0.0,0.0
1984-10-08,0.0,0.6161598563194275,0.6110676368182648,0.6161598563194275,115100,0.0,0.0
1984-10-09,0.0,0.6178574279676271,0.6127652071053589,0.6144626140594482,186000,0.0,0.0
1984-10-10,0.0,0.6178576404818743,0.5991861035364567,0.6110680103302002,629100,0.0,0.0
1984-10-11,0.0,0.6093703938810514,0.6008833050727844,0.6008833050727844,282800,0.0,0.0
1984-10-12,0.0,0.6025810584199705,0.5839095711708069,0.5839095711708069,727500,0.0,0.0
1984-10-15,0.0,0.6042783856391907,0.587304256078302,0.6042783856391907,366300,0.0,0.0
1984-10-16,0.0,0.611067711000184,0.5974884033203125,0.5974884033203125,199400,0.0,0.0
1984-10-17,0.0,0.605975568294525,0.5974884796497677,0.6059755682945251,408000,0.0,0.0
1984-10-18,0.0,0.6059761935710232,0.6008839135183822,0.6025813221931458,253600,0.0,0.0
1984-10-19,0.0,0.6212523302027589,0.607673072639404,0.6178575158119202,2371300,0.0,0.0
1984-10-22,0.0,0.6212523302027589,0.6127652942256621,0.6178575158119202,243600,0.0,0.0
1984-10-23,0.0,0.6263444423675537,0.6195548147720142,0.6263444423675537,207700,0.0,0.0
1984-10-24,0.0,0.6280420334741916,0.6110679595067655,0.6195549964904785,269500,0.0,0.0
1984-10-25,0.0,0.6246470668084184,0.6161600318881832,0.6229496598243713,377900,0.0,0.0
1984-10-26,0.0,0.6263447867536874,0.6195551554249727,0.6246473789215088,53400,0.0,0.0
1984-10-29,0.0,0.6212523302027589,0.6161601086165008,0.6178575158119202,114300,0.0,0.0
1984-10-30,0.0,0.6297394439384442,0.6127653173163164,0.6280419826507568,687500,0.0,0.0
1984-10-31,0.0,0.6331342584572086,0.6246471681319923,0.6280419826507568,911100,0.0,0.0
1984-11-01,0.0,0.6382266283035278,0.626344720702952,0.6382266283035278,201000,0.0,0.0
1984-11-02,0.0,0.658595622428744,0.6382266750697302,0.6518059372901917,434700,0.0,0.0
1984-11-05,0.0,0.6568979481082575,0.6501082657246869,0.6552005410194397,897800,0.0,0.0
1984-11-06,0.0,0.6585953551970752,0.6535030799023224,0.6552005410194397,272000,0.0,0.0
1984-11-07,0.0,0.6619901834682178,0.6535030938151427,0.6568979620933533,336200,0.0,0.0
1984-11-08,0.0,0.6568979620933533,0.6518056866901879,0.6568979620933533,327900,0.0,0.0
1984-11-09,0.0,0.6568979481082575,0.6535030799023224,0.6552005410194397,90900,0.0,0.0
1984-11-12,0.0,0.6552005410194397,0.6518056728135047,0.6552005410194397,82600,0.0,0.0
1984-11-13,0.0,0.6568980205345105,0.6433187082984826,0.6501083374023438,339600,0.0,0.0
1984-11-14,0.0,0.6501084020954851,0.6416213648711026,0.643318772315979,246900,0.0,0.0
1984-11-15,0.0,0.6416210256650523,0.6314365863800049,0.6314365863800049,256100,0.0,0.0
1984-11-16,0.0,0.6331341862678527,0.6297393721361617,0.6331341862678528,226900,0.0,0.0
1984-11-19,0.0,0.6314367261722086,0.605975568294525,0.6059755682945251,164300,0.0,0.0
1984-11-20,0.0,0.6263444423675537,0.6059755595809355,0.6263444423675537,620700,0.0,0.0
1984-11-21,0.0,0.6331339929275127,0.6178572799716592,0.6314365863800049,277800,0.0,0.0
1984-11-23,0.0,0.6484105587005615,0.6314364956640773,0.6484105587005615,268600,0.0,0.0
1984-11-26,0.0,0.6518057446783091,0.6467135228504132,0.6501083374023438,1809800,0.0,0.0
1984-11-27,0.0,0.6501084020954851,0.643318772315979,0.643318772315979,1560300,0.0,0.0
1984-11-28,0.0,0.6450162589162469,0.6348318129971684,0.6382266283035278,64200,0.0,0.0
1984-11-29,0.0,0.6382261965018743,0.6297391639780067,0.6365287899971008,151000,0.0,0.0
1984-11-30,0.0,0.6365287899971008,0.6331339769875537,0.6365287899971008,430500,0.0,0.0
1984-12-03,0.0,0.6280417018221405,0.6127650433186524,0.6161598563194275,153500,0.0,0.0
1984-12-04,0.0,0.6195548349217165,0.6110678001512695,0.6144626140594482,456400,0.0,0.0
1984-12-05,0.0,0.6212522418758059,0.6144626140594484,0.6144626140594482,196000,0.0,0.0
1984-12-06,0.0,0.6212523302027589,0.6110678870302427,0.6178575158119202,205200,0.0,0.0
1984-12-07,0.0,0.6178578344302761,0.6110682021473054,0.6127656102180481,217700,0.0,0.0
1984-12-10,0.0,0.6212524771690369,0.6127654391842082,0.6212524771690369,289500,0.0,0.0
1984-12-11,0.0,0.6331339929275127,0.6229494996141829,0.6314365863800049,125900,0.0,0.0
1984-12-12,0.0,0.6314368511978264,0.6263445753913746,0.6280419826507568,442200,0.0,0.0
1984-12-13,0.0,0.6280419826507568,0.6246471681319923,0.6280419826507568,85900,0.0,0.0
1984-12-14,0.0,0.6297394439384442,0.6246471681319923,0.6280419826507568,190200,0.0,0.0
1984-12-17,0.6314365704827802,0.6416210095114214,0.6314365704827802,0.6365287899971008,509800,0.0,0.0
1984-12-18,0.6518056533028724,0.661990149559224,0.6501082462648635,0.6535030603408813,793500,0.0,0.0
1984-12-19,0.6535032169852383,0.6535032169852383,0.6382265499813494,0.643318772315979,346200,0.0,0.0
1984-12-20,0.6399242074839966,0.6450164318084717,0.6331345750513633,0.6450164318084717,400500,0.0,0.0
1984-12-21,0.6467132453075761,0.6467132453075761,0.619554686519167,0.6314365863800049,563200,0.0,0.0
1984-12-24,0.6331345365667997,0.6450163926016793,0.6331345365667997,0.639924168586731,397100,0.0,0.0
1984-12-26,0.6382267605817482,0.639924168586731,0.6348319445717826,0.639924168586731,31700,0.0,0.0
1984-12-27,0.6399236030066479,0.6433184160161949,0.6365287899971008,0.6365287899971008,100900,0.0,0.0
1984-12-28,0.6348317350915964,0.6450161797608556,0.6348317350915964,0.643318772315979,576500,0.0,0.0
1984-12-31,0.6382264592368403,0.6518057168651223,0.636529052033305,0.6467134952545166,449700,0.0,0.0
1985-01-02,0.6467131523969131,0.6484105587005615,0.6450157460932647,0.6484105587005615,378800,0.0,0.0
1985-01-03,0.6518056533028724,0.661990149559224,0.6450160251508368,0.6535030603408813,665800,0.0,0.0
1985-01-04,0.6552006784584257,0.6568980859033022,0.6382265499813494,0.643318772315979,310300,0.0,0.0
1985-01-07,0.6450159862996695,0.6450159862996695,0.6314367308135158,0.6416211724281311,423800,0.0,0.0
1985-01-08,0.6450164318084717,0.651806064241105,0.6433190237003134,0.6450164318084717,177700,0.0,0.0
1985-01-09,0.6484110742226065,0.6501084818757862,0.6382266283035278,0.6382266283035278,1030400,0.0,0.0
1985-01-10,0.639923957426226,0.643318772315979,0.6382265499813494,0.643318772315979,862700,0.0,0.0
1985-01-11,0.6433183397896163,0.65010796500421,0.6433183397896163,0.6484105587005615,840200,0.0,0.0
1985-01-14,0.6484107473704905,0.6772667169570923,0.6484107473704905,0.6772667169570923,830200,0.0,0.0
1985-01-15,0.6789642891190286,0.6823591575692478,0.6721746602751972,0.675569474697113,691700,0.0,0.0
1985-01-16,0.6772669984816869,0.6772669984816869,0.66029292345047,0.66029292345047,843500,0.0,0.0
1985-01-17,0.6619905669183871,0.6653853831347039,0.6416216155921549,0.6450164318084717,1118900,0.0,0.0
1985-01-18,0.6365290003995437,0.6365290003995437,0.611067840383562,0.6331341862678528,2875300,0.0,0.0
1985-01-21,0.6331344053439886,0.6382266283035278,0.6246473130497723,0.6382266283035278,780900,0.0,0.0
1985-01-22,0.6433188512630672,0.6484110742226065,0.6382266283035278,0.6382266283035278,890300,0.0,0.0
1985-01-23,0.6416213648711026,0.6450161797608556,0.6382265499813494,0.643318772315979,871900,0.0,0.0
1985-01-24,0.65010796500421,0.6585950505507266,0.6467131523969131,0.6484105587005615,990400,0.0,0.0
1985-01-25,0.6518053713078583,0.6535027776115068,0.6467131523969131,0.6484105587005615,728400,0.0,0.0
1985-01-28,0.6484109946506087,0.6501084020954851,0.6416213648711026,0.643318772315979,1413400,0.0,0.0
1985-01-29,0.6450159862996695,0.6450159862996695,0.6348315446850543,0.6416211724281311,362100,0.0,0.0
1985-01-30,0.6382267605817482,0.6416215765917137,0.6348319445717826,0.639924168586731,721700,0.0,0.0
1985-01-31,0.6416213562392196,0.6433187636612605,0.6331343191290151,0.6348317265510559,718400,0.0,0.0
1985-02-01,0.6314365704827802,0.6365287899971008,0.6297391639780067,0.6365287899971008,271100,0.0,0.0
1985-02-04,0.6365287145750226,0.6484105587005615,0.6331339019677258,0.6484105587005615,403800,0.0,0.0
1985-02-05,0.6518057446783091,0.6552006132585452,0.6416213010225174,0.6501083374023438,824300,0.0,0.0
1985-02-06,0.6467131523969131,0.65010796500421,0.6450157460932647,0.6484105587005615,618200,0.0,0.0
1985-02-07,0.6518056866901879,0.6568979620933533,0.650108279565233,0.6568979620933533,1216500,0.0,0.0
1985-02-08,0.6585955159473483,0.6619903309535917,0.6568981084442266,0.66029292345047,506400,0.0,0.0
1985-02-11,0.6619901657104491,0.6636875727898713,0.6585953515516048,0.6619901657104492,740900,0.0,0.0
1985-02-12,0.6619904174779633,0.6687800483778776,0.6619904174779633,0.6636878252029419,349600,0.0,0.0
1985-02-13,0.6670824386423237,0.6942410080459528,0.6670824386423237,0.675569474697113,566500,0.0,0.0
1985-02-14,0.6925437507089056,0.6925437507089056,0.6755696208976396,0.6789644360542297,1375900,0.0,0.0
1985-02-15,0.6823591575692478,0.6874513792021214,0.6755694746971129,0.675569474697113,823500,0.0,0.0
1985-02-19,0.6755693101595446,0.6806615845804781,0.6738719033619969,0.6772667169570923,369600,0.0,0.0
1985-02-20,0.6789640372564868,0.6925433439351926,0.677266630675184,0.6874511241912842,819300,0.0,0.0
1985-02-21,0.6908461936240371,0.6908461936240371,0.6755694746971129,0.675569474697113,665000,0.0,0.0
1985-02-22,0.6738720674861551,0.6772668819080708,0.6721746602751972,0.675569474697113,671600,0.0,0.0
1985-02-25,0.6789640202862156,0.6789640202862156,0.6721743941307068,0.6721743941307068,176000,0.0,0.0
1985-02-26,0.673871800669584,0.6823588873922521,0.6721743941307068,0.6721743941307068,1022900,0.0,0.0
1985-02-27,0.6755694746971129,0.6772668819080708,0.6738720674861551,0.675569474697113,318700,0.0,0.0
1985-02-28,0.6755692072084613,0.6755692072084613,0.665384767975198,0.6721743941307068,246100,0.0,0.0
1985-03-01,0.6755689827609812,0.6806612547140654,0.6738715767860413,0.6738715767860413,914500,0.0,0.0
1985-03-04,0.6749713960618214,0.6784063577651978,0.6732539152101333,0.6784063577651978,1320000,0.06951,0.0
1985-03-05,0.6784059370333524,0.6818408966064453,0.673253497673713,0.6818408966064453,661600,0.0,0.0
1985-03-06,0.6818408966064453,0.6818408966064453,0.6784059370333524,0.6818408966064453,206000,0.0,0.0
1985-03-07,0.6818412150438583,0.6818412150438583,0.6646664091573169,0.6681013703346252,1368400,0.0,0.0
1985-03-08,0.6732536511512758,0.6801235718635559,0.6715361709732057,0.6766886115074158,163500,0.0,0.0
1985-03-11,0.6766887732778959,0.6766887732778959,0.6681013703346252,0.6681013703346252,418000,0.0,0.0
1985-03-12,0.6715365319602149,0.6749714941628319,0.6698190508589064,0.6732540130615234,971200,0.0,0.0
1985-03-13,0.6732538121005877,0.6801237344552041,0.6663838897459711,0.6681013703346252,335400,0.0,0.0
1985-03-14,0.6681013703346252,0.6681013703346252,0.6629489285686627,0.6681013703346252,191900,0.0,0.0
1985-03-15,0.6681010143155578,0.6698184939889977,0.66123104095459,0.6612310409545898,425500,0.0,0.0
1985-03-18,0.6629485752952379,0.6663835346421179,0.6595135612811499,0.6612310409545898,397100,0.0,0.0
1985-03-19,0.6612311888415842,0.666383683681488,0.6595137087840229,0.666383683681488,749200,0.0,0.0
1985-03-20,0.6646660549686778,0.6663835346421179,0.66123104095459,0.6612310409545898,208600,0.0,0.0
1985-03-21,0.6646661479166975,0.6646661479166975,0.6612311334222515,0.6629486680030823,253600,0.0,0.0
1985-03-22,0.6646661479166975,0.6646661479166975,0.6612311334222515,0.6629486680030823,831000,0.0,0.0
1985-03-25,0.6595137119293213,0.6629487267280461,0.6595137119293213,0.6595137119293213,148500,0.0,0.0
1985-03-26,0.6629489285686627,0.6681013703346252,0.6595139127241174,0.6681013703346252,1824800,0.0,0.0
1985-03-27,0.6646664041059798,0.6732538069839878,0.6646664041059798,0.6715363264083862,705900,0.0,0.0
1985-03-28,0.6732536039117331,0.6732536039117331,0.666383683681488,0.666383683681488,2193600,0.0,0.0
1985-03-29,0.6663838897459711,0.6715363315119335,0.6663838897459711,0.6681013703346252,526500,0.0,0.0
1985-04-01,0.6698188509232793,0.6698188509232793,0.6629489285686627,0.6681013703346252,9895900,0.0,0.0
1985-04-02,0.6698188458327846,0.6732538069839878,0.668101365257183,0.6715363264083862,634100,0.0,0.0
1985-04-03,0.674970805644989,0.6766882849943474,0.6681008882475554,0.674970805644989,817700,0.0,0.0
1985-04-04,0.6784061105904186,0.6887110466132272,0.6749711501385576,0.6852760314941406,304500,0.0,0.0
1985-04-08,0.6887111938028564,0.6887111938028564,0.6818412167636745,0.6869936585426331,377100,0.0,0.0
1985-04-09,0.6904283481400183,0.6904283481400183,0.6869933339099943,0.6887108683586121,801000,0.0,0.0
1985-04-10,0.6887112530848624,0.6904287338256836,0.6852762369359778,0.6904287338256836,211100,0.0,0.0
1985-04-11,0.6904283785409835,0.6904283785409835,0.6835584044456482,0.6835584044456482,339600,0.0,0.0
1985-04-12,0.6852761779496469,0.6869936585426331,0.6818412167636745,0.6869936585426331,479700,0.0,0.0
1985-04-15,0.6904283690120308,0.6972982883453369,0.6869933546781645,0.6972982883453369,1249900,0.0,0.0
1985-04-16,0.704168331362642,0.7247781476497953,0.7024508512276477,0.723060667514801,1180600,0.0,0.0
1985-04-17,0.7247783920016969,0.7247783920016969,0.7196259498596191,0.7196259498596191,962800,0.0,0.0
1985-04-18,0.7247781476497953,0.7282131079197838,0.7179082271098184,0.723060667514801,1505200,0.0,0.0
1985-04-19,0.7230607082919805,0.7247781885238325,0.7127557722336433,0.714473307132721,241100,0.0,0.0
1985-04-22,0.7213432037748447,0.7213432037748447,0.7007333870192616,0.7058858275413513,490600,0.0,0.0
1985-04-23,0.7058854927500869,0.7213428616523742,0.7041680133906326,0.7213428616523743,403000,0.0,0.0
1985-04-24,0.7282132184758734,0.7333656596630909,0.7264957380801341,0.7299306988716125,2070100,0.0,0.0
1985-04-25,0.7350831306453893,0.7368006110191345,0.7282132091504085,0.7368006110191345,1407600,0.0,0.0
1985-04-26,0.7402351760170731,0.7402351760170731,0.7350826833637853,0.7385176420211792,144300,0.0,0.0
1985-04-29,0.7385177740208019,0.7385177740208019,0.7247779369354249,0.7247779369354248,341200,0.0,0.0
1985-04-30,0.7299305478564709,0.7316480278968811,0.7247781077352404,0.7316480278968811,492200,0.0,0.0
1985-05-01,0.7316477378091003,0.7385176552469178,0.7213428616523742,0.7213428616523743,1085500,0.0,0.0
1985-05-02,0.7213428616523742,0.7247778203712829,0.7179079029334655,0.7213428616523743,181000,0.0,0.0
1985-05-03,0.7179082675964248,0.7213432280601286,0.7127557722336433,0.714473307132721,268600,0.0,0.0
1985-05-06,0.7127554101879044,0.7213428616523742,0.7127554101879044,0.7213428616523743,266100,0.0,0.0
1985-05-07,0.7179081051629923,0.7264955043792725,0.7179081051629923,0.7264955043792725,219400,0.0,0.0
1985-05-08,0.7247782896938727,0.7282132506370544,0.7230608092222819,0.7282132506370544,202700,0.0,0.0
1985-05-09,0.7247782896938727,0.7282132506370544,0.7230608092222819,0.7282132506370544,211100,0.0,0.0
1985-05-10,0.7299306941759922,0.7368006157147549,0.7299306941759922,0.7333656549453735,1890700,0.0,0.0
1985-05-13,0.7368006157147549,0.7402356311513668,0.7282132137913016,0.7333656549453735,393000,0.0,0.0
1985-05-14,0.7299305478564709,0.7350829879777014,0.7264955877756506,0.7316480278968811,845200,0.0,0.0
1985-05-15,0.7247782530219201,0.7368006157147549,0.7247782530219201,0.7333656549453735,1523600,0.0,0.0
1985-05-16,0.7333656549453735,0.7350831353300642,0.7299306941759922,0.7333656549453735,408800,0.0,0.0
1985-05-17,0.7350826833637853,0.7402351760170731,0.7333652040350885,0.7385176420211792,2759300,0.0,0.0
1985-05-20,0.7402354678414204,0.7488228678703308,0.7333654931510735,0.7488228678703308,1864800,0.0,0.0
1985-05-21,0.7539757163142295,0.7556931972503663,0.7522582353780928,0.7556931972503662,492200,0.0,0.0
1985-05-22,0.7522576980449192,0.7591276168823242,0.7505402183355679,0.7591276168823242,934500,0.0,0.0
1985-05-23,0.7574104618535772,0.7625629031903379,0.7574104618535772,0.760845422744751,1293300,0.0,0.0
1985-05-24,0.760845422744751,0.760845422744751,0.7556929814079902,0.760845422744751,363700,0.0,0.0
1985-05-28,0.7625628304010358,0.7745852470397949,0.7625628304010358,0.7745852470397949,1670400,0.0,0.0
1985-05-29,0.7763027140001996,0.784890115261078,0.7711502732436725,0.7848901152610779,353700,0.0,0.0
1985-05-30,0.7866075910923158,0.7900425515773618,0.7831726306072698,0.7883250713348389,1427600,0.0,0.0
1985-05-31,0.7848899269585314,0.8037822598672402,0.7848899269585314,0.7986298203468323,1499400,0.0,0.0
1985-06-03,0.8032097220420837,0.8066793030799998,0.7997400857859572,0.8032097220420837,502300,0.06951,0.0
1985-06-04,0.8084140392120627,0.8101488296143109,0.8032096680053181,0.8066792488098145,2369600,0.0,0.0
1985-06-05,0.8084139166930018,0.815353077250331,0.8049443364143372,0.8049443364143372,687500,0.0,0.0
1985-06-06,0.8049447141373957,0.8205578327178956,0.8032099231840067,0.8205578327178955,987000,0.0,0.0
1985-06-07,0.8205575720278,0.8257619432345445,0.8049444584075663,0.8066792488098145,906900,0.0,0.0
1985-06-10,0.8084140392120627,0.811883620016559,0.8049444584075663,0.8066792488098145,481400,0.0,0.0
1985-06-11,0.810148905274541,0.8170880675315857,0.8084141147102798,0.8170880675315857,1091300,0.0,0.0
1985-06-12,0.8188231527480029,0.8240275263135717,0.8136187791824341,0.8136187791824341,575700,0.0,0.0
1985-06-13,0.8170879637486939,0.8188227540926096,0.7893312630278362,0.7928008437156677,826000,0.0,0.0
1985-06-14,0.7910656407910711,0.794535219669342,0.7789221147171226,0.794535219669342,666600,0.0,0.0
1985-06-17,0.7962700091084776,0.7962700091084776,0.7893308513519356,0.794535219669342,269500,0.0,0.0
1985-06-18,0.7945356340595835,0.7962704244034994,0.791066053371752,0.7928008437156677,404600,0.0,0.0
1985-06-19,0.7928009603378755,0.7945357509369816,0.7875965885405573,0.7910661697387695,648300,0.0,0.0
1985-06-20,0.7910656407910711,0.7962700091084776,0.7893308513519356,0.794535219669342,206000,0.0,0.0
1985-06-21,0.7962709235945902,0.8084145188331605,0.7928013407316385,0.8084145188331604,685000,0.0,0.0
1985-06-24,0.8101485371589661,0.8101485371589661,0.801474588278932,0.8101485371589661,164300,0.0,0.0
1985-06-25,0.8118836958388022,0.8170880675315857,0.8084141147102798,0.8170880675315857,1299100,0.0,0.0
1985-06-26,0.822292551995357,0.827496979620099,0.811883807182312,0.811883807182312,910300,0.0,0.0
1985-06-27,0.8188227472221398,0.8222923278808594,0.8136183762340605,0.8222923278808594,294500,0.0,0.0
1985-06-28,0.8205578327178956,0.8222926236712844,0.8136186689043401,0.8205578327178955,664100,0.0,0.0
1985-07-01,0.8222922117733498,0.8240270018577576,0.8101486811824958,0.8240270018577576,351200,0.0,0.0
1985-07-02,0.8240274146246733,0.8240274146246733,0.8170882508111178,0.8205578327178955,263600,0.0,0.0
1985-07-03,0.822292551995357,0.8240273427975312,0.8084142255779637,0.811883807182312,885200,0.0,0.0
1985-07-05,0.8084144056168654,0.815353570370957,0.8084144056168654,0.8136187791824341,227700,0.0,0.0
1985-07-08,0.8153529064869864,0.8153529064869864,0.8101485371589661,0.8101485371589661,222700,0.0,0.0
1985-07-09,0.8101487068323341,0.8101487068323341,0.8032095462750048,0.8049443364143372,143500,0.0,0.0
1985-07-10,0.8084140392120627,0.8101488296143109,0.8049444584075663,0.8066792488098145,328700,0.0,0.0
1985-07-11,0.8032099583037163,0.8049447493329576,0.7980055299977659,0.8014751672744751,1524400,0.0,0.0
1985-07-12,0.8049447493329576,0.8049447493329576,0.7980055299977659,0.8014751672744751,1093000,0.0,0.0
1985-07-15,0.7997399539024634,0.8032095895864193,0.7980051636695862,0.7980051636695862,328700,0.0,0.0
1985-07-16,0.7980055299977659,0.8066795403621988,0.7962707389685247,0.8014751672744751,395500,0.0,0.0
1985-07-17,0.8049441678309457,0.8101485371589661,0.801474588278932,0.8101485371589661,387900,0.0,0.0
1985-07-18,0.813618893127588,0.813618893127588,0.8084145188331605,0.8084145188331604,400500,0.0,0.0
1985-07-19,0.8049446439736154,0.811883807182312,0.8049446439736154,0.811883807182312,171800,0.0,0.0
1985-07-22,0.8084142960441734,0.8240274146246733,0.8066795050907846,0.8205578327178955,1259100,0.0,0.0
1985-07-23,0.8205577515564524,0.8465796685016798,0.8205577515564524,0.8448448777198792,3103100,0.0,0.0
1985-07-24,0.8465792471378819,0.8465792471378819,0.8361705076277701,0.843109667301178,546500,0.0,0.0
1985-07-25,0.8396405077591566,0.8483144616927945,0.8379057169724289,0.8465796709060669,946200,0.0,0.0
1985-07-26,0.8465796709060668,0.8483144616927945,0.8448448801193392,0.8465796709060669,774300,0.0,0.0
1985-07-29,0.8483141182576621,0.8483141182576621,0.8170878415201267,0.8240270018577576,962000,0.0,0.0
1985-07-30,0.820557711018515,0.8257620831068057,0.8170881296263214,0.8188229203224182,559000,0.0,0.0
1985-07-31,0.817088621374166,0.8327018022537231,0.817088621374166,0.8327018022537231,678300,0.0,0.0
1985-08-01,0.8361709238108763,0.8448448777198792,0.8327013422472752,0.8448448777198792,631600,0.0,0.0
1985-08-02,0.8448448777198792,0.8465796685016798,0.8431100869380785,0.8448448777198792,1185600,0.0,0.0
1985-08-05,0.8431100869380785,0.8448448777198792,0.8396405053744774,0.8448448777198792,225200,0.0,0.0
1985-08-06,0.8448447342191462,0.8448447342191462,0.8257619836424134,0.8292316198348999,1138100,0.0,0.0
1985-08-07,0.8257625800748926,0.8344365939938684,0.8240277883347473,0.8327018022537231,699200,0.0,0.0
1985-08-08,0.839640087464474,0.8448444572195299,0.8379052975461221,0.843109667301178,552300,0.0,0.0
1985-08-09,0.8431095905679191,0.8431095905679191,0.8344356417655945,0.8344356417655945,972900,0.0,0.0
1985-08-12,0.8379054039042713,0.8448445644584901,0.8344358236271618,0.8361706137657166,559000,0.0,0.0
1985-08-13,0.8361705573257998,0.846579297454558,0.8327009772828804,0.8379053473472595,846000,0.0,0.0
1985-08-14,0.8361709238108763,0.8448448777198792,0.8361709238108763,0.8448448777198792,1357500,0.0,0.0
1985-08-15,0.8448448777198792,0.8448448777198792,0.841375296156278,0.8448448777198792,503900,0.0,0.0
1985-08-16,0.8448450503842908,0.8465798415206377,0.8396406769752502,0.8396406769752502,551500,0.0,0.0
1985-08-19,0.8379053473472595,0.8396401373687192,0.8327009772828804,0.8379053473472595,1249000,0.0,0.0
1985-08-20,0.8413750214766103,0.8569881886338785,0.8396402312611584,0.8552533984184265,518100,0.0,0.0
1985-08-21,0.8552540031850309,0.8656627518379694,0.8552540031850309,0.863927960395813,858500,0.0,0.0
1985-08-22,0.8604577214391002,0.8639273016779654,0.8587229313196676,0.8621925115585327,285300,0.0,0.0
1985-08-23,0.8604579696228527,0.8691319227218628,0.8604579696228527,0.8691319227218628,342900,0.0,0.0
1985-08-26,0.8656620414938271,0.8691316215310751,0.8604576714379549,0.8673968315124512,211900,0.0,0.0
1985-08-27,0.8708670299320587,0.8812758326530457,0.8691322386815998,0.8812758326530457,473100,0.0,0.0
1985-08-28,0.8795406818389893,0.886479844004037,0.8760710455382541,0.8795406818389893,403000,0.0,0.0
1985-08-29,0.8778058360795161,0.8830102629215132,0.8726014644557303,0.8795406818389893,653300,0.0,0.0
1985-08-30,0.884162962436676,0.8894154604821718,0.877159706013668,0.884162962436676,556500,0.06951,0.0
1985-09-03,0.8876643068148069,0.8876643068148069,0.8789101839065553,0.8789101839065552,1360000,0.0,0.0
1985-09-04,0.8806610437320318,0.8806610437320318,0.8684053490344074,0.8771594166755676,1182300,0.0,0.0
1985-09-05,0.873657936356189,0.873657936356189,0.8631530534224267,0.8649038672447205,295300,0.0,0.0
1985-09-06,0.8666547328067947,0.8719071745872498,0.8631531049531581,0.8719071745872498,275300,0.0,0.0
1985-09-09,0.8754083324764781,0.8754083324764781,0.8491460819449017,0.8508968949317932,636600,0.0,0.0
1985-09-10,0.8491464797911136,0.8491464797911136,0.8386415969479661,0.8403924107551575,1543600,0.0,0.0
1985-09-11,0.8438942466176714,0.8561499462923541,0.8403926181391906,0.8526483178138733,831800,0.0,0.0
1985-09-12,0.8561493338924676,0.8579001468793591,0.8508968949317932,0.8508968949317932,569800,0.0,0.0
1985-09-13,0.8543991320531137,0.8649040732168,0.8473958750961522,0.8526483178138733,946200,0.0,0.0
1985-09-16,0.8543986320703801,0.8579002584997556,0.8403921263528782,0.8421429395675659,529800,0.0,0.0
1985-09-17,0.8386415969479661,0.8421432245623487,0.8333890997981623,0.8403924107551575,1108000,0.0,0.0
1985-09-18,0.8403924107551574,0.8421432245623487,0.8368907831407749,0.8403924107551575,451400,0.0,0.0
1985-09-19,0.8403921263528782,0.8438937527822536,0.8368904999235026,0.8421429395675659,611600,0.0,0.0
1985-09-20,0.8438936471939088,0.8491460861807845,0.8403920212026582,0.8438936471939087,461400,0.0,0.0
1985-09-23,0.84739543358307,0.8526478735641455,0.8456446202560448,0.8491462469100952,846900,0.0,0.0
1985-09-24,0.8508978248077245,0.8561502695083618,0.8473961950072997,0.8561502695083618,673300,0.0,0.0
1985-09-25,0.8561496672312192,0.8561496672312192,0.8438939715512684,0.8473955988883972,655000,0.0,0.0
1985-09-26,0.8438936429842272,0.8508968949317932,0.8438936429842272,0.8508968949317932,342100,0.0,0.0
1985-09-30,0.8456446280810304,0.8579003214836121,0.8456446280810304,0.8579003214836121,359600,0.0,0.0
1985-10-01,0.8526477079186847,0.8543985209055762,0.8491460819449017,0.8508968949317932,381300,0.0,0.0
1985-10-02,0.8543985209055762,0.8543985209055762,0.8508968949317932,0.8508968949317932,948700,0.0,0.0
1985-10-03,0.8473958750961522,0.8543991320531137,0.8456450608569118,0.8526483178138733,513100,0.0,0.0
1985-10-04,0.8526480924544356,0.8543989062309265,0.8508972786779446,0.8543989062309265,427200,0.0,0.0
1985-10-07,0.8543986947971601,0.859651134826838,0.8508970681107082,0.8579003214836121,1193100,0.0,0.0
1985-10-08,0.8579005337839085,0.8579005337839085,0.8526480924544356,0.8543989062309265,837700,0.0,0.0
1985-10-09,0.8579010844085743,0.8701568444383263,0.8561502695083618,0.8561502695083618,753400,0.0,0.0
1985-10-10,0.8596511061418587,0.8631527884396812,0.8579002928570542,0.8614019751548767,136800,0.0,0.0
1985-10-11,0.8614019751548767,0.8631527884396812,0.8579002928570542,0.8614019751548767,231100,0.0,0.0
1985-10-14,0.8614016912595026,0.8649033166750679,0.8596508228235248,0.8631525039672852,397100,0.0,0.0
1985-10-15,0.8631525039672853,0.8649033166750679,0.8579000101157421,0.8631525039672852,1400100,0.0,0.0
1985-10-16,0.8649038468042238,0.8701562881469728,0.8649038468042238,0.8701562881469727,846900,0.0,0.0
1985-10-17,0.9086739575527345,0.913926452950273,0.8824117034778888,0.8876641988754272,1653700,0.0,0.0
1985-10-18,0.8824114437528944,0.8824114437528944,0.8614016912595026,0.8631525039672852,1342500,0.0,0.0
1985-10-21,0.8614021368702516,0.8631529504837452,0.8561496403015467,0.8596512675285339,782600,0.0,0.0
1985-10-22,0.8561502695083618,0.8579010844085743,0.8508978248077245,0.8561502695083618,915300,0.0,0.0
1985-10-23,0.8579005337839085,0.8579005337839085,0.8526480924544356,0.8543989062309265,577400,0.0,0.0
1985-10-24,0.8526483178138734,0.8561499462923541,0.8526483178138734,0.8526483178138733,409600,0.0,0.0
1985-10-25,0.8508968991764098,0.8543985251676602,0.8438936471939088,0.8438936471939087,612400,0.0,0.0
1985-10-28,0.8456448521767311,0.8456448521767311,0.8386415969479661,0.8403924107551575,881100,0.0,0.0
1985-10-29,0.8368911757472137,0.8456452488899231,0.8368911757472137,0.8456452488899231,648300,0.0,0.0
1985-10-30,0.8473953792116291,0.8473953792116291,0.8386413131381905,0.8421429395675659,2880300,0.0,0.0
1985-10-31,0.8403920170104443,0.8508968949317932,0.8403920170104443,0.8508968949317932,1632900,0.0,0.0
1985-11-01,0.8473955988883972,0.8526480398940904,0.8438939715512684,0.8473955988883972,1703800,0.0,0.0
1985-11-04,0.8473956868043655,0.8473956868043655,0.8333891202744652,0.8351399898529053,945300,0.0,0.0
1985-11-05,0.833388764188901,0.833388764188901,0.8228838855761137,0.8281363248825073,728400,0.0,0.0
1985-11-06,0.8298876827683811,0.8421434382568567,0.8298876827683811,0.8368909955024719,2519000,0.0,0.0
1985-11-07,0.8368904999235026,0.8421429395675659,0.8351396867088149,0.8421429395675659,733400,0.0,0.0
1985-11-08,0.8421432245623487,0.8438940383695399,0.8386415969479661,0.8403924107551575,462200,0.0,0.0
1985-11-11,0.8403920170104443,0.8508968949317932,0.8403920170104443,0.8508968949317932,1495200,0.0,0.0
1985-11-12,0.8508973009381398,0.8684054948893078,0.8491464871158461,0.8649038672447205,2042600,0.0,0.0
1985-11-13,0.8666544150092903,0.8771592947181175,0.8596511061418587,0.8614019751548767,332900,0.0,0.0
1985-11-14,0.8596513368101301,0.8964185371131108,0.8596513368101301,0.8684054613113403,952000,0.0,0.0
1985-11-15,0.8946679612966836,0.9034220323978226,0.8911663328562279,0.8999204039573669,871900,0.0,0.0
1985-11-18,0.8981695216530539,0.9086744061781172,0.8981695216530539,0.9069235920906067,553200,0.0,0.0
1985-11-19,0.9139267802238465,0.9244316633242573,0.910425096795478,0.9139267802238464,678300,0.0,0.0
1985-11-20,0.9104251733188226,0.9121759873160511,0.9034219173299088,0.9086743593215942,513100,0.0,0.0
1985-11-21,0.9139263858332866,0.9296837036840802,0.9139263858332866,0.9244312644004822,1347500,0.0,0.0
1985-11-22,0.9279330294905668,0.9279330294905668,0.9191789627075194,0.9191789627075195,844400,0.0,0.0
1985-11-25,0.9191788758138061,0.920929689004904,0.9121755673212036,0.9156772494316101,527300,0.0,0.0
1985-11-26,0.9139264362405122,0.9191788758138061,0.9104247541301056,0.9156772494316101,426300,0.0,0.0
1985-11-27,0.9174281815499187,0.9384379982948303,0.9174281815499187,0.9384379982948303,728400,0.0,0.0
1985-11-29,0.9419397573407502,0.9559462666511537,0.9419397573407502,0.9559462666511536,750100,0.0,0.0
1985-12-02,1.0218219757080078,1.0369321864680279,1.0199332745118626,1.0218219757080078,815200,0.5974,0.0
1985-12-03,1.018044114112854,1.0237104562909858,1.018044114112854,1.018044114112854,264500,0.0,0.0
1985-12-04,1.0237102014592252,1.0350427627563477,1.019932681026851,1.0350427627563477,1018800,0.0,0.0
1985-12-05,1.0350433034871307,1.053930915516331,1.0312657810812906,1.0463758707046509,970400,0.0,0.0
1985-12-06,1.0425984483445776,1.0577086596560492,1.0407097470795035,1.0501534938812256,438800,0.0,0.0
1985-12-09,1.0463758707046509,1.0577085581603352,1.044487169620813,1.0463758707046509,478900,0.0,0.0
1985-12-10,1.0463757182083298,1.0463757182083298,1.0388206744977038,1.0407094955444336,327000,0.0,0.0
1985-12-11,1.0425981938907565,1.0577084015144698,1.0388206720443647,1.0539307594299316,1220700,0.0,0.0
1985-12-12,1.0539309012637572,1.0539309012637572,1.0331545884316824,1.036932110786438,970400,0.0,0.0
1985-12-13,1.0388202831887217,1.0407091035239595,1.0312652423239734,1.0350427627563477,1485200,0.0,0.0
1985-12-16,1.031265206837565,1.036931547410195,1.0274876865351774,1.02937650680542,1146400,0.0,0.0
1985-12-17,1.0312647894902633,1.0312647894902633,1.0123771956220329,1.0142658948898315,1391700,0.0,0.0
1985-12-18,0.9972678690971396,0.9991566300155669,0.9802689607122214,0.9916015863418579,6094400,0.0,0.0
1985-12-19,0.9878246085952646,1.0010459423065186,0.9859358466365139,1.0010459423065186,896100,0.0,0.0
1985-12-20,1.0029337587338354,1.0123776197433472,1.0010449985557428,1.0123776197433472,1023800,0.0,0.0
1985-12-23,1.0142672760177724,1.0142672760177724,0.9972684183890174,1.0010459423065186,499800,0.0,0.0
1985-12-24,0.9991562448552544,1.0029337652359294,0.9934899642842422,0.997267484664917,176800,0.0,0.0
1985-12-26,0.9953788006371347,0.9972675609719929,0.9934900403022766,0.9934900403022766,161000,0.0,0.0
1985-12-27,0.9934899078037719,1.012377568752422,0.9934899078037719,1.010488748550415,2014200,0.0,0.0
1985-12-30,1.0104887994462053,1.0142663198023902,1.0067112790900203,1.0123776197433472,1128100,0.0,0.0
1985-12-31,1.0123776197433472,1.0142663198023902,1.0086000392681127,1.0123776197433472,428000,0.0,0.0
1986-01-02,1.0123779803515722,1.0123779803515722,0.995379072574693,0.9991565942764282,588200,0.0,0.0
1986-01-03,0.9972684183890174,1.002934704265269,0.9972684183890174,1.0010459423065186,730000,0.0,0.0
1986-01-06,1.0010451588225282,1.0010451588225282,0.9840462543791312,0.9897125959396362,314500,0.0,0.0
1986-01-07,0.9934899642842422,0.9991562448552544,0.9878236837132298,0.997267484664917,1617000,0.0,0.0
1986-01-08,0.9991566300155669,1.0029341518524213,0.9916015863418579,0.9916015863418579,1153100,0.0,0.0
1986-01-09,0.9897132102493607,0.9897132102493607,0.9670480102963486,0.9746030569076538,1282400,0.0,0.0
1986-01-10,0.9746027025522902,0.9764914635183827,0.9613813757896423,0.9613813757896423,898600,0.0,0.0
1986-01-13,0.9651588977218274,0.96704765868792,0.9613813757896423,0.9613813757896423,702500,0.0,0.0
1986-01-14,0.9632701367557349,0.96704765868792,0.9576038538574573,0.9613813757896423,928600,0.0,0.0
1986-01-15,0.9670473354952085,0.9972675609719929,0.9670473354952085,0.9934900403022766,1483500,0.0,0.0
1986-01-16,1.010489271975421,1.0255993604660034,1.0048229887914526,1.0255993604660034,1957500,0.0,0.0
1986-01-17,1.0425981963530166,1.0633746266763113,1.0350431526423909,1.0407094955444336,1063000,0.0,0.0
1986-01-20,1.0388201506634598,1.0520415306091309,1.0350426307129947,1.0520415306091309,684200,0.0,0.0
1986-01-21,1.0577080773030823,1.0765956807455643,1.0577080773030823,1.0728181600570679,937000,0.0,0.0
1986-01-22,1.0633751350886995,1.070930182411484,1.055820087765915,1.0595976114273071,662500,0.0,0.0
1986-01-23,1.0577084015144698,1.0595971023185924,1.0425981938907565,1.0539307594299316,805100,0.0,0.0
1986-01-24,1.0558194248028185,1.0822620738288726,1.0520419035133823,1.07470703125,786800,0.0,0.0
1986-01-27,1.0784847045894292,1.0954836129075451,1.053930752627294,1.0803735256195068,713400,0.0,0.0
1986-01-28,1.0765962721700513,1.0860401391983032,1.0652637038790542,1.0860401391983032,408800,0.0,0.0
1986-01-29,1.0822620538505103,1.1219262070145912,1.0822620538505103,1.1049273014068604,660800,0.0,0.0
1986-01-30,1.1011497801871564,1.110593523117353,1.0992609594582412,1.1049273014068604,493900,0.0,0.0
1986-01-31,1.1011497801871564,1.1143711645751835,1.1011497801871564,1.1049273014068604,581500,0.0,0.0
1986-02-03,1.1087053710116686,1.1124828940998015,1.0954839800841099,1.103039026260376,465500,0.0,0.0
1986-02-04,1.1068163449658124,1.1445916891098022,1.1068163449658124,1.1445916891098022,1063000,0.0,0.0
1986-02-05,1.1408141207464375,1.1427029419846946,1.1200376883164047,1.129481554031372,724200,0.0,0.0
1986-02-06,1.1294818922569838,1.1502583309085628,1.1257043688874417,1.1332594156265259,577400,0.0,0.0
1986-02-07,1.14081446236561,1.1464808075390207,1.1294818922569838,1.1332594156265259,677500,0.0,0.0
1986-02-10,1.135147662325223,1.1785893440246582,1.133258961516374,1.1785893440246582,1098000,0.0,0.0
1986-02-11,1.1691451240100108,1.1710339444830704,1.1578125618859842,1.165367603302002,493100,0.0,0.0
1986-02-12,1.1634797641103622,1.1729236339644202,1.1615910622824774,1.1710349321365356,306200,0.0,0.0
1986-02-13,1.1767008422658949,1.1861447095870972,1.17292331938505,1.1861447095870972,369600,0.0,0.0
1986-02-14,1.1899224221563873,1.1936999456394166,1.1785898517072995,1.1842560768127441,744200,0.0,0.0
1986-02-18,1.1804780448335073,1.1823668658805029,1.1634791363631323,1.1785893440246582,489700,0.0,0.0
1986-02-19,1.1748118772173644,1.1785893992502137,1.1653680120161647,1.1672567129135132,386300,0.0,0.0
1986-02-20,1.167256045373511,1.1785887252291853,1.1521459658833901,1.1559234857559204,605700,0.0,0.0
1986-02-21,1.1634787828289423,1.1710339444830704,1.1578125618859842,1.165367603302002,976200,0.0,0.0
1986-02-24,1.1653682369377376,1.1653682369377376,1.1502581458900212,1.1578131914138794,561500,0.0,0.0
1986-02-25,1.1559242937402132,1.1578131151157953,1.1332591586622356,1.137036681175232,809300,0.0,0.0
1986-02-26,1.1332592333422522,1.1578131914138794,1.1332592333422522,1.1578131914138794,643300,0.0,0.0
1986-02-27,1.161590082593993,1.1710339444830704,1.1597012621209335,1.165367603302002,564800,0.0,0.0
1986-02-28,1.1672564534943506,1.22391939163208,1.1672564534943506,1.22391939163208,1414300,0.0,0.0
1986-03-03,1.283820629119873,1.3101034501305067,1.2696682418796337,1.283820629119873,1087200,0.6386,0.0
1986-03-04,1.2797765477832124,1.2838201959488083,1.2413630485534668,1.2413630485534668,393800,0.0,0.0
1986-03-05,1.2413629535346051,1.2413629535346051,1.219123533850241,1.23125422000885,680800,0.0,0.0
1986-03-06,1.2332756808853391,1.255515096343775,1.2332756808853391,1.247428059577942,2148500,0.0,0.0
1986-03-07,1.2514724279836094,1.2939294641942163,1.249450603066496,1.2777553796768188,656600,0.0,0.0
1986-03-10,1.2797765387924447,1.2959507452267285,1.2757330193600795,1.289885401725769,401300,0.0,0.0
1986-03-11,1.2858424532028996,1.3222342729568481,1.2858424532028996,1.3222342729568481,635800,0.0,0.0
1986-03-12,1.326277046757787,1.3606470221761728,1.322233527808848,1.3566035032272339,1092200,0.0,0.0
1986-03-13,1.3566040365441285,1.3747998146151916,1.3363863051465008,1.36873459815979,518900,0.0,0.0
1986-03-14,1.3687341422242447,1.4394959211349487,1.3687341422242447,1.4394959211349487,990400,0.0,0.0
1986-03-17,1.435451790093162,1.439495436628592,1.3747988939285278,1.3747988939285278,683300,0.0,0.0
1986-03-18,1.370755725738336,1.3929951438319759,1.3606469929356309,1.390973448753357,378800,0.0,0.0
1986-03-19,1.3990609630990674,1.4132133482899496,1.397039138626863,1.407148003578186,775100,0.0,0.0
1986-03-20,1.4111918789427826,1.4192789214569976,1.4031048364285676,1.4152354001998901,1542800,0.0,0.0
1986-03-21,1.4010824937213888,1.4010824937213888,1.3545819520950317,1.3545819520950317,912800,0.0,0.0
1986-03-24,1.358625471857983,1.370756031146837,1.3384078730432265,1.3545819520950317,509800,0.0,0.0
1986-03-25,1.3545825700300824,1.3646914384013529,1.3485173519712341,1.3606479167938232,576500,0.0,0.0
1986-03-26,1.3626687790019354,1.3768211603164673,1.3606470837883244,1.3768211603164673,1644600,0.0,0.0
1986-03-27,1.3828864110292707,1.397038662694019,1.3828864110292707,1.390973448753357,384600,0.0,0.0
1986-03-31,1.3869299298913138,1.427365118511745,1.3869299298913138,1.390973448753357,437200,0.0,0.0
1986-04-01,1.390973454540565,1.3970386685064617,1.3646905174755306,1.366712212562561,502300,0.0,0.0
1986-04-02,1.3707554065797352,1.3909731248873818,1.3687337119718357,1.388951301574707,258600,0.0,0.0
1986-04-03,1.3970387559766457,1.4111911372911776,1.3727776411844315,1.3768211603164673,1444300,0.0,0.0
1986-04-04,1.376821097971929,1.3788429217988027,1.3566035032272339,1.3566035032272339,1015400,0.0,0.0
1986-04-07,1.3586257696151733,1.36064759429217,1.3525605529939069,1.3586257696151733,536500,0.0,0.0
1986-04-08,1.3667125955024282,1.3707561155142505,1.3606473798371157,1.364690899848938,1486900,0.0,0.0
1986-04-09,1.3687339774548015,1.378842838569364,1.362668635045104,1.370755672454834,1048000,0.0,0.0
1986-04-10,1.3667121537499691,1.3727774961596666,1.362668635045104,1.370755672454834,480600,0.0,0.0
1986-04-11,1.3667120874235656,1.3687339110302794,1.3262769023372314,1.3424509763717651,1486000,0.0,0.0
1986-04-14,1.3404294848577092,1.3444730043681283,1.332342445836871,1.33638596534729,159300,0.0,0.0
1986-04-15,1.3404299278061007,1.3464952734284508,1.3323428861128792,1.3384082317352295,544800,0.0,0.0
1986-04-16,1.340429864628829,1.350538730621338,1.340429864628829,1.350538730621338,775900,0.0,0.0
1986-04-17,1.3525603398134713,1.3768214598844046,1.3505385154551393,1.364690899848938,2669200,0.0,0.0
1986-04-18,1.362668635045104,1.370755672454834,1.3606469400450716,1.370755672454834,577400,0.0,0.0
1986-04-21,1.3707557849302083,1.4091694088356002,1.3707557849302083,1.3950170278549194,563200,0.0,0.0
1986-04-22,1.3950170607630348,1.3990605798950704,1.3768211603164673,1.3768211603164673,297000,0.0,0.0
1986-04-23,1.3747996355260725,1.3747996355260725,1.3586255554787838,1.364690899848938,637400,0.0,0.0
1986-04-24,1.3626692529995301,1.3747998146151916,1.3626692529995301,1.36873459815979,660800,0.0,0.0
1986-04-25,1.3667122981339712,1.3828865033669278,1.3667122981339712,1.3768211603164673,441300,0.0,0.0
1986-04-28,1.376821161759049,1.3970387574404106,1.376821161759049,1.3929952383041382,372100,0.0,0.0
1986-04-29,1.3950166641693449,1.4010818767906932,1.3747989455521117,1.3788425922393799,1572000,0.0,0.0
1986-04-30,1.3788433855264837,1.382886905835325,1.330321013115536,1.3343645334243774,458900,0.0,0.0
1986-05-01,1.3384080297151566,1.3384080297151566,1.3060597391200726,1.3282991647720337,972900,0.0,0.0
1986-05-02,1.3343641832995696,1.3444729170668095,1.2878636475967784,1.3020159006118774,952000,0.0,0.0
1986-05-05,1.3020162599736858,1.3080816048719435,1.287864003052506,1.2939292192459106,783500,0.0,0.0
1986-05-06,1.2959507452267285,1.2979724405904993,1.2878637063619982,1.289885401725769,488900,0.0,0.0
1986-05-07,1.2939290660689637,1.2939290660689637,1.273711466642911,1.287863850593567,418800,0.0,0.0
1986-05-08,1.2878636475967784,1.3060594198597368,1.2878636475967784,1.3020159006118774,312000,0.0,0.0
1986-05-09,1.3080810062827615,1.3181898669190046,1.3060591826735952,1.3101027011871338,681700,0.0,0.0
1986-05-12,1.3080813888720597,1.3141467327687637,1.2999943494796753,1.2999943494796753,1196500,0.0,0.0
1986-05-13,1.3020159600228645,1.3020159600228645,1.2777548434286736,1.289885401725769,2061800,0.0,0.0
1986-05-14,1.2898852833875158,1.297972321510315,1.2898852833875158,1.297972321510315,685000,0.0,0.0
1986-05-15,1.3020162992173396,1.304038123812649,1.273711655817006,1.2757333517074585,718400,0.0,0.0
1986-05-16,1.2797759734330354,1.283819619783885,1.2716889381408691,1.2716889381408691,544800,0.0,0.0
1986-05-19,1.273711655817006,1.2898857377600537,1.2716898312216967,1.2757333517074585,339600,0.0,0.0
1986-05-20,1.2757331622330976,1.287863850593567,1.271689642347887,1.287863850593567,610700,0.0,0.0
1986-05-21,1.2898858460050702,1.2919076707700476,1.2757334587648308,1.283820629119873,1111400,0.0,0.0
1986-05-22,1.283820655901127,1.308081781357752,1.283820655901127,1.3060599565505981,939500,0.0,0.0
1986-05-23,1.310103282866478,1.3343645334243774,1.3060597625576367,1.3343645334243774,886100,0.0,0.0
1986-05-27,1.3424515910002357,1.372778058052063,1.3424515910002357,1.372778058052063,499800,0.0,0.0
1986-05-28,1.386929788655815,1.4031038624569299,1.380864446628001,1.4010820388793945,1723000,0.0,0.0
1986-05-29,1.4091694115775366,1.42129996871109,1.407147587702872,1.4192781448364258,802600,0.0,0.0
1986-05-30,1.4253442254637374,1.4475836560713398,1.4152353582680426,1.4334312677383423,451400,0.0,0.0
1986-06-02,1.505767583847046,1.5444873776663912,1.5014653997491292,1.505767583847046,556500,0.6386,0.0
1986-06-03,1.4971631474022458,1.512220859527588,1.4842565956968472,1.512220859527588,575700,0.0,0.0
1986-06-04,1.5186735737691979,1.5229757562739974,1.4928604787404012,1.50146484375,651600,0.0,0.0
1986-06-05,1.510069659426024,1.5186740270035173,1.5079186360006926,1.516523003578186,552300,0.0,0.0
1986-06-06,1.5143722445767325,1.5186744295057095,1.4993146657943726,1.4993146657943726,348700,0.0,0.0
1986-06-09,1.4971624235510752,1.4971624235510752,1.4562916277752325,1.4627448320388794,395500,0.0,0.0
1986-06-10,1.4584425687789917,1.4670470688800892,1.447687183294144,1.4584425687789917,931100,0.0,0.0
1986-06-11,1.4627466456517542,1.4950131177902222,1.4605956205428916,1.4950131177902222,1387600,0.0,0.0
1986-06-12,1.4928608736843068,1.5036164012607562,1.4928608736843068,1.4971630573272705,517300,0.0,0.0
1986-06-13,1.505766968475536,1.53373122215271,1.505766968475536,1.53373122215271,693300,0.0,0.0
1986-06-16,1.5380337376694284,1.5616958141326904,1.5337315543977503,1.5616958141326904,656600,0.0,0.0
1986-06-17,1.5616958522274964,1.5659980356041185,1.5315805685911423,1.5444871187210083,748400,0.0,0.0
1986-06-18,1.5401850433027209,1.548789410659083,1.531580675946359,1.5466382503509521,942800,0.0,0.0
1986-06-19,1.548789107628277,1.5681489988612412,1.5466379477410348,1.565997838973999,2097600,0.0,0.0
1986-06-20,1.5659981174998443,1.574602484703064,1.553091566695015,1.574602484703064,1628700,0.0,0.0
1986-06-23,1.5702999692845023,1.5724511290997891,1.5552422613916432,1.5595444440841675,1300800,0.0,0.0
1986-06-24,1.565998405984265,1.5767539354386861,1.5616962215901173,1.5681495666503906,971200,0.0,0.0
1986-06-25,1.5789055876328641,1.5918121459526222,1.5767545630486501,1.5896611213684082,750100,0.0,0.0
1986-06-26,1.5896601163532844,1.5939622997399436,1.574602406030942,1.5832067728042603,211900,0.0,0.0
1986-06-27,1.5810555607873675,1.5832065837548093,1.5703000351359928,1.5767533779144287,267000,0.0,0.0
1986-06-30,1.5810555607873675,1.5853577436603064,1.5746022180089316,1.5767533779144287,168500,0.0,0.0
1986-07-01,1.5746028019132283,1.5939627004896422,1.57245177814813,1.5789049863815308,836900,0.0,0.0
1986-07-02,1.5789046683046737,1.5789046683046737,1.5703003011014542,1.574602484703064,458000,0.0,0.0
1986-07-03,1.5832068519062836,1.5853580121761275,1.5703003011014542,1.574602484703064,551500,0.0,0.0
1986-07-07,1.5810557073242746,1.5810557073242746,1.5573936308610126,1.5616958141326904,759300,0.0,0.0
1986-07-08,1.5530911645050793,1.5530911645050793,1.535882434555029,1.5401846170425415,1428400,0.0,0.0
1986-07-09,1.535882305533758,1.550939874506125,1.535882305533758,1.5423355102539062,1502700,0.0,0.0
1986-07-10,1.5401846451646533,1.5423356679786635,1.5315802800325216,1.5380334854125977,871100,0.0,0.0
1986-07-11,1.5423355868321424,1.5423355868321424,1.5229756978344007,1.53373122215271,822700,0.0,0.0
1986-07-14,1.5358835393596826,1.5358835393596826,1.5229768456749506,1.5251280069351196,610700,0.0,0.0
1986-07-15,1.5229763202387132,1.5251274807567186,1.505767583847046,1.505767583847046,1486900,0.0,0.0
1986-07-16,1.5036160034714214,1.5315802582216393,1.499313820966622,1.50146484375,1173100,0.0,0.0
1986-07-17,1.4971628163995403,1.5036161592945356,1.4842562675476074,1.4842562675476074,671600,0.0,0.0
1986-07-18,1.4885581245510688,1.4950113290949587,1.4670472145080566,1.4670472145080566,452200,0.0,0.0
1986-07-21,1.4627452677722275,1.4691986108962654,1.451989878482914,1.4541409015655518,378800,0.0,0.0
1986-07-22,1.4498387815303837,1.4691986748065928,1.3422840623302321,1.4089679718017578,2535700,0.0,0.0
1986-07-23,1.4132702750607644,1.4390835139329454,1.4132702750607644,1.4218746423721313,1287400,0.0,0.0
1986-07-24,1.4197236190133296,1.4304790096834985,1.4197236190133296,1.4218746423721313,372100,0.0,0.0
1986-07-25,1.426176501637903,1.4778028307015576,1.426176501637903,1.46919846534729,532300,0.0,0.0
1986-07-28,1.4713501749987254,1.4713501749987254,1.4283281952120164,1.4369325637817383,484700,0.0,0.0
1986-07-29,1.4326301699803803,1.4347813302772618,1.4197236190133296,1.4218746423721313,485600,0.0,0.0
1986-07-30,1.430479343732058,1.4605947732925415,1.4218749744113803,1.4605947732925415,338700,0.0,0.0
1986-07-31,1.4605951367520547,1.4605951367520547,1.43263086103207,1.4476885795593262,763400,0.0,0.0
1986-08-01,1.4455361692706827,1.4455361692706827,1.4283274412155151,1.4283274412155151,668300,0.0,0.0
1986-08-04,1.4240262508392334,1.4283284358489028,1.4046663498266603,1.4240262508392334,624100,0.0,0.0
1986-08-05,1.4283277239782388,1.460594163938404,1.426176564076469,1.449838638305664,695000,0.0,0.0
1986-08-06,1.447687264131689,1.4627448320388794,1.443385082309917,1.4627448320388794,371300,0.0,0.0
1986-08-07,1.458443004036634,1.460594163938404,1.445536455440179,1.449838638305664,663300,0.0,0.0
1986-08-08,1.454141219973678,1.4605945645107818,1.4347814602385514,1.4455368518829346,692500,0.0,0.0
1986-08-11,1.445536455440179,1.454140821171149,1.4369320897092088,1.449838638305664,458900,0.0,0.0
1986-08-12,1.456291606239158,1.4778025150299072,1.4455360833747737,1.4778025150299072,818500,0.0,0.0
1986-08-13,1.4799535489909335,1.522975362927467,1.4799535489909335,1.5186731815338135,765900,0.0,0.0
1986-08-14,1.5229759216308594,1.5251270815858426,1.514371555687043,1.5229759216308594,328700,0.0,0.0
1986-08-15,1.5186741753665696,1.525127520149175,1.5036165991039863,1.5143719911575317,322900,0.0,0.0
1986-08-18,1.5186730349962037,1.5208241939544678,1.5143708540176701,1.5208241939544678,216900,0.0,0.0
1986-08-19,1.5165225509858198,1.5229757562739974,1.50146484375,1.50146484375,352100,0.0,0.0
1986-08-20,1.4993154418843297,1.4993154418843297,1.4864087434783895,1.4950131177902222,272800,0.0,0.0
1986-08-21,1.497162595174172,1.5143713244339343,1.497162595174172,1.507918119430542,638300,0.0,0.0
1986-08-22,1.5122203017454827,1.5208246663753637,1.5036159371156015,1.507918119430542,418800,0.0,0.0
1986-08-25,1.5100692833080336,1.5100692833080336,1.4799540042877197,1.4799540042877197,510600,0.0,0.0
1986-08-26,1.4799539312260028,1.5057670262547995,1.4799539312260028,1.50146484375,942800,0.0,0.0
1986-08-27,1.5057670262547995,1.5057670262547995,1.499313820966622,1.50146484375,403800,0.0,0.0
1986-08-28,1.501464829438069,1.501464829438069,1.4907093048095703,1.4907093048095703,277000,0.0,0.0
1986-08-29,1.5723721981048584,1.5815405295456364,1.5677880323844695,1.5723721981048584,371300,0.6386,0.0
1986-09-02,1.5723715435887637,1.5723715435887637,1.5173614319290891,1.521945595741272,754200,0.0,0.0
1986-09-03,1.521944801121557,1.5471577618814116,1.4967318403617023,1.544865608215332,579900,0.0,0.0
1986-09-04,1.5402816633232954,1.5677867816157907,1.5265291771337601,1.5632026195526123,1010400,0.0,0.0
1986-09-05,1.554034891530408,1.565495375117196,1.540282398774359,1.5471587181091309,536500,0.0,0.0
1986-09-08,1.5402822509900034,1.5448664148021862,1.5081931043047236,1.521945595741272,416300,0.0,0.0
1986-09-09,1.5265299115452804,1.5448665686197356,1.5036090902022115,1.5081932544708252,722500,0.0,0.0
1986-09-10,1.508192747130541,1.5173610725836397,1.473811453724698,1.5036085844039917,462200,0.0,0.0
1986-09-11,1.4990246549033006,1.4990246549033006,1.4210937305136278,1.4417223930358887,1925700,0.0,0.0
1986-09-12,1.4417229267531004,1.4829805588978884,1.4348467520046506,1.4531834125518799,1820600,0.0,0.0
1986-09-15,1.4508916254543476,1.4554759376687803,1.4302629500571977,1.4325549602508545,483100,0.0,0.0
1986-09-16,1.4302630299474055,1.4463075399398804,1.4210946968335434,1.4463075399398804,454700,0.0,0.0
1986-09-17,1.466935602545627,1.4806880950927734,1.4508909549505433,1.4806880950927734,667500,0.0,0.0
1986-09-18,1.4508916527107087,1.4531838088609854,1.4325549871627443,1.4394313097000122,624900,0.0,0.0
1986-09-19,1.4348472489955422,1.4577680826187134,1.430263082270908,1.4577680826187134,518900,0.0,0.0
1986-09-22,1.462352797535111,1.462352797535111,1.4325556296981463,1.4486002922058105,488100,0.0,0.0
1986-09-23,1.4508910179138184,1.4600594925899526,1.4485990086799085,1.4508910179138184,292000,0.0,0.0
1986-09-24,1.4531826362123756,1.4577667989001677,1.444014310836792,1.444014310836792,207700,0.0,0.0
1986-09-25,1.4440148492177576,1.4463068584594754,1.4348465204238892,1.4348465204238892,920300,0.0,0.0
1986-09-26,1.4394310630469282,1.4715202222572419,1.437138907289423,1.4600598812103271,260300,0.0,0.0
1986-09-29,1.4623516237506164,1.464643779089138,1.4554754495620728,1.4554754495620728,410500,0.0,0.0
1986-09-30,1.453183399909552,1.4921488761901855,1.453183399909552,1.4921488761901855,913600,0.0,0.0
1986-10-01,1.4967330129809717,1.5219459934939998,1.4852725274986358,1.4875646829605103,615700,0.0,0.0
1986-10-02,1.485271810832699,1.4875639651885746,1.4600589883987545,1.4692273139953613,356200,0.0,0.0
1986-10-03,1.4738121935298494,1.4875646886127967,1.464643863474551,1.4669358730316162,301200,0.0,0.0
1986-10-06,1.4669358730316162,1.4692280285022001,1.464643863474551,1.4669358730316162,271100,0.0,0.0
1986-10-07,1.471519975449075,1.4829804604873371,1.4646438011569283,1.4761041402816772,730900,0.0,0.0
1986-10-08,1.4738118638155993,1.4944406747817993,1.4738118638155993,1.4944406747817993,629100,0.0,0.0
1986-10-09,1.494440733553412,1.5013169068702392,1.4806880950927734,1.4806880950927734,557300,0.0,0.0
1986-10-10,1.485271632451033,1.485271632451033,1.466934983460058,1.4783954620361328,247800,0.0,0.0
1986-10-13,1.482980912419961,1.482980912419961,1.4692284137311344,1.4715204238891602,300300,0.0,0.0
1986-10-14,1.471519322437789,1.4967322907851814,1.462350996841182,1.4692273139953613,622400,0.0,0.0
1986-10-15,1.4738115131595773,1.5173611337747588,1.4692273502481608,1.5127769708633423,692500,0.0,0.0
1986-10-16,1.5219452362152817,1.5402818871323838,1.5104847564353698,1.519653081893921,910300,0.0,0.0
1986-10-17,1.5196530809901916,1.5196530809901916,1.494440258950893,1.5036085844039917,453900,0.0,0.0
1986-10-20,1.4990245342350415,1.4990245342350415,1.4577669206847317,1.4623510837554932,1697100,0.0,0.0
1986-10-21,1.4669351242757516,1.4715192869635434,1.439430148149,1.444014310836792,879400,0.0,0.0
1986-10-22,1.4440154760870032,1.4440154760870032,1.4210946441520478,1.4394313097000122,1920700,0.0,0.0
1986-10-23,1.4394314157201764,1.4715205827926159,1.4394314157201764,1.4577680826187134,1137200,0.0,0.0
1986-10-24,1.4623517428254944,1.4623517428254944,1.4417229267531004,1.4531834125518799,1037900,0.0,0.0
1986-10-27,1.448599749169445,1.4623522493433474,1.441723426125707,1.4577680826187134,492200,0.0,0.0
1986-10-28,1.4577674589870837,1.466935788514149,1.4508911388850296,1.4554754495620728,463000,0.0,0.0
1986-10-29,1.453183377948669,1.4783963585574984,1.453183377948669,1.4669358730316162,817700,0.0,0.0
1986-10-30,1.5127781361276313,1.5173623025701442,1.5013176470645673,1.50590181350708,774300,0.0,0.0
1986-10-31,1.5059010691984052,1.5104852333751428,1.4852722574463395,1.5013169050216675,413800,0.0,0.0
1986-11-03,1.5059018794847527,1.5081940357632166,1.4944415358331438,1.4990257024765015,442200,0.0,0.0
1986-11-04,1.501316430976819,1.519653081893921,1.4852717884676316,1.519653081893921,209400,0.0,0.0
1986-11-05,1.5150698982482347,1.5402828825093593,1.5127778883591545,1.5288225412368774,516400,0.0,0.0
1986-11-06,1.5334068917886114,1.5334068917886114,1.5150700808976718,1.5173622369766235,1346700,0.0,0.0
1986-11-07,1.5150695506482528,1.5173617059249878,1.4783962335285468,1.4852724075317383,518900,0.0,0.0
1986-11-10,1.4806883681145635,1.4852725331422125,1.460059698446902,1.4669358730316162,425500,0.0,0.0
1986-11-11,1.4646437737776676,1.4761041126881833,1.4646437737776676,1.4738121032714844,438800,0.0,0.0
1986-11-12,1.4761039309103914,1.4852722592751557,1.4738119217759462,1.4806880950927734,390400,0.0,0.0
1986-11-13,1.4829803750865849,1.4829803750865849,1.4646437168121338,1.4646437168121338,398800,0.0,0.0
1986-11-14,1.4646438856086283,1.4921488761901855,1.4623517301034046,1.4921488761901855,1227400,0.0,0.0
1986-11-17,1.487563941904346,1.5036085844039917,1.4852717875843486,1.5036085844039917,1055500,0.0,0.0
1986-11-18,1.4944410446966678,1.4944410446966678,1.450891257026715,1.4531834125518799,964500,0.0,0.0
1986-11-19,1.4577686290920107,1.4600607862703747,1.4371397981412464,1.4486002922058105,735100,0.0,0.0
1986-11-20,1.4554746507974137,1.4829796242838766,1.4554746507974137,1.4783954620361328,825200,0.0,0.0
1986-11-21,1.4829810462679645,1.5036098691198592,1.4715205567027851,1.4990257024765015,714200,0.0,0.0
1986-11-24,1.5013174737517545,1.5036096296651853,1.4852728200983802,1.49673330783844,628300,0.0,0.0
1986-11-25,1.4990248958900445,1.5036090600667822,1.4944407317133068,1.5013169050216675,964500,0.0,0.0
1986-11-26,1.5081940365446997,1.5471595259902153,1.5059018802650481,1.5425753593444824,640800,0.0,0.0
1986-11-28,1.5471588042761801,1.5654954623054822,1.5471588042761801,1.5609112977981567,340400,0.0,0.0
1986-12-01,1.6602524518966675,1.6626975124328294,1.6235752985980458,1.6602524518966675,531500,0.6386,0.0
1986-12-02,1.6626970146613993,1.6969290971755981,1.657806739396082,1.6969290971755981,942800,0.0,0.0
1986-12-03,1.6993741556776725,1.7287159629040716,1.6871485453522355,1.7213804721832275,751700,0.0,0.0
1986-12-04,1.7164904811444082,1.7311613093583684,1.70915514486593,1.7262710332870483,606600,0.0,0.0
1986-12-05,1.7311613147995626,1.7556128508900195,1.6969293821927285,1.701819658279419,677500,0.0,0.0
1986-12-08,1.6969298410884492,1.704265335030703,1.6798137923278877,1.6871492862701416,1093800,0.0,0.0
1986-12-09,1.6920392540293032,1.7018198070577304,1.6651426553726196,1.6651426553726196,686700,0.0,0.0
1986-12-10,1.662697222404836,1.6993743693057808,1.662697222404836,1.679813265800476,689200,0.0,0.0
1986-12-11,1.6822575811643996,1.6822575811643996,1.6333546929186666,1.6480255126953125,782600,0.0,0.0
1986-12-12,1.6480262105475294,1.6553617013705026,1.6284651092289064,1.6358006000518799,685800,0.0,0.0
1986-12-15,1.630910324722224,1.6358006000518799,1.6040137325806278,1.6358006000518799,463900,0.0,0.0
1986-12-16,1.6406901806354464,1.6626963324719581,1.6284644196597846,1.6480255126953125,730900,0.0,0.0
1986-12-17,1.645581865825891,1.645581865825891,1.6333560943603516,1.6333560943603516,394600,0.0,0.0
1986-12-18,1.6333553845585622,1.6455811507111913,1.630910324722224,1.6358006000518799,532300,0.0,0.0
1986-12-19,1.63091084579013,1.6529170139759521,1.628465629515578,1.6406913995742798,972000,0.0,0.0
1986-12-22,1.6358006000518799,1.6406908753815355,1.630910324722224,1.6358006000518799,544000,0.0,0.0
1986-12-23,1.6333545574931212,1.6382448303465382,1.6137934660794528,1.621128797531128,885200,0.0,0.0
1986-12-24,1.616239698503963,1.6235751909400866,1.604014085319776,1.6089043617248535,198500,0.0,0.0
1986-12-26,1.6089040459408277,1.611349105834961,1.606458830389711,1.611349105834961,64200,0.0,0.0
1986-12-29,1.606459658063178,1.608904874874109,1.5697824954986572,1.5697824954986572,323700,0.0,0.0
1986-12-30,1.5771169486898233,1.6015683223652524,1.5648911840236286,1.589342713356018,713400,0.0,0.0
1986-12-31,1.5917883729184,1.5966786494968714,1.5600014973298253,1.5624467134475708,466400,0.0,0.0
1987-01-02,1.5648914794294326,1.5820075220617222,1.5648914794294326,1.5795623064041138,558200,0.0,0.0
1987-01-05,1.5795629688455113,1.6798138953681552,1.5795629688455113,1.6724785566329956,1559400,0.0,0.0
1987-01-06,1.6675877513088742,1.6969294082800954,1.6675877513088742,1.692039132118225,680800,0.0,0.0
1987-01-07,1.687148522554828,1.711599898532283,1.6847033071285948,1.706709623336792,483900,0.0,0.0
1987-01-08,1.7067098669274097,1.7433870139568353,1.6993743752587254,1.7091550827026367,866900,0.0,0.0
1987-01-09,1.7042655534997053,1.745832994634547,1.694484841770567,1.7409427165985107,526500,0.0,0.0
1987-01-12,1.73605172974477,1.750722714835308,1.7287163928565172,1.743387222290039,927800,0.0,0.0
1987-01-13,1.7409415858356798,1.8289666889680196,1.7164900558799998,1.8240764141082764,2399700,0.0,0.0
1987-01-14,1.8240767017378665,1.8607538467978584,1.819186426107,1.8558635711669922,1726300,0.0,0.0
1987-01-15,1.8607537998032306,1.9389983635779602,1.8607537998032306,1.902321219444275,2109300,0.0,0.0
1987-01-16,1.8974310875700273,1.9218824669577605,1.8265218538601051,1.8656442165374756,1612800,0.0,0.0
1987-01-19,1.8460833794246871,1.8803154740507044,1.8363028254335485,1.8583091497421265,1032100,0.0,0.0
1987-01-20,1.8680904077344622,1.9414447459690605,1.8534195712189607,1.929219126701355,2514000,0.0,0.0
1987-01-21,1.9169916141037002,1.926772162915042,1.8974305164810166,1.9072110652923584,747600,0.0,0.0
1987-01-22,1.9023214317519226,1.9389985799789429,1.8998762158968532,1.9389985799789429,980400,0.0,0.0
1987-01-23,1.9414434175461983,1.9463336930385524,1.8436377520421308,1.8485280275344849,2327900,0.0,0.0
1987-01-26,1.8289677096899908,1.8900962573802713,1.8240774321010504,1.882760763168335,791000,0.0,0.0
1987-01-27,1.8949853516082988,1.9365527629852295,1.8949853516082988,1.9365527629852295,1013700,0.0,0.0
1987-01-28,2.0539202897337514,2.1223843097686768,2.039249461652768,2.1223843097686768,4040900,0.0,0.0
1987-01-29,2.1223838451772084,2.1223838451772084,2.0685906649986356,2.083261489868164,2735100,0.0,0.0
1987-01-30,2.0734811494976024,2.0734811494976024,2.0588103231454653,2.066145658493042,1129700,0.0,0.0
1987-02-02,2.0710363336567332,2.1272745857956714,2.0637008417877407,2.1223843097686768,932000,0.0,0.0
1987-02-03,2.122384065963941,2.1272743414291746,2.0954874730766635,2.119938850402832,1109700,0.0,0.0
1987-02-04,2.1248298251102673,2.1248298251102673,2.095488162663067,2.105268716812134,485600,0.0,0.0
1987-02-05,2.107713388587209,2.1223842160201625,2.09548762123125,2.1126036643981934,796000,0.0,0.0
1987-02-06,2.117493940209178,2.119939000286173,2.107713388587209,2.1126036643981934,418000,0.0,0.0
1987-02-09,2.1126018103744797,2.1126018103744797,2.0930405686405327,2.102821111679077,1037100,0.0,0.0
1987-02-10,2.1003783483032987,2.1003783483032987,2.0783720245973667,2.0954880714416504,1301600,0.0,0.0
1987-02-11,2.09548703280981,2.137054443359375,2.09548703280981,2.137054443359375,669100,0.0,0.0
1987-02-12,2.1370531679708407,2.139498225902048,2.0930405686405327,2.102821111679077,659100,0.0,0.0
1987-02-13,2.1077134816876932,2.1370551378496603,2.0979327739767024,2.1223843097686768,739200,0.0,0.0
1987-02-17,2.122383499985894,2.2006280422210693,2.122383499985894,2.2006280422210693,1343300,0.0,0.0
1987-02-18,2.1957394137518764,2.198184474836532,2.163952530051942,2.183513641357422,927800,0.0,0.0
1987-02-19,2.1884035507251807,2.210409875067199,2.1884035507251807,2.2079646587371826,891900,0.0,0.0
1987-02-20,2.20551856565796,2.2104088403718163,2.1590608780478457,2.161505937576294,654100,0.0,0.0
1987-02-23,2.154171062269989,2.1639516137814017,2.1223841920294,2.1492807865142822,821800,0.0,0.0
1987-02-24,2.144391427532224,2.144391427532224,2.1052690491039177,2.117494821548462,624100,0.0,0.0
1987-02-25,2.1174941339431874,2.122384410201594,2.073481491960522,2.0808169841766357,612400,0.0,0.0
1987-02-26,2.0881512145704995,2.1297186185757795,2.0783706672347777,2.1272735595703125,2782700,0.0,0.0
1987-02-27,2.129719688185648,2.129719688185648,2.093042539427852,2.097932815551758,809300,0.0,0.0
1987-03-02,2.228980541229248,2.2497393382805377,2.2211959097412075,2.228980541229248,1682900,0.7416,0.0
1987-03-03,2.2367653539150507,2.2367653539150507,2.2160063899944875,2.2315754890441895,1567000,0.0,0.0
1987-03-04,2.2315769107574566,2.2730946998614856,2.228982141856554,2.2679049968719482,1295800,0.0,0.0
1987-03-05,2.273094339889158,2.304232552895263,2.273094339889158,2.2860686779022217,2378000,0.0,0.0
1987-03-06,2.2834732003813385,2.324990973022442,2.2834732003813385,2.3223960399627686,1486900,0.0,0.0
1987-03-09,2.3172064413416744,2.324991075676739,2.291257935537584,2.3146116733551025,535600,0.0,0.0
1987-03-10,2.3146127265154317,2.330181837081909,2.3146127265154317,2.330181837081909,967000,0.0,0.0
1987-03-11,2.3301821696033604,2.3353718738661002,2.3042334831018887,2.319802761077881,874400,0.0,0.0
1987-03-12,2.3249910691993643,2.3716983795166016,2.3249910691993643,2.3716983795166016,891900,0.0,0.0
1987-03-13,2.376889028004541,2.376889028004541,2.3457508087158203,2.3457508087158203,409600,0.0,0.0
1987-03-16,2.3457488819020416,2.3457488819020416,2.293851727195103,2.3094208240509033,296200,0.0,0.0
1987-03-17,2.309421825429222,2.3405601978302,2.309421825429222,2.3405601978302,665000,0.0,0.0
1987-03-18,2.3431563476663233,2.34575128239158,2.3042334831018887,2.319802761077881,434700,0.0,0.0
1987-03-19,2.317205222973093,2.3509383453756327,2.317205222973093,2.343153715133667,532300,0.0,0.0
1987-03-20,2.348345363690685,2.3742940425872803,2.348345363690685,2.3742940425872803,822700,0.0,0.0
1987-03-23,2.3716985908362336,2.449544280155396,2.3665088892274686,2.439164876937866,1000400,0.0,0.0
1987-03-24,2.431380092147369,2.4391647266747936,2.4287853240966797,2.4287853240966797,1042100,0.0,0.0
1987-03-25,2.4287858320631286,2.4287858320631286,2.4080270225653164,2.4210011959075928,809300,0.0,0.0
1987-03-26,2.4261901240798673,2.4547335606249474,2.418405655596084,2.4365696907043457,1075500,0.0,0.0
1987-03-27,2.4313798247982765,2.4547335606249474,2.428785057032902,2.4365696907043457,838500,0.0,0.0
1987-03-30,2.3665096895187907,2.3820787996101487,2.34056117269986,2.3691046237945557,1166400,0.0,0.0
1987-03-31,2.371698405043503,2.371698405043503,2.332775563433037,2.3405601978302,848500,0.0,0.0
1987-04-01,2.350940297655434,2.3742940425872803,2.3405608921718857,2.3742940425872803,1027900,0.0,0.0
1987-04-02,2.3794839622058044,2.3924581376489016,2.3457508087158203,2.3457508087158203,1062100,0.0,0.0
1987-04-03,2.348344746639295,2.3976471575130276,2.299042500953243,2.387267589569092,941200,0.0,0.0
1987-04-06,2.387267589569092,2.389862522851996,2.3613190826784543,2.387267589569092,836900,0.0,0.0
1987-04-07,2.382078731219328,2.423596522125362,2.340561105501034,2.3457508087158203,1240700,0.0,0.0
1987-04-08,2.3405589485114033,2.3665074406719775,2.3353692500792884,2.343153715133667,720900,0.0,0.0
1987-04-09,2.3405612441262273,2.3509406511705455,2.293853747239046,2.330181837081909,814300,0.0,0.0
1987-04-10,2.3146114485967484,2.324990849910502,2.2990421814384603,2.304231882095337,509800,0.0,0.0
1987-04-13,2.299042850727579,2.3301812289213903,2.2860686779022217,2.2860686779022217,544000,0.0,0.0
1987-04-14,2.2730925720513238,2.2730925720513238,2.179677840496147,2.195246934890747,1957500,0.0,0.0
1987-04-15,2.205628395809771,2.2730946998614856,2.205628395809771,2.2679049968719482,1440100,0.0,0.0
1987-04-16,2.273093181260662,2.314610942627638,2.273093181260662,2.278282880783081,1214000,0.0,0.0
1987-04-20,2.2834725803055003,2.2860675126605208,2.2756881136156824,2.278282880783081,372100,0.0,0.0
1987-04-21,2.2808778131381016,2.2808778131381016,2.2653085493832217,2.278282880783081,604900,0.0,0.0
1987-04-22,2.2860684250593923,2.2990425964497856,2.2756890218720027,2.283473491668701,1430900,0.0,0.0
1987-04-23,2.278283248648891,2.2808781814229055,2.2601192147937343,2.262714147567749,649100,0.0,0.0
1987-04-24,2.2523351118347232,2.2575248130360874,2.203032867827924,2.210817337036133,1392600,0.0,0.0
1987-04-27,2.208222777100224,2.239360987242424,2.1796793352093613,2.218602180480957,1916600,0.0,0.0
1987-04-28,2.216006529469811,2.273093394766056,2.216006529469811,2.2523345947265625,1383400,0.0,0.0
1987-04-29,2.2575255454281895,2.2886637627383144,2.247146139658148,2.273094654083252,1514400,0.0,0.0
1987-04-30,2.278282630339303,2.3457488819020416,2.278282630339303,2.3094208240509033,1211500,0.0,0.0
1987-05-01,2.3094231873646285,2.3249924653406207,2.3042334831018887,2.319802761077881,453900,0.0,0.0
1987-05-04,2.314612017426696,2.314612017426696,2.286068574205321,2.2938530445098877,619100,0.0,0.0
1987-05-05,2.2990434507612054,2.345750947648386,2.2990434507612054,2.330181837081909,661600,0.0,0.0
1987-05-06,2.324991269605948,2.330180971199643,2.283473491668701,2.283473491668701,1386700,0.0,0.0
1987-05-07,2.2834725957830084,2.3042313940133896,2.273093196667818,2.2808778285980225,867700,0.0,0.0
1987-05-08,2.262714350836377,2.275688685496689,2.234170913696289,2.234170913696289,631600,0.0,0.0
1987-05-11,2.228980862088313,2.2964471274043055,2.228980862088313,2.2523345947265625,1672100,0.0,0.0
1987-05-12,2.247144882487701,2.252334582469332,2.203032350050019,2.2160065174102783,5773200,0.0,0.0
1987-05-13,2.2134133046895608,2.244551526450479,2.2134133046895608,2.236767053604126,744200,0.0,0.0
1987-05-14,2.241955280303955,2.252334680719984,2.2367655800959403,2.241955280303955,436300,0.0,0.0
1987-05-15,2.2419560567106487,2.2419560567106487,2.221197083501954,2.226386785507202,787600,0.0,0.0
1987-05-18,2.2211966514587402,2.2211966514587402,2.2030327805672614,2.2211966514587402,3456900,0.0,0.0
1987-05-19,2.2211964782807376,2.2211964782807376,2.184868574142456,2.184868574142456,1052100,0.0,0.0
1987-05-20,2.1744903246777416,2.1744903246777416,2.138162236110651,2.153731346130371,1055500,0.0,0.0
1987-05-21,2.1511354377059377,2.1952479753248224,2.1511354377059377,2.184868574142456,960300,0.0,0.0
1987-05-22,2.1952492594018156,2.2419567572309456,2.1952492594018156,2.236767053604126,1015400,0.0,0.0
1987-05-26,2.2990429401397705,2.304232642509288,2.2419562140750817,2.2990429401397705,724200,0.0,2.0
1987-05-27,2.324990849910502,2.340559951881132,2.288662780124707,2.304231882095337,597400,0.0,0.0
1987-05-28,2.3094219996371756,2.3094219996371756,2.2627146852939215,2.283473491668701,815200,0.0,0.0
1987-05-29,2.28347410584056,2.299043214809171,2.2575255908928744,2.2679049968719482,836000,0.0,0.0
1987-06-01,2.307298421859741,2.344685121958316,2.307298421859741,2.307298421859741,665000,0.3708,0.0
1987-06-02,2.2966167156758224,2.3500264660411316,2.2752528835305648,2.328662633895874,966200,0.0,0.0
1987-06-03,2.3446854580136116,2.387413291395289,2.3340035421687326,2.366049289703369,514400,0.0,0.0
1987-06-04,2.3713906311037474,2.3713906311037474,2.3340039196008604,2.360708713531494,274500,0.0,0.0
1987-06-05,2.366048272217618,2.366048272217618,2.3072977603356146,2.3233206272125244,239000,0.0,0.0
1987-06-08,2.317980999496327,2.3713905863496203,2.3072990821256685,2.3446857929229736,268600,0.0,0.0
1987-06-09,2.3340039196008604,2.360708713531494,2.3340039196008604,2.360708713531494,352900,0.0,0.0
1987-06-10,2.360708209724559,2.4087769985433614,2.35002629443197,2.3820722103118896,611100,0.0,0.0
1987-06-11,2.3713902476258086,2.387413291395289,2.350026415936051,2.366049289703369,427200,0.0,0.0
1987-06-12,2.3820721894952155,2.4034360198936966,2.366049146694203,2.3713901042938232,310300,0.0,0.0
1987-06-15,2.3820730191169055,2.392754938036415,2.3553680518159212,2.38741397857666,252800,0.0,0.0
1987-06-16,2.37673188965494,2.403436856955924,2.360709011275676,2.38741397857666,584900,0.0,0.0
1987-06-17,2.3874123715462074,2.4301400184631348,2.366048378085647,2.4301400184631348,489300,0.0,0.0
1987-06-18,2.4194590258710673,2.5102554800646324,2.4141180679774554,2.5049145221710205,1012500,0.0,0.0
1987-06-19,2.504913480387498,2.504913480387498,2.4515037536621094,2.4515037536621094,978300,0.0,0.0
1987-06-22,2.4728697801027093,2.4782107401675764,2.4354828896464076,2.467528820037842,524800,0.0,0.0
1987-06-23,2.499574580427046,2.499574580427046,2.440823849711275,2.467528820037842,680000,0.0,0.0
1987-06-24,2.456845714386703,2.467527800103306,2.4087770936717092,2.4141180515289307,371300,0.0,0.0
1987-06-25,2.4247996340626368,2.440822505432671,2.4087767626926024,2.435481548309326,331600,0.0,0.0
1987-06-26,2.3820722103118896,2.41945891383595,2.3553672520782643,2.3820722103118896,489300,0.0,0.0
1987-06-29,2.3713901250171476,2.3927541256044784,2.3553672520782643,2.3820722103118896,438000,0.0,0.0
1987-06-30,2.3713905863496203,2.392754591093124,2.3446857929229736,2.3446857929229736,672500,0.0,0.0
1987-07-01,2.334003875552315,2.360708668978962,2.334003875552315,2.3446857929229736,670400,0.0,0.0
1987-07-02,2.3553668489899544,2.3927537161179253,2.3446849355254265,2.3500258922576904,422600,0.0,0.0
1987-07-06,2.350026415936051,2.3713902476258086,2.3340035421687326,2.366049289703369,490600,0.0,0.0
1987-07-07,2.3553683539551598,2.4568467667100404,2.3553683539551598,2.446164846420288,682100,0.0,0.0
1987-07-08,2.446163701997488,2.4782096178764914,2.4408227443513466,2.462186574935913,435100,0.0,0.0
1987-07-09,2.4675268884411015,2.4728678443250325,2.446162894903281,2.4568448066711426,712500,0.0,0.0
1987-07-10,2.462185070672748,2.462185070672748,2.408775526841701,2.41945743560791,782200,0.0,0.0
1987-07-13,2.4141178860907457,2.4141178860907457,2.3446852687028854,2.3553671836853027,1454700,0.0,0.0
1987-07-14,2.350026656853898,2.3660495322638346,2.3072989890940674,2.3393447399139404,2323800,0.0,0.0
1987-07-15,2.291275380386786,2.3340032076444372,2.275252508915968,2.307298421859741,1425900,0.0,0.0
1987-07-16,2.31798052829762,2.3713901042938232,2.2859346126977464,2.3713901042938232,945300,0.0,0.0
1987-07-17,2.3713905863496203,2.3713905863496203,2.3393448342376444,2.3446857929229736,1212800,0.0,0.0
1987-07-20,2.334002538463798,2.3393434940894346,2.2912747234566155,2.3233206272125244,309100,0.0,0.0
1987-07-21,2.3072977603356146,2.328661582838161,2.2912747234566155,2.3233206272125244,765100,0.0,0.0
1987-07-22,2.312639163117368,2.323321076434023,2.264570383190298,2.2859342098236084,680800,0.0,0.0
1987-07-23,2.285934068086895,2.2966159807412305,2.2752521554325593,2.2912750244140625,866100,0.0,0.0
1987-07-24,2.2912753059084596,2.2912753059084596,2.2538886070251465,2.2538886070251465,624500,0.0,0.0
1987-07-27,2.259229032346456,2.3233206710659347,2.2378652094406606,2.312638759613037,463900,0.0,0.0
1987-07-28,2.350026795959241,2.3820727186781903,2.350026795959241,2.360708713531494,1135600,0.0,0.0
1987-07-29,2.360708713531494,2.3713906311037474,2.350026795959241,2.360708713531494,1180200,0.0,0.0
1987-07-30,2.350026795959241,2.3713906311037474,2.312640084456354,2.360708713531494,1380000,0.0,0.0
1987-07-31,2.350026795959241,2.376731589889874,2.350026795959241,2.360708713531494,1128100,0.0,0.0
1987-08-03,2.33934372790841,2.4354811087809543,2.33934372790841,2.398094415664673,612000,0.0,0.0
1987-08-04,2.3980942744102554,2.424799053634614,2.387412362720512,2.403435230255127,1005000,0.0,0.0
1987-08-05,2.4087770936717092,2.4141180515289307,2.3927542201000445,2.4141180515289307,1247400,0.0,0.0
1987-08-06,2.4354818995519034,2.5049145221710205,2.4354818995519034,2.5049145221710205,1966200,0.0,0.0
1987-08-07,2.5102548877151927,2.552982710783687,2.5102548877151927,2.5476417541503906,1642500,0.0,0.0
1987-08-10,2.558322569407535,2.563663523748541,2.5262766733594493,2.5529816150665283,623700,0.0,0.0
1987-08-11,2.5636643916415935,2.5743463039398193,2.5529824793433677,2.5743463039398193,1165600,0.0,0.0
1987-08-12,2.574347397559574,2.617075064903805,2.5636654807235164,2.5957112312316895,976600,0.0,0.0
1987-08-13,2.5850292171282825,2.617074966430664,2.5850292171282825,2.617074966430664,562300,0.0,0.0
1987-08-14,2.617073754974393,2.6384377479553223,2.5957099319955574,2.6384377479553223,593200,0.0,0.0
1987-08-17,2.649119153304325,2.7025287005469933,2.649119153304325,2.675823926925659,581900,0.0,0.0
1987-08-18,2.665143911430739,2.665143911430739,2.55298361251366,2.585029363632202,1157300,0.0,0.0
1987-08-19,2.5743451710592145,2.5957089862541873,2.510253555472265,2.5903680324554443,582800,0.0,0.0
1987-08-20,2.6010508877402665,2.6384377479553223,2.5743461090167212,2.6384377479553223,653700,0.0,0.0
1987-08-21,2.6384391686762503,2.7025306721241247,2.6384391686762503,2.6918487548828125,463500,0.0,0.0
1987-08-24,2.670483042436572,2.670483042436572,2.6063914140576645,2.6277554035186768,434700,0.0,0.0
1987-08-25,2.638437229327935,2.6865058215816595,2.638437229327935,2.6491191387176514,593600,0.0,0.0
1987-08-26,2.649120985414155,2.649120985414155,2.5903702728136606,2.5957112312316895,449300,0.0,0.0
1987-08-27,2.6010517588545645,2.6010517588545645,2.5262781833842407,2.558324098587036,780100,0.0,0.0
1987-08-28,2.499573230743408,2.5423008881908804,2.4835503592006063,2.499573230743408,748000,0.0,0.0
1987-08-31,2.5674667358398438,2.6003829066427646,2.5674667358398438,2.5674667358398438,527700,0.3708,0.0
1987-09-01,2.5839248901129785,2.6058690045664887,2.545522689819336,2.545522689819336,607000,0.0,0.0
1987-09-02,2.5235785094475953,2.53455074176672,2.4687182209507488,2.4906623363494873,689200,0.0,0.0
1987-09-03,2.5016344999745446,2.512606558138499,2.4577462673187256,2.4577462673187256,704200,0.0,0.0
1987-09-04,2.4632322383188385,2.4796903251766964,2.38094162940979,2.38094162940979,704600,0.0,0.0
1987-09-08,2.391914984951376,2.391914984951376,2.3260824271854044,2.337054491043091,1241500,0.0,0.0
1987-09-09,2.3480260372161865,2.380942396151815,2.337053975777582,2.3480260372161865,1565700,0.0,0.0
1987-09-10,2.3754560993639897,2.4851768760803172,2.3644840391543362,2.4632327556610107,1348300,0.0,0.0
1987-09-11,2.501634632000017,2.6223276274126985,2.501634632000017,2.583925247192383,914500,0.0,0.0
1987-09-14,2.594896878175611,2.6003829066427646,2.5235783334828734,2.5674667358398438,448000,0.0,0.0
1987-09-15,2.5564969698233115,2.5564969698233115,2.5071224947539315,2.512608528137207,560700,0.0,0.0
1987-09-16,2.501634891503292,2.5126069513844747,2.4851768016815186,2.4851768016815186,672900,0.0,0.0
1987-09-17,2.496148365199172,2.496148365199172,2.4687182209507488,2.4906623363494873,280700,0.0,0.0
1987-09-18,2.5126069142704415,2.5235789739895544,2.4961488246917725,2.4961488246917725,457200,0.0,0.0
1987-09-21,2.5071202728419384,2.5400366185896863,2.430315698923519,2.4412877559661865,510600,0.0,0.0
1987-09-22,2.4412886404132044,2.4906630896126734,2.430316579395502,2.4796910285949707,705400,0.0,0.0
1987-09-23,2.4796901718390583,2.567466804272846,2.463232085998926,2.545522689819336,1057100,0.0,0.0
1987-09-24,2.545524441128996,2.561982538292227,2.507122039794922,2.507122039794922,341200,0.0,0.0
1987-09-25,2.5180931656419347,2.5180931656419347,2.490663013931174,2.5016350746154785,367500,0.0,0.0
1987-09-28,2.5455234193280805,2.6278140467317472,2.5180930937803265,2.611355781555176,861100,0.0,0.0
1987-09-29,2.6168420428758834,2.622328073179955,2.5729536258235077,2.594897747039795,414600,0.0,0.0
1987-09-30,2.616841499666335,2.616841499666335,2.507120567121402,2.540036916732788,721700,0.0,0.0
1987-10-01,2.5564953265621186,2.6771881580352783,2.5564953265621186,2.6771881580352783,889800,0.0,0.0
1987-10-02,2.677187562702866,2.682673591339897,2.627813304969591,2.6387853622436523,606600,0.0,0.0
1987-10-05,2.644271683120192,2.660729770850198,2.6113553330404122,2.6223275661468506,600300,0.0,0.0
1987-10-06,2.6113554303159963,2.6223276638311614,2.534551018048261,2.572953224182129,614500,0.0,0.0
1987-10-07,2.54003706879688,2.54003706879688,2.457746451771581,2.4742045402526855,1422200,0.0,0.0
1987-10-08,2.496148477562401,2.501634506659037,2.4358019828796387,2.4358019828796387,423800,0.0,0.0
1987-10-09,2.4028862452125805,2.4248303655891883,2.342539739557115,2.3754560947418213,635800,0.0,0.0
1987-10-12,2.364483566099846,2.3699695951071007,2.3315672174365574,2.353511333465576,594500,0.0,0.0
1987-10-13,2.3589975574107322,2.386427879333496,2.348025498489537,2.386427879333496,746300,0.0,0.0
1987-10-14,2.3480253044583215,2.3699695951071007,2.3260811884293027,2.353511333465576,681200,0.0,0.0
1987-10-15,2.342540012595988,2.38642843308449,2.3151098589280585,2.3644843101501465,1806000,0.0,0.0
1987-10-16,2.358997362472831,2.3699695951071007,2.2821929563712646,2.353511333465576,1358400,0.0,0.0
1987-10-19,2.1066395410342995,2.117611773860001,1.75553297996521,1.75553297996521,2606200,0.0,0.0
1987-10-20,1.799421997133059,2.062752007162814,1.7281034200087837,1.8926846981048584,2552000,0.0,0.0
1987-10-21,1.8871986683097377,2.11761249271066,1.8871986683097377,2.0627520084381104,1468100,0.0,0.0
1987-10-22,2.0188626902526123,2.0572650645888007,1.9749744620052485,2.029834747314453,1960400,0.0,0.0
1987-10-23,1.9804613693391966,2.068238039403383,1.974975338373924,2.0627520084381104,1403800,0.0,0.0
1987-10-26,2.007890241342797,2.0133762688030967,1.88719746259649,1.8981695175170898,1236900,0.0,0.0
1987-10-27,1.9310870976099503,1.9694894925976176,1.8707407513176486,1.876226782798767,1321200,0.0,0.0
1987-10-28,1.8707403051934655,1.9969191737885617,1.865254100400829,1.9914331436157227,783500,0.0,0.0
1987-10-29,1.9914322284570076,2.216359886037745,1.9859462008052617,2.205387830734253,1233600,0.0,0.0
1987-10-30,2.1944165554003163,2.3041375054041873,2.1724724352474594,2.293165445327759,1506000,0.0,0.0
1987-11-02,2.2712199845123413,2.2767060117340328,2.1944154287889543,2.2657339572906494,873600,0.0,0.0
1987-11-03,2.216362256215056,2.2712225914001465,2.183445880484098,2.2712225914001465,1293300,0.0,0.0
1987-11-04,2.2712212747746876,2.3370538134536214,2.260249214098166,2.3260817527770996,2003300,0.0,0.0
1987-11-05,2.2931652291371276,2.369969817051085,2.2931652291371276,2.3589975833892822,1816000,0.0,0.0
1987-11-06,2.3644842366272685,2.369970267190268,2.2931656646884653,2.298651695251465,963700,0.0,0.0
1987-11-09,2.23830550913399,2.293165997342022,2.23281947777517,2.254763603210449,757600,0.0,0.0
1987-11-10,2.2163610649019962,2.2657353400294817,2.205389003762555,2.2108750343322754,1723800,0.0,0.0
1987-11-11,2.227332183004884,2.3041367530822754,2.227332183004884,2.3041367530822754,1334600,0.0,0.0
1987-11-12,2.3041372628047547,2.3973999382546913,2.3041372628047547,2.386427879333496,855200,0.0,0.0
1987-11-13,2.37545524349978,2.4083714122692146,2.3205947875976562,2.3205947875976562,922400,0.0,0.0
1987-11-16,2.3425400064968844,2.358998098654791,2.33156794505828,2.3480260372161865,1226500,0.0,0.0
1987-11-17,2.3260819143389773,2.3699703347132104,2.3041377914617684,2.3480260372161865,1644100,0.0,0.0
1987-11-18,2.3480260372161865,2.358998098654791,2.298651760742466,2.3480260372161865,2106400,0.0,0.0
1987-11-19,2.3589969175357224,2.3699691481004885,2.3370528056456448,2.342538833618164,896900,0.0,0.0
1987-11-20,2.304136637810528,2.3589969175357224,2.293164581865489,2.342538833618164,1436000,0.0,0.0
1987-11-23,2.331568479537964,2.3480265754686607,2.3096243516303683,2.331568479537964,1482300,0.0,0.0
1987-11-24,2.326082447561065,2.3535126074455595,2.326082447561065,2.331568479537964,1402600,0.0,0.0
1987-11-25,2.3315668438541346,2.348024928238852,2.315108759469417,2.3205947875976562,965800,0.0,0.0
1987-11-27,2.3151095654806157,2.3151095654806157,2.293165445327759,2.293165445327759,227700,0.0,0.0
1987-11-30,2.2952899053555327,2.3009433168007845,2.233102199510234,2.2670228481292725,930300,0.3708,0.0
1987-12-01,2.278328853302185,2.3405163568801695,2.278328853302185,2.3348629474639893,1492300,0.0,0.0
1987-12-02,2.3348652642932435,2.3574791043445833,2.3292118492673186,2.3461720943450928,1503500,0.0,0.0
1987-12-03,2.334863844157874,2.334863844157874,2.2952899630464416,2.300943374633789,1310000,0.0,0.0
1987-12-04,2.289635340962394,2.289635340962394,2.1822203976439685,2.244407892227173,1501000,0.0,0.0
1987-12-07,2.2161417627533915,2.312249928491739,2.2161417627533915,2.306596517562866,850200,0.0,0.0
1987-12-08,2.306598189163619,2.3518256893186584,2.3009447741376943,2.3461720943450928,1541900,0.0,0.0
1987-12-09,2.3292118492673186,2.363132519370508,2.317905019215469,2.3461720943450928,1604900,0.0,0.0
1987-12-10,2.283982572202278,2.3292098536601022,2.261368751525879,2.261368751525879,1835200,0.0,0.0
1987-12-11,2.261368118022592,2.261368118022592,2.2274476664317535,2.244407892227173,714200,0.0,0.0
1987-12-14,2.2387561798095703,2.255716418454818,2.2217959411643227,2.2387561798095703,819300,0.0,0.0
1987-12-15,2.244408520979195,2.283982572202278,2.2387551107969665,2.261368751525879,1050000,0.0,0.0
1987-12-16,2.3065968725944637,2.3292105197906494,2.295290048996371,2.3292105197906494,1394200,0.0,0.0
1987-12-17,2.340516018348652,2.3461694269471254,2.244407892227173,2.244407892227173,1224000,0.0,0.0
1987-12-18,2.255716418454818,2.2613698313365673,2.2387561798095703,2.2387561798095703,866100,0.0,0.0
1987-12-21,2.2274493975585354,2.3009439464045385,2.2274493975585354,2.2839837074279785,739600,0.0,0.0
1987-12-22,2.289635340962394,2.289635340962394,2.2274476664317535,2.244407892227173,1331700,0.0,0.0
1987-12-23,2.250062286323297,2.2952897548675537,2.244408875248704,2.2952897548675537,686200,0.0,0.0
1987-12-24,2.2952905334123517,2.2952905334123517,2.272676881443605,2.2839837074279785,193500,0.0,0.0
1987-12-28,2.250063375707931,2.2557167895196653,2.193529237590587,2.2161428928375244,595300,0.0,0.0
1987-12-29,2.2274476664317535,2.261368118022592,2.22179425783328,2.244407892227173,337000,0.0,0.0
1987-12-30,2.238755551805871,2.2839830221204696,2.238755551805871,2.278329610824585,1523600,0.0,0.0
1987-12-31,2.2500619311614227,2.300942802748962,2.244408520979195,2.261368751525879,2118900,0.0,0.0
1988-01-04,2.2613691084724823,2.2952897548675537,2.2557156973978896,2.2952897548675537,702900,0.0,0.0
1988-01-05,2.3009445683919165,2.3009445683919165,2.227449999678988,2.25006365776062,1139700,0.0,0.0
1988-01-06,2.2839818541940002,2.2839818541940002,2.255714632221652,2.272675037384033,533500,0.0,0.0
1988-01-07,2.295289081550726,2.3405163568801695,2.278328853302185,2.3348629474639893,930700,0.0,0.0
1988-01-08,2.3461716249117734,2.357478632648903,2.210489511489868,2.210489511489868,882300,0.0,0.0
1988-01-11,2.2217954110666045,2.238755645665313,2.1256872350597256,2.2048351764678955,418400,0.0,0.0
1988-01-12,2.193530609065328,2.1991840264117837,2.125689420960147,2.176570177078247,384200,0.0,0.0
1988-01-13,2.1878748251865137,2.233102115037697,2.1200337104622187,2.1709144115448,362100,0.0,0.0
1988-01-14,2.1709145356080906,2.1765679471625696,2.097420185399867,2.1030735969543457,482700,0.0,0.0
1988-01-15,2.1596081256866455,2.187875368814806,2.1539547130505263,2.1596081256866455,651600,0.0,0.0
1988-01-18,2.1709140798068542,2.187874490856843,2.1426470279693604,2.1426470279693604,353300,0.0,0.0
1988-01-19,2.136994475142169,2.187875368814806,2.1256876498699304,2.1596081256866455,314900,0.0,0.0
1988-01-20,2.1483012177858134,2.1822218722454267,2.120034155692433,2.131340980529785,516000,0.0,0.0
1988-01-21,2.142647588209812,2.193528474768676,2.0861132898052457,2.1822216510772705,614500,0.0,0.0
1988-01-22,2.2331017291602424,2.2783291911436914,2.1991812676332723,2.2557153701782227,789300,0.0,0.0
1988-01-25,2.2613691084724823,2.3009431659421464,2.2557156973978896,2.2952897548675537,764700,0.0,0.0
1988-01-26,2.3065967282460367,2.3065967282460367,2.2613692567364936,2.2670228481292725,315800,0.0,0.0
1988-01-27,2.2613692567364936,2.2783296710197765,2.244409022400738,2.2670228481292725,484300,0.0,0.0
1988-01-28,2.267022641060757,2.312249928491739,2.267022641060757,2.306596517562866,302800,0.0,0.0
1988-01-29,2.31790339879168,2.3744376894759944,2.31790339879168,2.3518240451812744,480600,0.0,0.0
1988-02-01,2.3461706318421514,2.363131046295166,2.340517220340323,2.363131046295166,383800,0.0,0.0
1988-02-02,2.3518244300647653,2.3687846660614014,2.3348640141205848,2.3687846660614014,548600,0.0,0.0
1988-02-03,2.3574767650761728,2.3687835839085336,2.3348629474639893,2.3348629474639893,594000,0.0,0.0
1988-02-04,2.346171748891341,2.346171748891341,2.317904677923802,2.3235580921173096,662000,0.0,0.0
1988-02-05,2.3292118492673186,2.3574791043445833,2.3292118492673186,2.3461720943450928,346600,0.0,0.0
1988-02-08,2.334864148959981,2.334864148959981,2.2896368503570557,2.2896368503570557,542300,0.0,0.0
1988-02-09,2.3009433168007845,2.3009433168007845,2.244409022400738,2.2670228481292725,645400,0.0,0.0
1988-02-10,2.2726776990080704,2.3461720943450928,2.2726776990080704,2.3461720943450928,393400,0.0,0.0
1988-02-11,2.346170072627533,2.3800907135009766,2.340516662473207,2.3800907135009766,879000,0.0,0.0
1988-02-12,2.3800920480823797,2.41401252802846,2.357478394784993,2.39705228805542,503100,0.0,0.0
1988-02-16,2.3970518732148514,2.3970518732148514,2.3744382238310466,2.385745048522949,511000,0.0,0.0
1988-02-17,2.397052656580526,2.4140128991610497,2.3235580921173096,2.3235580921173096,566500,0.0,0.0
1988-02-18,2.3405174261194635,2.385744902058037,2.317903778123949,2.3687846660614014,322000,0.0,0.0
1988-02-19,2.3574773123756287,2.4253182411193848,2.3574773123756287,2.4253182411193848,351600,0.0,0.0
1988-02-22,2.4140130759363014,2.5270817279815674,2.4140130759363014,2.5270817279815674,703300,0.0,0.0
1988-02-23,2.5270808561783022,2.5553479194641113,2.5101204382592517,2.5553479194641113,447600,0.0,0.0
1988-02-24,2.623187355692731,2.6288407646955796,2.5892667217281895,2.6005735397338867,1220300,0.0,0.0
1988-02-25,2.5836139597410126,2.6118811917816815,2.5496934972292027,2.5666537284851074,1902800,0.0,0.0
1988-02-26,2.5553479508430392,2.5666547762962075,2.527080887210119,2.549694538116455,556100,0.0,0.0
1988-02-29,2.618215951655809,2.647371969288959,2.618215951655809,2.641540765762329,741300,0.412,0.0
1988-03-01,2.635711348763453,2.694023609161377,2.6240489338052195,2.694023609161377,915700,0.0,0.0
1988-03-02,2.6881914138793945,2.6940228052250945,2.670697796662399,2.6881914138793945,614500,0.0,0.0
1988-03-03,2.7056842608853064,2.717346668243408,2.694021853527205,2.717346668243408,274900,0.0,0.0
1988-03-04,2.7173474559755584,2.752334688192316,2.7056850452366388,2.7290098667144775,407100,0.0,0.0
1988-03-07,2.71151558973546,2.71151558973546,2.688190588335874,2.6998531818389893,336600,0.0,0.0
1988-03-08,2.694021616009782,2.787321052255521,2.694021616009782,2.781489849090576,631600,0.0,0.0
1988-03-09,2.7698270969698573,2.798983296715045,2.758164691314426,2.793152093887329,570700,0.0,0.0
1988-03-10,2.7931543219131174,2.7931543219131174,2.694023609161377,2.694023609161377,474700,0.0,0.0
1988-03-11,2.694022290290082,2.694022290290082,2.653203672312455,2.6823596954345703,561900,0.0,0.0
1988-03-14,2.6940219778907535,2.7056843857872246,2.664865772542932,2.6998531818389893,429700,0.0,0.0
1988-03-15,2.699852736120027,2.699852736120027,2.6706965355856056,2.676527738571167,265700,0.0,0.0
1988-03-16,2.6823592605624675,2.717346668243408,2.659034445846264,2.717346668243408,211500,0.0,0.0
1988-03-17,2.7173476281810887,2.7173476281810887,2.6590353851844015,2.6881914138793945,312400,0.0,0.0
1988-03-18,2.6998527436077633,2.705683946609497,2.6706965429924803,2.705683946609497,1391700,0.0,0.0
1988-03-21,2.6940224353349587,2.7348408699035645,2.659035020098049,2.7348408699035645,518900,0.0,0.0
1988-03-22,2.723177997631931,2.7290092015801664,2.6706969764911674,2.6998531818389893,241900,0.0,0.0
1988-03-23,2.688190750503953,2.688190750503953,2.641541116103878,2.6590347290039062,483500,0.0,0.0
1988-03-24,2.6123847244265197,2.6123847244265197,2.536578893661499,2.536578893661499,793900,0.0,0.0
1988-03-25,2.524917708759293,2.5307489150552844,2.460774253896664,2.4724366664886475,733400,0.0,0.0
1988-03-28,2.4141246845674753,2.4957617673350776,2.4082934776274136,2.4782681465148926,567300,0.0,0.0
1988-03-29,2.4899300866387972,2.5599047422122765,2.4899300866387972,2.5482423305511475,392100,0.0,0.0
1988-03-30,2.5482414260610677,2.5540726298218654,2.51908540725708,2.51908540725708,234800,0.0,0.0
1988-03-31,2.5190855176812117,2.5190855176812117,2.484098107976114,2.507422924041748,559800,0.0,0.0
1988-04-04,2.5015916103680484,2.5424102223002705,2.4840979990856558,2.51908540725708,549400,0.0,0.0
1988-04-05,2.519085847265907,2.542410666383244,2.4957608425418982,2.5132546424865723,521500,0.0,0.0
1988-04-06,2.5015930249818688,2.6298799514770503,2.454943368515798,2.629879951477051,695400,0.0,0.0
1988-04-07,2.6240475032038506,2.6823595462039433,2.6240475032038506,2.6590347290039062,546500,0.0,0.0
1988-04-08,2.6473728670401906,2.676528894560448,2.6473728670401906,2.6706976890563965,280300,0.0,0.0
1988-04-11,2.670697286185724,2.688190900058993,2.670697286185724,2.6823596954345703,346600,0.0,0.0
1988-04-12,2.67652980111727,2.6998548166404936,2.6415425562425696,2.694023609161377,390900,0.0,0.0
1988-04-13,2.6940226966792964,2.6940226966792964,2.6590352780482935,2.6706976890563965,267400,0.0,0.0
1988-04-14,2.624047683451994,2.6415412975536734,2.5307482226363676,2.5832290649414062,744700,0.0,0.0
1988-04-15,2.571566028229764,2.577397231507854,2.554072418395494,2.559903621673584,503500,0.0,0.0
1988-04-18,2.571565981775082,2.6182157927637086,2.5657347786023315,2.589059591293335,323300,0.0,0.0
1988-04-19,2.5890591980882305,2.6065529905562888,2.530747175216675,2.530747175216675,333300,0.0,0.0
1988-04-20,2.530749194582187,2.5482428154023715,2.460774525694708,2.4782681465148926,344600,0.0,0.0
1988-04-21,2.4432800914400734,2.5424107620245615,2.4199550858386165,2.4607737064361572,632400,0.0,0.0
1988-04-22,2.449110573783251,2.583228434785944,2.449110573783251,2.559903621673584,311200,0.0,0.0
1988-04-25,2.554073536381712,2.5599047422122765,2.5424111247205827,2.5482423305511475,185200,0.0,0.0
1988-04-26,2.5424111247205827,2.6123857802940624,2.5365799188900184,2.5482423305511475,671600,0.0,0.0
1988-04-27,2.5599037075563884,2.565734911030111,2.5190852832403317,2.536578893661499,258600,0.0,0.0
1988-04-28,2.548241300608944,2.554072504082666,2.513254079766609,2.536578893661499,270300,0.0,0.0
1988-04-29,2.524917405680687,2.5365798168727722,2.4782675753056487,2.5015923976898193,472600,0.0,0.0
1988-05-02,2.52491672169762,2.5307479257140284,2.454942087894072,2.507422924041748,452200,0.0,0.0
1988-05-03,2.519085198726954,2.559903621673584,2.4724353868956106,2.559903621673584,501000,0.0,0.0
1988-05-04,2.548241099864941,2.565734708908006,2.5190850847931663,2.542409896850586,522700,0.0,0.0
1988-05-05,2.5365790185394728,2.5424102223002705,2.5132542034962824,2.51908540725708,308700,0.0,0.0
1988-05-06,2.5132538817788115,2.559903505893651,2.5132538817788115,2.542409896850586,342900,0.0,0.0
1988-05-09,2.5424102223002705,2.5540726298218654,2.495760406607251,2.51908540725708,474300,0.0,0.0
1988-05-10,2.5190847314126628,2.5307471358053553,2.5190847314126628,2.524915933609009,339600,0.0,0.0
1988-05-11,2.4957608425418982,2.5132546424865723,2.4724360234245606,2.5132546424865723,626600,0.0,0.0
1988-05-12,2.501591405691534,2.5132539978655517,2.495760202407837,2.495760202407837,281600,0.0,0.0
1988-05-13,2.5015908881174793,2.5132534778785307,2.4724348777313123,2.4899284839630127,288700,0.0,0.0
1988-05-16,2.48992899912414,2.519085201149249,2.4840977958404427,2.495760202407837,207700,0.0,0.0
1988-05-17,2.507423904264598,2.519086502463301,2.4724366664886475,2.4724366664886475,391700,0.0,0.0
1988-05-18,2.460773728333515,2.460773728333515,2.384967877069242,2.39663028717041,850200,0.0,0.0
1988-05-19,2.3849675159123116,2.4491109473621417,2.3849675159123116,2.44327974319458,522700,0.0,0.0
1988-05-20,2.4491118413046804,2.507423904264598,2.4491118413046804,2.4724366664886475,554400,0.0,0.0
1988-05-23,2.460773521196523,2.4666047257562624,2.4024612899924676,2.431617498397827,215200,0.0,0.0
1988-05-24,2.431616966287168,2.495760202407837,2.431616966287168,2.495760202407837,1107200,0.0,0.0
1988-05-25,2.495760202407837,2.530747607716643,2.495760202407837,2.495760202407837,1935300,0.0,0.0
1988-05-26,2.4957617673350776,2.4957617673350776,2.460774525694708,2.4782681465148926,624500,0.0,0.0
1988-05-27,2.4782664453104073,2.4782664453104073,2.43161682181252,2.437448024749756,324100,0.0,0.0
1988-05-31,2.437448139934364,2.466604155998347,2.4024607350509632,2.454941749572754,1465200,0.0,0.0
1988-06-01,2.460772982705654,2.507422608975231,2.437448169570865,2.495760202407837,2589900,0.0,0.0
1988-06-02,2.507422924041748,2.5424103337468456,2.484098107976114,2.507422924041748,1301200,0.0,0.0
1988-06-03,2.524916486714054,2.548241300608944,2.5074226906862576,2.536578893661499,727500,0.0,0.0
1988-06-06,2.5952941854315683,2.6073372881096915,2.589272442427124,2.60131573677063,658300,0.412,0.0
1988-06-07,2.5892726032429967,2.6073374500475444,2.5651863963907924,2.5772294998168945,468500,0.0,0.0
1988-06-08,2.5712078701806944,2.619380474090576,2.5712078701806944,2.619380474090576,1010000,0.0,0.0
1988-06-09,2.631424003066717,2.643467108077104,2.6133593455511366,2.6254024505615234,819300,0.0,0.0
1988-06-10,2.62540284318576,2.691640122313973,2.62540284318576,2.661532163619995,738000,0.0,0.0
1988-06-13,2.6615318899199942,2.775941584528474,2.6494887843470414,2.7518553733825684,1637900,0.0,0.0
1988-06-14,2.757876421101355,2.806049026236435,2.757876421101355,2.7879843711853027,2011700,0.0,0.0
1988-06-15,2.775942037164196,2.8662655353546143,2.769920483395865,2.8662655353546143,1829000,0.0,0.0
1988-06-16,2.83615765214164,3.028847748288688,2.83615765214164,3.0228261947631836,5089800,0.0,0.0
1988-06-17,3.0107845456902953,3.10110808397766,2.8903532251956583,2.938525676727295,4550800,0.0,0.0
1988-06-20,2.8903508291283684,3.004760498337263,2.88432927767871,2.944544792175293,2121400,0.0,0.0
1988-06-21,2.950568789610204,2.9806767634830225,2.8843316687542035,2.938525676727295,2790600,0.0,0.0
1988-06-22,2.9866958439882882,2.9987389468876047,2.9204585863766597,2.944544792175293,1623700,0.0,0.0
1988-06-23,2.9385254250579393,2.956590092835159,2.902396089503501,2.9144392013549805,1226100,0.0,0.0
1988-06-24,2.9144381173667053,2.9565889931694005,2.902395009994507,2.902395009994507,1120500,0.0,0.0
1988-06-27,2.902396497644696,2.9987415976703153,2.8843318273271845,2.8963749408721924,2493100,0.0,0.0
1988-06-28,2.9084171407563777,3.0168053202775447,2.9084171407563777,2.97465443611145,1983300,0.0,0.0
1988-06-29,2.980674349441293,3.0288467619581967,2.97465279787668,2.998739004135132,2825200,0.0,0.0
1988-06-30,3.0107826926462087,3.0107826926462087,2.962610270763215,2.986696481704712,1928700,0.0,0.0
1988-07-01,2.998740050866576,3.016804711866013,2.9144381078704145,2.9565889835357666,1298700,0.0,0.0
1988-07-05,2.9445443302168073,3.022824678446643,2.9385227797118474,3.0047600269317627,1150600,0.0,0.0
1988-07-06,3.0047602141040772,3.083040567210147,2.9806740105838614,3.010781764984131,2910300,0.0,0.0
1988-07-07,3.010783087712175,3.058955707581663,2.9927184271356615,3.0228261947631836,1662500,0.0,0.0
1988-07-08,3.0469116868441373,3.095084295298251,3.0408901347455486,3.083041191101074,2514800,0.0,0.0
1988-07-11,3.0770208094072458,3.0770208094072458,3.040891291407743,3.0589561462402344,1170200,0.0,0.0
1988-07-12,3.0589571888874776,3.0589571888874776,2.93250412028584,2.938525676727295,2145600,0.0,0.0
1988-07-13,2.9445470379749072,2.968633453809584,2.884331477552047,2.9084177017211914,2620800,0.0,0.0
1988-07-14,2.908415256050092,2.908415256050092,2.848199554596766,2.8542211055755615,1761400,0.0,0.0
1988-07-15,2.890350603113706,2.8963721540925014,2.8120702487239932,2.8542211055755615,1889000,0.0,0.0
1988-07-18,2.8542224792374595,2.8542224792374595,2.757877425543031,2.775942087173462,1846100,0.0,0.0
1988-07-19,2.7879857104602483,2.824115037918091,2.763899300489534,2.824115037918091,2035100,0.0,0.0
1988-07-20,2.8361577665129616,2.8662655353546143,2.8301362127446312,2.8662655353546143,977400,0.0,0.0
1988-07-21,2.8722872807884055,2.9144381571667193,2.8301362127446312,2.8662655353546143,1457200,0.0,0.0
1988-07-22,2.842178937865501,2.842178937865501,2.7458338988699977,2.7699201107025146,1613300,0.0,0.0
1988-07-25,2.7699214753849692,2.812072558524267,2.7699214753849692,2.7819647789001465,740900,0.0,0.0
1988-07-26,2.7819647789001465,2.800029446674619,2.7699214753849692,2.7819647789001465,597800,0.0,0.0
1988-07-27,2.794006326525525,2.794006326525525,2.691639741447912,2.7097043991088867,868100,0.0,0.0
1988-07-28,2.709704026455232,2.733790233357395,2.6795960761621322,2.6976609230041504,722100,0.0,0.0
1988-07-29,2.7097049945285487,2.7879853865925464,2.7097049945285487,2.775942087173462,879800,0.0,0.0
1988-08-01,2.7819619059332497,2.8120696544647212,2.7578755154427412,2.8120696544647217,789700,0.0,0.0
1988-08-02,2.830136592494398,2.8602443653759333,2.8000288196128627,2.824115037918091,948700,0.0,0.0
1988-08-03,2.8241127538773103,2.8241127538773103,2.787983455639544,2.8120696544647217,495600,0.0,0.0
1988-08-04,2.8361584584192734,2.8783095367461815,2.800029126995215,2.842180013656616,1086800,0.0,0.0
1988-08-05,2.8482015688939595,2.8722879815088382,2.83013690318193,2.842180013656616,602000,0.0,0.0
1988-08-08,2.8482002135269857,2.8542217658988656,2.806049346923828,2.806049346923828,419700,0.0,0.0
1988-08-09,2.8060496201167253,2.8180927260329836,2.7699201107025146,2.7699201107025146,1250700,0.0,0.0
1988-08-10,2.7638979387331775,2.7699194903427014,2.661531369705881,2.7036824226379395,917000,0.0,0.0
1988-08-11,2.709704026455232,2.7157255781807725,2.673574524436592,2.6976609230041504,704200,0.0,0.0
1988-08-12,2.6795959991843934,2.6856177424023406,2.661531344526721,2.673574447631836,629900,0.0,0.0
1988-08-15,2.6615313348045073,2.6735744378656308,2.619380474090576,2.619380474090576,938200,0.0,0.0
1988-08-16,2.6073385234271194,2.679597173730908,2.6073385234271194,2.649489402770996,584400,0.0,0.0
1988-08-17,2.6494890568085836,2.697661675719679,2.6494890568085836,2.661532163619995,839400,0.0,0.0
1988-08-18,2.6675540653469434,2.679597173730908,2.649489402770996,2.649489402770996,414600,0.0,0.0
1988-08-19,2.6615311257988297,2.6675526768565287,2.6254018194526356,2.6434664726257324,1356700,0.0,0.0
1988-08-22,2.6374452086127995,2.6374452086127995,2.5651863963907924,2.5772294998168945,597800,0.0,0.0
1988-08-23,2.571208791692794,2.607338305490242,2.571208791692794,2.589273452758789,647400,0.0,0.0
1988-08-24,2.5952962262404093,2.6494902309073685,2.5952962262404093,2.6374471187591553,1312000,0.0,0.0
1988-08-25,2.6314243435478355,2.6735752165381093,2.613359683694861,2.667553663253784,1088000,0.0,0.0
1988-08-26,2.655511786981475,2.6615333430555816,2.6314255626850485,2.6374471187591553,459300,0.0,0.0
1988-08-29,2.6735752038796354,2.727769374847412,2.6735752038796354,2.727769374847412,997100,0.0,0.0
1988-08-30,2.7398136957608483,2.806051002599443,2.7337921398360243,2.7819647789001465,1668300,0.0,0.0
1988-08-31,2.794006434553332,2.8000279873398086,2.7337907150231393,2.7518553733825684,517700,0.0,0.0
1988-09-01,2.739812055334965,2.739812055334965,2.66153168351605,2.721747398376465,574400,0.0,0.0
1988-09-02,2.8133574128755487,2.863041324266244,2.8133574128755487,2.8568308353424072,864400,0.412,0.0
1988-09-06,2.8692520108693285,2.8816729887170025,2.844409857494733,2.8568308353424072,480600,0.0,0.0
1988-09-07,2.8692533062480075,2.881674289703369,2.850621633385628,2.881674289703369,786000,0.0,0.0
1988-09-08,2.8692537602291677,2.9065167164910997,2.8506220844188337,2.8630430698394775,944100,0.0,0.0
1988-09-09,2.850620363583633,2.850620363583633,2.807146940854999,2.819567918777466,614900,0.0,0.0
1988-09-12,2.8444116842117295,2.8754643464525724,2.838201191299436,2.8506221771240234,558200,0.0,0.0
1988-09-13,2.8568308673837315,2.8940939990239323,2.8506203783902397,2.875462532043457,1217300,0.0,0.0
1988-09-14,2.894095273158731,2.900305764886412,2.856832125113309,2.881674289703369,1900700,0.0,0.0
1988-09-15,2.8878861547928643,2.8878861547928643,2.8319915049831654,2.8382019996643066,642400,0.0,0.0
1988-09-16,2.825777094794537,2.9251450696840617,2.825777094794537,2.9003031253814697,1914100,0.0,0.0
1988-09-19,2.900305764886412,2.9065162566140925,2.8754637979756885,2.881674289703369,764700,0.0,0.0
1988-09-20,2.875463411042731,2.8878843928266797,2.863042231579472,2.869252920150757,619900,0.0,0.0
1988-09-21,2.8630413563772232,2.875462532043457,2.8506203783902397,2.875462532043457,473100,0.0,0.0
1988-09-22,2.887886952949772,2.8940974493473757,2.831992287691853,2.8444132804870605,756800,0.0,0.0
1988-09-23,2.844409857494733,2.863041324266244,2.8381993685708964,2.8568308353424072,437200,0.0,0.0
1988-09-26,2.8692520108693285,2.8692520108693285,2.85062034641857,2.8568308353424072,355000,0.0,0.0
1988-09-27,2.85683213518526,2.8630426269348366,2.807148201188649,2.825779676437378,326200,0.0,0.0
1988-09-28,2.8257788097370966,2.8257788097370966,2.7947263605133736,2.8133578300476074,506000,0.0,0.0
1988-09-29,2.8257783907232223,2.8692520108693285,2.8257783907232223,2.8568308353424072,901900,0.0,0.0
1988-09-30,2.856832670036317,2.881674839364866,2.831990698387142,2.8506221771240234,972000,0.0,0.0
1988-10-03,2.8506221771240234,2.856832670036317,2.8133592196502613,2.8506221771240234,922000,0.0,0.0
1988-10-04,2.8506222280453226,2.925148342003497,2.8444117350220894,2.9127273559570312,1216900,0.0,0.0
1988-10-05,2.9251477726210973,3.123883906039161,2.9251477726210973,3.0990419387817383,4464000,0.0,0.0
1988-10-06,3.0741997575507174,3.0804102489328042,2.9934631719042635,3.0245156288146973,1598200,0.0,0.0
1988-10-07,3.036936595747456,3.080410232874763,3.005884138998897,3.043147087097168,1290300,0.0,0.0
1988-10-10,3.0431474219719536,3.092831555916326,3.024515945872569,3.0679895877838135,1335800,0.0,0.0
1988-10-11,3.0741989881313323,3.229461431503296,3.061778008475917,3.229461431503296,4297100,0.0,0.0
1988-10-12,3.1549347858662213,3.2667237732421115,3.130092634921068,3.2046186923980713,4011300,0.0,0.0
1988-10-13,3.1797772312254864,3.223250656168679,3.148724784837491,3.167356252670288,1422200,0.0,0.0
1988-10-14,3.1611468544377486,3.1735678372799514,3.0866207597052044,3.142515182495117,1575300,0.0,0.0
1988-10-17,3.117673248900225,3.1425152148403233,3.105252265930176,3.105252265930176,825600,0.0,0.0
1988-10-18,3.1114632720564446,3.1859893798828125,3.099042287031944,3.1859893798828125,2451400,0.0,0.0
1988-10-19,3.173567853514954,3.204620310779316,3.0928312669482847,3.1238837242126465,1681300,0.0,0.0
1988-10-20,3.123882630047836,3.1735667419478872,3.0928301836598413,3.167356252670288,2237400,0.0,0.0
1988-10-21,3.1549362135478907,3.192199160309124,3.1176730691073398,3.130094051361084,1752200,0.0,0.0
1988-10-24,3.142517033141345,3.1735697062132755,3.1238855479058527,3.154938220977783,1940300,0.0,0.0
1988-10-25,3.14251408567165,3.1673562403647906,3.099040660897356,3.111461639404297,1296200,0.0,0.0
1988-10-26,3.111461639404297,3.1300931071647087,3.0866196823904146,3.111461639404297,1002100,0.0,0.0
1988-10-27,3.0866206963538434,3.099041678941112,2.9065160534798062,2.9810421466827393,2405100,0.0,0.0
1988-10-28,2.993463994298137,2.9996744873864314,2.949990345000695,2.9562008380889893,1098400,0.0,0.0
1988-10-31,2.943778842482586,2.962410513037999,2.9313578605651855,2.9313578605651855,1108900,0.0,0.0
1988-11-01,2.93756779422538,2.9996728897094727,2.925146814664417,2.9996728897094727,2266200,0.0,0.0
1988-11-02,2.999673620563642,3.0058841118572763,2.9561999838288795,2.9810421466827393,1007100,0.0,0.0
1988-11-03,2.9934629678315,2.9934629678315,2.912726387689085,2.9313578605651855,955300,0.0,0.0
1988-11-04,2.90651535987854,2.968620455673649,2.8940943802553734,2.90651535987854,1025800,0.0,0.0
1988-11-07,2.8940951824188232,2.912726657017705,2.8692532162869817,2.8940951824188232,1246100,0.0,0.0
1988-11-08,2.9065161654847445,2.918937148550665,2.8940951824188232,2.8940951824188232,547300,0.0,0.0
1988-11-09,2.88788533227716,2.88788533227716,2.831990698387142,2.8506221771240234,877700,0.0,0.0
1988-11-10,2.8506214777516448,2.863042460528864,2.825779512197206,2.8319900035858154,697900,0.0,0.0
1988-11-11,2.8319910021660344,2.8319910021660344,2.782307053538242,2.7947280406951904,1220700,0.0,0.0
1988-11-14,2.8195676162916956,2.8195676162916956,2.763673023957768,2.7760941982269287,1381300,0.0,0.0
1988-11-15,2.7760947510992886,2.794726219694734,2.763673574356392,2.7823052406311035,925700,0.0,0.0
1988-11-16,2.7885153111618757,2.7947257997605055,2.720199738897711,2.7326207160949707,1570700,0.0,0.0
1988-11-17,2.7388304931707097,2.7450409801559124,2.6829361103038867,2.695357084274292,976200,0.0,0.0
1988-11-18,2.720199738897711,2.7450416932922304,2.701568273101822,2.7326207160949707,529800,0.0,0.0
1988-11-21,2.7326207160949707,2.7388312046936005,2.701568273101822,2.7326207160949707,1272800,0.0,0.0
1988-11-22,2.732622039571744,2.794727153316329,2.7202010563586936,2.76367449760437,1178100,0.0,0.0
1988-11-23,2.7636750674816386,2.7947277295967408,2.7636750674816386,2.7885172367095947,425100,0.0,0.0
1988-11-25,2.7760956784967536,2.7823061701032787,2.7450430227847944,2.76367449760437,526500,0.0,0.0
1988-11-28,2.7636733348021045,2.8940939990239323,2.7636733348021045,2.875462532043457,1558600,0.0,0.0
1988-11-29,2.9189367901985963,2.956199734821661,2.894094827116553,2.9437787532806396,1395100,0.0,0.0
1988-11-30,2.956199989949208,2.9748316615480075,2.9189370421102563,2.925147533416748,1101800,0.0,0.0
1988-12-01,2.912727209201422,2.9189377019117435,2.8444115917085115,2.8630430698394775,901100,0.0,0.0
1988-12-02,2.8382004222351847,3.01830506324768,2.8382004222351847,3.0183050632476807,2637500,0.0,0.0
1988-12-05,3.0678439787681206,3.1445401189243913,3.0294958069723155,3.1317572593688965,2239900,0.412,0.0
1988-12-06,3.106191358287161,3.125365338832578,3.061452070347855,3.0742347240448,1300800,0.0,0.0
1988-12-07,3.0678443696135167,3.074235698487854,3.0294961929321285,3.029496192932129,813500,0.0,0.0
1988-12-08,3.0167139434293317,3.029496602907858,3.003931283950806,3.0039312839508057,474700,0.0,0.0
1988-12-09,3.0039306647960577,3.1189747798258836,3.0039306647960577,3.0678441524505615,1171400,0.0,0.0
1988-12-12,3.0678445252806066,3.0998011712738207,3.042279005050659,3.042279005050659,975400,0.0,0.0
1988-12-13,3.055060995346762,3.055060995346762,2.952799553905868,2.991147518157959,1006200,0.0,0.0
1988-12-14,2.9655824528614074,2.98475643656636,2.94640826572112,2.9527997970581055,671600,0.0,0.0
1988-12-15,2.9655824528614074,2.98475643656636,2.94640826572112,2.9527997970581055,452600,0.0,0.0
1988-12-16,2.9591918494133567,2.971974508346041,2.9272349986462616,2.946408987045288,733800,0.0,0.0
1988-12-19,2.946408987045288,2.9591918494133567,2.9272349986462616,2.946408987045288,1015000,0.0,0.0
1988-12-20,2.9591906924401776,2.965582019407663,2.9400165081024165,2.940016508102417,572300,0.0,0.0
1988-12-21,2.933625609917818,3.003930420271313,2.933625609917818,2.9527997970581055,1714600,0.0,0.0
1988-12-22,2.933625305949351,2.9400166331887627,2.8633207063158226,2.8824946880340576,1221100,0.0,0.0
1988-12-23,2.8824946076118243,2.895277261734009,2.8633206264285476,2.895277261734009,586100,0.0,0.0
1988-12-27,2.895277302034088,2.895277302034088,2.876103320583924,2.888885974884033,389200,0.0,0.0
1988-12-28,2.88249616220363,2.8952788232197766,2.869713501187483,2.8761048316955566,616600,0.0,0.0
1988-12-29,2.888887021848208,2.9591918494133567,2.888887021848208,2.946408987045288,2012100,0.0,0.0
1988-12-30,2.9655825267547793,2.98475651093749,2.9464083391367293,2.978365182876587,680000,0.0,0.0
1989-01-03,2.9911472327426445,3.080626010894775,2.9783645792116684,3.0806260108947754,1945400,0.0,0.0
1989-01-04,3.080626809294392,3.0870181377163073,3.035887306905634,3.0678441524505615,1135600,0.0,0.0
1989-01-05,3.0678443696135167,3.074235698487854,3.0294961929321285,3.029496192932129,1249900,0.0,0.0
1989-01-06,3.055062125300303,3.055062125300303,2.99114862447228,3.0039312839508057,771800,0.0,0.0
1989-01-09,3.010322613690069,3.0167139434293317,2.99114862447228,3.0039312839508057,672500,0.0,0.0
1989-01-10,3.0039304453797757,3.048669944500624,2.9783651335594836,3.023104429244995,1123500,0.0,0.0
1989-01-11,3.016713857650757,3.0231051872082864,2.9975398689781696,3.016713857650757,372100,0.0,0.0
1989-01-12,3.003931283950806,3.0167139434293317,2.99114862447228,3.0039312839508057,954100,0.0,0.0
1989-01-13,3.0103215002840047,3.0103215002840047,2.978364863407262,2.991147518157959,529400,0.0,0.0
1989-01-16,2.9975399971008305,3.0039313269315415,2.984757337439408,2.99753999710083,1008700,0.0,0.0
1989-01-17,2.98475643656636,2.991147764468011,2.933625609917818,2.9527997970581055,1063000,0.0,0.0
1989-01-18,2.952798927732455,3.0806256515676838,2.933624746237187,3.0614516735076904,2841100,0.0,0.0
1989-01-19,3.0870179629483534,3.163714103104624,3.0678439787681206,3.1317572593688965,3222400,0.0,0.0
1989-01-20,3.138148354532113,3.1445398855531845,3.080626406260391,3.0934090614318848,1201100,0.0,0.0
1989-01-23,3.1061922884894564,3.18927976583686,3.0934096309645267,3.157323122024536,2468900,0.0,0.0
1989-01-24,3.1573217698637164,3.170104421914322,3.13175626232723,3.1445391178131104,1798900,0.0,0.0
1989-01-25,3.1445382528879606,3.182886198491933,3.1445382528879606,3.1701035499572754,1388800,0.0,0.0
1989-01-26,3.1573209014226182,3.1956688470265906,3.1509295771552894,3.1701035499572754,1138900,0.0,0.0
1989-01-27,3.1701049001895703,3.2020615351373976,3.157322246210439,3.182887554168701,3035900,0.0,0.0
1989-01-30,3.1701055300863255,3.2020621713839055,3.1701055300863255,3.1956708431243896,698800,0.0,0.0
1989-01-31,3.195669498509904,3.2659742832183833,3.195669498509904,3.265974283218384,1670400,0.0,0.0
1989-02-01,3.2787577420138105,3.2787577420138105,3.2020616128425172,3.2084529399871826,1141000,0.0,0.0
1989-02-02,3.221236679601994,3.221236679601994,3.163714715919235,3.1892800331115723,711700,0.0,0.0
1989-02-03,3.176496744155884,3.1956707282451577,3.1637140880963677,3.176496744155884,683700,0.0,0.0
1989-02-06,3.1764958712067495,3.2148438288466985,3.170104544933425,3.202061176300049,420900,0.0,0.0
1989-02-07,3.202061572708045,3.227626880966272,3.1828875915143753,3.214844226837158,1697500,0.0,0.0
1989-02-08,3.221236679601994,3.227628008900078,3.1892800331115723,3.1892800331115723,677500,0.0,0.0
1989-02-09,3.1892788811582666,3.2148441891165285,3.1701049001895703,3.182887554168701,632400,0.0,0.0
1989-02-10,3.1573217698637164,3.170104421914322,3.118973610276624,3.1445391178131104,972900,0.0,0.0
1989-02-13,3.0997987795814406,3.1701035499572754,3.0997987795814406,3.1701035499572754,910700,0.0,0.0
1989-02-14,3.1573218905120863,3.182887195590206,3.1573218905120863,3.163713216781616,543600,0.0,0.0
1989-02-15,3.1701035499572754,3.1956688470265906,3.1573209014226182,3.1701035499572754,579400,0.0,0.0
1989-02-16,3.176494874224604,3.182886198491933,3.1509295771552894,3.1701035499572754,595300,0.0,0.0
1989-02-17,3.1573218905120863,3.163713216781616,3.1445392379730266,3.163713216781616,507700,0.0,0.0
1989-02-21,3.1509317932620715,3.170105779549466,3.1509317932620715,3.157323122024536,895300,0.0,0.0
1989-02-22,3.1573231422974324,3.1637144711009353,3.106192308434046,3.112583637237549,870200,0.0,0.0
1989-02-23,3.112582524885466,3.1445393609178423,3.112582524885466,3.1381478309631348,626600,0.0,0.0
1989-02-24,3.1445408116681945,3.1573234706043753,3.0934099724880864,3.0998013019561768,1060500,0.0,0.0
1989-02-27,3.099800069785718,3.1189740505683328,3.0934087428581805,3.106191396713257,523100,0.0,0.0
1989-02-28,3.1061912772181914,3.1381479106265115,3.1061912772181914,3.1253652572631836,675400,0.0,0.0
1989-03-01,3.1381489524515604,3.1445404846904266,3.099800979630543,3.112583637237549,674100,0.0,0.0
1989-03-02,3.1125828815799395,3.157322375778188,3.1061915543280914,3.118974208831787,1427200,0.0,0.0
1989-03-03,3.118974208831787,3.131756863335483,3.1061915543280914,3.118974208831787,587000,0.0,0.0
1989-03-06,3.2351533550861697,3.2820395367204607,3.2351533550861697,3.275341510772705,604500,0.6695,0.0
1989-03-07,3.2820398039667706,3.2820398039667706,3.255247697994149,3.2619457244873047,530200,0.0,0.0
1989-03-08,3.268643484824949,3.2887375626682167,3.268643484824949,3.275341510772705,430900,0.0,0.0
1989-03-09,3.275341643849902,3.328926066806588,3.2619455914101083,3.268643617630005,1086300,0.0,0.0
1989-03-10,3.2619457244873047,3.26864375098046,3.2418516450078383,3.2619457244873047,873100,0.0,0.0
1989-03-13,3.255247965244957,3.282040073417169,3.248549938201904,3.2485499382019043,936100,0.0,0.0
1989-03-14,3.255247965244957,3.268644019331063,3.241851911158851,3.2485499382019043,626600,0.0,0.0
1989-03-15,3.235154731517438,3.2485507891124454,3.228456702719934,3.2418527603149414,1299900,0.0,0.0
1989-03-16,3.241850590622354,3.268642687881064,3.241850590622354,3.255246639251709,626600,0.0,0.0
1989-03-17,3.2150583267211914,3.235152398623711,3.2016622787861784,3.2150583267211914,1921600,0.0,0.0
1989-03-20,3.201663388838615,3.208361415128402,3.1815690967717405,3.194965362548828,997900,0.0,0.0
1989-03-21,3.208360516601892,3.248548663085608,3.208360516601892,3.22845458984375,1274500,0.0,0.0
1989-03-22,3.235152398623711,3.235152398623711,3.2016622787861784,3.2150583267211914,937000,0.0,0.0
1989-03-23,3.221757467707976,3.221757467707976,3.1882671230615274,3.194965362548828,645400,0.0,0.0
1989-03-27,3.1882671230615274,3.2150594414181892,3.1815690967717405,3.194965362548828,617800,0.0,0.0
1989-03-28,3.1949638021615123,3.2083598481985955,3.188265565945561,3.2016618251800537,554400,0.0,0.0
1989-03-29,3.2016617120391553,3.208359734821001,3.17486940771437,3.181567430496216,403000,0.0,0.0
1989-03-30,3.174872839872262,3.1949671431379048,3.148080719781581,3.1882688999176025,782600,0.0,0.0
1989-03-31,3.201663355431037,3.282039670069799,3.201663355431037,3.268643617630005,1581600,0.0,0.0
1989-04-03,3.268643194221354,3.3155295848846436,3.2418510928123228,3.3155295848846436,1461000,0.0,0.0
1989-04-04,3.2954358018134755,3.2954358018134755,3.2351533550861697,3.275341510772705,1109700,0.0,0.0
1989-04-05,3.282041072845459,3.295437344208458,3.2753430437627604,3.282041072845459,606600,0.0,0.0
1989-04-06,3.282038959744255,3.355717445414535,3.2753409349739995,3.3423213958740234,1391700,0.0,0.0
1989-04-07,3.355717843360839,3.436094363333028,3.355717843360839,3.3959062099456787,1711300,0.0,0.0
1989-04-10,3.389208584069162,3.395906824042483,3.3490204234144105,3.375812530517578,975800,0.0,0.0
1989-04-11,3.3758120807432093,3.3892081325099777,3.3624160289764404,3.3624160289764404,907800,0.0,0.0
1989-04-12,3.369112991278671,3.382509038816498,3.3490189199719316,3.3557169437408447,763000,0.0,0.0
1989-04-13,3.3557185372543565,3.3557185372543565,3.3088323486073503,3.3356244564056396,613200,0.0,0.0
1989-04-14,3.3490189199719316,3.369112991278671,3.342320896203018,3.3557169437408447,612000,0.0,0.0
1989-04-17,3.3557180030930565,3.369114054859825,3.335623925442903,3.3624160289764404,591100,0.0,0.0
1989-04-18,3.375812530517578,3.389208584069162,3.3557184501902024,3.375812530517578,1353800,0.0,0.0
1989-04-19,3.3624160289764404,3.3758120807432093,3.3624160289764404,3.3624160289764404,838500,0.0,0.0
1989-04-20,3.3557193586966263,3.4026057720184326,3.335625272929104,3.4026057720184326,924500,0.0,0.0
1989-04-21,3.38920797118363,3.416000286639353,3.3825099456190717,3.3959062099456787,950300,0.0,0.0
1989-04-24,3.3892078135825012,3.4226981530454528,3.375811763076313,3.4160001277923584,1009600,0.0,0.0
1989-04-25,3.4026049562262557,3.4561891720925555,3.362416581128995,3.3825106620788574,2050100,0.0,0.0
1989-04-26,3.3825100526079828,3.395906317358314,3.3691140010551486,3.3892080783843994,286600,0.0,0.0
1989-04-27,3.3758120268315657,3.409302368911148,3.3691140010551486,3.3892080783843994,683700,0.0,0.0
1989-04-28,3.3825100526079828,3.395906317358314,3.3691140010551486,3.3892080783843994,1017900,0.0,0.0
1989-05-01,3.3758124255237703,3.3825104520912412,3.3624163723888274,3.369114398956299,271100,0.0,0.0
1989-05-02,3.3758130693261945,3.382511097171049,3.342322930101923,3.3490209579467773,851000,0.0,0.0
1989-05-03,3.349019977209672,3.369114054859825,3.3423219513262876,3.3624160289764404,1153500,0.0,0.0
1989-05-04,3.3624157623504494,3.369113787702707,3.308831559532386,3.3155295848846436,1341200,0.0,0.0
1989-05-05,3.3289258995595192,3.3758120807432093,3.322227873676135,3.3624160289764404,1076300,0.0,0.0
1989-05-08,3.3490189199719316,3.362414967509758,3.342320896203018,3.3557169437408447,2168600,0.0,0.0
1989-05-09,3.355717445414535,3.3624154701847906,3.3289253463335116,3.3423213958740234,1112200,0.0,0.0
1989-05-10,3.335625518704648,3.335625518704648,3.282041072845459,3.282041072845459,776400,0.0,0.0
1989-05-11,3.2820397475173113,3.295436013470733,3.2619456683834533,3.2887377738952637,692500,0.0,0.0
1989-05-12,3.308831190398714,3.3356232888188155,3.302133165793689,3.3222272396087646,1167300,0.0,0.0
1989-05-15,3.3490209579467773,3.3557189857916314,3.3356249022570683,3.3490209579467773,1030000,0.0,0.0
1989-05-16,3.362415387238917,3.362415387238917,3.322227239608765,3.3222272396087646,809300,0.0,0.0
1989-05-17,3.3289248486651917,3.3557169437408447,3.3222268248962785,3.3557169437408447,893600,0.0,0.0
1989-05-18,3.355717949502315,3.395906317358314,3.342321897949481,3.3892080783843994,1036300,0.0,0.0
1989-05-19,3.395905447852227,3.429395568159319,3.3892072105933653,3.4226975440979004,1300800,0.0,0.0
1989-05-22,3.4360953849266638,3.509773901239828,3.4360953849266638,3.476283550262451,1440100,0.0,0.0
1989-05-23,3.4695864993007293,3.563359124676231,3.4695864993007293,3.5231709480285645,1595300,0.0,0.0
1989-05-24,3.5231708796974184,3.53656693832016,3.489680519942954,3.5030767917633057,1292000,0.0,0.0
1989-05-25,3.5097748210746764,3.516472850386047,3.482982490631583,3.5030767917633057,364600,0.0,0.0
1989-05-26,3.503074514182253,3.5164705640953344,3.4963764892257125,3.509772539138794,378400,0.0,0.0
1989-05-30,3.523166784878,3.523166784878,3.4963746987717617,3.5164687633514404,660400,0.0,0.0
1989-05-31,3.5097720158777825,3.549960159625501,3.4896777308064837,3.5365641117095947,954900,0.0,0.0
1989-06-01,3.5298683643341064,3.5432644208897757,3.5231703360562716,3.5298683643341064,385400,0.0,0.0
1989-06-02,3.5499614058438183,3.5700554847717285,3.5365653532252113,3.5700554847717285,801000,0.0,0.0
1989-06-05,3.6703462659134023,3.677337386822887,3.61441707611084,3.61441707611084,637400,0.6695,0.0
1989-06-06,3.6144155252584906,3.6283977610780433,3.5445043461607266,3.5864510536193848,811400,0.0,0.0
1989-06-07,3.6074244073487143,3.6074244073487143,3.579459935709609,3.5864510536193848,576900,0.0,0.0
1989-06-08,3.6004341501071773,3.621407508850097,3.5864519109452306,3.6214075088500977,949900,0.0,0.0
1989-06-09,3.6214081970203242,3.6214081970203242,3.6004348342918706,3.61441707611084,438800,0.0,0.0
1989-06-12,3.6074252696881506,3.6283986284310705,3.6004341501071773,3.6214075088500977,283600,0.0,0.0
1989-06-13,3.607424259185791,3.62140649443107,3.6004331415631516,3.607424259185791,550200,0.0,0.0
1989-06-14,3.5934422016143794,3.6074244375509954,3.5864510836460717,3.59344220161438,209400,0.0,0.0
1989-06-15,3.600434218439679,3.600434218439679,3.551496380444076,3.579460859298706,777200,0.0,0.0
1989-06-16,3.565479703086831,3.5724708249244355,3.544506337574016,3.551497459411621,1619900,0.0,0.0
1989-06-19,3.544506337574016,3.551497459411621,3.53052387137209,3.551497459411621,257800,0.0,0.0
1989-06-20,3.537513046034111,3.544504386550144,3.474592984129153,3.4885752201080322,644900,0.0,0.0
1989-06-21,3.488574858770747,3.502557093301384,3.4536192724441546,3.4606103897094727,1149800,0.0,0.0
1989-06-22,3.446628155178836,3.4745926242401097,3.446628155178836,3.4606103897094727,657900,0.0,0.0
1989-06-23,3.4745935738689524,3.5165402889251713,3.4745935738689524,3.516540288925171,1018800,0.0,0.0
1989-06-26,3.5165395433682574,3.5305217787558956,3.5095484256744385,3.5095484256744385,270300,0.0,0.0
1989-06-27,3.523531675338745,3.523531675338745,3.495567196513671,3.523531675338745,654100,0.0,0.0
1989-06-28,3.537513046034111,3.5584866225290237,3.4676018661397134,3.4885752201080322,751700,0.0,0.0
1989-06-29,3.474594386874244,3.474594386874244,3.4116740770408334,3.425656318664551,839400,0.0,0.0
1989-06-30,3.4256555458883584,3.432646665123126,3.3976910689492885,3.4116733074188232,1190200,0.0,0.0
1989-07-03,3.425655096895117,3.4326462152135737,3.404681741939747,3.41866397857666,372100,0.0,0.0
1989-07-05,3.404682956228975,3.425656318664551,3.3976918354171164,3.425656318664551,602800,0.0,0.0
1989-07-06,3.4116720526630417,3.4116720526630417,3.3837075860088333,3.3976898193359375,652900,0.0,0.0
1989-07-07,3.397689314197187,3.453618461717098,3.397689314197187,3.43963623046875,2724700,0.0,0.0
1989-07-10,3.460610182439297,3.4676012992858887,3.4466279487461136,3.4676012992858887,730500,0.0,0.0
1989-07-11,3.4676026054389277,3.516540441798642,3.4676026054389277,3.4955670833587646,552700,0.0,0.0
1989-07-12,3.467602786098969,3.488576145631546,3.4606116662547763,3.4815850257873535,390400,0.0,0.0
1989-07-13,3.488575002692922,3.544504165649414,3.481583885139183,3.544504165649414,1278300,0.0,0.0
1989-07-14,3.544504119224588,3.5584863541489313,3.516539426849325,3.53751277923584,845200,0.0,0.0
1989-07-17,3.537514236103447,3.6144167823849713,3.5235319954207456,3.6004345417022705,990800,0.0,0.0
1989-07-18,3.5934421715291616,3.600433289438938,3.5584865819802793,3.5864510536193848,534000,0.0,0.0
1989-07-19,3.5724697395850487,3.5934430987260213,3.5724697395850487,3.579460859298706,601100,0.0,0.0
1989-07-20,3.5794611806782184,3.6144167823849713,3.5794611806782184,3.6004345417022705,766300,0.0,0.0
1989-07-21,3.5934412013577317,3.649370352062561,3.5934412013577317,3.635387897491455,1032500,0.0,0.0
1989-07-24,3.635390143409023,3.635390143409023,3.60043454170227,3.6004345417022705,587800,0.0,0.0
1989-07-25,3.6074244375509954,3.6353889094242264,3.5934422016143794,3.59344220161438,866100,0.0,0.0
1989-07-26,3.5794611806782184,3.60043454170227,3.572470060336868,3.6004345417022705,910300,0.0,0.0
1989-07-27,3.600433337032412,3.649371385574341,3.600433337032412,3.649371385574341,623700,0.0,0.0
1989-07-28,3.6353904388392935,3.6493729031849487,3.61441707611084,3.61441707611084,409200,0.0,0.0
1989-07-31,3.6144155730367933,3.649371385574341,3.6074244550346024,3.649371385574341,598200,0.0,0.0
1989-08-01,3.6633555348846394,3.7402578730734706,3.6633555348846394,3.7122933864593506,1653700,0.0,0.0
1989-08-02,3.7053018160037166,3.726275178423923,3.68432845358351,3.7192840576171875,687900,0.0,0.0
1989-08-03,3.7192815782993485,3.7612284977041237,3.7052993460066017,3.747246265411377,1083400,0.0,0.0
1989-08-04,3.754237159031215,3.768219391323962,3.7192815782993485,3.747246265411377,453400,0.0,0.0
1989-08-07,3.761228048505425,3.887068124111225,3.761228048505425,3.8521127700805664,1040900,0.0,0.0
1989-08-08,3.8660987250754655,3.880080969168003,3.8241519927978516,3.8241519927978516,1175200,0.0,0.0
1989-08-09,3.8171574433056907,3.8311396756586227,3.789192978599827,3.803175210952759,525600,0.0,0.0
1989-08-10,3.7891945390614157,3.8031767771724962,3.7682209593681675,3.782203197479248,658300,0.0,0.0
1989-08-11,3.8101665017694537,3.845121859685927,3.7891929309771166,3.7961838245391846,780900,0.0,0.0
1989-08-14,3.7682226121841773,3.810169789969525,3.7542403679402114,3.7752139568328857,496000,0.0,0.0
1989-08-15,3.775213058232735,3.789195299148559,3.775213058232735,3.7891952991485596,237800,0.0,0.0
1989-08-16,3.789192978599827,3.8101665496557606,3.782201639896825,3.803175210952759,375800,0.0,0.0
1989-08-17,3.831142021896032,3.845124262811856,3.782203956163975,3.7891952991485596,592000,0.0,0.0
1989-08-18,3.789195299148559,3.817159780980208,3.789195299148559,3.7891952991485596,277800,0.0,0.0
1989-08-21,3.803178445320817,3.803178445320817,3.7752139568328853,3.7752139568328857,527300,0.0,0.0
1989-08-22,3.7752129476749308,3.7752129476749308,3.719283763122858,3.761230707168579,768400,0.0,0.0
1989-08-23,3.7472477353520386,3.8101680278778076,3.7332652750478283,3.8101680278778076,603200,0.0,0.0
1989-08-24,3.8171569709968916,3.8521127700805664,3.796183402536083,3.8521127700805664,562800,0.0,0.0
1989-08-25,3.845121383666992,3.8591036141132204,3.8381304909703835,3.845121383666992,356200,0.0,0.0
1989-08-28,3.8381304909703835,3.845121383666992,3.831139153220764,3.845121383666992,599900,0.0,0.0
1989-08-29,3.8311405642774337,3.8660963757941698,3.8311405642774337,3.838131904602051,552300,0.0,0.0
1989-08-30,3.8381342368903897,3.8521164809829274,3.8241519927978516,3.8241519927978516,976600,0.0,0.0
1989-08-31,3.8311405642774337,3.8730872710656117,3.810167433409932,3.838131904602051,534000,0.0,0.0
1989-09-01,3.964541396621434,4.037418842315674,3.964541396621434,4.037418842315674,574400,0.6695,0.0
1989-09-05,4.037418857876129,4.037418857876129,4.000980366856761,4.008267879486084,345800,0.0,0.0
1989-09-06,4.015554435977701,4.015554435977701,3.9645400098678443,3.971827983856201,522300,0.0,0.0
1989-09-07,3.9718277412130156,3.9718277412130156,3.898949861526489,3.8989498615264893,696300,0.0,0.0
1989-09-08,3.898948679907129,3.957250594838364,3.8625099830751073,3.9208121299743652,898600,0.0,0.0
1989-09-11,3.9208133190938206,3.9208133190938206,3.877086637665774,3.891662120819092,419700,0.0,0.0
1989-09-12,3.877086637665774,3.913525345549069,3.877086637665774,3.891662120819092,1250300,0.0,0.0
1989-09-13,3.877083769336701,3.8916592417068494,3.8625082969665527,3.8625082969665527,553200,0.0,0.0
1989-09-14,3.8698008195201354,3.8698008195201354,3.8406498387244077,3.84793758392334,684600,0.0,0.0
1989-09-15,3.869796033151627,3.8843715055217753,3.84064508841133,3.8625082969665527,1057600,0.0,0.0
1989-09-18,3.8479373334532796,3.877088312351511,3.8479373334532796,3.869800567626953,519800,0.0,0.0
1989-09-19,3.8625113977362537,3.8770868818073954,3.8479359136651126,3.8552236557006836,245700,0.0,0.0
1989-09-20,3.8479368718104414,3.877087847211386,3.833361384109969,3.840649127960205,591500,0.0,0.0
1989-09-21,3.8697996342878054,3.8697996342878054,3.7969219726510617,3.8042099475860596,573200,0.0,0.0
1989-09-22,3.8187863745644783,3.840649608852709,3.8114986298017346,3.833361864089966,1014200,0.0,0.0
1989-09-25,3.8187851887898536,3.8406484162893126,3.8187851887898536,3.826072931289673,598600,0.0,0.0
1989-09-26,3.8333590002887536,3.84064673960702,3.8187835216522212,3.8187835216522217,1020800,0.0,0.0
1989-09-27,3.8114957823339553,3.8187835216522212,3.804208043015689,3.8187835216522217,347100,0.0,0.0
1989-09-28,3.818785851158779,3.9645409584045406,3.818785851158779,3.964540958404541,5495300,0.0,0.0
1989-09-29,3.9499657195035307,3.9572532317579534,3.920814742613131,3.9281022548675537,501000,0.0,0.0
1989-10-02,3.9280996373727466,3.9280996373727466,3.906236651241556,3.9208121299743652,297400,0.0,0.0
1989-10-03,3.9208135552529684,3.9572520333629386,3.913525581269246,3.9499645233154297,519800,0.0,0.0
1989-10-04,3.964539052841442,4.000977986114563,3.9499635723194144,3.993690013885498,909900,0.0,0.0
1989-10-05,3.9864034678967015,3.993690977948844,3.9645400098678443,3.971827983856201,415500,0.0,0.0
1989-10-06,3.9645409584045406,3.971828934136583,3.957252982672498,3.964540958404541,561900,0.0,0.0
1989-10-09,3.964540007346661,3.964540007346661,3.9426765493317077,3.9499645233154297,338300,0.0,0.0
1989-10-10,3.957252982672498,3.9936919334600605,3.949965470876781,3.964540958404541,331600,0.0,0.0
1989-10-11,3.9864034653616143,3.9864034653616143,3.94996452331543,3.9499645233154297,438000,0.0,0.0
1989-10-12,3.96453905967554,4.000977993011475,3.96453905967554,4.000977993011475,566900,0.0,0.0
1989-10-13,3.9936927198701864,3.9936927198701864,3.818786603127612,3.84793758392334,950300,0.0,0.0
1989-10-16,3.8187875186201805,3.8916649880806946,3.709471082461145,3.8843772411346436,1671700,0.0,0.0
1989-10-17,3.8843715055217753,3.8843715055217753,3.833357352226256,3.8625082969665527,611600,0.0,0.0
1989-10-18,3.869798900757124,3.913525350269823,3.855223417586224,3.906237840652466,784300,0.0,0.0
1989-10-19,3.9062380737058446,3.9864034678967015,3.8916623576972373,3.971827983856201,450900,0.0,0.0
1989-10-20,3.979117155075073,3.98640513210595,3.935390684699032,3.9791171550750732,987000,0.0,0.0
1989-10-23,3.971828934136583,4.0301308842476224,3.957252982672498,3.964540958404541,354600,0.0,0.0
1989-10-24,3.9572532317579534,3.9718291841395077,3.826073835751155,3.9281022548675537,869400,0.0,0.0
1989-10-25,3.928102254867554,3.9572532317579534,3.928102254867554,3.9281022548675537,542700,0.0,0.0
1989-10-26,3.920813323823366,3.9281008334407224,3.898949867098923,3.906237840652466,549000,0.0,0.0
1989-10-27,3.8916630798237013,3.8916630798237013,3.8479366195884377,3.8770875930786133,760900,0.0,0.0
1989-10-30,3.877086399596379,3.9062375960811018,3.789633274078369,3.789633274078369,662000,0.0,0.0
1989-10-31,3.8479366195884377,3.884375336451157,3.818785646098262,3.8770875930786133,1388800,0.0,0.0
1989-11-01,3.877089494188592,3.913528228918849,3.862514000296489,3.8843772411346436,671600,0.0,0.0
1989-11-02,3.8697988952263525,3.913525344676557,3.8552234120762843,3.8989498615264893,559400,0.0,0.0
1989-11-03,3.898949862395751,3.913525345549069,3.8916621208190922,3.891662120819092,368300,0.0,0.0
1989-11-06,3.877083769336701,3.877083769336701,3.847932824596404,3.8625082969665527,433800,0.0,0.0
1989-11-07,3.8625130021040928,3.979117155075073,3.847937511978746,3.9791171550750732,1610300,0.0,0.0
1989-11-08,3.986402512464321,4.015553473558628,3.9791145402226933,4.000977993011475,699600,0.0,0.0
1989-11-09,3.9864034678967015,4.000978951937201,3.9645400098678443,3.971827983856201,246500,0.0,0.0
1989-11-10,3.9353906912779366,3.964541671577363,3.9353906912779366,3.9572536945343018,334500,0.0,0.0
1989-11-13,3.9426765441048333,4.022841938138433,3.9426765441048333,4.015554428100586,386700,0.0,0.0
1989-11-14,4.022842407231923,4.066568864366478,4.0009794106327785,4.044705867767334,983300,0.0,0.0
1989-11-15,4.073855875226917,4.103006839752197,4.037416937602237,4.103006839752197,1153100,0.0,0.0
1989-11-16,4.117582803179085,4.124870777130127,4.081144325232508,4.124870777130127,922400,0.0,0.0
1989-11-17,4.117582803179085,4.139446261096,4.1102952931642545,4.124870777130127,720900,0.0,0.0
1989-11-20,4.110297191971387,4.124872682670604,4.088433723954348,4.117584705352783,483100,0.0,0.0
1989-11-21,4.117582323774163,4.190460199054661,4.1030068415052945,4.183172225952148,1173100,0.0,0.0
1989-11-22,4.197748644619461,4.2560505867004395,4.190461133827469,4.2560505867004395,1028800,0.0,0.0
1989-11-24,4.263339526906956,4.270627039349281,4.241476061707245,4.2487640380859375,377900,0.0,0.0
1989-11-27,4.2633380818769515,4.343503475189209,4.256050107968469,4.343503475189209,1764300,0.0,0.0
1989-11-28,4.321638581760981,4.387228469403664,4.292487623683355,4.307063102722168,1864400,0.0,0.0
1989-11-29,4.292489054300638,4.307064538197224,4.263338086507466,4.277913570404053,787600,0.0,0.0
1989-11-30,4.277913568194606,4.35807896155253,4.277913568194606,4.328927993774414,485200,0.0,0.0
1989-12-01,4.336216438504974,4.3945183866293025,4.321640951473892,4.365367412567139,1503100,0.0,0.0
1989-12-04,4.489104383407165,4.504244670038152,4.466394194417597,4.481534481048584,400500,0.6695,0.0
1989-12-05,4.466393915302553,4.466393915302553,4.405832290649414,4.405832290649414,330400,0.0,0.0
1989-12-06,4.375549985634152,4.405830545006302,4.322558765776088,4.330129146575928,760500,0.0,0.0
1989-12-07,4.330129146575928,4.345269426262003,4.299848587203777,4.330129146575928,710400,0.0,0.0
1989-12-08,4.345268981659203,4.360409259796143,4.345268981659203,4.360409259796143,350400,0.0,0.0
1989-12-11,4.352840061265138,4.360409960593452,4.330129399452935,4.345269680023193,493900,0.0,0.0
1989-12-12,4.360410737353025,4.420971870422363,4.352840836676216,4.420971870422363,569000,0.0,0.0
1989-12-13,4.413401969745555,4.42854225301289,4.405831587155029,4.420971870422363,555200,0.0,0.0
1989-12-14,4.420970473004925,4.4588214101658785,4.413400574720874,4.451251029968262,559800,0.0,0.0
1989-12-15,4.458824029564935,4.458824029564935,4.413403167436804,4.436113357543945,972400,0.0,0.0
1989-12-18,4.428542802996382,4.451252989760917,4.330130708579988,4.352841377258301,844400,0.0,0.0
1989-12-19,4.32255901821099,4.345269680023193,4.307418737640731,4.345269680023193,424200,0.0,0.0
1989-12-20,4.330129146575928,4.330129146575928,4.307418486090013,4.330129146575928,567800,0.0,0.0
1989-12-21,4.330128703522263,4.36797963982139,4.307418045360077,4.360409259796143,639900,0.0,0.0
1989-12-22,4.345268981659203,4.36797963982139,4.330128703522263,4.360409259796143,218600,0.0,0.0
1989-12-26,4.36797963982139,4.36797963982139,4.330128703522263,4.360409259796143,373800,0.0,0.0
1989-12-27,4.375551719279742,4.4209725763342504,4.367981817394221,4.405832290649414,267000,0.0,0.0
1989-12-28,4.405830194523257,4.466391790363495,4.390689916041588,4.451251029968262,252400,0.0,0.0
1989-12-29,4.44368113168421,4.466391790363495,4.436110751486593,4.451251029968262,197700,0.0,0.0
1990-01-02,4.436112354124343,4.534524440765381,4.428542453105507,4.534524440765381,626200,0.0,0.0
1990-01-03,4.542092656014961,4.542092656014961,4.504241723243667,4.519381999969482,749200,0.0,0.0
1990-01-04,4.511813640594482,4.542094204368449,4.496673358707499,4.511813640594482,439700,0.0,0.0
1990-01-05,4.496674767679571,4.511815054310557,4.451253425872785,4.481534481048584,712500,0.0,0.0
1990-01-08,4.481531909698241,4.526952743530273,4.47396152976946,4.526952743530273,495600,0.0,0.0
1990-01-09,4.496673166850166,4.5042430665138395,4.420971278731511,4.428541660308838,1028300,0.0,0.0
1990-01-10,4.413400474232208,4.428540752369148,4.330128703522263,4.360409259796143,702500,0.0,0.0
1990-01-11,4.360409259796143,4.383119917958329,4.322558323497016,4.360409259796143,650800,0.0,0.0
1990-01-12,4.314989204634579,4.337699384984471,4.284708642892295,4.3074188232421875,859000,0.0,0.0
1990-01-15,4.292277407389218,4.292277407389218,4.254426956176758,4.254426956176758,892800,0.0,0.0
1990-01-16,4.239288354434965,4.2847092029857645,4.2090073068207285,4.269568920135498,1527300,0.0,0.0
1990-01-17,4.269568080631007,4.269568080631007,4.239287520884394,4.261997699737549,1410100,0.0,0.0
1990-01-18,4.2468581199646,4.2544285021060455,4.224147455453951,4.2468581199646,933600,0.0,0.0
1990-01-19,4.254426698680826,4.254426698680826,4.231716043797084,4.239286422729492,995800,0.0,0.0
1990-01-22,4.261998910461062,4.261998910461062,4.110595586804625,4.118165969848633,952400,0.0,0.0
1990-01-23,4.125735143286891,4.125735143286891,4.034892982961135,4.103024482727051,1638700,0.0,0.0
1990-01-24,4.087885938480815,4.087885938480815,3.9667634082192507,4.019754409790039,1401700,0.0,0.0
1990-01-25,4.034894195754007,4.0803150486125075,3.981903200752425,3.989473342895508,491400,0.0,0.0
1990-01-26,3.974331886191653,4.042463145380856,3.95919160637183,4.004612445831299,827300,0.0,0.0
1990-01-29,4.004612415181818,4.004612415181818,3.9364809155572584,3.974331855773926,443000,0.0,0.0
1990-01-30,3.974331458589706,3.9819015976851393,3.913770104869462,3.9364805221557617,505600,0.0,0.0
1990-01-31,3.966762916466258,3.989473342895508,3.951622632180092,3.989473342895508,568200,0.0,0.0
1990-02-01,3.997043599309464,4.012183884028474,3.981903314590454,3.981903314590454,768000,0.0,0.0
1990-02-02,3.9667630298714442,4.012183884028474,3.9667630298714442,3.981903314590454,482700,0.0,0.0
1990-02-05,3.997042275329845,3.997042275329845,3.974331855773926,3.974331855773926,384200,0.0,0.0
1990-02-06,3.959190259622527,3.974330534292268,3.944049743996064,3.9667603969573975,382900,0.0,0.0
1990-02-07,3.9516214664619187,4.004612445831299,3.936480945685292,4.004612445831299,393800,0.0,0.0
1990-02-08,3.989473837463874,4.034894695953121,3.981903694382333,4.019754409790039,637400,0.0,0.0
1990-02-09,4.019754461808117,4.110596179962158,4.019754461808117,4.110596179962158,735500,0.0,0.0
1990-02-12,4.1030247933786095,4.1030247933786095,4.0500335693359375,4.0500335693359375,667500,0.0,0.0
1990-02-13,4.034895284219599,4.042465428404827,3.997044563293457,3.997044563293457,1053000,0.0,0.0
1990-02-14,3.9970419899067458,4.065173243709347,3.9970419899067458,4.0424628257751465,333300,0.0,0.0
1990-02-15,4.050031960885586,4.125733817142965,4.042461823451193,4.095452785491943,392500,0.0,0.0
1990-02-16,4.110594381637927,4.118164762462409,4.103024482727051,4.103024482727051,559800,0.0,0.0
1990-02-20,4.0878847664735245,4.103025048295848,4.065174102783203,4.065174102783203,490600,0.0,0.0
1990-02-21,3.981902064788728,3.989472204772189,3.8910601440303894,3.9213407039642334,2308700,0.0,0.0
1990-02-22,3.8986300159271186,3.906200155390024,3.7547971251751266,3.7775075435638428,3057200,0.0,0.0
1990-02-23,3.76993730980337,3.830498423991796,3.76993730980337,3.800217866897583,1373400,0.0,0.0
1990-02-26,3.7850775883504766,3.807788006171136,3.76993730980337,3.800217866897583,912800,0.0,0.0
1990-02-27,3.815360997122102,3.8305012869853647,3.7245192579425233,3.739659547805786,1980000,0.0,0.0
1990-02-28,3.7396575803367704,3.807788848876953,3.7396575803367704,3.807788848876953,1022900,0.0,0.0
1990-03-01,3.792648949550593,3.845640182495117,3.7775086661255464,3.845640182495117,900300,0.0,0.0
1990-03-02,3.860780126363551,3.8834905495037333,3.830499321219801,3.8683502674102783,637000,0.0,0.0
1990-03-05,3.99826546360159,4.061730115011866,3.9903324137388294,4.037930965423584,345800,0.7004,0.0
1990-03-06,4.069663137781605,4.093462287211448,4.037930938541814,4.077596187591553,705000,0.0,0.0
1990-03-07,4.069662775699862,4.085528873908135,4.029997530179178,4.045863628387451,843500,0.0,0.0
1990-03-08,4.045864637533658,4.125195148362164,4.045864637533658,4.093462944030762,604100,0.0,0.0
1990-03-09,4.085528173054404,4.117260364027438,4.077595125311145,4.10932731628418,490600,0.0,0.0
1990-03-12,4.117263879230063,4.1331299882626125,4.101397770197514,4.125196933746338,385900,0.0,0.0
1990-03-13,4.125195148362164,4.125195148362164,4.093462944030762,4.093462944030762,671600,0.0,0.0
1990-03-14,4.077596841865061,4.101395995113612,4.06966379078221,4.093462944030762,481400,0.0,0.0
1990-03-15,4.085528965314978,4.093462014596604,4.053796768188477,4.053796768188477,469700,0.0,0.0
1990-03-16,4.077599466672286,4.117264747619629,4.061733354293348,4.117264747619629,771800,0.0,0.0
1990-03-19,4.093464115196803,4.109330221901898,4.0617319017866125,4.06966495513916,769700,0.0,0.0
1990-03-20,4.053796677491588,4.085528873908135,4.037930579283314,4.045863628387451,338700,0.0,0.0
1990-03-21,4.037932308635711,4.061731466140746,4.029999256134033,4.029999256134033,442600,0.0,0.0
1990-03-22,4.0379343780420545,4.045867434609356,3.9982688426971436,3.9982688426971436,714200,0.0,0.0
1990-03-23,4.029997915560823,4.069663164874625,3.982399363876069,4.037930965423584,896100,0.0,0.0
1990-03-26,4.045865708970728,4.077597921705541,4.045865708970728,4.061731815338135,423800,0.0,0.0
1990-03-27,4.0855310618442555,4.0855310618442555,4.022066635023875,4.06966495513916,667100,0.0,0.0
1990-03-28,4.053799019988134,4.085531234741211,4.053799019988134,4.085531234741211,371700,0.0,0.0
1990-03-29,4.069662077567887,4.117260364027438,4.069662077567887,4.10932731628418,510600,0.0,0.0
1990-03-30,4.101397514343262,4.117263622386048,4.069665298257689,4.101397514343262,573600,0.0,0.0
1990-04-02,4.0855292374015,4.093462287211448,4.061730087971657,4.077596187591553,282800,0.0,0.0
1990-04-03,4.093463528468525,4.212459564208984,4.093463528468525,4.212459564208984,960300,0.0,0.0
1990-04-04,4.236259244446048,4.267991709738284,4.172794818878174,4.172794818878174,872300,0.0,0.0
1990-04-05,4.172795037145074,4.180728090756014,4.148995876312256,4.148995876312256,733800,0.0,0.0
1990-04-06,4.156928411159329,4.188660621643066,4.148995358538396,4.188660621643066,831400,0.0,0.0
1990-04-09,4.188660621643066,4.21245977950587,4.188660621643066,4.188660621643066,458900,0.0,0.0
1990-04-10,4.196593072721436,4.220392227172852,4.188660021237631,4.220392227172852,774300,0.0,0.0
1990-04-11,4.228324360032388,4.323521462172497,4.228324360032388,4.307654857635498,1842700,0.0,0.0
1990-04-12,4.3155890051949255,4.371120616902224,4.299722902566623,4.363187313079834,1823900,0.0,0.0
1990-04-16,4.371119134497511,4.379051930613127,4.331453638870522,4.339386940002441,675800,0.0,0.0
1990-04-17,4.299722671508789,4.30765546988841,4.267990467957404,4.299722671508789,808100,0.0,0.0
1990-04-18,4.291791578557863,4.30765768850524,4.283858776092529,4.283858776092529,719600,0.0,0.0
1990-04-19,4.27592338774671,4.291789489972901,4.267990589141846,4.267990589141846,602400,0.0,0.0
1990-04-20,4.283855623585951,4.283855623585951,4.236257076263428,4.236257076263428,600300,0.0,0.0
1990-04-23,4.236259332201438,4.236259332201438,4.180727958679199,4.180727958679199,238600,0.0,0.0
1990-04-24,4.180727569022133,4.196593674264001,4.164861463780264,4.188660621643066,506800,0.0,0.0
1990-04-25,4.1965940653998395,4.1965940653998395,4.16486185195856,4.180727958679199,320800,0.0,0.0
1990-04-26,4.1648592034058005,4.180725300036737,4.125193709320317,4.156926155090332,430900,0.0,0.0
1990-04-27,4.141060838579324,4.156926938199219,4.069663137781605,4.077596187591553,426300,0.0,0.0
1990-04-30,4.069665298257689,4.101397514343262,4.04586613619351,4.101397514343262,549000,0.0,0.0
1990-05-01,4.101394383155402,4.1648590193831305,4.093461335190453,4.141059875488281,782600,0.0,0.0
1990-05-02,4.133129516582065,4.148995876312256,4.109330355749247,4.148995876312256,361700,0.0,0.0
1990-05-03,4.1331299882626125,4.156929404319776,4.117263879230063,4.125196933746338,468000,0.0,0.0
1990-05-04,4.133129300389954,4.172794818878174,4.12519624719397,4.172794818878174,526000,0.0,0.0
1990-05-07,4.164859634041896,4.236257076263428,4.156926584906171,4.236257076263428,475100,0.0,0.0
1990-05-08,4.228324297097565,4.260056495666504,4.22039124745533,4.260056495666504,454700,0.0,0.0
1990-05-09,4.252124366181711,4.299722671508789,4.252124366181711,4.299722671508789,460100,0.0,0.0
1990-05-10,4.291789368112718,4.30765546988841,4.283856569733096,4.299722671508789,320800,0.0,0.0
1990-05-11,4.307656813586094,4.379054546356201,4.291790706861249,4.379054546356201,1184000,0.0,0.0
1990-05-14,4.3790532932621185,4.426651599816094,4.37112049467802,4.394919395446777,524400,0.0,0.0
1990-05-15,4.39491857591344,4.410784675139501,4.37905247668738,4.386985778808594,392100,0.0,0.0
1990-05-16,4.39491857591344,4.402851878034655,4.347320278235258,4.386985778808594,310800,0.0,0.0
1990-05-17,4.386984716731377,4.426649702685559,4.379051416530793,4.418716907501221,790100,0.0,0.0
1990-05-18,4.410784675139501,4.418717977260715,4.371119679582534,4.386985778808594,415500,0.0,0.0
1990-05-21,4.363188781654612,4.410787105560303,4.3552559801786535,4.410787105560303,478900,0.0,0.0
1990-05-22,4.426652431488037,4.44251904167015,4.402853526247982,4.426652431488037,608200,0.0,0.0
1990-05-23,4.410785687641442,4.434585094451904,4.386986785847465,4.434585094451904,466000,0.0,0.0
1990-05-24,4.418720412052908,4.4266532135288665,4.402854304084344,4.410787105560303,319500,0.0,0.0
1990-05-25,4.4107843097877995,4.4107843097877995,4.355253219604492,4.355253219604492,491400,0.0,0.0
1990-05-29,4.347321905660259,4.426652431488037,4.339389105585759,4.426652431488037,513900,0.0,0.0
1990-05-30,4.442518711090088,4.450451510574286,4.426652102088654,4.442518711090088,593600,0.0,0.0
1990-05-31,4.426653561688097,4.498051305670435,4.426653561688097,4.490118503570557,799300,0.0,0.0
1990-06-01,4.5139157880468055,4.521849092304164,4.450451374053955,4.450451374053955,1762200,0.0,0.0
1990-06-04,4.594295855870113,4.652242070254706,4.594295855870113,4.643963813781738,632000,0.7004,0.0
1990-06-05,4.660519799752279,4.677075785722821,4.635686084284164,4.643963813781738,378800,0.0,0.0
1990-06-06,4.627406712563183,4.660518676523976,4.619128458085352,4.635684967041016,860600,0.0,0.0
1990-06-07,4.643962462450967,4.660518443603941,4.602572246080913,4.619128227233887,403000,0.0,0.0
1990-06-08,4.619128227233887,4.635684735362101,4.610850500145021,4.619128227233887,724200,0.0,0.0
1990-06-11,4.635684194684324,4.701908111572266,4.627405941585741,4.701908111572266,785500,0.0,0.0
1990-06-12,4.735021591186523,4.735021591186523,4.668797653023518,4.735021591186523,863600,0.0,0.0
1990-06-13,4.71846342086792,4.735019397739292,4.685351467125177,4.71846342086792,574900,0.0,0.0
1990-06-14,4.701906850224402,4.726740548907826,4.685350875443773,4.710184574127197,492700,0.0,0.0
1990-06-15,4.701906850224402,4.718462825005031,4.685350875443773,4.710184574127197,605300,0.0,0.0
1990-06-18,4.718464765455034,4.726742492762011,4.677074547994378,4.685352802276611,476400,0.0,0.0
1990-06-19,4.68535213235028,4.7101858376956685,4.677073879251697,4.701908111572266,503900,0.0,0.0
1990-06-20,4.701908010212604,4.759854199727989,4.701908010212604,4.751575946807861,816800,0.0,0.0
1990-06-21,4.759855159016139,4.817800833234568,4.759855159016139,4.809523105621338,714200,0.0,0.0
1990-06-22,4.817799862268205,4.867467798863463,4.751575946807861,4.751575946807861,781400,0.0,0.0
1990-06-25,4.776409603405273,4.776409603405273,4.701907443996548,4.71846342086792,307000,0.0,0.0
1990-06-26,4.735020070016236,4.7515760492382215,4.701908111572266,4.701908111572266,182700,0.0,0.0
1990-06-27,4.7019087838658224,4.718464765455034,4.677074547994378,4.685352802276611,570300,0.0,0.0
1990-06-28,4.685353443739909,4.70190942759577,4.685353443739909,4.693631172180176,217700,0.0,0.0
1990-06-29,4.7019055308684035,4.743295192718506,4.685349560733384,4.743295192718506,548200,0.0,0.0
1990-07-02,4.751575936991821,4.83435583114624,4.751575936991821,4.83435583114624,1013300,0.0,0.0
1990-07-03,4.834354745991153,4.966803073883057,4.834354745991153,4.966803073883057,1231900,0.0,0.0
1990-07-05,4.958525012136035,4.966803263496896,4.925413060642732,4.950247287750244,1033800,0.0,0.0
1990-07-06,4.941971459176496,5.190311744099441,4.92541547531332,5.182034015655518,1604100,0.0,0.0
1990-07-09,5.1737543951836695,5.248256566398833,5.0744185182135775,5.099252223968506,798500,0.0,0.0
1990-07-10,5.132365672370163,5.173755365381625,5.132365672370163,5.157199382781982,1395500,0.0,0.0
1990-07-11,5.16547352271875,5.16547352271875,5.1240833357037,5.140639305114746,797200,0.0,0.0
1990-07-12,5.140643459547268,5.480041897222292,5.1323657316394975,5.446929931640625,3114300,0.0,0.0
1990-07-13,5.446931286869439,5.513155234509683,5.397263326139255,5.413819313049316,1966200,0.0,0.0
1990-07-16,5.4303714534473375,5.4717611279171,5.397259503081507,5.4386491775512695,564400,0.0,0.0
1990-07-17,5.422093772717901,5.471761703491211,5.405537795793463,5.471761703491211,935700,0.0,0.0
1990-07-18,5.463483403813168,5.480039378996084,5.4303714534473375,5.4386491775512695,1185200,0.0,0.0
1990-07-19,5.430373103155719,5.4469290833682225,5.355870928711849,5.397261142730713,1055000,0.0,0.0
1990-07-20,5.397262294016263,5.405540022400625,5.372428054912532,5.380706310272217,433800,0.0,0.0
1990-07-23,5.364147978744796,5.364147978744796,5.173753966828002,5.273090362548828,999600,0.0,0.0
1990-07-24,5.281371042305439,5.289649299485669,5.215147092765362,5.2482590675354,493900,0.0,0.0
1990-07-25,5.248257999453026,5.248257999453026,5.198590047405982,5.2399797439575195,815600,0.0,0.0
1990-07-26,5.2482590675354,5.25653732471563,5.223424822970151,5.2482590675354,311200,0.0,0.0
1990-07-27,5.231700328632259,5.231700328632259,5.148920435243749,5.1985883712768555,370000,0.0,0.0
1990-07-30,5.18203362016909,5.190311347981267,5.148921654969805,5.157199382781982,613700,0.0,0.0
1990-07-31,5.165475048230371,5.165475048230371,5.090972900390625,5.090972900390625,1324600,0.0,0.0
1990-08-01,5.099252263685323,5.140642476232834,5.099252263685323,5.132364749908447,1559400,0.0,0.0
1990-08-02,5.099252223968506,5.124086456698623,5.0661402649784755,5.099252223968506,506400,0.0,0.0
1990-08-03,5.082697138647428,5.0909753933388835,4.867468840372983,4.98336124420166,1947400,0.0,0.0
1990-08-06,4.801244851032834,4.842635070024804,4.768132886629368,4.809523105621338,1345800,0.0,0.0
1990-08-07,4.842631600012318,4.884021789345936,4.768129470001765,4.776407718658447,1078800,0.0,0.0
1990-08-08,4.792966064621336,4.950248124280779,4.792966064621336,4.941969871520996,1609900,0.0,0.0
1990-08-09,4.941972604677469,4.999918825117612,4.917138886614158,4.991640567779541,1340400,0.0,0.0
1990-08-10,5.008193275157098,5.008193275157098,4.933691123653843,4.966803073883057,438800,0.0,0.0
1990-08-13,4.950248447069631,5.132364749908447,4.900580508197733,5.132364749908447,743800,0.0,0.0
1990-08-14,5.132361583896657,5.148917553307704,5.08269314868865,5.140639305114746,816000,0.0,0.0
1990-08-15,5.157199382781982,5.231701567968017,5.1406434001823405,5.157199382781982,872700,0.0,0.0
1990-08-16,5.140640924118627,5.140640924118627,5.115806698693282,5.124084949493408,240300,0.0,0.0
1990-08-17,5.016472131237886,5.024750384150774,4.9171362581342315,4.975081920623779,1700000,0.0,0.0
1990-08-20,4.9750807979528355,4.991636773067443,4.925412872609015,4.966803073883057,244800,0.0,0.0
1990-08-21,4.9005796195279165,4.908857344351223,4.735019326335726,4.826077461242676,1273200,0.0,0.0
1990-08-22,4.8343558411332905,4.875746051783589,4.751575946807861,4.751575946807861,1575700,0.0,0.0
1990-08-23,4.643963813781738,4.660519799752279,4.627407827811196,4.643963813781738,805100,0.0,0.0
1990-08-24,4.718466468497528,4.768134431191887,4.685354493367956,4.759856700897217,1025800,0.0,0.0
1990-08-27,4.834354181871952,4.975080217412361,4.834354181871952,4.933690547943115,789300,0.0,0.0
1990-08-28,4.933696205219841,4.933696205219841,4.9005842208862305,4.9005842208862305,358300,0.0,0.0
1990-08-29,4.917135148539236,4.983359048997664,4.917135148539236,4.966803073883057,991600,0.0,0.0
1990-08-30,4.983359793597837,4.991637518904451,4.917135883244411,4.925413608551025,479700,0.0,0.0
1990-08-31,5.0751423614404825,5.126841495550989,5.066525564825678,5.100992202758789,343700,0.7004,0.0
1990-09-04,5.083757033063508,5.1613054275512695,5.075140240050491,5.1613054275512695,461800,0.0,0.0
1990-09-05,5.187157036871055,5.281939049887987,5.187157036871055,5.256089210510254,1015400,0.0,0.0
1990-09-06,5.247469844850717,5.256086087172532,5.1354548549869445,5.169920921325684,678300,0.0,0.0
1990-09-07,5.1526870082744,5.221619129180908,5.144070218898263,5.221619129180908,629500,0.0,0.0
1990-09-10,5.238853868591293,5.281936732476531,5.204387796893433,5.2130045890808105,658300,0.0,0.0
1990-09-11,5.2130035015102925,5.230236533763956,5.135454582105951,5.2043867111206055,353300,0.0,0.0
1990-09-12,5.221623123690654,5.281939049887987,5.221623123690654,5.256089210510254,1418800,0.0,0.0
1990-09-13,5.273323543782016,5.273323543782016,5.178541507581272,5.195774555206299,758000,0.0,0.0
1990-09-14,5.187158305656886,5.2043913532819115,5.169925258031859,5.195774555206299,322900,0.0,0.0
1990-09-17,5.178536279351517,5.238852159407536,5.178536279351517,5.221619129180908,419700,0.0,0.0
1990-09-18,5.2043892643803185,5.2733214272129105,5.195772469763254,5.264705181121826,319500,0.0,0.0
1990-09-19,5.281938718863116,5.325021050424566,5.230239591873757,5.238855838775635,751300,0.0,0.0
1990-09-20,5.187155258064442,5.195771502551581,5.144072390051114,5.1613054275512695,500600,0.0,0.0
1990-09-21,5.135455714474909,5.135455714474909,4.988974633756808,5.014823913574219,1556900,0.0,0.0
1990-09-24,4.997589313302191,4.997589313302191,4.902807370410979,4.911424160003662,584000,0.0,0.0
1990-09-25,4.894195226429351,4.894195226429351,4.721864227042912,4.799413204193115,2469800,0.0,0.0
1990-09-26,4.799411643399602,4.842494516366968,4.747712524954327,4.790794849395752,679600,0.0,0.0
1990-09-27,4.808026670496917,4.859726324367154,4.678778632872927,4.730478286743164,977000,0.0,0.0
1990-09-28,4.704630374908447,4.73909645916808,4.627081411061258,4.704630374908447,1018300,0.0,0.0
1990-10-01,4.75633032068954,4.894195230004627,4.75633032068954,4.876962184906006,1316200,0.0,0.0
1990-10-02,4.9458917693600135,5.057906777971013,4.928658733306462,5.014823913574219,1300800,0.0,0.0
1990-10-03,4.997592117783926,5.04067499287269,4.971742831551441,4.980359077453613,327500,0.0,0.0
1990-10-04,4.963126936244833,4.9889767756862495,4.937277096803416,4.954510688781738,438000,0.0,0.0
1990-10-05,4.859727612409887,4.954509604925672,4.851110818305748,4.945892810821533,367100,0.0,0.0
1990-10-08,4.997591008837633,5.049290118356735,4.988974764847373,5.023440837860107,131400,0.0,0.0
1990-10-09,5.02344286259076,5.02344286259076,4.954510688781738,4.954510688781738,340800,0.0,0.0
1990-10-10,4.894194707798345,4.894194707798345,4.730480522566546,4.747713565826416,1549400,0.0,0.0
1990-10-11,4.764944356972788,4.799410427202411,4.687395424693234,4.730478286743164,1202700,0.0,0.0
1990-10-12,4.808029951113551,4.868345889433085,4.764947608193464,4.8511128425598145,1298700,0.0,0.0
1990-10-15,4.894190727713971,4.9717396335816115,4.894190727713971,4.963122844696045,777600,0.0,0.0
1990-10-16,4.963124805413565,5.02344070586391,4.963124805413565,5.014823913574219,755100,0.0,0.0
1990-10-17,4.997590877520667,5.049289985681321,4.997590877520667,5.014823913574219,677100,0.0,0.0
1990-10-18,5.023440602071336,5.13545560836792,5.023440602071336,5.13545560836792,706700,0.0,0.0
1990-10-19,5.204386098954282,5.281935009236926,5.204386098954282,5.221619129180908,1290800,0.0,0.0
1990-10-22,5.204387796893433,5.247470660778671,5.204387796893433,5.2130045890808105,465500,0.0,0.0
1990-10-23,5.204386987664423,5.238853054003163,5.161304130478129,5.169920921325684,517300,0.0,0.0
1990-10-24,5.1699200385010275,5.238852159407536,5.1526870082744,5.221619129180908,703800,0.0,0.0
1990-10-25,5.230235918557045,5.238852159407536,5.195769309578145,5.221619129180908,1150200,0.0,0.0
1990-10-26,5.204387751157873,5.204387751157873,5.13545560836792,5.13545560836792,550700,0.0,0.0
1990-10-29,5.152688644065408,5.221620786855361,5.118222572670431,5.13545560836792,280300,0.0,0.0
1990-10-30,5.152690939001132,5.187157025746816,5.1268410996788365,5.178540229797363,335400,0.0,0.0
1990-10-31,5.169921258766134,5.230237153058613,5.169921258766134,5.187154293060303,336600,0.0,0.0
1990-11-01,5.204387751157873,5.204387751157873,5.100989536972943,5.13545560836792,579400,0.0,0.0
1990-11-02,5.135454582105951,5.2043867111206055,5.135454582105951,5.2043867111206055,1115500,0.0,0.0
1990-11-05,5.195772795389597,5.290554799487522,5.195772795389597,5.281938552856445,413800,0.0,0.0
1990-11-06,5.273322105407715,5.325021234181114,5.273322105407715,5.273322105407715,360000,0.0,0.0
1990-11-07,5.290550844341348,5.333633690866603,5.273317815436366,5.299167633056641,989100,0.0,0.0
1990-11-08,5.264702854470773,5.3508680199322,5.264702854470773,5.342251777648926,653700,0.0,0.0
1990-11-09,5.342253928136168,5.40256929397583,5.307787299551559,5.40256929397583,1098900,0.0,0.0
1990-11-12,5.419800936899637,5.540432734534653,5.419800936899637,5.505966663360596,794300,0.0,0.0
1990-11-13,5.488734063086036,5.505967100039819,5.428418159484863,5.428418159484863,449300,0.0,0.0
1990-11-14,5.41118770084258,5.514585971832275,5.41118770084258,5.514585971832275,471000,0.0,0.0
1990-11-15,5.514585622980567,5.531818667055357,5.497352578905778,5.523202419281006,725000,0.0,0.0
1990-11-16,5.514584999886857,5.583517168397361,5.514584999886857,5.540434837341309,891500,0.0,0.0
1990-11-19,5.5318147719654975,5.64382975384211,5.523198530258059,5.617980480194092,798500,0.0,0.0
1990-11-20,5.617982747225865,5.635215786120513,5.5835161209106445,5.5835161209106445,1146800,0.0,0.0
1990-11-21,5.583515451096055,5.600749036449235,5.480117230132109,5.549049377441406,554000,0.0,0.0
1990-11-23,5.55766317181356,5.574896199343836,5.540430144283284,5.566279411315918,151800,0.0,0.0
1990-11-26,5.514585971832275,5.514585971832275,5.471503633182963,5.514585971832275,393800,0.0,0.0
1990-11-27,5.514586426901,5.5232032244576015,5.4284211939658205,5.462887287139893,489700,0.0,0.0
1990-11-28,5.497353380313964,5.497353380313964,5.445654240552856,5.462887287139893,897300,0.0,0.0
1990-11-29,5.445650922402643,5.471500750795434,5.4111848502294775,5.4370341300964355,544400,0.0,0.0
1990-11-30,5.437037442996255,5.471504084696494,5.419804396409219,5.462887287139893,1972900,0.0,0.0
1990-12-03,5.672019145576904,5.743590214164308,5.663072477240975,5.7078046798706055,590700,0.7004,0.0
1990-12-04,5.725700429471099,5.850950434265396,5.698861549533252,5.824110984802246,673700,0.0,0.0
1990-12-05,5.868841165478023,6.020929997208162,5.868841165478023,5.994090557098389,849000,0.0,0.0
1990-12-06,6.11933888240257,6.137231647850899,5.833054065704346,5.833054065704346,769700,0.0,0.0
1990-12-07,5.815161300256016,5.913571225459352,5.806214632769375,5.833054065704346,1090900,0.0,0.0
1990-12-10,5.868839409210806,5.931463801517905,5.859892742009829,5.904624938964844,402500,0.0,0.0
1990-12-11,5.9135736833871055,5.976198673248291,5.877788137616482,5.976198673248291,540600,0.0,0.0
1990-12-12,5.9493632397127305,5.96725659418541,5.8867387771606445,5.8867387771606445,640800,0.0,0.0
1990-12-13,5.886737043353691,5.97620094173963,5.877790368752394,5.940415382385254,479300,0.0,0.0
1990-12-14,5.922524347054858,5.922524347054858,5.842006530030091,5.8867387771606445,418800,0.0,0.0
1990-12-17,5.877788131521669,5.913573677255186,5.877788131521669,5.895680904388428,179800,0.0,0.0
1990-12-18,5.886734051013097,5.958305133340885,5.842001839795672,5.9493584632873535,375800,0.0,0.0
1990-12-19,5.967249493554308,5.976195590619813,5.904624535996195,5.9225172996521,783000,0.0,0.0
1990-12-20,5.904624535996195,5.940410063308004,5.868839008684386,5.9225172996521,686200,0.0,0.0
1990-12-21,5.940413127477668,5.976198673248291,5.8956809105017935,5.976198673248291,1085500,0.0,0.0
1990-12-24,5.976198130145979,5.976198130145979,5.940412587627458,5.958305358886719,141800,0.0,0.0
1990-12-26,5.940415382385254,5.958308162062442,5.922522602708066,5.940415382385254,661200,0.0,0.0
1990-12-27,5.940410063308004,5.949356160373508,5.913570633061699,5.9225172996521,510200,0.0,0.0
1990-12-28,5.913570633061699,5.931463396717604,5.904624535996195,5.9225172996521,162700,0.0,0.0
1990-12-31,5.93146564291734,6.011983394622803,5.904626772032261,6.011983394622803,209800,0.0,0.0
1991-01-02,6.011984212784951,6.011984212784951,5.895680904388428,5.895680904388428,445900,0.0,0.0
1991-01-03,5.877788031571876,5.877788031571876,5.8062169413218845,5.815163612365723,464300,0.0,0.0
1991-01-04,5.824107718035681,5.842000484466553,5.779375517196011,5.842000484466553,811400,0.0,0.0
1991-01-07,5.824110447838836,5.85094989482748,5.7256999015808105,5.7256999015808105,646600,0.0,0.0
1991-01-08,5.707804359417059,5.725697125559355,5.654126060990169,5.698858261108398,444300,0.0,0.0
1991-01-09,5.761483879485023,5.797269419357432,5.555716740456117,5.564663410186768,783500,0.0,0.0
1991-01-10,5.582557920544566,5.752539572694643,5.582557920544566,5.734646797180176,536100,0.0,0.0
1991-01-11,5.734647042162468,5.806218147277832,5.725700369260398,5.806218147277832,598600,0.0,0.0
1991-01-14,5.761485451215501,5.779378226032847,5.7256999015808105,5.7256999015808105,324100,0.0,0.0
1991-01-15,5.6899143266494345,5.734646548256549,5.582557678222656,5.582557678222656,675800,0.0,0.0
1991-01-16,5.582557071925753,5.582557071925753,5.439414320044237,5.54677152633667,2065900,0.0,0.0
1991-01-17,5.725700124660306,5.752539572694643,5.627289574568098,5.734646797180176,1869800,0.0,0.0
1991-01-18,5.725700607903728,5.886736170650448,5.716754504154089,5.877789497375488,1159800,0.0,0.0
1991-01-21,5.859896405818537,5.868843078613281,5.824110853690141,5.868843078613281,302000,0.0,0.0
1991-01-22,5.868842029850884,5.904627575584401,5.850949256984126,5.895680904388428,390400,0.0,0.0
1991-01-23,5.877787314622911,5.949358396142949,5.877787314622911,5.9314656257629395,473500,0.0,0.0
1991-01-24,5.93146564291734,6.011983394622803,5.922519542464018,6.011983394622803,391700,0.0,0.0
1991-01-25,6.011986902441141,6.07461192025471,5.985148015896356,6.065665245056152,850200,0.0,0.0
1991-01-28,6.029873780445928,6.056713210242044,5.967249393463135,5.967249393463135,544400,0.0,0.0
1991-01-29,5.904625451737093,5.904625451737093,5.842000484466553,5.842000484466553,495200,0.0,0.0
1991-01-30,5.85989682183059,5.949360708502895,5.850950717926025,5.850950717926025,436300,0.0,0.0
1991-01-31,5.8509519236145975,6.020933628082275,5.8509519236145975,6.020933628082275,628300,0.0,0.0
1991-02-01,6.020933628082275,6.074611971146998,5.949361934470531,6.020933628082275,659500,0.0,0.0
1991-02-04,6.029873595278536,6.101445216028703,6.0119808324722115,6.08355188369751,416300,0.0,0.0
1991-02-05,6.155126823883568,6.173019596339395,6.083555164535084,6.146180152893066,967000,0.0,0.0
1991-02-06,6.146179690163924,6.253536886341432,6.137233589372126,6.2266974449157715,992500,0.0,0.0
1991-02-07,6.235644584697378,6.253537357153205,6.128287380437239,6.146180152893066,868600,0.0,0.0
1991-02-08,6.190913262862999,6.262484363022329,6.164073815540622,6.208806037902832,579400,0.0,0.0
1991-02-11,6.226694959859121,6.280373251762451,6.199855529145003,6.271427154541016,685800,0.0,0.0
1991-02-12,6.2714299111765985,6.360893770339729,6.208804924999829,6.2177510261535645,657500,0.0,0.0
1991-02-13,6.137235164642334,6.173020716045021,6.083556268013023,6.137235164642334,484300,0.0,0.0
1991-02-14,6.155126609501951,6.307215454841851,6.14617993882306,6.2177510261535645,815200,0.0,0.0
1991-02-15,6.235646266637572,6.316163479644104,6.20880681595184,6.2982707023620605,756300,0.0,0.0
1991-02-19,6.31616164228826,6.405626072198827,6.31616164228826,6.396679401397705,478100,0.0,0.0
1991-02-20,6.387733647523923,6.387733647523923,6.334054758848146,6.360894203186035,526000,0.0,0.0
1991-02-21,6.343003552814354,6.405628564210015,6.343003552814354,6.369843006134033,347900,0.0,0.0
1991-02-22,6.387732954419467,6.405625725528195,6.208804673807043,6.2266974449157715,477200,0.0,0.0
1991-02-25,6.226699043149052,6.253538491463708,6.137235164642334,6.137235164642334,748400,0.0,0.0
1991-02-26,6.101445216028703,6.110391312669432,6.047766358084861,6.08355188369751,373800,0.0,0.0
1991-02-27,6.065660884004553,6.065660884004553,5.985143712734498,6.0477681159973145,672100,0.0,0.0
1991-02-28,6.083557271702232,6.181967839058426,6.074611167138237,6.1551289558410645,568200,0.0,0.0
1991-03-01,6.137231140020238,6.271427154541016,6.128284473273896,6.271427154541016,601100,0.0,0.0
1991-03-04,6.47974096331283,6.47974096331283,6.40547474702668,6.41475772857666,362900,0.7622,0.0
1991-03-05,6.433322552920349,6.535438868343573,6.433322552920349,6.507589340209961,423800,0.0,0.0
1991-03-06,6.507591911496425,6.609708267267969,6.507591911496425,6.5540080070495605,611600,0.0,0.0
1991-03-07,6.53543877598769,6.544722345881983,6.461172580718994,6.461172580718994,292000,0.0,0.0
1991-03-08,6.461173591101699,6.5168732462633985,6.461173591101699,6.479740142822266,1038400,0.0,0.0
1991-03-11,6.46117389958659,6.46117389958659,6.414757222583285,6.424040794372559,313300,0.0,0.0
1991-03-12,6.433322916940532,6.451889467070641,6.266223965769549,6.284790515899658,399600,0.0,0.0
1991-03-13,6.284791524892051,6.30335807800293,6.247658418670295,6.30335807800293,751300,0.0,0.0
1991-03-14,6.368339836633124,6.461172580718994,6.368339836633124,6.461172580718994,1009200,0.0,0.0
1991-03-15,6.461172042724096,6.461172042724096,6.433321926331593,6.442605495452881,741300,0.0,0.0
1991-03-18,6.424040876268484,6.470457553863525,6.405474323424777,6.470457553863525,959900,0.0,0.0
1991-03-19,6.451890327797316,6.46117389958659,6.424040794372559,6.424040794372559,356200,0.0,0.0
1991-03-20,6.4240418315263055,6.4518913694473365,6.4240418315263055,6.433324813842773,414200,0.0,0.0
1991-03-21,6.470455909046937,6.470455909046937,6.321922933083426,6.386906147003174,840600,0.0,0.0
1991-03-22,6.3961915665273725,6.4147581217368534,6.38690858440844,6.40547513961792,340000,0.0,0.0
1991-03-25,6.424041694827401,6.424041694827401,6.3961915665273725,6.40547513961792,582800,0.0,0.0
1991-03-26,6.386905853639236,6.442605495452881,6.386905853639236,6.442605495452881,935700,0.0,0.0
1991-03-27,6.461172992442728,6.693255162932023,6.461172992442728,6.628272533416748,1153900,0.0,0.0
1991-03-28,6.6375567291174,6.6375567291174,6.498307283115136,6.516873836517334,285300,0.0,0.0
1991-04-01,6.516873557407636,6.516873557407636,6.4054742417655435,6.424040794372559,774700,0.0,0.0
1991-04-02,6.43332013035988,6.489020347595215,6.43332013035988,6.489020347595215,1187700,0.0,0.0
1991-04-03,6.535434579835102,6.572567653627724,6.47973496914617,6.4983015060424805,991200,0.0,0.0
1991-04-04,6.498308337802806,6.581858137158765,6.498308337802806,6.5540080070495605,868100,0.0,0.0
1991-04-05,6.57257318266055,6.628273431177124,6.53544007763052,6.609706878662109,661600,0.0,0.0
1991-04-08,6.591137886047363,6.600421455186152,6.554004791434935,6.591137886047363,390400,0.0,0.0
1991-04-09,6.572567653627724,6.600417754457705,6.461168432249859,6.4983015060424805,632400,0.0,0.0
1991-04-10,6.507589874871106,6.554005955897794,6.498306304082887,6.526156425476074,1100500,0.0,0.0
1991-04-11,6.54472396210641,6.581857068910806,6.507590855302014,6.516873836517334,1008300,0.0,0.0
1991-04-12,6.535437273598851,6.646837131864323,6.526154296809972,6.6004204750061035,862700,0.0,0.0
1991-04-15,6.609705567345446,6.665405213840094,6.6004219974439655,6.646838665008545,593200,0.0,0.0
1991-04-16,6.646838895610594,6.869637489318848,6.646838895610594,6.869637489318848,786000,0.0,0.0
1991-04-17,6.888208534566886,6.990324319085047,6.832508263592914,6.943908214569092,602800,0.0,0.0
1991-04-18,6.96247184977812,7.185271067165323,6.943905297576812,7.101721286773682,564000,0.0,0.0
1991-04-19,7.055302117625446,7.055302117625446,6.906769752502441,6.906769752502441,828100,0.0,0.0
1991-04-22,6.906768934894241,6.906768934894241,6.7768025398254395,6.7768025398254395,417600,0.0,0.0
1991-04-23,6.786089308126819,6.9253387451171875,6.6561228517509985,6.9253387451171875,1102600,0.0,0.0
1991-04-24,6.925338717731727,6.943905269858923,6.860355489800786,6.897488594055176,535200,0.0,0.0
1991-04-25,6.888203206862066,6.981035935063944,6.878919638556224,6.906769752502441,328700,0.0,0.0
1991-04-26,6.888208534566886,6.962474774569827,6.888208534566886,6.943908214569092,371300,0.0,0.0
1991-04-29,6.934617692277587,6.9810343412670814,6.702535629272461,6.702535629272461,274100,0.0,0.0
1991-04-30,6.70253677451175,6.823219609728156,6.70253677451175,6.758236408233643,564800,0.0,0.0
1991-05-01,6.776806826065084,6.9903225061853655,6.776806826065084,6.981039524078369,394200,0.0,0.0
1991-05-02,6.999607563018799,7.073873799503948,6.981041003897511,6.999607563018799,511400,0.0,0.0
1991-05-03,6.999600455634594,7.036733536172293,6.962467375096896,7.0274505615234375,400000,0.0,0.0
1991-05-06,7.0274562098414455,7.148138523101807,7.008889063678114,7.148138523101807,374600,0.0,0.0
1991-05-07,7.1295719905513115,7.213121784665177,7.120289008411779,7.175988674163818,886900,0.0,0.0
1991-05-08,7.157419445168097,7.259535756385795,7.129569327210036,7.231685638427734,803100,0.0,0.0
1991-05-09,7.2409719358441995,7.2409719358441995,7.16670571460746,7.20383882522583,647900,0.0,0.0
1991-05-10,7.185272247274966,7.194555229414497,7.166705692024286,7.175988674163818,721300,0.0,0.0
1991-05-13,7.2038394876614085,7.250255584716797,7.194555913667328,7.250255584716797,569800,0.0,0.0
1991-05-14,7.250254895166536,7.250254895166536,7.157422118913138,7.175988674163818,586100,0.0,0.0
1991-05-15,7.1667041777884615,7.1667041777884615,7.036737727522391,7.129570484161377,1040000,0.0,0.0
1991-05-16,7.148136716915771,7.148136716915771,7.027454434149323,7.046020984649658,771400,0.0,0.0
1991-05-17,7.046020594358163,7.0738701230803,7.0274540448862615,7.055303573608398,405500,0.0,0.0
1991-05-20,7.055300076441142,7.055300076441142,6.999600455634594,7.0274505615234375,489700,0.0,0.0
1991-05-21,7.046017101792287,7.110999697247689,6.999600455634594,7.0274505615234375,549000,0.0,0.0
1991-05-22,7.046023275400353,7.046023275400353,6.943906918963465,6.971756458282471,476800,0.0,0.0
1991-05-23,6.9531899017459144,6.990323014819027,6.9531899017459144,6.971756458282471,592400,0.0,0.0
1991-05-24,6.981040032036578,6.981040032036578,6.943906918963465,6.971756458282471,200600,0.0,0.0
1991-05-28,6.962474444776224,6.999607563018799,6.925341326533649,6.999607563018799,878600,0.0,0.0
1991-05-29,7.0181713391569565,7.0181713391569565,6.943905132121302,7.008887767791748,1747200,0.0,0.0
1991-05-30,6.999604954180733,7.138854391176296,6.9903213825943205,7.101721286773682,859000,0.0,0.0
1991-05-31,7.120287173381206,7.203836945962739,7.083154072449738,7.194553375244141,756800,0.0,0.0
1991-06-03,7.371541453235834,7.409935429772279,7.333148087727902,7.342746734619141,888200,0.7622,0.0
1991-06-04,7.3331492153170945,7.3331492153170945,7.294755843905566,7.323551177978516,759300,0.0,0.0
1991-06-05,7.323550006947349,7.323550006947349,7.265959959038669,7.275557994842529,586100,0.0,0.0
1991-06-06,7.285155857221232,7.285155857221232,7.246761885054471,7.2563605308532715,508100,0.0,0.0
1991-06-07,7.237160592161149,7.265955905565645,7.217963920234207,7.227561950683594,261100,0.0,0.0
1991-06-10,7.246763184400121,7.246763184400121,7.189173132366738,7.217968463897705,560200,0.0,0.0
1991-06-11,7.217970289198884,7.217970289198884,7.189174950386068,7.208371639251709,211500,0.0,0.0
1991-06-12,7.208364903942498,7.208364903942498,7.1123815492986475,7.1219801902771,310300,0.0,0.0
1991-06-13,7.102783277644391,7.227561950683594,7.102783277644391,7.227561950683594,600300,0.0,0.0
1991-06-14,7.265957699750421,7.400334436420694,7.265957699750421,7.371539115905762,602000,0.0,0.0
1991-06-17,7.371541367686877,7.390738050218061,7.333148002624512,7.333148002624512,254400,0.0,0.0
1991-06-18,7.333144178150752,7.409931479256907,7.333144178150752,7.3907341957092285,549400,0.0,0.0
1991-06-19,7.3907350906630676,7.3907350906630676,7.333145066130938,7.361940383911133,216900,0.0,0.0
1991-06-20,7.371543043761815,7.4579284403079225,7.33314966996991,7.448330402374268,690800,0.0,0.0
1991-06-21,7.448331214875236,7.534716009815983,7.448331214875236,7.4963226318359375,959500,0.0,0.0
1991-06-24,7.515512571981212,7.515512571981212,7.409931182861328,7.409931182861328,336200,0.0,0.0
1991-06-25,7.429132685583677,7.448329369818409,7.28515724830891,7.3139519691467285,871900,0.0,0.0
1991-06-26,7.2947546375621455,7.352344685155694,7.237164589968597,7.333148002624512,566900,0.0,0.0
1991-06-27,7.333145850145148,7.390735880834445,7.333145850145148,7.381137847900391,574900,0.0,0.0
1991-06-28,7.361943331935538,7.371541367686877,7.275557955030963,7.333148002624512,342900,0.0,0.0
1991-07-01,7.371539906988965,7.429130554199219,7.361941873139512,7.429130554199219,415900,0.0,0.0
1991-07-02,7.409933760993261,7.486720474716116,7.390736471534173,7.477121829986572,728400,0.0,0.0
1991-07-03,7.457925151555858,7.544310510008257,7.409933760993261,7.477121829986572,343700,0.0,0.0
1991-07-05,7.457923311965324,7.611497312558451,7.457923311965324,7.601898670196533,463900,0.0,0.0
1991-07-08,7.582705033944276,7.717082414670032,7.553910317380519,7.707483768463135,627800,0.0,0.0
1991-07-09,7.726678314563304,7.755473634197876,7.697883605957031,7.697883605957031,498100,0.0,0.0
1991-07-10,7.717077321527253,7.832257333822319,7.678683373067498,7.688282012939453,536500,0.0,0.0
1991-07-11,7.707478681655298,7.736273990243097,7.621093366919965,7.688282012939453,244000,0.0,0.0
1991-07-12,7.7266782543094585,7.899448948713,7.707481578378876,7.8706536293029785,362500,0.0,0.0
1991-07-15,7.851461682143144,7.861060331403648,7.803469657897949,7.803469657897949,312000,0.0,0.0
1991-07-16,7.822655718244748,7.889844338705966,7.774664370224878,7.861049652099609,612400,0.0,0.0
1991-07-17,7.909044426570652,7.918643066949763,7.8322577476501465,7.8322577476501465,310300,0.0,0.0
1991-07-18,7.832259171246962,8.005029841249112,7.832259171246962,7.985833168029785,450500,0.0,0.0
1991-07-19,8.005029678344727,8.024226351173397,7.976234363587625,8.005029678344727,442200,0.0,0.0
1991-07-22,8.014631049487948,8.014631049487948,7.918647645341773,7.966639041900635,521500,0.0,0.0
1991-07-23,7.985833182412277,7.985833182412277,7.640291841785658,7.678685188293457,499800,0.0,0.0
1991-07-24,7.275555653849637,7.4291296765537655,7.160375595092773,7.160375595092773,2678000,0.0,0.0
1991-07-25,7.217964461513763,7.381136490643219,7.217964461513763,7.352341175079346,1908600,0.0,0.0
1991-07-26,7.333148002624512,7.352344685155694,7.2947546375621455,7.333148002624512,422600,0.0,0.0
1991-07-29,7.31395252961133,7.323551177978516,7.256362472494038,7.323551177978516,406700,0.0,0.0
1991-07-30,7.361942866754956,7.467524919519279,7.333147539263425,7.457926273345947,780500,0.0,0.0
1991-07-31,7.4387261825220525,7.467521496815384,7.381136164963576,7.3907341957092285,562300,0.0,0.0
1991-08-01,7.371538432723245,7.371538432723245,7.30435037612915,7.30435037612915,467200,0.0,0.0
1991-08-02,7.3331492153170945,7.390739272434388,7.31395252961133,7.323551177978516,481000,0.0,0.0
1991-08-05,7.323547382772276,7.333145415136966,7.265957355499268,7.265957355499268,440500,0.0,0.0
1991-08-06,7.256361272499779,7.342746649404355,7.246762625719936,7.333148002624512,362500,0.0,0.0
1991-08-07,7.333145443203378,7.333145443203378,7.1123833656311035,7.1123833656311035,1543600,0.0,0.0
1991-08-08,7.102784722201387,7.141178684891962,6.987604667214538,7.1123833656311035,2615800,0.0,0.0
1991-08-09,7.11238066063209,7.121979300411228,6.958806701362312,7.0355939865112305,1577400,0.0,0.0
1991-08-12,7.016399057595302,7.054792404174805,7.006800415436321,7.054792404174805,461000,0.0,0.0
1991-08-13,7.064391723681995,7.1219823650826175,7.016400337219238,7.016400337219238,1075100,0.0,0.0
1991-08-14,7.102784722201387,7.131580041462246,7.064391370539104,7.1123833656311035,722100,0.0,0.0
1991-08-15,7.141178665259681,7.256358719929882,7.141178665259681,7.169973373413086,660800,0.0,0.0
1991-08-16,7.169971562084958,7.21796354492095,7.064389566462654,7.1219801902771,716300,0.0,0.0
1991-08-19,6.9108158709516365,7.064389231091128,6.8916192009342,7.006799221038818,685800,0.0,0.0
1991-08-20,7.064390508844404,7.09318582459289,6.997202457144966,7.025997161865234,701300,0.0,0.0
1991-08-21,7.064393745776785,7.275557861946645,7.035599027862666,7.237164497375488,1422200,0.0,0.0
1991-08-22,7.217963128803675,7.237159798625753,7.141176449515365,7.1507744789123535,1048400,0.0,0.0
1991-08-23,7.131580014167292,7.313948739379296,7.131580014167292,7.265957355499268,592800,0.0,0.0
1991-08-26,7.246760412054921,7.371539115905762,7.246760412054921,7.371539115905762,362500,0.0,0.0
1991-08-27,7.381138465200808,7.438728500706481,7.3715398204356735,7.41953182220459,482700,0.0,0.0
1991-08-28,7.419531201693255,7.429129845655634,7.35234252704158,7.381137847900391,482700,0.0,0.0
1991-08-29,7.371541453235834,7.390738135989801,7.3427467346191415,7.342746734619141,611600,0.0,0.0
1991-08-30,7.555603752850391,7.644959926605225,7.545674937963037,7.644959926605225,239400,0.7622,0.0
1991-09-03,7.625106723846772,7.664821371115661,7.525821685791016,7.525821685791016,322400,0.0,0.0
1991-09-04,7.525812950011037,7.5357417583147885,7.3868140580795,7.436456203460693,883600,0.0,0.0
1991-09-05,7.396746113593682,7.426531922080381,7.347103310131247,7.386817932128906,425100,0.0,0.0
1991-09-06,7.396747408497366,7.436461405401329,7.3471045963442645,7.426533222198486,410500,0.0,0.0
1991-09-09,7.4265333342893785,7.446390333041067,7.396747520138692,7.416604518890381,304500,0.0,0.0
1991-09-10,7.456317857615902,7.466246672137673,7.406675681145799,7.446389675140381,274100,0.0,0.0
1991-09-11,7.466247219102449,7.466247219102449,7.406676223746504,7.426533222198486,289500,0.0,0.0
1991-09-12,7.4463888515098535,7.456317032887238,7.386817867107011,7.406674861907959,385400,0.0,0.0
1991-09-13,7.426530954654409,7.426530954654409,7.267674383495968,7.28753137588501,1035400,0.0,0.0
1991-09-16,7.3073930740356445,7.317321892647105,7.247822058506411,7.3073930740356445,321200,0.0,0.0
1991-09-17,7.2974601881025825,7.366959977487282,7.28753137588501,7.28753137588501,342500,0.0,0.0
1991-09-18,7.267675399780273,7.267675399780273,7.247818404614504,7.267675399780273,302800,0.0,0.0
1991-09-19,7.24781962990656,7.257748445191072,7.148534637292924,7.188248634338379,482700,0.0,0.0
1991-09-20,7.227959097002521,7.24781608581543,7.168388130563795,7.24781608581543,813900,0.0,0.0
1991-09-23,7.247817391106925,7.307388368274053,7.227960398717883,7.28753137588501,511900,0.0,0.0
1991-09-24,7.28753137588501,7.3272453606630945,7.267674383495968,7.28753137588501,826000,0.0,0.0
1991-09-25,7.267677296018616,7.267677296018616,7.158463478088379,7.158463478088379,708800,0.0,0.0
1991-09-26,7.1584630974260355,7.208105911676225,7.108820915222168,7.108820915222168,466000,0.0,0.0
1991-09-27,7.069106145920883,7.098891325586566,7.049248516748757,7.079034328460693,995400,0.0,0.0
1991-09-30,7.059178100971979,7.12867791451298,7.00953528672179,7.108820915222168,532700,0.0,0.0
1991-10-01,7.128679316408962,7.19817851157106,7.108822313213157,7.138607501983643,768000,0.0,0.0
1991-10-02,7.138606477741641,7.178320478435118,7.118749477394903,7.158463478088379,483900,0.0,0.0
1991-10-03,7.158463238206862,7.158463238206862,7.039321240118906,7.0691070556640625,576500,0.0,0.0
1991-10-04,7.088965720295894,7.088965720295894,7.049251079559326,7.049251079559326,1109700,0.0,0.0
1991-10-07,7.02939466335384,7.0393234823803335,6.959895458354531,6.999609470367432,619100,0.0,0.0
1991-10-08,7.019462827819218,7.019462827819218,6.969820022583008,6.969820022583008,575700,0.0,0.0
1991-10-09,6.949962857124123,6.949962857124123,6.8705348763234175,6.900320053100586,922800,0.0,0.0
1991-10-10,6.890391085876493,7.098889827728271,6.890391085876493,7.0988898277282715,642000,0.0,0.0
1991-10-11,7.148536387705224,7.227964401245117,7.138607569989511,7.227964401245117,662000,0.0,0.0
1991-10-14,7.227965053329999,7.3073930740356445,7.198179229542127,7.3073930740356445,330400,0.0,0.0
1991-10-15,7.307387965905358,7.366959571838379,7.287530974609706,7.366959571838379,443900,0.0,0.0
1991-10-16,7.366963032315592,7.466248035430908,7.337177215357815,7.466248035430908,403000,0.0,0.0
1991-10-17,7.466248035430908,7.525819037300098,7.426534034184781,7.466248035430908,491000,0.0,0.0
1991-10-18,7.466246672137673,7.496031851610485,7.406675681145799,7.446389675140381,401300,0.0,0.0
1991-10-21,7.406673962265367,7.446387947043451,7.28753137588501,7.28753137588501,370800,0.0,0.0
1991-10-22,7.28753137588501,7.347102353052137,7.247817391106925,7.28753137588501,844400,0.0,0.0
1991-10-23,7.327244957201009,7.406673554429682,7.327244957201009,7.366959571838379,698300,0.0,0.0
1991-10-24,7.366961047207708,7.376889228820801,7.307389429344375,7.376889228820801,849800,0.0,0.0
1991-10-25,7.396747939443911,7.585389754301796,7.366962755651073,7.545675754547119,762200,0.0,0.0
1991-10-28,7.545676635804058,7.585390640196919,7.515891448532619,7.565533638000488,488500,0.0,0.0
1991-10-29,7.585392708624469,7.585392708624469,7.505964678179864,7.525821685791016,452200,0.0,0.0
1991-10-30,7.525820034851342,7.605248047871818,7.525820034851342,7.585391044616699,244800,0.0,0.0
1991-10-31,7.585390785020821,7.635033607482909,7.575462599756259,7.63503360748291,496400,0.0,0.0
1991-11-01,7.654890905070801,7.654890905070801,7.476177242956966,7.555605888366699,490600,0.0,0.0
1991-11-04,7.535749212153517,7.595320224761963,7.52582039402887,7.595320224761963,256900,0.0,0.0
1991-11-05,7.615179575517814,7.724393448309866,7.59532256519623,7.704536437988281,649900,0.0,0.0
1991-11-06,7.684673699415649,7.74424468597545,7.674744885632581,7.734315872192383,372100,0.0,0.0
1991-11-07,7.754174748716892,7.8435315662558365,7.754174748716892,7.833603382110596,718000,0.0,0.0
1991-11-08,7.843530586828999,7.863387584686279,7.833602403923497,7.863387584686279,365800,0.0,0.0
1991-11-11,7.823674636566436,7.833603452847688,7.724389633985711,7.813746452331543,861500,0.0,0.0
1991-11-12,7.8336028968171245,7.972601890563965,7.8336028968171245,7.972601890563965,535200,0.0,0.0
1991-11-13,7.545676037923162,7.605247039792351,7.466248035430908,7.466248035430908,3257000,0.0,0.0
1991-11-14,7.466247964774813,7.50596196564511,7.466247964774813,7.486104965209961,1557800,0.0,0.0
1991-11-15,7.486104330544445,7.486104330544445,7.396747520138692,7.416604518890381,833500,0.0,0.0
1991-11-18,7.416603043285343,7.426531856708906,7.317318069280605,7.406674861907959,1191900,0.0,0.0
1991-11-19,7.366962179779377,7.376890362918795,7.257748372968034,7.347104549407959,786400,0.0,0.0
1991-11-20,7.366960937153169,7.4166031085694195,7.357032123642208,7.386817932128906,633700,0.0,0.0
1991-11-21,7.366960872306064,7.426531856708906,7.3570320588825,7.406674861907959,607000,0.0,0.0
1991-11-22,7.466246023569607,7.466246023569607,7.366961047207708,7.376889228820801,749700,0.0,0.0
1991-11-25,7.366962179779377,7.366962179779377,7.337176366268541,7.347104549407959,609100,0.0,0.0
1991-11-26,7.357030271298879,7.416601241227391,7.337173281322708,7.396744251251221,421700,0.0,0.0
1991-11-27,7.4066749271046435,7.426531922080381,7.386817932128906,7.386817932128906,219800,0.0,0.0
1991-11-29,7.396747361243922,7.396747361243922,7.337176366268541,7.347104549407959,260700,0.0,0.0
1991-12-02,7.514207540501042,7.576137692456999,7.493564156515722,7.55549430847168,590700,0.8446,0.0
1991-12-03,7.5142077627500905,7.5864599373741575,7.503886398990589,7.545173168182373,852700,0.0,0.0
1991-12-04,7.534852406882336,7.545174429444169,7.472922242742327,7.50388765335083,666200,0.0,0.0
1991-12-05,7.50388685789539,7.50388685789539,7.410991292994345,7.441956043243408,661600,0.0,0.0
1991-12-06,7.390345284863983,7.483240159726766,7.390345284863983,7.431632041931152,502300,0.0,0.0
1991-12-09,7.4626002201804935,7.545174429444169,7.452278854695658,7.50388765335083,1195200,0.0,0.0
1991-12-10,7.524531364440918,7.586461531239714,7.514209341435938,7.524531364440918,578600,0.0,0.0
1991-12-11,7.534852730368871,7.555496119301803,7.503887975507985,7.524531364440918,529800,0.0,0.0
1991-12-12,7.545173168182373,7.555494531941875,7.52452978358648,7.545173168182373,383400,0.0,0.0
1991-12-13,7.586459442346395,7.7206417620025425,7.576137422183532,7.699998378753662,1102600,0.0,0.0
1991-12-16,7.720638815360651,7.772246925247793,7.68967342376709,7.68967342376709,692900,0.0,0.0
1991-12-17,7.67935370846402,7.689675069820202,7.617422912019981,7.638066291809082,345400,0.0,0.0
1991-12-18,7.638064656803353,7.68967342376709,7.627743297656562,7.68967342376709,466800,0.0,0.0
1991-12-19,7.689675069820202,7.689675069820202,7.6277449304528995,7.638066291809082,656600,0.0,0.0
1991-12-20,7.720638815360651,7.741282190730827,7.658708689250123,7.68967342376709,856000,0.0,0.0
1991-12-23,7.730963828264917,7.88578954525225,7.730963828264917,7.865146160125732,1000000,0.0,0.0
1991-12-24,7.875465911964714,7.947717410550287,7.875465911964714,7.937396049499512,682900,0.0,0.0
1991-12-26,7.958042276612436,8.164476799348275,7.947720254791015,8.154154777526855,758000,0.0,0.0
1991-12-27,8.13351185023116,8.164477260366974,8.07158168703652,8.092225074768066,297400,0.0,0.0
1991-12-30,8.092223387693554,8.412196159362793,8.092223387693554,8.412196159362793,642000,0.0,0.0
1991-12-31,8.391548294889686,8.432835696774859,8.257366045723256,8.370904922485352,558600,0.0,0.0
1992-01-02,8.370912392982767,8.556703567504883,8.278017462798795,8.556703567504883,452600,0.0,0.0
1992-01-03,8.546376135729897,8.567019513494776,8.381229113610868,8.422515869140625,572600,0.0,2.0
1992-01-06,8.33994235808111,8.463802624670382,8.33994235808111,8.422515869140625,446400,0.0,0.0
1992-01-07,8.38123115943249,8.401874542236328,8.319301011020977,8.401874542236328,1030000,0.0,0.0
1992-01-08,8.360589332188361,8.381232718833079,8.298659172254208,8.319302558898926,758600,0.0,0.0
1992-01-09,8.298655499864095,8.319298877373532,8.236724710259116,8.257368087768555,464100,0.0,0.0
1992-01-10,8.174796612726086,8.29865756569274,8.174796612726086,8.278014183044434,541100,0.0,0.0
1992-01-13,8.236724710259116,8.278012122354657,8.21608133274968,8.257368087768555,675400,0.0,0.0
1992-01-14,8.257368087768555,8.257368087768555,8.21608133274968,8.257368087768555,500600,0.0,0.0
1992-01-15,8.236720085144043,8.298650839973423,8.236720085144043,8.236720085144043,483900,0.0,0.0
1992-01-16,8.133514410482784,8.17480119894205,8.00965404510498,8.00965404510498,874600,0.0,0.0
1992-01-17,8.050933917921732,8.050933917921732,7.885786248867063,7.927073001861572,672100,0.0,0.0
1992-01-20,7.9683604119327125,7.9683604119327125,7.906429625364318,7.927073001861572,345800,0.0,0.0
1992-01-21,7.844499874494086,7.906430006974961,7.7412829870259605,7.803213119506836,968700,0.0,0.0
1992-01-22,7.844503055482445,7.8857898272117035,7.741286126159297,7.761929512023926,839100,0.0,0.0
1992-01-23,7.679352854545085,7.803213119506836,7.638065442481173,7.803213119506836,1373400,0.0,0.0
1992-01-24,8.050929791884785,8.257363451061737,8.050929791884785,8.236720085144043,857700,0.0,0.0
1992-01-27,8.257372176620441,8.257372176620441,8.092225074768066,8.092225074768066,835000,0.0,0.0
1992-01-28,8.112862441976993,8.15414918680136,7.927071433190845,7.947714805603027,934700,0.0,0.0
1992-01-29,7.927073013907866,8.030290553627623,7.927073013907866,7.968360424041748,1099300,0.0,0.0
1992-01-30,8.00964722698051,8.05093398029488,7.947716439932318,8.030290603637695,430500,0.0,0.0
1992-01-31,8.050937283341295,8.050937283341295,7.823859389872698,7.865146160125732,421500,0.0,0.0
1992-02-03,7.885790690321466,8.071581840515137,7.865147302197391,8.071581840515137,776800,0.0,0.0
1992-02-04,8.112861903035576,8.216078758239746,8.092218531994742,8.216078758239746,732800,0.0,0.0
1992-02-05,8.257363451061737,8.339937571808813,8.216076719226347,8.236720085144043,844600,0.0,0.0
1992-02-06,8.236726822728796,8.401874542236328,8.236726822728796,8.401874542236328,823300,0.0,0.0
1992-02-07,8.401867669561899,8.422511035479593,8.154146621473261,8.236720085144043,745700,0.0,0.0
1992-02-10,8.195440202379025,8.401874691153125,8.174796819209298,8.381231307983398,483500,0.0,0.0
1992-02-11,8.505090196305005,8.546376955796429,8.401873297576447,8.443160057067871,679200,0.0,0.0
1992-02-12,8.422517861582566,8.422517861582566,8.278014183044434,8.278014183044434,559000,0.0,0.0
1992-02-13,8.319294205891117,8.360580937726507,8.112859889637871,8.236720085144043,573600,0.0,0.0
1992-02-14,8.216076719226347,8.339937571808813,8.216076719226347,8.236720085144043,404400,0.0,0.0
1992-02-18,8.23672212928058,8.401869754683707,8.174792016158078,8.216078758239746,522700,0.0,0.0
1992-02-19,8.257363451061737,8.319294205891117,8.216076719226347,8.236720085144043,413200,0.0,0.0
1992-02-20,8.339944541643948,8.42251807432285,8.298657775304497,8.381231307983398,495800,0.0,0.0
1992-02-21,8.381226677122577,8.422513420649953,8.319296561831509,8.360583305358887,514800,0.0,0.0
1992-02-24,8.401870176244351,8.505087036627389,8.401870176244351,8.484443664550781,448200,0.0,0.0
1992-02-25,8.46380016417733,8.46380016417733,8.278009818304133,8.360583305358887,635600,0.0,0.0
1992-02-26,8.381226804167746,8.587661182010306,8.381226804167746,8.484443664550781,679600,0.0,0.0
1992-02-27,8.525734094502015,8.525734094502015,8.44316057049786,8.505090713500977,636400,0.0,0.0
1992-02-28,8.546376237415028,8.711523918575661,8.46380272537305,8.587663650512695,781800,0.0,0.0
1992-03-02,8.630656533514177,8.714653015136719,8.546660051891635,8.714653015136719,442600,0.4223,0.0
1992-03-03,8.630657029206175,8.693654394041264,8.609657907594478,8.651656150817871,671600,0.0,0.0
1992-03-04,8.630657029206175,8.693654394041264,8.567659664371085,8.651656150817871,584400,0.0,0.0
1992-03-05,8.65165426333992,8.65165426333992,8.525659561157227,8.525659561157227,444500,0.0,0.0
1992-03-06,8.567659664371085,8.651656150817871,8.567659664371085,8.651656150817871,788200,0.0,0.0
1992-03-09,8.609653629304306,8.63065274048117,8.546656295773714,8.588654518127441,614900,0.0,0.0
1992-03-10,8.567659996420888,8.672655608548599,8.567659996420888,8.609658241271973,655200,0.0,0.0
1992-03-11,8.609657158987744,8.672654518345235,8.483662440272763,8.504661560058594,711300,0.0,0.0
1992-03-12,8.567661975412602,8.567661975412602,8.420668084480589,8.483665466308594,263400,0.0,0.0
1992-03-13,8.567656517028809,8.588655630926446,8.54665740313117,8.567656517028809,488300,0.0,0.0
1992-03-16,8.567659996420888,8.609658241271973,8.48366350671872,8.609658241271973,239400,0.0,0.0
1992-03-17,8.693653685132537,8.777650833129883,8.630656325434456,8.777650833129883,412100,0.0,0.0
1992-03-18,8.81965160369873,8.81965160369873,8.672657053823698,8.81965160369873,520800,0.0,0.0
1992-03-19,8.903644724942145,8.945642960837175,8.861646489047114,8.882645606994629,532100,0.0,0.0
1992-03-20,8.903650882095546,8.966648279502763,8.882651749626472,8.945649147033691,658300,0.0,0.0
1992-03-23,8.903650181228954,9.050644765341833,8.861651919596776,9.029644966125488,402300,0.0,0.0
1992-03-24,9.008643096286884,9.071641137981239,8.987643971855448,9.050642013549805,542700,0.0,0.0
1992-03-25,8.987642371902806,8.987642371902806,8.735652923583984,8.735652923583984,608900,0.0,0.0
1992-03-26,8.819649072928604,8.861647312727323,8.756651713230523,8.777650833129883,511200,0.0,0.0
1992-03-27,8.777650833129883,8.840648192827963,8.735652593331164,8.777650833129883,577800,0.0,0.0
1992-03-30,8.77765104475355,8.840648405970457,8.714653015136719,8.714653015136719,332900,0.0,0.0
1992-03-31,8.735647728008189,8.924639701843262,8.714647951404755,8.924639701843262,331400,0.0,0.0
1992-04-01,8.903647763472318,8.903647763472318,8.819651263016938,8.861649513244629,328300,0.0,0.0
1992-04-02,8.903648107398691,8.966645485173663,8.77765335184875,8.81965160369873,375200,0.0,0.0
1992-04-03,8.861647647743396,8.882646768436631,8.735652923583984,8.735652923583984,286600,0.0,0.0
1992-04-06,8.756652427276315,8.798650670499708,8.630657029206175,8.651656150817871,714200,0.0,0.0
1992-04-07,8.693653638131064,8.693653638131064,8.483662440272763,8.504661560058594,581900,0.0,0.0
1992-04-08,8.462664885300468,8.504663132637935,8.189675609206901,8.273672103881836,1056900,0.0,0.0
1992-04-09,8.357668595601325,8.630657871598357,8.315670348278708,8.546661376953125,672500,0.0,0.0
1992-04-10,8.630656533514177,8.735652803942278,8.630656533514177,8.714653015136719,385900,0.0,0.0
1992-04-13,8.714653015136719,8.714653015136719,8.630656533514177,8.714653015136719,269900,0.0,0.0
1992-04-14,8.693655511286961,8.987643920031935,8.693655511286961,8.903647422790527,664800,0.0,0.0
1992-04-15,8.819654939318504,9.029646277987757,8.819654939318504,8.987648010253906,619700,0.0,0.0
1992-04-16,8.98764670449331,9.029644966125488,8.966647573677221,9.029644966125488,328500,0.0,0.0
1992-04-20,9.029642862948634,9.029642862948634,8.77765335184875,8.81965160369873,501200,0.0,0.0
1992-04-21,8.77765335184875,8.903648107398691,8.77765335184875,8.81965160369873,373800,0.0,0.0
1992-04-22,8.840649544202988,8.840649544202988,8.693655014038086,8.693655014038086,431300,0.0,0.0
1992-04-23,8.714654137147356,8.735653928656637,8.609658521601006,8.693655014038086,752400,0.0,0.0
1992-04-24,8.693655561415312,9.071641137981239,8.483664317100967,9.050642013549805,1182100,0.0,0.0
1992-04-27,9.1976369484841,9.239635202205013,9.11364044104227,9.155638694763184,1010800,0.0,0.0
1992-04-28,9.155638694763184,9.1976369484841,9.071642187321354,9.155638694763184,724000,0.0,0.0
1992-04-29,9.134634017944336,9.155633132046296,9.071636675638459,9.134634017944336,621200,0.0,0.0
1992-04-30,9.176638343906145,9.32363224029541,9.155639215850536,9.32363224029541,438600,0.0,0.0
1992-05-01,9.302629174728443,9.344627413063124,9.197633578891741,9.218632698059082,702700,0.0,0.0
1992-05-04,9.239632275633898,9.302629636261418,9.239632275633898,9.281630516052246,542500,0.0,0.0
1992-05-05,9.281630350989467,9.344627710496654,9.23963211131801,9.302629470825195,713600,0.0,0.0
1992-05-06,9.344630241394043,9.40762828636351,9.323631115870915,9.344630241394043,1146800,0.0,0.0
1992-05-07,9.30263076044728,9.323629883194114,9.218634269459946,9.260632514953613,537700,0.0,0.0
1992-05-08,9.302630209582668,9.365628242492676,9.239632845072618,9.365628242492676,338900,0.0,0.0
1992-05-11,9.407624055069098,9.680612564086914,9.407624055069098,9.680612564086914,646200,0.0,0.0
1992-05-12,9.638619595685794,9.659618723231942,9.512624830408916,9.617620468139648,676600,0.0,0.0
1992-05-13,9.533624189251672,9.638619829529718,9.32363224029541,9.32363224029541,801600,0.0,0.0
1992-05-14,9.449622287225685,9.680612564086914,9.407624055069098,9.680612564086914,688700,0.0,0.0
1992-05-15,9.659617688175636,9.659617688175636,9.218635388558951,9.23963451385498,1067800,0.0,0.0
1992-05-18,9.36562847727318,9.596618819600563,9.344628686843443,9.5756196975708,587600,0.0,0.0
1992-05-19,9.554620575541039,9.659616185689849,9.512622331481515,9.5756196975708,725000,0.0,0.0
1992-05-20,9.554617896311033,9.575617012452389,9.42862319946289,9.42862319946289,725500,0.0,0.0
1992-05-21,9.407625738403746,9.407625738403746,9.302629470825195,9.302629470825195,769100,0.0,0.0
1992-05-22,9.491621614971022,9.680613681490438,9.470622496468865,9.659614562988281,1251800,0.0,0.0
1992-05-26,9.65962216947594,9.84861505321802,9.617623899400009,9.80661678314209,944700,0.0,0.0
1992-05-27,9.78560973515371,9.80660885321113,9.701613262924024,9.722612380981445,1080700,0.0,0.0
1992-05-28,9.701614593099338,9.722613714035921,9.617617440953067,9.638616561889648,628500,0.0,0.0
1992-05-29,9.659614562988281,9.701613468392459,9.638615444486124,9.659614562988281,825200,0.0,0.0
1992-06-01,9.724600761688698,9.873882279926466,9.681949093277677,9.809904098510742,1173500,0.4223,0.0
1992-06-02,9.78858162460747,9.809907466133886,9.745929941554639,9.767255783081055,678100,0.0,0.0
1992-06-03,9.767248867856289,9.767248867856289,9.639293909290071,9.660619735717773,924900,0.0,0.0
1992-06-04,9.660626575448976,9.767255783081055,9.639300733922562,9.767255783081055,1233800,0.0,0.0
1992-06-05,9.639302769329545,9.639302769329545,9.40471778420527,9.596651077270508,931600,0.0,0.0
1992-06-08,9.575325231240988,9.660628615359064,9.447369476264308,9.596651077270508,923200,0.0,0.0
1992-06-09,9.596649109871345,9.745930001474054,9.596649109871345,9.681952476501465,1489600,0.0,0.0
1992-06-10,9.681948218773421,9.703274051052716,9.553993225097656,9.553993225097656,875900,0.0,0.0
1992-06-11,9.49002053148808,9.532672899484465,9.404717153094355,9.468694686889648,459100,0.0,0.0
1992-06-12,9.553998744082897,9.575324588681328,9.468694686889648,9.468694686889648,671000,0.0,0.0
1992-06-15,9.426037552622763,9.596644889656245,9.383385888064174,9.553993225097656,530000,0.0,0.0
1992-06-16,9.532667392818363,9.596644889656245,9.532667392818363,9.553993225097656,709000,0.0,0.0
1992-06-17,9.553997547195914,9.596649231049541,9.511345863342285,9.511345863342285,668300,0.0,0.0
1992-06-18,9.51134107213201,9.51134107213201,9.276756250306567,9.447362899780273,382300,0.0,0.0
1992-06-19,9.447363384902056,9.575319057376952,9.447363384902056,9.553993225097656,384000,0.0,0.0
1992-06-22,9.553998966034236,9.575324811128093,9.44736906176541,9.490020751953125,397800,0.0,0.0
1992-06-23,9.5113443613455,9.681951069818426,9.46869200542794,9.639299392700195,429700,0.0,0.0
1992-06-24,9.639298626350667,9.788579484396257,9.639298626350667,9.745927810668945,551500,0.0,0.0
1992-06-25,9.767255108048268,9.788580948100815,9.681951747838076,9.703277587890625,462800,0.0,0.0
1992-06-26,9.70327686082518,9.724602699279785,9.70327686082518,9.724602699279785,656600,0.0,0.0
1992-06-29,9.724604100028223,9.809907466133886,9.703278258501808,9.767255783081055,561700,0.0,0.0
1992-06-30,9.767256373095499,9.980515480041504,9.745930530280845,9.980515480041504,985400,0.0,0.0
1992-07-01,9.937859535217285,9.980511202566825,9.895207867867745,9.937859535217285,1134500,0.0,0.0
1992-07-02,9.9165377933471,9.937863635821431,9.788582059701659,9.873886108398438,517100,0.0,0.0
1992-07-06,9.85256290435791,9.916540448913553,9.767258832817415,9.85256290435791,296400,0.0,0.0
1992-07-07,9.895209347513813,9.916535184377468,9.681950300077979,9.745927810668945,621600,0.0,0.0
1992-07-08,9.703278318158995,9.703278318158995,9.596649109871345,9.681952476501465,486600,0.0,0.0
1992-07-09,9.681952638077414,9.788581848144531,9.66062679606399,9.788581848144531,317200,0.0,0.0
1992-07-10,9.852556445720955,9.916533948337488,9.74592659589421,9.809904098510742,354800,0.0,0.0
1992-07-13,9.809904098510742,9.831229932716253,9.681949093277677,9.809904098510742,336600,0.0,0.0
1992-07-14,9.767250516815517,10.151116136119352,9.724598856759432,10.129790306091309,574400,0.0,0.0
1992-07-15,10.108470536929428,10.108470536929428,9.937863794412197,9.980515480041504,573600,0.0,0.0
1992-07-16,9.980514877144635,9.980514877144635,9.724604100028223,9.767255783081055,511900,0.0,0.0
1992-07-17,9.788578264305231,9.852556445720955,9.74592659589421,9.809904098510742,405300,0.0,0.0
1992-07-20,9.724604159816524,9.724604159816524,9.617974951528875,9.681952476501465,367700,0.0,0.0
1992-07-21,9.767254554391771,9.873884427409577,9.745928715548077,9.831232070922852,261100,0.0,0.0
1992-07-22,9.767254376188996,9.7885802146436,9.575321830097549,9.724602699279785,610500,0.0,0.0
1992-07-23,9.703276908377543,9.724602746936657,9.596647715581964,9.639299392700195,202700,0.0,0.0
1992-07-24,9.639299773248313,9.639299773248313,9.340737342834473,9.340737342834473,905700,0.0,0.0
1992-07-27,9.42604329063473,9.490020826418315,9.404717445373535,9.404717445373535,652500,0.0,0.0
1992-07-28,9.404718930911116,9.6179780960083,9.383393082281362,9.6179780960083,809700,0.0,0.0
1992-07-29,9.681952638077414,9.809907690157955,9.681952638077414,9.788581848144531,787000,0.0,0.0
1992-07-30,9.788579484396257,9.788579484396257,9.639298626350667,9.745927810668945,543100,0.0,0.0
1992-07-31,9.681951747838076,9.74592926799572,9.617974227680433,9.703277587890625,359000,0.0,0.0
1992-08-03,9.703278220649716,9.745929903536165,9.426041603088379,9.426041603088379,648100,0.0,0.0
1992-08-04,9.46868921718135,9.617970721935539,9.404711720343467,9.553993225097656,655400,0.0,0.0
1992-08-05,9.51134513443894,9.553996815023952,9.51134513443894,9.532670974731445,407300,0.0,0.0
1992-08-06,9.532674701489286,9.660629793267807,9.532674701489286,9.6179780960083,395500,0.0,0.0
1992-08-07,9.639298626350667,9.873883510650156,9.639298626350667,9.745927810668945,781400,0.0,0.0
1992-08-10,9.767255783081055,9.78858162460747,9.745929941554639,9.767255783081055,481800,0.0,0.0
1992-08-11,9.767256006131108,9.831233532171376,9.681952638077414,9.788581848144531,278200,0.0,0.0
1992-08-12,9.745929941554639,9.831233307660302,9.745929941554639,9.767255783081055,251900,0.0,0.0
1992-08-13,9.767255843131585,9.873885730218664,9.639300793186404,9.681952476501465,574900,0.0,0.0
1992-08-14,9.724602699279785,9.724602699279785,9.66062518391597,9.724602699279785,331000,0.0,0.0
1992-08-17,9.703276908377543,9.767254424054888,9.639299392700195,9.639299392700195,576300,0.0,0.0
1992-08-18,9.660626634843934,9.681952476501465,9.532671584898754,9.681952476501465,406300,0.0,0.0
1992-08-19,9.767254424054888,9.831231939732236,9.596647715581964,9.639299392700195,333700,0.0,0.0
1992-08-20,9.639300793186404,9.724604159816524,9.639300793186404,9.681952476501465,400700,0.0,0.0
1992-08-21,9.809910529187844,9.85256290435791,9.724607136446986,9.85256290435791,511000,0.0,0.0
1992-08-24,9.767255783081055,9.78858162460747,9.724604100028223,9.767255783081055,199000,0.0,0.0
1992-08-25,9.767257493613386,9.767257493613386,9.319414064328758,9.404717445373535,1058800,0.0,0.0
1992-08-26,9.298085488184551,9.340737166179979,9.191456293195976,9.234107971191406,1450100,0.0,0.0
1992-08-27,9.298085941355454,9.31941178139255,9.212782581207074,9.27676010131836,832500,0.0,0.0
1992-08-28,9.298086166381836,9.319412006935044,9.255434485275416,9.298086166381836,250700,0.0,0.0
1992-08-31,9.407498848392715,9.494203722492143,9.407498848392715,9.472527503967285,251700,0.4223,0.0
1992-09-01,9.515875239236909,9.602580070495605,9.450846615792885,9.602580070495605,351400,0.0,0.0
1992-09-02,9.602580070495605,9.624256278310279,9.515875239236909,9.602580070495605,416700,0.0,0.0
1992-09-03,9.624256335607887,9.689285649390607,9.385818048226938,9.450846672058105,462400,0.0,0.0
1992-09-04,9.407497599136205,9.58090732430734,9.407497599136205,9.515878677368164,277800,0.0,0.0
1992-09-08,9.494198706672831,9.515874913746071,9.277435945988918,9.364141464233398,944900,0.0,0.0
1992-09-09,9.385818048226938,9.494199087945551,9.364141840283216,9.450846672058105,362100,0.0,0.0
1992-09-10,9.450846672058105,9.472522880001828,9.364141840283216,9.450846672058105,629700,0.0,0.0
1992-09-11,9.494202611619189,9.66761302947998,9.472526395630567,9.66761302947998,345600,0.0,0.0
1992-09-14,9.819341031644958,9.819341031644958,9.515873488131875,9.580902099609375,503500,0.0,0.0
1992-09-15,9.494201304347504,9.515877517351495,9.34246781331957,9.407496452331543,909200,0.0,0.0
1992-09-16,9.407493448762851,9.494198273096211,9.385817242679511,9.429169654846191,405900,0.0,0.0
1992-09-17,9.494202461721772,9.559231108660947,9.47252624607538,9.515878677368164,347300,0.0,0.0
1992-09-18,9.385822629867858,9.494203722492143,9.385822629867858,9.472527503967285,833700,0.0,0.0
1992-09-21,9.407497599136205,9.515878677368164,9.385821383489812,9.515878677368164,310800,0.0,0.0
1992-09-22,9.515879785675889,9.580908440188905,9.472527349333879,9.494203567504883,346600,0.0,0.0
1992-09-23,9.472521300346196,9.472521300346196,9.190729954118307,9.212406158447266,638500,0.0,0.0
1992-09-24,9.234083697559553,9.407494047209054,9.234083697559553,9.299112319946289,303700,0.0,0.0
1992-09-25,9.299114079269296,9.385819615473856,9.234085444579629,9.32079029083252,256500,0.0,0.0
1992-09-28,9.255761656142852,9.34246719234741,9.234085444579629,9.32079029083252,353700,0.0,0.0
1992-09-29,9.364141464233398,9.429170085453116,9.320788360135396,9.364141464233398,343100,0.0,0.0
1992-09-30,9.3207846974918,9.407490181664976,9.3207846974918,9.342461585998535,275900,0.0,0.0
1992-10-01,9.320788672005726,9.342465569755792,9.234083840811657,9.277436256408691,409000,0.0,0.0
1992-10-02,9.277427320153961,9.42916131854107,9.277427320153961,9.385808944702148,567300,0.0,0.0
1992-10-05,9.32078992586567,9.32078992586567,8.84391260019581,9.234085083007812,775700,0.0,0.0
1992-10-06,9.255761293722276,9.32078992586567,9.169056450864419,9.234085083007812,355800,0.0,0.0
1992-10-07,9.277437085793908,9.277437085793908,8.930617040061033,8.973969459533691,892800,0.0,0.0
1992-10-08,8.887260573339132,8.973965372799173,8.77887957401408,8.865584373474121,1070100,0.0,0.0
1992-10-09,8.843911223910537,8.86558743125176,8.670500875229216,8.692177772521973,655400,0.0,0.0
1992-10-12,8.713852741661725,8.82223376296736,8.713852741661725,8.735528945922852,429500,0.0,0.0
1992-10-13,8.757206342113706,8.930615999805239,8.757206342113706,8.843911170959473,644500,0.0,0.0
1992-10-14,8.887258926596008,8.90893512244458,8.77887794735315,8.822230339050293,399600,0.0,0.0
1992-10-15,8.77887794735315,8.865582730747438,8.77887794735315,8.822230339050293,361500,0.0,0.0
1992-10-16,8.865588410852046,8.99564566927002,8.77888357190673,8.973969459533691,406700,0.0,0.0
1992-10-19,9.01732021134039,9.104025027616354,8.995643317319969,9.082348823547363,558400,0.0,0.0
1992-10-20,9.2557599050218,9.320788527408535,9.169055075172817,9.299112319946289,550200,0.0,0.0
1992-10-21,9.364141784534189,9.602580070495605,9.342465576719514,9.602580070495605,960300,0.0,0.0
1992-10-22,9.645930711086873,9.797664827819126,9.53754969195771,9.580902099609375,666800,0.0,0.0
1992-10-23,9.602580705054697,9.689286231994629,9.559228286560527,9.689286231994629,365000,0.0,0.0
1992-10-26,9.689283625256643,9.797664642333984,9.667607421841174,9.797664642333984,425500,0.0,0.0
1992-10-27,9.84101858261656,9.84101858261656,9.667608928271694,9.71096134185791,351200,0.0,0.0
1992-10-28,9.775980999203327,9.90603812072009,9.342456570863227,9.385808944702148,1874800,0.0,0.0
1992-10-29,9.494199658819275,9.689286231994629,9.450847240325105,9.689286231994629,854600,0.0,0.0
1992-10-30,9.797665978348025,9.884370803833008,9.732637359234289,9.884370803833008,584900,0.0,0.0
1992-11-02,9.884370097410613,10.014428016294527,9.84101768776646,9.992751121520996,542900,0.0,0.0
1992-11-03,9.992750307365098,10.014427200372511,9.906045495141036,9.971074104309082,703100,0.0,0.0
1992-11-04,9.971075199883495,9.992751405321188,9.906046583570413,9.9493989944458,710900,0.0,0.0
1992-11-05,9.971072867042913,10.057778358459473,9.9493966666766,10.057778358459473,282200,0.0,0.0
1992-11-06,10.036105676336652,10.122810508197027,9.949400154524723,10.101134300231934,455100,0.0,0.0
1992-11-09,10.14448745857272,10.361250244038704,10.122811249021282,10.274544715881348,867300,0.0,0.0
1992-11-10,10.25286842790967,10.25286842790967,10.144487380981445,10.144487380981445,658900,0.0,0.0
1992-11-11,10.144488040142743,10.231192883319169,10.122811829348636,10.187840461730957,258200,0.0,0.0
1992-11-12,10.18783869788598,10.209514904927232,10.12281007676222,10.166162490844727,343300,0.0,0.0
1992-11-13,10.18783936313756,10.209515571594238,10.144486946224204,10.209515571594238,465300,0.0,0.0
1992-11-16,10.209515571594238,10.296220405420954,10.18783936313756,10.209515571594238,475100,0.0,0.0
1992-11-17,10.209514904927232,10.209514904927232,10.166162490844727,10.166162490844727,229600,0.0,0.0
1992-11-18,10.144484418708604,10.16616062176462,9.906045495141036,9.971074104309082,468300,0.0,0.0
1992-11-19,10.057782543438865,10.144487380981445,10.014430124667575,10.144487380981445,325600,0.0,0.0
1992-11-20,10.187839132092309,10.187839132092309,10.036105676336652,10.101134300231934,983700,0.0,0.0
1992-11-23,10.144485245226988,10.144485245226988,9.992751121520996,9.992751121520996,246100,0.0,0.0
1992-11-24,10.036105676336652,10.231191548022498,10.014429468371558,10.101134300231934,295700,0.0,0.0
1992-11-25,10.144488040142743,10.274545304907381,10.144488040142743,10.187840461730957,375600,0.0,0.0
1992-11-27,10.231191837247083,10.426278404399365,10.231191837247083,10.382925987243652,634900,0.0,0.0
1992-11-30,10.559966847889717,10.801965574634156,10.559966847889717,10.647966384887695,1195600,0.4223,0.0
1992-12-01,10.625967979431152,10.669967754053495,10.537968430186469,10.625967979431152,326600,0.0,0.0
1992-12-02,10.647968609503007,10.647968609503007,10.449968909636546,10.515969276428223,732800,0.0,0.0
1992-12-03,10.493964025102489,10.493964025102489,10.383963936829938,10.449963569641113,286400,0.0,0.0
1992-12-04,10.449964699371762,10.449964699371762,10.295965539497058,10.36196517944336,268400,0.0,0.0
1992-12-07,10.47196660451234,10.47196660451234,10.251967762146078,10.317967414855957,399000,0.0,0.0
1992-12-08,10.33996547664857,10.361965357007666,10.207966194494007,10.273965835571289,513700,0.0,0.0
1992-12-09,10.295964241027832,10.339963995443032,10.229964609405034,10.295964241027832,616800,0.0,0.0
1992-12-10,10.251969973059408,10.3839693069458,10.163970417135147,10.3839693069458,375800,0.0,0.0
1992-12-11,10.427969020790748,10.515969276428223,10.383969243099154,10.515969276428223,395900,0.0,0.0
1992-12-14,10.471966472061917,10.515966940232785,10.471966472061917,10.493967056274414,234000,0.0,0.0
1992-12-15,10.471961996984453,10.64796169369401,10.471961996984453,10.603961944580078,356200,0.0,0.0
1992-12-16,10.625967979431152,10.625967979431152,10.537968430186469,10.625967979431152,331800,0.0,0.0
1992-12-17,10.62596329434598,10.647963171957203,10.515963906289869,10.581963539123535,376700,0.0,0.0
1992-12-18,10.82396574170789,10.955965042114258,10.713965624448472,10.955965042114258,871500,0.0,0.0
1992-12-21,10.911964873030806,10.977964520800843,10.80196475982666,10.80196475982666,489300,0.0,0.0
1992-12-22,10.801970086046278,10.911970253489145,10.801970086046278,10.86797046661377,446600,0.0,0.0
1992-12-23,10.86796709906302,11.087965965270996,10.845967212442222,11.087965965270996,855600,0.0,0.0
1992-12-24,11.087963964556133,11.131963729858398,11.043964199253866,11.131963729858398,218400,0.0,0.0
1992-12-28,11.0439661920294,11.087965965270996,10.999966418787805,11.087965965270996,350600,0.0,0.0
1992-12-29,10.999963598626097,11.065963241567555,10.669964683664773,10.845964431762695,504300,0.0,0.0
1992-12-30,10.889961223325367,10.91196109830506,10.691961648254278,10.75796127319336,434300,0.0,0.0
1992-12-31,10.779968008859266,10.823968487075685,10.3839693069458,10.3839693069458,383400,0.0,0.0
1993-01-04,10.515966984417286,10.69196605682373,10.493967100366481,10.69196605682373,598400,0.0,0.0
1993-01-05,10.691964564645259,10.911964074704153,10.603965040723315,10.845964431762695,408200,0.0,0.0
1993-01-06,10.845962873385234,10.845962873385234,10.7139629062144,10.779962539672852,335600,0.0,0.0
1993-01-07,10.801962417492334,10.889962629024202,10.757962661853368,10.779962539672852,318500,0.0,0.0
1993-01-08,10.73596577981648,10.757965663774849,10.405966820186807,10.493967056274414,444100,0.0,0.0
1993-01-11,10.515969276428223,10.559969054119817,10.449968909636546,10.515969276428223,247300,0.0,0.0
1993-01-12,10.471966610637603,10.647966384887695,10.449966726388109,10.647966384887695,215000,0.0,0.0
1993-01-13,10.64797050603345,10.757969969854653,10.62597061326921,10.713970184326172,271300,0.0,0.0
1993-01-14,10.735963898292331,10.82396411895752,10.69196413808674,10.82396411895752,240500,0.0,0.0
1993-01-15,10.86796387916311,10.86796387916311,10.779963658497921,10.82396411895752,409000,0.0,0.0
1993-01-18,10.735962784033884,10.779962539672852,10.691963028394916,10.779962539672852,181800,0.0,0.0
1993-01-19,10.735965921885672,10.801965574634156,10.625966500638201,10.647966384887695,207500,0.0,0.0
1993-01-20,10.735965824925342,10.735965824925342,10.64796628872212,10.69196605682373,281600,0.0,0.0
1993-01-21,10.691970291561931,10.757969969854653,10.60397072050497,10.713970184326172,204600,0.0,0.0
1993-01-22,10.73596635309221,10.73596635309221,10.581967157160422,10.669966697692871,244600,0.0,0.0
1993-01-25,10.603965852671353,10.669965500666418,10.493966439346243,10.559966087341309,364800,0.0,0.0
1993-01-26,10.691962927179647,10.713962804790869,10.581963539123535,10.581963539123535,435300,0.0,0.0
1993-01-27,10.603968831811411,10.603968831811411,10.449968909636546,10.515969276428223,490600,0.0,0.0
1993-01-28,10.449961370484894,10.449961370484894,10.273962386693437,10.339962005615234,791200,0.0,0.0
1993-01-29,10.383963297741104,10.383963297741104,10.097964206240782,10.141963958740234,655600,0.0,0.0
1993-02-01,10.18596289479771,10.339962005615234,10.18596289479771,10.339962005615234,638300,0.0,0.0
1993-02-02,10.38396720535503,10.53796709730904,10.38396720535503,10.471966743469238,811200,0.0,0.0
1993-02-03,10.471966743469238,10.471966743469238,10.339967436297925,10.471966743469238,502300,0.0,0.0
1993-02-04,10.471963450813497,10.581963539123535,10.405963817979831,10.581963539123535,710400,0.0,0.0
1993-02-05,10.581967481778138,10.779966454050067,10.581967481778138,10.735966682434082,720900,0.0,0.0
1993-02-08,10.73596577981648,10.801965431691588,10.493967056274414,10.493967056274414,521900,0.0,0.0
1993-02-09,10.317965596289477,10.33996547664857,10.031966451367243,10.273965835571289,1092400,0.0,0.0
1993-02-10,10.339964181622488,10.515963902706215,10.317964304018762,10.449963569641113,870200,0.0,0.0
1993-02-11,10.405966951802462,10.427966836039088,10.317967414855957,10.317967414855957,287600,0.0,0.0
1993-02-12,10.27396731363886,10.361966847735317,10.251967430114746,10.251967430114746,467600,0.0,0.0
1993-02-16,10.251967121909791,10.273967004772523,10.053967475891113,10.053967475891113,393800,0.0,0.0
1993-02-17,9.503976730304547,9.745975620702994,9.43797633266854,9.70197582244873,1579900,0.0,0.0
1993-02-18,9.899967282890904,9.921967163502616,9.701967657131478,9.85596752166748,701100,0.0,0.0
1993-02-19,9.811966812711718,9.855966569685231,9.701966720023986,9.723966598510742,440900,0.0,0.0
1993-02-22,9.767967298966612,9.877967402279193,9.767967298966612,9.85596752166748,486800,0.0,0.0
1993-02-23,9.899967282890904,9.943967044114327,9.767967298966612,9.85596752166748,447400,0.0,0.0
1993-02-24,9.811965347842797,9.877964973449707,9.789964772386643,9.877964973449707,1141200,0.0,0.0
1993-02-25,9.899971073281352,9.899971073281352,9.701971371714007,9.76797103881836,380000,0.0,0.0
1993-02-26,9.745967418354901,9.899967282890904,9.701967657131478,9.85596752166748,507700,0.0,0.0
1993-03-01,10.021298276922995,10.043667198612516,9.797608348027206,9.84234619140625,655600,0.4429,0.0
1993-03-02,9.84234619140625,9.909452956474817,9.752870504648161,9.84234619140625,573600,0.0,0.0
1993-03-03,9.93182673437136,10.110778907387495,9.909457801744455,10.021303176879883,986400,0.0,0.0
1993-03-04,10.021297944690609,10.177880391326147,9.998929023742676,9.998929023742676,822500,0.0,0.0
1993-03-05,9.998931220053558,10.021300145914928,9.864716952884638,9.93182373046875,461000,0.0,0.0
1993-03-08,9.9318195693158,10.267354028657559,9.9318195693158,10.222616195678711,675000,0.0,0.0
1993-03-09,10.267357510337922,10.379202842712402,10.177881814038846,10.379202842712402,596800,0.0,0.0
1993-03-10,10.37920811543104,10.37920811543104,10.289731661676589,10.356839179992676,469500,0.0,0.0
1993-03-11,10.356835862477219,10.379204790750336,10.24499050911086,10.334466934204102,417200,0.0,0.0
1993-03-12,10.289726385646526,10.289726385646526,10.021299298021463,10.110774993896484,354600,0.0,0.0
1993-03-15,10.066041042133689,10.066041042133689,9.93182673437136,10.021303176879883,468700,0.0,0.0
1993-03-16,9.998934244252979,10.021303176879883,9.93182673437136,10.021303176879883,518900,0.0,0.0
1993-03-17,9.976565311626077,10.043672109506785,9.954195666998261,10.021303176879883,508100,0.0,0.0
1993-03-18,10.04366620187674,10.088404040815991,9.887083053588867,9.887083053588867,738200,0.0,0.0
1993-03-19,9.954192765647132,9.954192765647132,9.79761028289795,9.79761028289795,968700,0.0,0.0
1993-03-22,9.79761171905108,10.043670654296875,9.775242789665173,10.043670654296875,449500,0.0,0.0
1993-03-23,10.021300145914928,10.06603799763767,9.90945480460738,9.93182373046875,350600,0.0,0.0
1993-03-24,9.84235050650876,9.887088369501866,9.685767986032888,9.819981575012207,806600,0.0,0.0
1993-03-25,9.775238058370782,9.797606976929952,9.730500221252441,9.730500221252441,406900,0.0,0.0
1993-03-26,9.775242734456286,9.93182523927329,9.596290588378906,9.596290588378906,707700,0.0,0.0
1993-03-29,9.641025896200548,9.864715113095773,9.618656262510463,9.84234619140625,529200,0.0,0.0
1993-03-30,9.931820892528119,9.931820892528119,9.708131697831861,9.887083053588867,489100,0.0,0.0
1993-03-31,9.931823839540106,9.931823839540106,9.775241356790922,9.79761028289795,310800,0.0,0.0
1993-04-01,9.84235050650876,9.909457300998419,9.663399054536335,9.819981575012207,460300,0.0,0.0
1993-04-02,9.730505895946441,9.819981622364105,9.663399101133194,9.775243759155273,654700,0.0,0.0
1993-04-05,9.842350553968522,9.887088417177354,9.730505895946441,9.775243759155273,526200,0.0,0.0
1993-04-06,9.775243335839082,9.797612266474815,9.394970803030805,9.48444652557373,1321200,0.0,0.0
1993-04-07,9.439708664302268,9.573922248116656,9.372601872395075,9.48444652557373,537100,0.0,0.0
1993-04-08,9.394968561787016,9.43970641238591,9.283123223289099,9.327861785888672,700800,0.0,0.0
1993-04-12,9.462076562636742,9.618659060003898,9.462076562636742,9.573921203613281,436500,0.0,0.0
1993-04-13,9.529186697485166,9.551555633544922,9.48444882536565,9.551555633544922,396300,0.0,0.0
1993-04-14,8.813377211967575,9.238387607468335,8.813377211967575,9.216018676757812,3324200,0.0,0.0
1993-04-15,9.238386692713432,9.327863118696705,9.171279907226562,9.171279907226562,2040100,0.0,0.0
1993-04-16,9.193651853136398,9.193651853136398,8.813379231902164,8.85811710357666,1986400,0.0,0.0
1993-04-19,8.83575029411985,8.880488176560807,8.522584405031964,8.544953346252441,2012300,0.0,0.0
1993-04-20,8.54494574363775,8.612052507592914,8.321256530453878,8.500207901000977,1415300,0.0,0.0
1993-04-21,8.567318416299113,8.612056278525106,8.41073589850814,8.58968734741211,1599700,0.0,0.0
1993-04-22,8.723906253497343,8.723906253497343,8.410740340520432,8.433109283447266,1090900,0.0,0.0
1993-04-23,8.365998036282148,8.58968734741211,8.321260174056155,8.58968734741211,1284500,0.0,0.0
1993-04-26,8.544949485186116,8.634425921638964,8.455473760734131,8.58968734741211,831800,0.0,0.0
1993-04-27,8.544946237745247,8.612053005580826,8.455470547297809,8.477839469909668,1108500,0.0,0.0
1993-04-28,8.500208392521527,8.522577315133388,8.455470547297809,8.477839469909668,841900,0.0,0.0
1993-04-29,8.500210804083116,8.500210804083116,8.38836615929281,8.455472946166992,699400,0.0,0.0
1993-04-30,8.544948081533647,8.634424503288477,8.522579154095126,8.567317008972168,1359000,0.0,0.0
1993-05-03,8.589687000838456,8.723901294102065,8.567318070627993,8.701532363891602,1139300,0.0,0.0
1993-05-04,8.746268237996075,8.813375013387216,8.701530387735316,8.791006088256836,780700,0.0,0.0
1993-05-05,8.813377243203098,8.969960470732547,8.791008312413298,8.947590827941895,695600,0.0,0.0
1993-05-06,8.947590827941895,8.992329401522346,8.902852966362296,8.947590827941895,356700,0.0,0.0
1993-05-07,8.9252143335743,8.9252143335743,8.679156303405762,8.679156303405762,755700,0.0,0.0
1993-05-10,8.679167705576498,8.746274529237935,8.522584405031964,8.544953346252441,1168300,0.0,0.0
1993-05-11,8.544946150331384,8.656791474247111,8.544946150331384,8.612052917480469,917400,0.0,0.0
1993-05-12,8.612055931048918,8.701532363891602,8.589687000838456,8.701532363891602,1112800,0.0,0.0
1993-05-13,8.746268767793952,8.746268767793952,8.679161988337876,8.723899841308594,931100,0.0,0.0
1993-05-14,8.701530914823234,8.723899841308594,8.679161988337876,8.723899841308594,595900,0.0,0.0
1993-05-17,8.723895060340958,8.768632888793945,8.701526146114464,8.768632888793945,489500,0.0,0.0
1993-05-18,8.791007081389075,8.791007081389075,8.70153137075936,8.746269226074219,643500,0.0,0.0
1993-05-19,8.723895060340958,8.9252152883794,8.67915723188797,8.768632888793945,738600,0.0,0.0
1993-05-20,8.813371827080243,9.037061709513893,8.79100291003692,8.992323875427246,519400,0.0,0.0
1993-05-21,8.947586548570397,9.059431861027873,8.858110868204827,8.925217628479004,635800,0.0,0.0
1993-05-24,8.925217652927403,9.037062965691252,8.88047981262207,8.88047981262207,352900,0.0,0.0
1993-05-25,8.880480698077392,8.880480698077392,8.544946150331384,8.612052917480469,1462400,0.0,0.0
1993-05-26,8.589691228693399,8.589691228693399,8.343632875268135,8.544953346252441,1908000,0.0,0.0
1993-05-27,8.544948661999237,8.544948661999237,8.41073508825087,8.455472946166992,885200,0.0,0.0
1993-05-28,8.62410279098645,8.62410279098645,8.464397519949861,8.532842636108398,515800,0.4429,0.0
1993-06-01,8.487212558669373,8.578472713547423,8.395951677590897,8.532842636108398,1567600,0.0,0.0
1993-06-02,8.532841012466614,8.601286115601315,8.510025978088379,8.510025978088379,701700,0.0,0.0
1993-06-03,8.487212272925628,8.555657386779785,8.395951394919683,8.555657386779785,979300,0.0,0.0
1993-06-04,8.510027310877014,8.601287462682558,8.464397234974241,8.555657386779785,828700,0.0,0.0
1993-06-07,8.60128430600648,8.624099335584738,8.532839217271707,8.578469276428223,293000,0.0,0.0
1993-06-08,8.578475522392013,8.601290568581842,8.441584519052382,8.464400291442871,657700,0.0,0.0
1993-06-09,8.464398658531492,8.464398658531492,8.327507681600213,8.350322723388672,866700,0.0,0.0
1993-06-10,8.37313338019388,8.464394225755225,8.350318350353577,8.39594841003418,648500,0.0,0.0
1993-06-11,8.487209158115192,8.60128430600648,8.441578372758542,8.578469276428223,763600,0.0,0.0
1993-06-14,8.555653418960157,8.738173637924607,8.555653418960157,8.646913528442383,486200,0.0,0.0
1993-06-15,8.601287360427362,8.738177586508279,8.57847232274721,8.715362548828125,691900,0.0,0.0
1993-06-16,8.692543305756173,8.738173359040976,8.601283199186565,8.66972827911377,927000,0.0,0.0
1993-06-17,8.624098501071826,8.78380369266572,8.624098501071826,8.646913528442383,1188100,0.0,0.0
1993-06-18,8.64692241164889,8.669737462457936,8.624107360839844,8.624107360839844,740900,0.0,0.0
1993-06-21,8.624101924549915,8.646916960977274,8.532841778840487,8.601286888122559,388400,0.0,0.0
1993-06-22,8.624102398107514,8.738177586508279,8.57847232274721,8.715362548828125,779300,0.0,0.0
1993-06-23,8.738177335236948,8.852253246557785,8.738177335236948,8.829438209533691,893600,0.0,0.0
1993-06-24,8.80662165790141,8.92069682340264,8.80662165790141,8.875066757202148,825400,0.0,0.0
1993-06-25,8.897878646850586,8.943508696930847,8.875063621810455,8.897878646850586,452600,0.0,0.0
1993-06-28,8.920699379886317,9.1260347366333,8.920699379886317,9.1260347366333,456200,0.0,0.0
1993-06-29,9.08040323041325,9.08040323041325,9.011958122253418,9.011958122253418,326800,0.0,0.0
1993-06-30,9.057588864340003,9.080403902080883,9.034773826599121,9.034773826599121,541900,0.0,0.0
1993-07-01,9.034773158306695,9.057588194359973,8.966328050146863,9.011958122253418,305500,0.0,0.0
1993-07-02,9.011958023978384,9.011958023978384,8.92069788076046,8.943512916564941,290300,0.0,0.0
1993-07-06,8.943513394654158,8.943513394654158,8.783807409285135,8.829438209533691,460500,0.0,0.0
1993-07-07,8.875068572160119,8.875068572160119,8.783807694895973,8.806623458862305,451600,0.0,0.0
1993-07-08,8.806626387092194,8.875071523148224,8.78381061553955,8.78381061553955,760500,0.0,0.0
1993-07-09,8.760992657130036,8.829438496628242,8.760992657130036,8.806623458862305,712500,0.0,0.0
1993-07-12,8.806619165168222,8.806619165168222,8.646913252471368,8.66972827911377,700600,0.0,0.0
1993-07-13,8.669729394741253,8.692544424319511,8.578469276428223,8.578469276428223,896900,0.0,0.0
1993-07-14,8.532838784511442,8.71535901188062,8.532838784511442,8.692543983459473,511200,0.0,0.0
1993-07-15,8.692543305756173,8.692543305756173,8.532838119259358,8.66972827911377,856900,0.0,0.0
1993-07-16,8.66973199740463,8.66973199740463,8.5784718516952,8.601286888122559,425900,0.0,0.0
1993-07-19,8.441578469714782,8.441578469714782,8.350318350353577,8.39594841003418,1897400,0.0,0.0
1993-07-20,8.418765114375159,8.510025978088379,8.395950079996924,8.510025978088379,520600,0.0,0.0
1993-07-21,8.464397234974241,8.555657386779785,8.41876643287107,8.555657386779785,567300,0.0,0.0
1993-07-22,8.555657068204653,8.555657068204653,8.23624582257832,8.259060859680176,1577000,0.0,0.0
1993-07-23,8.25906144527382,8.532842636108398,8.144986251676256,8.532842636108398,928600,0.0,0.0
1993-07-26,8.555654246849965,8.646914365162996,8.555654246849965,8.578469276428223,743000,0.0,0.0
1993-07-27,8.510027218795829,8.510027218795829,8.327506190959275,8.487212181091309,922000,0.0,0.0
1993-07-28,8.487209935584758,8.487209935584758,8.373134051043433,8.418764114379883,549000,0.0,0.0
1993-07-29,8.418769472862554,8.4872153376327,8.395954426672725,8.464400291442871,469100,0.0,0.0
1993-07-30,8.464397234974241,8.669732576536717,8.464397234974241,8.555657386779785,594900,0.0,0.0
1993-08-02,8.57847108122308,8.601286115601315,8.46439590933191,8.510025978088379,414200,0.0,0.0
1993-08-03,8.555657674827911,8.555657674827911,8.487212558669373,8.532842636108398,539600,0.0,0.0
1993-08-04,8.532839998921208,8.532839998921208,8.418764114379883,8.418764114379883,624900,0.0,0.0
1993-08-05,8.41876343987448,8.464394225755225,8.39594841003418,8.39594841003418,493300,0.0,0.0
1993-08-06,8.418764114379883,8.441579146048108,8.395949082711658,8.418764114379883,342300,0.0,0.0
1993-08-09,8.441578635402953,8.441578635402953,8.304688453674316,8.304688453674316,452800,0.0,0.0
1993-08-10,8.28187589678203,8.327505970985738,8.259060859680176,8.259060859680176,634700,0.0,0.0
1993-08-11,8.28187342338621,8.304688453674316,8.213428332521893,8.304688453674316,1127000,0.0,0.0
1993-08-12,8.304687656027227,8.350317712220772,8.167797487446592,8.213427543640137,828900,0.0,0.0
1993-08-13,8.213429169048371,8.236244201660156,8.190614136436585,8.236244201660156,720700,0.0,0.0
1993-08-16,8.23624257173691,8.23624257173691,8.167797487446592,8.213427543640137,507700,0.0,0.0
1993-08-17,8.236247514446376,8.44158289054251,8.190617430869457,8.350322723388672,620500,0.0,0.0
1993-08-18,8.395951295105597,8.715362548828125,8.395951295105597,8.715362548828125,901100,0.0,0.0
1993-08-19,8.669729394741253,8.715359453897769,8.578469276428223,8.578469276428223,545200,0.0,0.0
1993-08-20,8.601286115601315,8.624101149979548,8.487210943710146,8.510025978088379,651600,0.0,0.0
1993-08-23,8.4872153376327,8.532845430012356,8.350324334293068,8.464400291442871,591100,0.0,0.0
1993-08-24,8.555657039044203,8.829438209533691,8.555657039044203,8.829438209533691,918200,0.0,0.0
1993-08-25,8.829436972702608,8.89788207418707,8.829436972702608,8.852252006530762,564400,0.0,0.0
1993-08-26,8.829436972702608,8.920697108015224,8.760991145017877,8.852252006530762,400900,0.0,0.0
1993-08-27,8.852248596770325,8.897878646850586,8.738172745369683,8.897878646850586,454900,0.0,0.0
1993-08-30,8.852252109935257,8.966327280408558,8.852252109935257,8.920697212219238,482900,0.0,0.0
1993-08-31,8.943512916564941,8.966327952369422,8.875067809151501,8.943512916564941,452600,0.0,0.0
1993-09-01,8.943505858874941,9.10321098347639,8.943505858874941,9.057580947875977,498700,0.0,0.0
1993-09-02,9.034770850564671,9.05758588079033,8.966325759887695,8.966325759887695,378600,0.0,0.0
1993-09-03,9.02192337905618,9.09168036979808,8.99867104880888,9.068428039550781,335400,0.4429,0.0
1993-09-07,9.091684778411011,9.207946486023518,9.091684778411011,9.161441802978516,581700,0.0,0.0
1993-09-08,9.114937119933513,9.184694144501016,9.091684778411011,9.161441802978516,478900,0.0,0.0
1993-09-09,9.114931901430362,9.254445870690489,9.09167957322034,9.231193542480469,567300,0.0,0.0
1993-09-10,9.231197215936444,9.347459643371243,9.231197215936444,9.324207305908203,822500,0.0,0.0
1993-09-13,9.324209228754288,9.324209228754288,9.138189750569278,9.20794677734375,714000,0.0,0.0
1993-09-14,9.068430697499801,9.20794471987504,9.04517836043726,9.1846923828125,278000,0.0,0.0
1993-09-15,9.16143878145127,9.393962860107422,9.068429446036605,9.393962860107422,436100,0.0,0.0
1993-09-16,9.39396379887493,9.39396379887493,9.207944369336621,9.277701377868652,450300,0.0,0.0
1993-09-17,9.254451089753468,9.324208853842844,9.254451089753468,9.300955772399902,1010800,0.0,0.0
1993-09-20,9.324208853842844,9.417218219135714,9.277703431076684,9.300955772399902,360200,0.0,0.0
1993-09-21,9.277700458004496,9.277700458004496,9.068429453157176,9.13818645477295,428400,0.0,0.0
1993-09-22,9.068427882212033,9.138184871743638,8.975418562836559,9.045175552368164,713200,0.0,0.0
1993-09-23,9.068428039550781,9.09168036979808,9.04517570930348,9.068428039550781,434900,0.0,0.0
1993-09-24,9.045176350756138,9.138185678341241,9.021924018859863,9.021924018859863,258400,0.0,0.0
1993-09-27,9.114935371624881,9.1846923828125,9.114935371624881,9.1846923828125,1042700,0.0,0.0
1993-09-28,9.161441802978516,9.184694144501016,9.114937119933513,9.161441802978516,435300,0.0,0.0
1993-09-29,9.114932700045381,9.138185030292682,8.97541871856158,9.068428039550781,378400,0.0,0.0
1993-09-30,9.068432147054603,9.207946191730636,9.021927465495924,9.114936828613281,636000,0.0,0.0
1993-10-01,9.114936681835571,9.184693703050291,9.091684341430664,9.091684341430664,740100,0.0,0.0
1993-10-04,9.138185030292682,9.161437360539983,8.99867104880888,9.068428039550781,457600,0.0,0.0
1993-10-05,9.068428039550781,9.138185030292682,9.068428039550781,9.068428039550781,386300,0.0,0.0
1993-10-06,9.068432147054603,9.114936828613281,9.045179806275263,9.114936828613281,507700,0.0,0.0
1993-10-07,9.13818770868742,9.23119705693758,9.114935371624881,9.1846923828125,607600,0.0,0.0
1993-10-08,9.254447937011719,9.300952603815265,9.231195603609947,9.254447937011719,539200,0.0,0.0
1993-10-11,9.277700298912537,9.393962706398003,9.254447965439338,9.370710372924805,443400,0.0,0.0
1993-10-12,9.393965209993295,9.533479248014517,9.393965209993295,9.463722229003906,699600,0.0,0.0
1993-10-13,9.486977856119406,9.579987247030008,9.486977856119406,9.533482551574707,654100,0.0,0.0
1993-10-14,9.579985644920088,9.859014511108398,9.556733301081046,9.859014511108398,827300,0.0,0.0
1993-10-15,9.905511226520336,9.998520527019702,9.882258901395494,9.95201587677002,1055500,0.0,0.0
1993-10-18,9.952023982316971,9.952023982316971,9.719500541687012,9.719500541687012,656200,0.0,0.0
1993-10-19,9.672995567321777,9.6962479106967,9.556733110327377,9.672995567321777,353300,0.0,0.0
1993-10-20,9.626487887314253,9.789254992961869,9.626487887314253,9.766002655029297,398200,0.0,0.0
1993-10-21,9.766002744612253,9.998526126070892,9.766002744612253,9.9287691116333,520800,0.0,0.0
1993-10-22,9.859010558207745,9.859010558207745,9.32420612421603,9.579981803894043,1079700,0.0,0.0
1993-10-25,9.579986853087895,9.649743893402341,9.556734506316413,9.62649154663086,854200,0.0,0.0
1993-10-26,9.626487887314253,9.766002655029297,9.603235549381681,9.766002655029297,562300,0.0,0.0
1993-10-27,9.742752597446545,9.766004940821468,9.626490140452145,9.672995567321777,439700,0.0,0.0
1993-10-28,9.672992035853682,9.742749040511185,9.533477286419156,9.60323429107666,445300,0.0,0.0
1993-10-29,9.649738960848328,9.649738960848328,9.55672962130499,9.60323429107666,340600,0.0,0.0
1993-11-01,9.556733110327377,9.812509627571313,9.533480766952456,9.672995567321777,394800,0.0,0.0
1993-11-02,9.649744033813477,9.672997121043206,9.603239339593834,9.649744033813477,388600,0.0,0.0
1993-11-03,9.603234993660374,9.626487330247375,9.417216300964355,9.417216300964355,772200,0.0,0.0
1993-11-04,9.486972195522089,9.486972195522089,9.393962860107422,9.393962860107422,434300,0.0,0.0
1993-11-05,9.39396696116039,9.440471649169922,9.300956845021517,9.440471649169922,381300,0.0,0.0
1993-11-08,9.417215039871202,9.4404673733444,9.370710372924805,9.370710372924805,418400,0.0,0.0
1993-11-09,9.486970901489258,9.556727893535331,9.463718570807234,9.486970901489258,669600,0.0,0.0
1993-11-10,9.463722229003906,9.55673158768472,9.440469889333702,9.463722229003906,845400,0.0,0.0
1993-11-11,9.463722229003906,9.510226908344313,9.463722229003906,9.463722229003906,386300,0.0,0.0
1993-11-12,9.463723736827689,9.742752597446545,9.463723736827689,9.672995567321777,610300,0.0,0.0
1993-11-15,9.672994101963694,9.742751121520996,9.649741021991582,9.742751121520996,580900,0.0,0.0
1993-11-16,9.719499219469634,9.905517946668061,9.719499219469634,9.812508583068848,585900,0.0,0.0
1993-11-17,9.766005229813004,9.789257573876,9.719500541687012,9.719500541687012,512700,0.0,0.0
1993-11-18,9.766006509482493,9.766006509482493,9.603239339593834,9.649744033813477,363700,0.0,0.0
1993-11-19,9.696244370739516,9.696244370739516,9.533477286419156,9.60323429107666,478500,0.0,0.0
1993-11-22,9.510224800345494,9.626486472926409,9.510224800345494,9.579981803894043,509800,0.0,0.0
1993-11-23,9.579984002434278,9.742751121520996,9.556731662581845,9.742751121520996,525000,0.0,0.0
1993-11-24,9.76599709547046,9.81250174486157,9.71949244607935,9.789249420166016,337900,0.0,0.0
1993-11-26,9.835758513192589,9.905515518794331,9.812506177992008,9.88226318359375,200000,0.0,0.0
1993-11-29,9.859014511108398,9.928771542625524,9.78925747959127,9.859014511108398,552900,0.0,0.0
1993-11-30,9.812505874746524,9.859010543710507,9.789253540264532,9.835758209228516,225000,0.0,0.0
1993-12-01,9.835762167269356,9.905519198786482,9.835762167269356,9.859014511108398,437600,0.0,0.0
1993-12-02,9.859014796449602,9.928771829985648,9.812510107425572,9.905519485473633,346200,0.0,0.0
1993-12-03,9.835762167269356,9.88226685494744,9.812509823430315,9.859014511108398,530600,0.0,0.0
1993-12-06,9.891938252751734,9.915603126344402,9.820942878723145,9.820942878723145,342700,0.4429,0.0
1993-12-07,9.820942878723145,9.844608505566397,9.797278005130476,9.820942878723145,338100,0.0,0.0
1993-12-08,9.773613131537807,9.891938252751734,9.773613131537807,9.820942878723145,524800,0.0,0.0
1993-12-09,9.868264355323264,9.868264355323264,9.631615082545164,9.726274490356445,505200,0.0,0.0
1993-12-10,9.631624622707427,9.6552894981004,9.607959747314453,9.607959747314453,309500,0.0,0.0
1993-12-13,9.631617350641195,9.702611923217773,9.465962594712437,9.702611923217773,390700,0.0,0.0
1993-12-14,9.70261174034008,9.726276597419565,9.489628026624723,9.536957740783691,226300,0.0,0.0
1993-12-15,9.513293835793315,9.513293835793315,9.4422985041996,9.465963363647461,293200,0.0,0.0
1993-12-16,9.489629745483398,9.53695946821521,9.489629745483398,9.489629745483398,363100,0.0,0.0
1993-12-17,9.489628026624723,9.536957740783691,9.489628026624723,9.536957740783691,596300,0.0,0.0
1993-12-20,9.536963067020968,9.58429280761282,9.465967702882713,9.560627937316895,405100,0.0,0.0
1993-12-21,9.560629996528508,9.607959747314453,9.489635370349587,9.607959747314453,560700,0.0,0.0
1993-12-22,9.607952493115668,9.7262767807433,9.607952493115668,9.702611923217773,429700,0.0,0.0
1993-12-23,9.655282026181112,9.678946883260597,9.536957740783691,9.536957740783691,600300,0.0,0.0
1993-12-27,9.584290847924619,9.678950309753418,9.51329625155302,9.678950309753418,356200,0.0,0.0
1993-12-28,9.655282216067288,9.70261193115707,9.560622785887727,9.584287643432617,278600,0.0,0.0
1993-12-29,9.560629996528508,9.631624622707427,9.489635370349587,9.607959747314453,272400,0.0,0.0
1993-12-30,9.655289649963379,9.70261940149375,9.607959898433009,9.655289649963379,355400,0.0,0.0
1993-12-31,9.655288763574466,9.844608505566397,9.655288763574466,9.820942878723145,365200,0.0,0.0
1994-01-03,9.844608505566397,9.868273379159065,9.72628338435247,9.820942878723145,515800,0.0,0.0
1994-01-04,9.797271914321977,10.033921256378104,9.797271914321977,9.915596961975098,642900,0.0,0.0
1994-01-05,9.915594494285441,10.057583612232278,9.891929641294302,10.01025390625,606800,0.0,0.0
1994-01-06,10.03391875924114,10.057583612232278,9.96292420026772,10.01025390625,467200,0.0,0.0
1994-01-07,10.033920288085938,10.12857971447353,9.98659057489214,10.033920288085938,271100,0.0,0.0
1994-01-10,10.010255805972788,10.15224495086599,9.986590948490587,10.128580093383789,441300,0.0,0.0
1994-01-11,10.223244105236454,10.223244105236454,10.128583886606691,10.199579238891602,641800,0.0,0.0
1994-01-12,10.152246475219727,10.223241811576306,10.152246475219727,10.152246475219727,379000,0.0,0.0
1994-01-13,10.081250001279733,10.12857971447353,9.98659057489214,10.033920288085938,726100,0.0,0.0
1994-01-14,10.033920288085938,10.057585144682834,10.010255431489039,10.033920288085938,320200,0.0,0.0
1994-01-17,10.010259019601769,10.17591307515768,10.010259019601769,10.104918479919434,505000,0.0,0.0
1994-01-18,10.152245550781108,10.152245550781108,9.891932103094497,9.915596961975098,894600,0.0,0.0
1994-01-19,9.939261436462402,10.104915442220069,9.915596578497022,9.939261436462402,744700,0.0,0.0
1994-01-20,9.962927867552272,10.696540086815016,9.820937944090002,10.625545501708984,1612000,0.0,0.0
1994-01-21,10.64921308907706,10.64921308907706,10.436228525995359,10.507223129272461,1381100,0.0,0.0
1994-01-24,10.45989283461682,10.672877386313349,10.45989283461682,10.48355770111084,651600,0.0,0.0
1994-01-25,10.436223983764648,10.507218556142286,10.365229411387011,10.436223983764648,606800,0.0,0.0
1994-01-26,10.412557626863281,10.625542066575811,10.388892772811886,10.601877212524414,492900,0.0,0.0
1994-01-27,10.601878548745452,10.625543405779478,10.483553510325264,10.578213691711426,574900,0.0,0.0
1994-01-28,10.672871774678603,10.69653662873,10.530881897120263,10.601877212524414,739200,0.0,0.0
1994-01-31,10.696540621004234,10.862194661191133,10.67287575812039,10.767535209655762,666600,0.0,0.0
1994-02-01,10.76753839642569,10.933193238890182,10.743873526537971,10.862197875976562,598400,0.0,0.0
1994-02-02,10.933186325475658,10.956851180399308,10.814861297607424,10.814861297607422,694000,0.0,0.0
1994-02-03,10.79119605452686,10.81486090859929,10.649206930092282,10.72020149230957,429900,0.0,0.0
1994-02-04,10.720201482781397,10.814860898986982,10.530881897120263,10.601877212524414,673300,0.0,0.0
1994-02-07,10.55455091660295,10.696540086815016,10.55455091660295,10.625545501708984,632600,0.0,0.0
1994-02-08,10.672871774678603,10.69653662873,10.601877212524414,10.601877212524414,357500,0.0,0.0
1994-02-09,10.601878729520264,10.743867874145508,10.601878729520264,10.743867874145508,436500,0.0,0.0
1994-02-10,10.743866346382001,10.79119605452686,10.696536638237141,10.72020149230957,498900,0.0,0.0
1994-02-11,10.672882080078125,10.743876710782498,10.601887449373752,10.672882080078125,315800,0.0,0.0
1994-02-14,10.625543205939525,10.93318709484591,10.625543205939525,10.885856628417969,495800,0.0,0.0
1994-02-15,10.9331897897303,11.02784923941838,10.838529586791992,10.838529586791992,526500,0.0,0.0
1994-02-16,10.791199861947952,10.862194449214012,10.720205274681891,10.838529586791992,629900,0.0,0.0
1994-02-17,10.838528862928571,10.838528862928571,10.578215393671682,10.649209976196289,727800,0.0,0.0
1994-02-18,10.649208257452356,10.767532542562918,10.625543400430244,10.696537971496582,814700,0.0,0.0
1994-02-22,10.649210895236548,10.767535209655762,10.625546032352705,10.767535209655762,546500,0.0,0.0
1994-02-23,10.767532542562918,10.814862256607144,10.672873114474468,10.696537971496582,1230700,0.0,0.0
1994-02-24,10.696539519109171,10.696539519109171,10.483555021844763,10.530884742736816,462600,0.0,0.0
1994-02-25,10.507220439948725,10.625545501708983,10.38889613143867,10.625545501708984,411900,0.0,0.0
1994-02-28,10.687233992624993,10.759445649145867,10.615023102259283,10.639093399047852,348700,0.4532,0.0
1994-03-01,10.63910113118864,10.663171445470706,10.49467924549625,10.590960502624512,369400,0.0,0.0
1994-03-02,10.542820193135746,10.663171768188477,10.494679563114655,10.663171768188477,569600,0.0,0.0
1994-03-03,10.639097911020759,10.663168218017391,10.4465354550477,10.518746376037598,460700,0.0,0.0
1994-03-04,10.542816162109375,10.566886467916685,10.470605244687448,10.542816162109375,346200,0.0,0.0
1994-03-07,10.542816683034228,10.615027604024126,10.518746376037598,10.518746376037598,440700,0.0,0.0
1994-03-08,10.518746376037598,10.518746376037598,10.4465354550477,10.518746376037598,470100,0.0,0.0
1994-03-09,10.566890405348055,10.759453689714848,10.51874977579529,10.711312294006348,508900,0.0,0.0
1994-03-10,10.735383154472622,10.735383154472622,10.542819874060381,10.590960502624512,301000,0.0,0.0
1994-03-11,10.542816683034228,10.566886990030861,10.398394841054435,10.518746376037598,342500,0.0,0.0
1994-03-14,10.542816162109375,10.566886467916685,10.518745856302067,10.542816162109375,499500,0.0,0.0
1994-03-15,10.518749559778316,10.590960502624512,10.518749559778316,10.590960502624512,309300,0.0,0.0
1994-03-16,10.687241979229965,10.735383374938465,10.615031034900818,10.711312294006348,423200,0.0,0.0
1994-03-17,10.783519576934928,10.927941406295718,10.783519576934928,10.879800796508789,1560300,0.0,0.0
1994-03-18,10.90387101761815,10.952011627035173,10.855730408201127,10.92794132232666,1109100,0.0,0.0
1994-03-21,10.879797049199603,10.903867345802578,10.807586159390675,10.831656455993652,203100,0.0,0.0
1994-03-22,10.879797049199603,10.903867345802578,10.831656455993652,10.831656455993652,219000,0.0,0.0
1994-03-23,10.855729103088379,10.903869706717774,10.807588499458983,10.855729103088379,310600,0.0,0.0
1994-03-24,10.87980096594635,10.87980096594635,10.75944943960472,10.783519744873047,412800,0.0,0.0
1994-03-25,10.831664634043994,10.831664634043994,10.663171664453584,10.711312294006348,491800,0.0,0.0
1994-03-28,10.711308654060321,10.711308654060321,10.590957121076595,10.61502742767334,600300,0.0,0.0
1994-03-29,10.566886554303773,10.615027166311954,10.446535024283323,10.494675636291504,658900,0.0,0.0
1994-03-30,10.446531457013817,10.470601754798409,10.15768711744351,10.205827713012695,959100,0.0,0.0
1994-03-31,10.229900441296355,10.229900441296355,10.013267709765739,10.18175983428955,590100,0.0,0.0
1994-04-04,10.061408079451033,10.37432278376982,9.989196404488728,10.326181411743164,744900,0.0,0.0
1994-04-05,10.374323844909668,10.398394150307352,10.278041857163492,10.374323844909668,524000,0.0,0.0
1994-04-06,10.398393525547618,10.446534133450587,10.302111543586289,10.350252151489258,468500,0.0,0.0
1994-04-07,10.32618332863072,10.446535631805762,10.30211302122681,10.422465324401855,622800,0.0,0.0
1994-04-08,10.398393630981445,10.518745151959164,10.374323326785902,10.398393630981445,676900,0.0,0.0
1994-04-11,10.374323676517474,10.518745506559378,10.350252605355063,10.47060489654541,301600,0.0,0.0
1994-04-12,10.47060489654541,10.494675201552393,10.350252605355063,10.47060489654541,421900,0.0,0.0
1994-04-13,10.422464633072831,10.590956773723994,10.422464633072831,10.542816162109375,432600,0.0,0.0
1994-04-14,10.494676069040965,10.566886990030861,10.470605762044332,10.518746376037598,433400,0.0,0.0
1994-04-15,10.49467686149964,10.518747170313834,10.253973007202148,10.253973007202148,303500,0.0,0.0
1994-04-18,10.27804446678673,10.27804446678673,10.10955228622232,10.157692909240723,654500,0.0,0.0
1994-04-19,10.157692479986641,10.157692479986641,9.989199540386945,10.133622169494629,559400,0.0,0.0
1994-04-20,10.133622268890962,10.157692579619072,9.965129327638591,9.9891996383667,440900,0.0,0.0
1994-04-21,10.037338869331304,10.302112230450652,9.965127186506948,10.229901313781738,908800,0.0,0.0
1994-04-22,10.253971551765808,10.44653476110272,10.229901246368122,10.374323844909668,1013500,0.0,0.0
1994-04-25,10.422464455705036,10.422464455705036,10.350252773356544,10.374323844909668,277000,0.0,0.0
1994-04-26,10.374327674085926,10.663171445470706,10.374327674085926,10.590960502624512,581300,0.0,0.0
1994-04-28,10.542818260212218,10.590958881407195,10.374326086029802,10.446537017822266,692500,0.0,0.0
1994-04-29,10.446532539439245,10.590954341111175,10.446532539439245,10.56688404083252,457800,0.0,0.0
1994-05-02,10.566890508146292,10.687242083199024,10.47060924810411,10.663171768188477,619100,0.0,0.0
1994-05-03,10.615028294940053,10.783521221038917,10.615028294940053,10.759450912475586,372100,0.0,0.0
1994-05-04,10.759447023868182,10.831657923460197,10.735376724004176,10.807587623596191,361000,0.0,0.0
1994-05-05,10.855728223324203,10.879798523188208,10.759447023868182,10.807587623596191,304700,0.0,0.0
1994-05-06,10.759450912475584,10.783521221038917,10.711309529193382,10.759450912475586,461800,0.0,0.0
1994-05-09,10.73537826538086,10.75944856870086,10.615025982625491,10.73537826538086,644900,0.0,0.0
1994-05-10,10.735379726812543,10.759450033409287,10.615027427673342,10.61502742767334,479500,0.0,0.0
1994-05-11,10.615030816906575,10.615030816906575,10.542819874060381,10.590960502624512,328100,0.0,0.0
1994-05-12,10.590954158664884,10.807587623596191,10.590954158664884,10.807587623596191,253200,0.0,0.0
1994-05-13,10.807591529602249,10.831661838165582,10.759450912475584,10.759450912475586,312000,0.0,0.0
1994-05-16,10.759445566184725,10.855726752596627,10.759445566184725,10.831656455993652,273400,0.0,0.0
1994-05-17,10.831658801273681,10.903869706717774,10.807588499458983,10.855729103088379,313100,0.0,0.0
1994-05-18,10.92793890167312,11.000149799803179,10.903868602296432,10.952009201049805,945500,0.0,0.0
1994-05-19,10.952014303214716,11.072365856165778,10.952014303214716,11.024225234985352,383800,0.0,0.0
1994-05-20,11.024221499337802,11.096432406639183,10.976080894470215,10.976080894470215,619700,0.0,0.0
1994-05-23,11.000153721763757,11.000153721763757,10.807591258094643,10.9038724899292,646000,0.0,0.0
1994-05-24,10.903869706717774,10.976080612161867,10.855729103088379,10.855729103088379,658700,0.0,0.0
1994-05-25,10.783517105412999,10.952009201049805,10.639094542997633,10.952009201049805,678100,0.0,0.0
1994-05-26,10.903871101402252,10.927941406295718,10.855730491615324,10.879800796508789,403200,0.0,0.0
1994-05-27,10.807589881828394,10.903871101402252,10.783519576934928,10.879800796508789,220000,0.0,0.0
1994-05-31,10.879800796508789,11.000152320976113,10.807589881828394,10.879800796508789,250300,0.0,0.0
1994-06-01,10.879802181970561,10.95201310584648,10.855731874011921,10.9038724899292,316400,0.0,0.0
1994-06-02,10.952007939008528,10.952007939008528,10.831656455993652,10.831656455993652,345600,0.0,0.0
1994-06-03,10.831660186721859,10.927941406295718,10.783519576934928,10.879800796508789,278600,0.0,0.0
1994-06-06,11.01598163298396,11.089421354698583,11.01598163298396,11.040461540222168,271500,0.4532,0.0
1994-06-07,10.967028612504622,11.040468379714662,10.893588066101074,10.893588066101074,323700,0.0,0.0
1994-06-08,10.918068767697928,10.942548690101274,10.869108143697728,10.893588066101074,348100,0.0,0.0
1994-06-09,10.869096848791214,10.869096848791214,10.771177260933529,10.79565715789795,296400,0.0,0.0
1994-06-10,10.795664643559949,10.967024820323918,10.771184729621273,10.869104385375977,432800,0.0,0.0
1994-06-13,10.820144557498624,10.893584299314652,10.820144557498624,10.869104385375977,456600,0.0,0.0
1994-06-14,10.918068767697928,10.918068767697928,10.84462822129438,10.893588066101074,411700,0.0,0.0
1994-06-15,10.893576745755635,10.967017215841596,10.771177260933529,10.79565715789795,456400,0.0,0.0
1994-06-16,10.795664626665815,11.015984630962356,10.771184712765447,10.967024803161621,485600,0.0,0.0
1994-06-17,10.967023941385168,10.99150385336193,10.844623602308177,10.91806411743164,648700,0.0,0.0
1994-06-20,10.918065023126324,10.991504765148717,10.84462450191069,10.942544937133789,238000,0.0,0.0
1994-06-21,10.893584299314652,10.918064992446565,10.844624471437301,10.869104385375977,355400,0.0,0.0
1994-06-22,10.942548690101274,10.942548690101274,10.869108143697728,10.893588066101074,260100,0.0,0.0
1994-06-23,10.820141242737035,10.918061647686958,10.575342178344725,10.575342178344727,614300,0.0,0.0
1994-06-24,10.501903806142458,10.550864408126916,10.355024337768555,10.355024337768555,335000,0.0,0.0
1994-06-27,10.355023133370022,10.648782815143631,10.281583407724886,10.599822998046875,348100,0.0,0.0
1994-06-28,10.599823210669967,10.599823210669967,10.379503250122069,10.37950325012207,310800,0.0,0.0
1994-06-29,10.403987087612125,10.428467005894943,10.330547332763672,10.330547332763672,309900,0.0,0.0
1994-06-30,10.379504249164205,10.501903806142458,10.232624780790303,10.355024337768555,476400,0.0,0.0
1994-07-01,10.355022349087013,10.403982162475586,10.281582629004157,10.403982162475586,406900,0.0,0.0
1994-07-05,10.379504113699733,10.50190366908053,10.330544291547413,10.42846393585205,293500,0.0,0.0
1994-07-06,10.42846393585205,10.50190366908053,10.379504113699733,10.42846393585205,545200,0.0,0.0
1994-07-07,10.452947312576807,10.697747283694369,10.428467393384391,10.673267364501953,482400,0.0,0.0
1994-07-08,10.624302902144919,10.673262719221167,10.477422671723106,10.50190258026123,252100,0.0,0.0
1994-07-11,10.550865045705848,10.550865045705848,10.4284647021379,10.526384353637695,204200,0.0,0.0
1994-07-12,10.526382531508293,10.526382531508293,10.403982988321056,10.477422714233398,192300,0.0,0.0
1994-07-13,10.526384353637695,10.599824871455747,10.501904440762747,10.526384353637695,372700,0.0,0.0
1994-07-14,10.550864219665527,10.624303952540686,10.526383529514,10.550864219665527,261300,0.0,0.0
1994-07-15,10.575342178344725,10.599822084783957,10.550862271905494,10.575342178344727,289100,0.0,0.0
1994-07-18,10.62430454000259,10.820143838498447,10.575344715378627,10.7467041015625,389400,0.0,0.0
1994-07-19,10.7467071220792,10.820146879656447,10.673267364501953,10.673267364501953,394000,0.0,0.0
1994-07-20,10.746703370988058,10.746703370988058,10.599823907101216,10.624303817749023,331400,0.0,0.0
1994-07-21,10.771184729621273,10.942544906385242,10.722224901743921,10.869104385375977,806200,0.0,0.0
1994-07-22,10.893581399286386,11.015981715588277,10.893581399286386,10.991501808166504,607200,0.0,0.0
1994-07-25,10.967024519722463,11.138383912596305,10.967024519722463,11.113903999328613,371900,0.0,0.0
1994-07-26,11.06494218852474,11.236301550668825,11.040462279647011,11.162861824035645,323900,0.0,0.0
1994-07-27,11.138381915157918,11.162861824035645,11.040462279647011,11.162861824035645,293500,0.0,0.0
1994-07-28,11.113900341362076,11.162860151783104,10.991500815309507,11.01598072052002,395500,0.0,0.0
1994-07-29,11.040464259525537,11.138383912596305,11.015984346257847,11.113903999328613,242100,0.0,0.0
1994-08-01,11.162863533083016,11.35870361328125,11.089423795206127,11.35870361328125,432600,0.0,0.0
1994-08-02,11.33422370065562,11.38318352590688,11.285263096211164,11.35870361328125,452000,0.0,0.0
1994-08-03,11.358703157134011,11.701422699322958,11.358703157134011,11.60350227355957,1156600,0.0,0.0
1994-08-04,11.554540760257836,11.627980484443896,11.456621128009758,11.481101036071777,545600,0.0,0.0
1994-08-05,11.432141474331736,11.456621382938474,11.334221839904783,11.334221839904785,153700,0.0,0.0
1994-08-08,11.358704664683057,11.383184579574634,11.26078422592348,11.309744834899902,426100,0.0,0.0
1994-08-09,11.28526124349824,11.432141474331736,11.211821517678027,11.334221839904785,360800,0.0,0.0
1994-08-10,11.358698594440197,11.627977514341232,11.334218692631012,11.530057907104492,503700,0.0,0.0
1994-08-11,11.554542726302012,11.62798246298409,11.432143165165218,11.456623077392578,629900,0.0,0.0
1994-08-12,11.481099845424463,11.627979278564451,11.456619939901133,11.627979278564453,960300,0.0,0.0
1994-08-15,11.62798246298409,11.62798246298409,11.456623077392578,11.456623077392578,594300,0.0,0.0
1994-08-16,11.456622894160553,11.579022453339745,11.407663070488876,11.554542541503906,446600,0.0,0.0
1994-08-17,11.579023898707248,11.579023898707248,11.285264140815057,11.309744834899902,524800,0.0,0.0
1994-08-18,11.260783183585534,11.35870361328125,11.236303270959905,11.35870361328125,363700,0.0,0.0
1994-08-19,11.358704664683057,11.358704664683057,11.26078422592348,11.309744834899902,324900,0.0,0.0
1994-08-22,11.260781334891503,11.334221839904783,11.211821517678027,11.334221839904785,484900,0.0,0.0
1994-08-23,11.358703428483143,11.530062814074654,11.334223516255783,11.456623077392578,529200,0.0,0.0
1994-08-24,11.407658398058567,11.579017710722862,11.407658398058567,11.530057907104492,473500,0.0,0.0
1994-08-25,11.554540760257836,11.554540760257836,11.481101036071777,11.481101036071777,749900,0.0,0.0
1994-08-26,11.50557804107666,11.579017746732605,11.45661823730603,11.50557804107666,1226300,0.0,0.0
1994-08-29,11.530062629668068,11.554542541503906,11.50558271783223,11.554542541503906,489700,0.0,0.0
1994-08-30,11.554542541503906,11.554542541503906,11.50558271783223,11.554542541503906,614100,0.0,0.0
1994-08-31,11.554539561994458,11.701419774327416,11.530059656471126,11.627979278564453,1058400,0.0,0.0
1994-09-01,11.603502365175583,11.65246218884726,11.530062629668068,11.554542541503906,348500,0.0,0.0
1994-09-02,11.742698109861342,11.742698109861342,11.469033315486405,11.518791198730469,309300,0.4532,0.0
1994-09-06,11.568551659959024,11.76758008338476,11.518794554102591,11.742701530456543,569800,0.0,0.0
1994-09-07,11.81733517558103,11.916850162218537,11.79245662689209,11.79245662689209,630300,0.0,0.0
1994-09-08,11.792454625884218,11.94172668457031,11.792454625884218,11.941726684570312,838700,0.0,0.0
1994-09-09,11.817336985525559,11.916851987404794,11.792458433026216,11.842215538024902,860200,0.0,0.0
1994-09-12,11.842212292586176,11.86709163014903,11.493912653049259,11.518791198730469,486600,0.0,0.0
1994-09-13,11.593421103969998,11.668056704113676,11.344634978276488,11.369513511657715,632000,0.0,0.0
1994-09-14,11.493914461079227,11.61830720905265,11.444156570008087,11.568550109863281,635100,0.0,0.0
1994-09-15,11.568548797152431,11.767577171325684,11.518791703609118,11.767577171325684,767400,0.0,0.0
1994-09-16,11.742699529514207,11.81733517558103,11.692942432136325,11.79245662689209,935500,0.0,0.0
1994-09-19,11.842210890602303,11.916847310691466,11.817332347866433,11.867090225219727,565300,0.0,0.0
1994-09-20,11.79245571809734,11.842212811640653,11.742698624554027,11.767577171325684,532100,0.0,0.0
1994-09-21,11.767575346018198,11.767575346018198,11.692939717280208,11.717818260192871,652500,0.0,0.0
1994-09-22,11.742699764995162,11.792456863370843,11.66806411743164,11.66806411743164,443600,0.0,0.0
1994-09-23,11.692942857836705,11.692942857836705,11.518793010673912,11.568550109863281,242800,0.0,0.0
1994-09-26,11.593424797058107,11.668060420976978,11.568546255751816,11.593424797058105,153100,0.0,0.0
1994-09-27,11.643181840172089,11.66806038139398,11.518789134062628,11.618303298950195,244800,0.0,0.0
1994-09-28,11.668061174367544,11.742696803105535,11.618304088542217,11.717818260192871,495400,0.0,0.0
1994-09-29,11.74269604489585,11.74269604489585,11.543667714445526,11.593424797058105,318700,0.0,0.0
1994-09-30,11.643182672300899,11.717818301300722,11.593425586301016,11.692939758300781,365200,0.0,0.0
1994-10-03,11.668063209116372,11.668063209116372,11.593427567362957,11.643184661865234,221300,0.0,0.0
1994-10-04,11.668061549146412,11.71781863656994,11.469032407570715,11.493911743164062,346900,0.0,0.0
1994-10-05,11.444155924551355,11.444155924551355,11.195370442636147,11.31976318359375,677700,0.0,0.0
1994-10-06,11.369519277810124,11.394397823808724,11.319762185812923,11.344640731811523,489700,0.0,0.0
1994-10-07,11.344636810592167,11.444150960189981,11.344636810592167,11.419272422790527,431100,0.0,0.0
1994-10-10,11.419274177293556,11.618303298950195,11.419274177293556,11.618303298950195,472800,0.0,0.0
1994-10-11,11.59342591801112,11.59342591801112,11.493911743164062,11.493911743164062,581100,0.0,0.0
1994-10-12,11.493910667187665,11.51878920857048,11.444152792540525,11.46903133392334,331200,0.0,0.0
1994-10-13,11.593428659457965,11.61830720905265,11.493914461079227,11.568550109863281,690400,0.0,0.0
1994-10-14,11.593428469868119,11.66806411743164,11.543671371492438,11.66806411743164,299900,0.0,0.0
1994-10-17,11.668065871671892,11.742701530456543,11.568551659959024,11.742701530456543,281400,0.0,0.0
1994-10-18,11.742696005059656,11.742696005059656,11.493910592840736,11.618303298950195,527900,0.0,0.0
1994-10-19,11.568547374299355,11.568547374299355,11.444153863858952,11.493911743164062,334500,0.0,0.0
1994-10-20,11.4939172194035,11.4939172194035,10.34950128776436,10.498772621154785,6646200,0.0,0.0
1994-10-21,10.498774336854666,10.498774336854666,10.075838031250647,10.100716590881348,5007800,0.0,0.0
1994-10-24,10.20021833703096,10.324610982838772,10.001190103738457,10.075825691223145,2317700,0.0,0.0
1994-10-25,10.05095454545463,10.225104377515374,10.05095454545463,10.200225830078125,1841900,0.0,0.0
1994-10-26,10.299740019827121,10.299740019827121,10.150468735203626,10.200225830078125,1150000,0.0,0.0
1994-10-27,10.175348138943937,10.274862337067518,10.175348138943937,10.249983787536621,1102200,0.0,0.0
1994-10-28,10.249983787536621,10.324619436129307,10.15046958941304,10.249983787536621,2087000,0.0,0.0
1994-10-31,10.299740886598412,10.349498777541973,10.249983787536621,10.249983787536621,854800,0.0,0.0
1994-11-01,10.200221027874052,10.249978099323213,10.175342492149472,10.225099563598633,1444700,0.0,0.0
1994-11-02,10.225105238005726,10.424134426134659,10.225105238005726,10.249983787536621,1067400,0.0,0.0
1994-11-03,10.24998016709609,10.274858707839527,10.075830381892034,10.125587463378906,879600,0.0,0.0
1994-11-04,10.100712922292173,10.175348574076533,10.001198719913026,10.026077270507812,768800,0.0,0.0
1994-11-07,10.026075421945032,10.026075421945032,9.901681900024414,9.901681900024414,1035600,0.0,0.0
1994-11-08,9.95144087530204,10.026077319331659,9.926562324586103,10.001198768615723,798500,0.0,0.0
1994-11-09,10.026068632900019,10.150461278707834,10.001190103738457,10.075825691223145,1195600,0.0,0.0
1994-11-10,10.050953085026185,10.07583162884852,9.827045398743584,9.851923942565918,931300,0.0,0.0
1994-11-11,9.90168465895203,10.001199662592935,9.876806106012273,9.951441764831543,617400,0.0,0.0
1994-11-14,9.95144087530204,10.026077319331659,9.926562324586103,10.001198768615723,458700,0.0,0.0
1994-11-15,10.050951026408772,10.100708103862287,9.901679002166796,9.926557540893555,1473500,0.0,0.0
1994-11-16,9.95144087530204,10.026077319331659,9.901683773870165,10.001198768615723,697100,0.0,0.0
1994-11-17,10.001193948955255,10.001193948955255,9.901679002166796,9.926557540893555,818700,0.0,0.0
1994-11-18,9.926560624734387,9.976318509527392,9.752410799544721,9.802167892456055,835600,0.0,0.0
1994-11-21,9.827047489693797,9.827047489693797,9.727533293230323,9.752411842346191,684800,0.0,0.0
1994-11-22,9.62802037743253,9.777291691982981,9.379234061299917,9.503626823425293,967400,0.0,0.0
1994-11-23,9.428988317403139,9.702653103279452,9.354352682677312,9.60313892364502,870200,0.0,0.0
1994-11-25,9.47874550378021,9.553381139266348,9.379231323132027,9.453866958618164,364400,0.0,0.0
1994-11-28,9.52849951838874,9.727528607321902,9.478742444125793,9.70265007019043,648900,0.0,0.0
1994-11-29,9.752410799544721,9.802167892456055,9.652896613722056,9.802167892456055,740900,0.0,0.0
1994-11-30,9.851928604219491,10.125593507637243,9.851928604219491,9.976322174072266,1247800,0.0,0.0
1994-12-01,9.951439171190055,10.001197055983058,9.752410799544721,9.802167892456055,607800,0.0,0.0
1994-12-02,9.802167848005297,9.827046394348145,9.702653662633907,9.827046394348145,673900,0.0,0.0
1994-12-05,9.917423598991444,10.171066416770104,9.917423598991444,10.14570140838623,977000,0.4532,0.0
1994-12-06,10.171068576581085,10.272525402300749,10.14570356281099,10.221796989440918,735100,0.0,0.0
1994-12-07,10.272518157958984,10.297882346501675,10.196425592330913,10.272518157958984,453400,0.0,0.0
1994-12-08,10.272519210121862,10.399340165824949,10.069604873657227,10.069604873657227,580300,0.0,0.0
1994-12-09,10.069608805254635,10.2471590199017,10.044244604210771,10.14570140838623,615500,0.0,0.0
1994-12-12,10.094969335178014,10.120333526997976,10.018876759718124,10.044240951538086,414900,0.0,0.0
1994-12-13,10.069605556589837,10.171063135372973,10.044241363728988,10.094969749450684,569400,0.0,0.0
1994-12-14,10.0949730062985,10.196430617813968,10.069608805254635,10.14570140838623,1077200,0.0,0.0
1994-12-15,10.120330598746715,10.361291562325466,10.120330598746715,10.247152328491211,534400,0.0,0.0
1994-12-16,10.348612778206315,10.348612778206315,10.171063423156738,10.171063423156738,1228800,0.0,0.0
1994-12-19,10.17106190481944,10.17106190481944,10.094968528103365,10.120332717895508,421700,0.0,0.0
1994-12-20,10.145696907687649,10.247154474195867,10.094968528103365,10.120332717895508,934900,0.0,0.0
1994-12-21,10.171059775048203,10.32324488193422,10.120330598746715,10.247152328491211,1483300,0.0,0.0
1994-12-22,10.272514269644859,10.424699343296467,10.247150090702924,10.373970985412598,680800,0.0,0.0
1994-12-23,10.348609924316406,10.399338297483801,10.323245737732709,10.348609924316406,325800,0.0,0.0
1994-12-27,10.3232452126738,10.475430324435576,10.3232452126738,10.399337768554688,430100,0.0,0.0
1994-12-28,10.39933534667112,10.450063705444336,10.323242808511292,10.450063705444336,672700,0.0,0.0
1994-12-29,10.450064919332444,10.450064919332444,10.348608190000713,10.424700736999512,409400,0.0,0.0
1994-12-30,10.424710640880244,10.475439053740075,10.221796989440918,10.221796989440918,485600,0.0,0.0
1995-01-03,10.272514269644859,10.475427701180337,10.247150090702924,10.373970985412598,452800,0.0,0.0
1995-01-04,10.373973250896226,10.475429988820238,10.247152328491211,10.247152328491211,583800,0.0,0.0
1995-01-05,10.044238353655663,10.145695094694336,9.96814579787666,10.018874168395996,1617900,0.0,0.0
1995-01-06,10.01887717086814,10.12033394231153,9.993512978007294,10.094969749450684,727100,0.0,0.0
1995-01-09,10.069604873657227,10.069604873657227,9.993512300235373,10.069604873657227,766300,0.0,0.0
1995-01-10,9.993512965757334,10.01887715858709,9.917420387268066,9.917420387268066,539200,0.0,0.0
1995-01-11,9.942784720921804,9.993513107299805,9.892056334543803,9.993513107299805,368800,0.0,0.0
1995-01-12,9.96814945763353,10.018877846777544,9.942785263061523,9.942785263061523,251100,0.0,0.0
1995-01-13,9.993512965757334,10.01887715858709,9.89205619443831,9.917420387268066,729600,0.0,0.0
1995-01-16,9.942786769326583,9.942786769326583,9.892058372497559,9.892058372497559,465300,0.0,0.0
1995-01-17,9.917421068489517,9.96814945763353,9.89205687391751,9.942785263061523,1131800,0.0,0.0
1995-01-18,9.942786769326583,9.942786769326583,9.866694174083047,9.892058372497559,362900,0.0,0.0
1995-01-19,9.689142907354114,9.765235494190696,9.66377871174192,9.714507102966309,1098400,0.0,0.0
1995-01-20,9.714499983379964,9.815957498812146,9.663771629333496,9.663771629333496,590100,0.0,0.0
1995-01-23,9.638412744416598,9.714505317266001,9.587684362516995,9.613048553466797,574900,0.0,0.0
1995-01-24,9.663777206330632,9.689141397991625,9.587684631347656,9.587684631347656,944100,0.0,0.0
1995-01-25,9.613050720867756,9.7906009048873,9.613050720867756,9.765235900878906,963300,0.0,0.0
1995-01-26,9.739869117736816,9.765233307669748,9.689140737870954,9.739869117736816,486600,0.0,0.0
1995-01-27,9.739866998917128,9.917417097162886,9.739866998917128,9.86668872833252,749700,0.0,0.0
1995-01-30,9.841327938280712,9.866692131444234,9.73987035828686,9.815963745117188,815200,0.0,0.0
1995-01-31,9.815965101555825,9.892057691561401,9.765235900878906,9.765235900878906,739000,0.0,0.0
1995-02-01,9.815960359502155,9.892052912747703,9.790596175086971,9.86668872833252,982700,0.0,0.0
1995-02-02,9.866691344532287,10.069604873657227,9.866691344532287,10.069604873657227,969500,0.0,0.0
1995-02-03,10.120330598746715,10.297880697453218,10.120330598746715,10.247152328491211,2058000,0.0,0.0
1995-02-06,10.19642761673525,10.247156003892272,10.094970035081435,10.171063423156738,427400,0.0,0.0
1995-02-07,10.196426094611583,10.196426094611583,10.094968528103365,10.120332717895508,365400,0.0,0.0
1995-02-08,10.120332717895508,10.17106190481944,10.094968528103365,10.120332717895508,369600,0.0,0.0
1995-02-09,10.12033394231153,10.145698135172378,10.069605556589837,10.094969749450684,447600,0.0,0.0
1995-02-10,10.094970035081435,10.22179181031376,10.069605841502923,10.171063423156738,1083600,0.0,0.0
1995-02-13,10.24715573108236,10.24715573108236,10.17106315237264,10.196427345275879,675000,0.0,0.0
1995-02-14,10.221796989440918,10.247161195870833,10.171068576581085,10.221796989440918,681200,0.0,0.0
1995-02-15,10.27251572975436,10.39933664249004,10.221787364660088,10.323244094848633,874600,0.0,0.0
1995-02-16,10.348609924316406,10.348609924316406,10.297881551149011,10.348609924316406,305800,0.0,0.0
1995-02-17,10.348612502695323,10.348612502695323,10.17106315237264,10.196427345275879,423600,0.0,0.0
1995-02-21,10.17106190481944,10.221790284403724,10.120332717895508,10.120332717895508,639300,0.0,0.0
1995-02-22,10.17106315237264,10.272519923985602,10.145698152129649,10.196427345275879,520400,0.0,0.0
1995-02-23,10.247153490799898,10.526159551737882,10.221789303441899,10.500795364379883,920900,0.0,0.0
1995-02-24,10.500798910069397,10.627620697021484,10.47543471414695,10.627620697021484,446100,0.0,0.0
1995-02-27,10.551529884338379,10.602258284717315,10.50080067661946,10.551529884338379,863300,0.0,0.0
1995-02-28,10.50080067661946,10.551529884338379,10.450072276240522,10.551529884338379,508700,0.0,0.0
1995-03-01,10.500798498211315,10.52616269313894,10.424705913428443,10.475434303283691,362700,0.0,0.0
1995-03-02,10.450064919332444,10.50079328399831,10.39933655466658,10.424700736999512,330800,0.0,0.0
1995-03-03,10.424702802305887,10.551524546435452,10.424702802305887,10.500795364379883,427800,0.0,0.0
1995-03-06,10.571486806386195,10.674875213165635,10.545639704691336,10.597333908081055,536300,0.4635,0.0
1995-03-07,10.623179318573383,10.623179318573383,10.3905554403532,10.468096733093262,642900,0.0,0.0
1995-03-08,10.493943830673281,10.519790928253302,10.44224963551324,10.468096733093262,409600,0.0,0.0
1995-03-09,10.49394043704785,10.597328793933269,10.49394043704785,10.571481704711914,333100,0.0,0.0
1995-03-10,10.623180106729754,10.700721405222769,10.57148590773441,10.674874305725098,338500,0.0,0.0
1995-03-13,10.700717150818688,10.726564240040043,10.54563461549056,10.571481704711914,286100,0.0,0.0
1995-03-14,10.597333007232082,10.75241642692873,10.597333007232082,10.674874305725098,443000,0.0,0.0
1995-03-15,10.674874915890713,10.959193849327118,10.674874915890713,10.93334674835205,1213600,0.0,0.0
1995-03-16,10.907498736472203,10.907498736472203,10.700721123229368,10.726568222045898,360000,0.0,0.0
1995-03-17,10.726566929074968,10.752414847486408,10.67487273767308,10.700719833374023,799100,0.0,0.0
1995-03-20,10.752418518066406,10.752418518066406,10.674876381782326,10.752418518066406,469700,0.0,0.0
1995-03-21,10.752418266111691,10.985042201380669,10.726570339482159,10.881653785705566,650800,0.0,0.0
1995-03-22,10.855806936164143,10.881654040688577,10.752418518066406,10.752418518066406,419900,0.0,0.0
1995-03-23,10.778259016300462,10.82995319366455,10.726564016226098,10.82995319366455,560900,0.0,0.0
1995-03-24,10.855800282346596,10.959188637074776,10.82995319366455,10.82995319366455,408200,0.0,0.0
1995-03-27,10.855806681786792,10.881653785705568,10.804112473949242,10.881653785705566,553800,0.0,0.0
1995-03-28,10.933346182444742,11.036734580993652,10.881651983170286,11.036734580993652,696000,0.0,0.0
1995-03-29,10.959188637074776,10.985035725756822,10.778259016300462,10.82995319366455,1054600,0.0,0.0
1995-03-30,10.804106104982505,10.93334154839273,10.804106104982505,10.82995319366455,594500,0.0,0.0
1995-03-31,10.77826562259084,10.881654040688577,10.674876381782326,10.752418518066406,489300,0.0,0.0
1995-04-03,10.752414847486408,10.778261943187353,10.623178546271195,10.700719833374023,371000,0.0,0.0
1995-04-04,10.752411927618416,10.855800282346596,10.700716927544052,10.82995319366455,483300,0.0,0.0
1995-04-05,10.829960494167166,10.829960494167166,10.778266281955881,10.804113388061523,253000,0.0,0.0
1995-04-06,10.752418266111691,10.881653785705568,10.674876131644607,10.881653785705566,745100,0.0,0.0
1995-04-07,10.93334641353804,10.98504061390513,10.829958012803854,10.907499313354492,860000,0.0,0.0
1995-04-10,10.881651541948571,10.907498640537769,10.7007210291136,10.855804443359375,396500,0.0,0.0
1995-04-11,10.881650325991126,10.881650325991126,10.67487273767308,10.700719833374023,543400,0.0,0.0
1995-04-12,10.649028111470775,10.649028111470775,10.545639704691336,10.597333908081055,430900,0.0,0.0
1995-04-13,10.649021753621618,10.674868839884837,10.57148049483196,10.623174667358398,365400,0.0,0.0
1995-04-17,10.649025168498436,10.674872263050174,10.519789695739746,10.519789695739746,573200,0.0,0.0
1995-04-18,10.545641838013648,10.545641838013648,10.364712089548588,10.390559196472168,584900,0.0,0.0
1995-04-19,10.442252441062418,10.752418518066406,10.39055823201355,10.752418518066406,837500,0.0,0.0
1995-04-20,10.72657429382988,11.424448002329216,10.674880066935273,11.346906661987305,1682300,0.0,0.0
1995-04-21,11.450289967750676,11.605373401420383,11.321054458618164,11.321054458618164,1383000,0.0,0.0
1995-04-24,11.3727530156246,11.65707206726074,11.321058792183665,11.657072067260742,744000,0.0,0.0
1995-04-25,11.657070459904292,11.708764676217273,11.527834919121837,11.605376243591309,616600,0.0,0.0
1995-04-26,11.553677063495893,11.760453839910742,11.476134949629785,11.734606742858887,823500,0.0,0.0
1995-04-27,11.734612163243577,11.8638477081986,11.734612163243577,11.786306381225586,723400,0.0,0.0
1995-04-28,11.786302516758903,11.81214961727522,11.657067014177331,11.708761215209961,634700,0.0,0.0
1995-05-01,11.682912826538086,11.734607021870923,11.60537153353883,11.682912826538086,610700,0.0,0.0
1995-05-02,11.657065451703318,11.760453839910742,11.631218354651462,11.734606742858887,246500,0.0,0.0
1995-05-03,11.734612163243577,11.786306381225586,11.682917945261568,11.786306381225586,424500,0.0,0.0
1995-05-04,11.786302333594287,11.967232857107396,11.708761033250372,11.91553783416748,561100,0.0,0.0
1995-05-05,11.967231439036132,11.967231439036132,11.70875964580703,11.734606742858887,454500,0.0,0.0
1995-05-08,11.682916706371453,11.83799934387207,11.65706960012135,11.83799934387207,580300,0.0,0.0
1995-05-09,11.889689204784142,12.329091495637726,11.889689204784142,12.225702285766602,1808500,0.0,0.0
1995-05-10,12.199861178089018,12.225708287567937,12.0447785212155,12.09647274017334,719800,0.0,0.0
1995-05-11,12.096469213039926,12.122316314982251,12.018927907212948,12.044775009155273,530600,0.0,0.0
1995-05-12,11.99307884821282,12.044773043661895,11.889689634604107,11.967231750488281,577800,0.0,0.0
1995-05-15,11.967231750488281,11.99307884821282,11.889689634604107,11.967231750488281,284700,0.0,0.0
1995-05-16,11.993084302257662,12.122319849652259,11.993084302257662,12.09647274017334,253600,0.0,0.0
1995-05-17,12.044773043661895,12.070620141386431,11.915536732328645,11.967231750488281,326600,0.0,0.0
1995-05-18,11.915536705535855,11.941384625912834,11.682912826538086,11.682912826538086,485200,0.0,0.0
1995-05-19,11.657065728871668,11.760454119537343,11.579524435872411,11.682912826538086,618200,0.0,0.0
1995-05-22,11.682911654470677,12.044771808208122,11.682911654470677,12.018924713134766,649100,0.0,0.0
1995-05-23,12.018927907212948,12.0706221110976,11.941386601385972,12.044775009155273,374400,0.0,0.0
1995-05-24,12.04477733609898,12.303248405456543,12.04477733609898,12.303248405456543,547900,0.0,0.0
1995-05-25,12.277398972709562,12.277398972709562,12.070622156394988,12.122316360473633,517900,0.0,0.0
1995-05-26,12.122319248225256,12.199860572814941,12.096472140028695,12.199860572814941,798700,0.0,0.0
1995-05-30,12.199850688329118,12.225697775584017,12.148156513819321,12.174003601074219,282000,0.0,0.0
1995-05-31,12.14815783892495,12.40662956237793,12.14815783892495,12.40662956237793,534600,0.0,0.0
1995-06-01,12.406632505830142,12.406632505830142,12.199854913468066,12.277396202087402,882500,0.0,0.0
1995-06-02,12.25154938255675,12.329091495637726,12.148160995396157,12.225702285766602,497500,0.0,0.0
1995-06-05,12.25155275237069,12.329094886779785,12.1998585445718,12.329094886779785,261100,0.0,0.0
1995-06-06,12.374675902441702,12.42722218684945,12.269583333626205,12.295856475830078,658300,0.4635,0.0
1995-06-07,12.243310406329556,12.348402976989746,12.164490978334413,12.348402976989746,714000,0.0,0.0
1995-06-08,12.348396898953439,12.427216288152687,12.348396898953439,12.374670028686523,295100,0.0,0.0
1995-06-09,12.348404253140917,12.40095054390143,12.190765380859375,12.190765380859375,470100,0.0,0.0
1995-06-12,12.190764333170913,12.47976890751635,12.190764333170913,12.400949478149414,684600,0.0,0.0
1995-06-13,12.45349013697021,12.742495416992863,12.427217005720076,12.611129760742188,1287600,0.0,0.0
1995-06-14,12.558588829321767,12.66368139893376,12.348402853826261,12.637408256530762,649900,0.0,0.0
1995-06-15,12.611129032555382,12.611129032555382,12.269577509754193,12.374670028686523,619500,0.0,0.0
1995-06-16,12.4272205681398,12.506039984484786,12.322128013013153,12.479766845703125,794700,0.0,0.0
1995-06-19,12.506035677351935,12.532309643356136,12.374670028686522,12.374670028686523,319100,0.0,0.0
1995-06-20,12.427218929821784,12.427218929821784,12.269580117913813,12.322126388549805,1174400,0.0,0.0
1995-06-21,12.348403191904788,12.53231603003252,12.348403191904788,12.400949478149414,750300,0.0,0.0
1995-06-22,12.427218175790266,12.663677215576172,12.427218175790266,12.663677215576172,573600,0.0,0.0
1995-06-23,13.03149845075602,13.231831355608294,12.76876634727104,13.136590957641602,2644600,0.0,0.0
1995-06-26,13.084051452542578,13.110324592814836,12.795046073276284,12.8475923538208,1168500,0.0,0.0
1995-06-27,12.873862133267625,13.057774903432977,12.84758899985418,13.031501770019531,599300,0.0,0.0
1995-06-28,13.005234123012311,13.005234123012311,12.768774986267088,12.76877498626709,993700,0.0,0.0
1995-06-29,12.742501629166135,12.742501629166135,12.611135908872571,12.716228485107422,644700,0.0,0.0
1995-06-30,12.716225537869414,12.795044951777589,12.532313572083678,12.584859848022461,598200,0.0,0.0
1995-07-03,12.611133375882842,12.611133375882842,12.453493706921464,12.479766845703125,725500,0.0,0.0
1995-07-05,12.479767278226209,12.479767278226209,12.243309020996092,12.243309020996094,975400,0.0,0.0
1995-07-06,12.348404253140917,12.348404253140917,12.08567196306673,12.190765380859375,1109700,0.0,0.0
1995-07-07,12.190763907014583,12.400949044645575,12.164490764810708,12.295856475830078,1515200,0.0,0.0
1995-07-10,12.243308218148997,12.637406123961242,12.243308218148997,12.584859848022461,586500,0.0,0.0
1995-07-11,12.584862097246704,12.584862097246704,12.295856691659651,12.348402976989746,868400,0.0,0.0
1995-07-12,12.322124480719534,12.611129760742188,12.2958513494694,12.611129760742188,483500,0.0,0.0
1995-07-13,12.558582773089219,12.584855902822301,12.348396898953439,12.374670028686523,308900,0.0,0.0
1995-07-14,12.269580117913813,12.3483995238678,12.243306982595819,12.322126388549805,643500,0.0,0.0
1995-07-17,13.346782684326172,13.530694652353125,12.926411635421745,13.346782684326172,7904200,0.0,0.0
1995-07-18,13.373049934405186,13.399323061126582,13.03149845075602,13.136590957641602,2498800,0.0,0.0
1995-07-19,13.110324592814836,13.21541715390387,12.795046073276284,12.8475923538208,3183000,0.0,0.0
1995-07-20,12.97895922618269,13.241690635681152,12.926412944282998,13.241690635681152,3040100,0.0,0.0
1995-07-21,13.241691373021439,13.26796451543426,13.13659880337016,13.1891450881958,1259700,0.0,0.0
1995-07-24,13.241690635681152,13.294236917580845,13.215417494731305,13.241690635681152,1475000,0.0,0.0
1995-07-25,13.26795768737793,13.346777910324855,13.241684558485986,13.26795768737793,1966000,0.0,0.0
1995-07-26,13.320510894802165,13.320510894802165,13.18914435378146,13.241690635681152,1402600,0.0,0.0
1995-07-27,13.215417464427937,13.320510864257814,13.215417464427937,13.320510864257812,755300,0.0,0.0
1995-07-28,13.320507744620649,13.478146553039549,13.320507744620649,13.47814655303955,919500,0.0,0.0
1995-07-31,13.451876568705819,13.451876568705819,13.320510864257814,13.320510864257812,1192100,0.0,0.0
1995-08-01,13.294238112393213,13.504424095153809,13.294238112393213,13.504424095153809,1576500,0.0,0.0
1995-08-02,13.478150671845704,13.924794935127824,13.478150671845704,13.872248649597168,2351700,0.0,0.0
1995-08-03,13.819697006128525,14.187521698507922,13.767150740970212,14.13497543334961,1324800,0.0,0.0
1995-08-04,14.082430819894153,14.345162176501,14.05615684796216,14.21379566192627,1744100,0.0,0.0
1995-08-07,14.213794363859412,14.213794363859412,14.029882431030272,14.029882431030273,907200,0.0,0.0
1995-08-08,14.029884110030224,14.082431219112543,13.951064700813744,13.977337837219238,529400,0.0,0.0
1995-08-09,13.977341437101186,14.003614580273362,13.872248864412487,13.924795150756836,564800,0.0,0.0
1995-08-10,13.95106281514415,13.95106281514415,13.662057517475255,13.68833065032959,1224400,0.0,0.0
1995-08-11,13.688328611625357,13.714602576837732,13.50441670903638,13.556962966918945,888400,0.0,0.0
1995-08-14,13.556966908817223,14.10870361328125,13.504420635656016,14.10870361328125,952200,0.0,0.0
1995-08-15,14.082433586829579,14.082433586829579,13.714608779037972,13.74088191986084,970400,0.0,0.0
1995-08-16,13.714604619455141,13.76715088516381,13.609511251766586,13.68833065032959,824800,0.0,0.0
1995-08-17,13.688334981048385,13.688334981048385,13.530696134048561,13.583242416381836,509600,0.0,0.0
1995-08-18,13.609512188335023,13.793424967242943,13.583239053672646,13.767151832580566,932800,0.0,0.0
1995-08-21,13.767152557185634,13.977337645547305,13.714606285095217,13.714606285095215,580100,0.0,0.0
1995-08-22,13.767163740171988,13.767163740171988,13.609523959579546,13.662070274353027,696000,0.0,0.0
1995-08-23,13.662057517475255,13.714604619455141,13.635784384620921,13.68833065032959,646800,0.0,0.0
1995-08-24,13.662064343108511,13.688337489089035,13.556971759186412,13.609518051147461,494500,0.0,0.0
1995-08-25,13.609512920442842,13.635786056518553,13.530693512215713,13.635786056518555,574000,0.0,0.0
1995-08-28,13.63578869871511,13.63578869871511,13.504422992881924,13.583242416381836,462800,0.0,0.0
1995-08-29,13.55697038177607,13.5832435250872,13.320512091975894,13.504424095153809,587800,0.0,0.0
1995-08-30,13.55697038177607,13.5832435250872,13.504424095153809,13.504424095153809,355600,0.0,0.0
1995-08-31,13.451873186162969,13.530692589012226,13.425600051879883,13.425600051879883,723600,0.0,0.0
1995-09-01,13.425600967912871,13.662059192594263,13.39932783183716,13.635786056518555,469100,0.0,0.0
1995-09-05,13.635791197127986,13.635791197127986,13.530698613205887,13.609518051147461,663100,0.0,0.0
1995-09-06,13.762473112409479,13.922502382847998,13.709130305246019,13.789144515991211,986200,0.4635,0.0
1995-09-07,13.762474055861782,13.789145461271906,13.709131245041538,13.73580265045166,509400,0.0,0.0
1995-09-08,13.735802667109525,13.842488288879395,13.735802667109525,13.842488288879395,1003500,0.0,0.0
1995-09-11,13.84248563464714,14.162543287535382,13.762471433662087,14.135871887207031,1654100,0.0,0.0
1995-09-12,14.13587196931991,14.455929624067311,14.13587196931991,14.375914573669434,2200100,0.0,0.0
1995-09-13,14.455925722485881,14.455925722485881,14.135868154120404,14.269225120544434,1332700,0.0,0.0
1995-09-14,14.295900408685483,14.509271600425153,14.295900408685483,14.455928802490234,848100,0.0,0.0
1995-09-15,14.509271484419607,14.669299876944889,14.429256439208983,14.429256439208984,1607800,0.0,0.0
1995-09-18,14.429257374635993,14.455929624067311,14.349244022134188,14.375914573669434,709000,0.0,0.0
1995-09-19,14.375912602416365,14.375912602416365,14.215884221460085,14.242555618286133,574600,0.0,0.0
1995-09-20,14.21588324038333,14.24255463536871,14.002512080500281,14.18921184539795,873400,0.0,0.0
1995-09-21,14.189214687863732,14.242557488520433,14.10920048687868,14.135871887207031,672900,0.0,0.0
1995-09-22,14.109206201169453,14.189220434560623,14.055863378908674,14.082534790039062,401700,0.0,0.0
1995-09-25,14.109197660441806,14.24255463536871,14.082526265456424,14.18921184539795,519600,0.0,0.0
1995-09-26,14.189220434560623,14.215891845691013,14.002520556647893,14.082534790039062,760300,0.0,0.0
1995-09-27,14.109206201169453,14.109206201169453,14.082534790039064,14.082534790039062,463300,0.0,0.0
1995-09-28,14.135872848346464,14.215887054771917,14.082530044062828,14.162544250488281,1090900,0.0,0.0
1995-09-29,14.162547123834802,14.322575569152832,14.135875716281797,14.322575569152832,606600,0.0,0.0
1995-10-02,14.295900366285789,14.429256511779577,14.215885320672738,14.3492431640625,799100,0.0,0.0
1995-10-03,14.349243004258101,14.375913553901444,14.215885162353516,14.215885162353516,600300,0.0,0.0
1995-10-04,14.242556719561092,14.375913714002868,14.215885320672738,14.3492431640625,1649100,0.0,0.0
1995-10-05,14.375913641700556,14.509271484419607,14.295900294385897,14.429256439208984,1055500,0.0,0.0
1995-10-06,14.37592135066593,14.455936438783963,14.295907960444772,14.402593612670898,784700,0.0,0.0
1995-10-09,14.40259064076011,14.45593345586612,14.29590501054809,14.322575569152832,779100,0.0,0.0
1995-10-10,14.269225486380638,14.615954456920404,14.242554092412027,14.535941123962402,876100,0.0,0.0
1995-10-11,14.58928747543175,14.722643628900114,14.349244022134188,14.375914573669434,817500,0.0,0.0
1995-10-12,14.349250786557835,14.482607002892058,14.349250786557835,14.402593612670898,326200,0.0,0.0
1995-10-13,14.48259923671741,14.509271484419607,14.322570844192128,14.429256439208984,313300,0.0,0.0
1995-10-16,14.455928823690954,14.535943869658666,14.375913777723241,14.509271621704102,443600,0.0,0.0
1995-10-17,14.509278194179746,14.589293276393038,14.402592549826524,14.482605934143066,424000,0.0,0.0
1995-10-18,14.48259522381864,15.09603977203369,14.48259522381864,15.096039772033691,1291800,0.0,0.0
1995-10-19,15.069367482075686,15.202725287404043,14.962681916971196,15.176053047180176,836400,0.0,0.0
1995-10-20,15.176054894189788,15.176054894189788,14.989355981482387,15.069369316101074,601600,0.0,0.0
1995-10-23,15.096044559972682,15.229400710140816,15.069372311201436,15.14938735961914,934700,0.0,0.0
1995-10-24,15.176061862407993,15.442777627990289,15.176061862407993,15.389434814453125,862100,0.0,0.0
1995-10-25,15.442774691647037,15.816174315407675,15.38943188825266,15.522788047790527,2277700,0.0,0.0
1995-10-26,15.60279920891188,15.60279920891188,15.202727434324396,15.416098594665527,796800,0.0,0.0
1995-10-27,15.389429168150922,15.629470892049854,15.096042952390173,15.549457550048828,1069900,0.0,0.0
1995-10-30,15.576127085242257,15.656142119936137,15.282740888559019,15.442770957946777,526700,0.0,0.0
1995-10-31,15.442773837738807,15.682815590792318,15.442773837738807,15.496116638183594,562300,0.0,0.0
1995-11-01,15.469447098217225,15.602804971632526,15.256075859069824,15.256075859069824,681900,0.0,0.0
1995-11-02,15.28274373850839,15.576129989902745,15.28274373850839,15.496116638183594,840800,0.0,0.0
1995-11-03,15.442774863989138,15.84284674285986,15.41610261304621,15.762831687927246,887100,0.0,0.0
1995-11-06,15.789505866896889,15.949534298406713,15.656147991690514,15.869519233703613,742800,0.0,0.0
1995-11-07,15.92284968470434,16.05620745639685,15.842836380004881,15.842836380004883,660800,0.0,0.0
1995-11-08,15.869514533293023,15.869514533293023,15.682813902882456,15.789501190185547,1274900,0.0,0.0
1995-11-09,15.789492311621137,15.789492311621137,15.496106256776802,15.602791786193848,700000,0.0,0.0
1995-11-10,15.576133812884962,15.602806068601781,15.389434814453125,15.389434814453125,377300,0.0,0.0
1995-11-13,15.36275871259987,15.65614496255193,15.336088161456619,15.576129913330078,451200,0.0,0.0
1995-11-14,15.576123153245378,15.602795390708847,15.469437599182129,15.469437599182129,362700,0.0,0.0
1995-11-15,15.522784294744918,15.522784294744918,15.309413132755559,15.442770957946777,766600,0.0,0.0
1995-11-16,15.496116712240207,15.762830715738778,15.442773911540494,15.709487915039062,966800,0.0,0.0
1995-11-17,15.762825209800438,15.949525795983151,15.709482427733303,15.896183013916016,693100,0.0,0.0
1995-11-20,15.94952594309405,16.296254878676237,15.896183160534905,16.109554290771484,936600,0.0,0.0
1995-11-21,16.136230234886757,16.21624357814388,16.056215193733752,16.0828857421875,965600,0.0,0.0
1995-11-22,16.109558176829772,16.40294440062545,16.05621538140291,16.26958656311035,938000,0.0,0.0
1995-11-24,16.322931236725402,16.37627403829012,16.16290283203125,16.16290283203125,101700,0.0,0.0
1995-11-27,16.216247668797124,16.296262730134444,16.136234305356112,16.242919921875,749000,0.0,0.0
1995-11-28,16.2695847154515,16.402942537821794,16.2695847154515,16.376270294189453,913400,0.0,0.0
1995-11-29,16.42961497333341,16.42961497333341,16.29625883351987,16.32292938232422,434000,0.0,0.0
1995-11-30,16.349599748452817,16.429613083558426,16.322927504820477,16.376270294189453,1456800,0.0,0.0
1995-12-01,15.949539076210117,16.05622472917515,15.922866814020415,15.97620964050293,1303900,0.0,1.0
1995-12-04,15.976196338068982,15.976196338068982,15.896183013916014,15.896183013916016,653300,0.0,0.0
1995-12-05,15.896190568077495,16.0295467376709,15.736162145827643,16.0295467376709,1359000,0.0,0.0
1995-12-06,16.151350048627947,16.286393634263913,16.124340299872436,16.17835807800293,1061100,0.45,0.0
1995-12-07,16.232379269826545,16.907604217529297,16.178361480336033,16.907604217529297,2636400,0.0,0.0
1995-12-08,16.88058199634964,16.90759173083796,16.691519013070277,16.718528747558594,752600,0.0,0.0
1995-12-11,16.745543704140914,16.745543704140914,16.610498428344727,16.610498428344727,660200,0.0,0.0
1995-12-12,16.691525936715014,17.042642314428495,16.664517910403386,16.96161651611328,1688100,0.0,0.0
1995-12-13,17.06964973263118,17.690854885659725,16.96161420335492,17.258712768554688,7810100,0.0,0.0
1995-12-14,17.177679293254744,17.285714784992386,17.123661547385925,17.204689025878906,3195100,0.0,0.0
1995-12-15,17.17768211790617,17.17768211790617,16.988619116586538,17.04263687133789,3168400,0.0,0.0
1995-12-18,16.934602045667116,16.96161178382336,16.178351729230418,16.421432495117188,2384200,0.0,0.0
1995-12-19,16.47544887660533,16.610494117352655,16.205360114490396,16.52946662902832,4139800,0.0,0.0
1995-12-20,16.556480946874814,16.96161506185645,16.556480946874814,16.691524505615234,3029700,0.0,0.0
1995-12-21,16.664517170520334,16.880588248941404,16.664517170520334,16.799562454223633,1673800,0.0,0.0
1995-12-22,16.745546369499305,17.204698317032545,16.745546369499305,17.150680541992188,1486400,0.0,0.0
1995-12-26,17.150675603378833,17.42076440080734,17.042638365027493,17.312728881835938,791200,0.0,0.0
1995-12-27,17.285722270015757,17.55581283569336,17.285722270015757,17.55581283569336,1845400,0.0,0.0
1995-12-28,17.555803578803285,17.636829330278804,17.420758367171633,17.609821319580078,1388400,0.0,0.0
1995-12-29,17.63683447335673,17.933932993955672,17.55580869825328,17.879915237426758,1823700,0.0,0.0
1996-01-02,17.71786614347177,17.93393722050965,17.177686731496816,17.55581283569336,2145200,0.0,0.0
1996-01-03,17.58282038668102,17.63683815448442,17.12366850066202,17.47478485107422,2034600,0.0,0.0
1996-01-04,17.39375027673003,17.582813246960658,17.177679293254744,17.204689025878906,2009200,0.0,0.0
1996-01-05,16.961608352495237,17.258706815211713,16.82656312779334,17.23169708251953,2782000,0.0,0.0
1996-01-08,17.2857207911837,17.33973855582183,17.23170302654557,17.258712768554688,460300,0.0,0.0
1996-01-09,17.285727230894405,17.609835658848247,17.285727230894405,17.420772552490234,2565700,0.0,0.0
1996-01-10,17.31273849839859,17.3397465334534,16.907604217529297,16.907604217529297,1807100,0.0,0.0
1996-01-11,16.880583607083828,17.04263687133789,16.853575589398044,17.04263687133789,3259100,0.0,0.0
1996-01-12,16.988623639628504,17.20469643554081,16.961615614752116,17.17768669128418,1635800,0.0,0.0
1996-01-15,17.123670794781795,17.17768856982215,17.069653019741438,17.150680541992188,715400,0.0,0.0
1996-01-16,17.177683623431715,17.33973690188882,17.150675603378833,17.312728881835938,2153500,0.0,0.0
1996-01-17,17.312730533192816,17.33973855582183,17.12366749726931,17.258712768554688,1503100,0.0,0.0
1996-01-18,17.23170302654557,17.2857207911837,17.12366749726931,17.258712768554688,1355800,0.0,0.0
1996-01-19,17.150678706557205,17.6638483742123,17.150678706557205,17.55581283569336,2026700,0.0,0.0
1996-01-22,17.63683815448442,17.63683815448442,17.39375733967902,17.47478485107422,1944900,0.0,0.0
1996-01-23,17.42077401887382,17.447782053837926,17.285728685910627,17.339746475219727,1146400,0.0,0.0
1996-01-24,17.33973957187562,17.47478485107422,17.312731547664022,17.47478485107422,916100,0.0,0.0
1996-01-25,17.4747848834532,17.555812394998537,17.366749347646223,17.501792907714844,1634300,0.0,0.0
1996-01-26,17.420766418955,17.717864990234375,17.36674865321149,17.717864990234375,1895300,0.0,0.0
1996-01-29,17.717856801133667,17.825892282687253,17.555803578803285,17.609821319580078,1300200,0.0,0.0
1996-01-30,17.636838588604938,17.636838588604938,17.123668922151165,17.17768669128418,2319400,0.0,0.0
1996-01-31,16.421440955318722,17.50179836994314,16.421440955318722,17.420772552490234,5119400,0.0,0.0
1996-02-01,17.36673981574985,17.393747825187894,17.01562365740043,17.123659133911133,1895300,0.0,0.0
1996-02-02,17.258706815211713,17.36674230722143,17.23169708251953,17.23169708251953,2526100,0.0,0.0
1996-02-05,17.123667162914273,17.123667162914273,16.77255083993224,16.826568603515625,2177300,0.0,0.0
1996-02-06,16.82656181150782,16.82656181150782,16.31339240491543,16.63749885559082,4291900,0.0,0.0
1996-02-07,16.718541094622054,16.907604217529297,16.52947797171481,16.907604217529297,3264100,0.0,0.0
1996-02-08,16.961608352495237,17.393750320534107,16.934598619803054,17.23169708251953,1922800,0.0,0.0
1996-02-09,17.23170944613222,17.47479033725242,17.177691661370037,17.420772552490234,2188600,0.0,0.0
1996-02-12,17.42075509635741,17.474772826992165,17.150666443183635,17.366737365722656,1407200,0.0,0.0
1996-02-13,17.312730533192816,17.39375632045996,17.177685261907442,17.258712768554688,3089700,0.0,0.0
1996-02-14,17.231707830294777,17.258717579833505,16.934609182271686,17.096662521362305,1273700,0.0,0.0
1996-02-15,17.150677239278426,17.312730533192816,17.12366749726931,17.258712768554688,1124300,0.0,0.0
1996-02-16,17.258714204673826,17.285722229550213,17.123668922151165,17.17768669128418,1504600,0.0,0.0
1996-02-20,17.09666008643208,17.17768760412763,16.907598744109695,16.96161651611328,2176300,0.0,0.0
1996-02-21,16.96161064211431,16.98861865907275,16.52946689636158,16.583484649658203,2131000,0.0,0.0
1996-02-22,16.529471670501657,16.799562234373674,16.529471670501657,16.772552490234375,3436200,0.0,0.0
1996-02-23,16.826560713817067,17.177676872166487,16.79955270437902,17.123659133911133,2313300,0.0,0.0
1996-02-26,17.069649102101845,17.150676605756047,16.637505281579504,16.745542526245117,1985000,0.0,0.0
1996-02-27,16.718533961229614,16.772551727672056,16.52947091899098,16.610498428344727,2148900,0.0,0.0
1996-02-28,16.718533186145773,16.853578455681163,16.421434624795967,16.448444366455078,1984800,0.0,0.0
1996-02-29,16.421438676194356,16.664519533577465,16.394430647252065,16.502466201782227,1786200,0.0,0.0
1996-03-01,16.637505281579504,16.745542526245117,16.232371202068574,16.745542526245117,2363000,0.0,0.0
1996-03-04,16.745546369499305,17.17768856982215,16.745546369499305,17.150680541992188,1379000,0.0,0.0
1996-03-05,17.123672270901032,17.258717579833505,17.04264474166543,17.096662521362305,1843100,0.0,0.0
1996-03-06,17.16983564543982,17.30653699729178,16.978451664262348,17.033132553100586,2205500,0.46,0.0
1996-03-07,16.978451053749307,17.27919680178901,16.787067079453635,17.224515914916992,2813100,0.0,0.0
1996-03-08,17.060475418956486,17.22451810038649,16.896430997039047,17.005794525146484,2619500,0.0,0.0
1996-03-11,16.951124742751432,16.951124742751432,16.677718353996863,16.869102478027344,1903600,0.0,0.0
1996-03-12,16.78707382247815,16.951118289474728,16.431647044798755,16.705053329467773,1501200,0.0,0.0
1996-03-13,16.650363612181263,16.650363612181263,16.349617902439938,16.404298782348633,1459700,0.0,0.0
1996-03-14,16.431639611505613,16.732385344298383,16.376958727405757,16.48632049560547,2866500,0.0,0.0
1996-03-15,16.458980443851605,16.73238485637835,16.458980443851605,16.568342208862305,2083200,0.0,0.0
1996-03-18,16.541001054921537,16.84174500967699,16.541001054921537,16.81440544128418,2124300,0.0,0.0
1996-03-19,17.03312863444626,17.27919344785212,17.005789066560542,17.14249038696289,3414900,0.0,0.0
1996-03-20,17.169844720841315,17.224525638582044,17.060482885359857,17.115163803100586,1750500,0.0,0.0
1996-03-21,17.169831591872672,17.279193343730302,17.142490283664827,17.25185203552246,1026300,0.0,0.0
1996-03-22,17.279193878173828,17.361216064847426,17.142490813880144,17.279193878173828,1666900,0.0,0.0
1996-03-25,17.2791974231163,17.30653699729178,17.033132553100586,17.033132553100586,1502300,0.0,0.0
1996-03-26,16.978453207997767,17.08781499561777,16.896430997039047,17.005794525146484,1350400,0.0,0.0
1996-03-27,17.005804823078016,17.005804823078016,16.185589178755777,16.212928771972656,5955500,0.0,0.0
1996-03-28,16.185579380403347,16.431642532348633,16.185579380403347,16.431642532348633,5091000,0.0,0.0
1996-03-29,16.43164177978116,16.458983095682537,16.26759910583496,16.26759910583496,3348600,0.0,0.0
1996-04-01,16.29494924165737,16.513672925306917,16.21292699004464,16.45899200439453,3201100,0.0,0.0
1996-04-02,16.486315312513213,16.650359653726408,16.404294882393195,16.513656616210938,2520700,0.0,0.0
1996-04-03,16.541014256007262,16.595695176919648,16.3769697527818,16.45899200439453,2036300,0.0,0.0
1996-04-04,16.458988369460823,16.759734238303995,16.4043074606246,16.705053329467773,2054200,0.0,0.0
1996-04-08,16.595682732272568,16.595682732272568,16.322276592242094,16.404298782348633,2879900,0.0,0.0
1996-04-09,16.40429973437718,16.43163930567469,15.748127396904675,15.884830474853516,5373900,0.0,0.0
1996-04-10,15.884836588982981,15.912176170803594,15.338025807205318,15.502068519592285,5471700,0.0,0.0
1996-04-11,15.502056701175302,15.58407886508083,15.146630225062083,15.474717140197754,5747500,0.0,0.0
1996-04-12,15.529399290210264,15.666100587405047,15.447377119504129,15.55673885345459,1994000,0.0,0.0
1996-04-15,15.556736433042444,15.775461607399345,15.447374716107149,15.748120307922363,1520200,0.0,0.0
1996-04-16,15.748118830087867,16.048864393680528,15.693437976751579,15.994183540344238,3309000,0.0,0.0
1996-04-17,15.939511357935633,16.021531812315263,15.884830474853516,15.884830474853516,1611000,0.0,0.0
1996-04-18,15.966857074932584,16.021537979061574,15.009940382431378,15.502068519592285,6914400,0.0,0.0
1996-04-19,15.474721536235304,15.502061104979441,15.255996283847544,15.283337593078613,6775300,0.0,0.0
1996-04-22,15.39269722426687,15.775465057744118,15.39269722426687,15.720784187316895,3482900,0.0,0.0
1996-04-23,15.666108727229744,15.748130940553128,15.638769149780275,15.638769149780273,2375100,0.0,0.0
1996-04-24,15.666103363037108,15.72078598018728,15.638763794948915,15.66610336303711,1837300,0.0,0.0
1996-04-25,15.638763376812891,15.802806002416697,15.638763376812891,15.69344425201416,1798900,0.0,0.0
1996-04-26,15.720779735692355,15.912161857750961,15.693438437977584,15.857481002807617,1758000,0.0,0.0
1996-04-29,15.830149591771399,15.912170046151028,15.77546870868928,15.884830474853516,1117600,0.0,0.0
1996-04-30,15.884830474853516,15.912170046151028,15.830149591771399,15.884830474853516,1157500,0.0,0.0
1996-05-01,15.912167229411317,15.912167229411317,15.802805482606077,15.830146789550781,1630200,0.0,0.0
1996-05-02,15.638766536636503,15.693447422886083,15.392701678269797,15.420042991638184,1893400,0.0,0.0
1996-05-03,15.447378158569338,15.52940033479268,15.365357722832695,15.447378158569336,2096400,0.0,0.0
1996-05-06,15.447375838733764,15.55673756361684,15.392694976292224,15.474717140197754,1414900,0.0,0.0
1996-05-07,15.474717140197752,15.52939800263929,15.420036277756214,15.474717140197754,1457900,0.0,0.0
1996-05-08,15.365363481006623,15.447383947480457,15.242330170564843,15.39270305633545,1329100,0.0,0.0
1996-05-09,15.420045568234569,15.638769149780275,15.39270425029761,15.638769149780273,2723200,0.0,0.0
1996-05-10,15.63875859098707,15.85748202485766,15.63875859098707,15.748120307922363,2662900,0.0,0.0
1996-05-13,15.74812964484256,15.939513633192277,15.666107438267726,15.912172317504883,1744300,0.0,0.0
1996-05-14,15.939514380633378,16.130898377957536,15.912173063663886,16.076215744018555,1683400,0.0,0.0
1996-05-15,16.0762107123842,16.0762107123842,15.912168083372634,15.939509391784668,1808900,0.0,0.0
1996-05-16,15.88483347413015,16.048876154350033,15.775471687316895,15.775471687316895,1841300,0.0,0.0
1996-05-17,15.802811835939554,15.802811835939554,15.611427831843317,15.638769149780273,2709700,0.0,0.0
1996-05-20,15.638762862398218,15.830146789550781,15.611421555453514,15.830146789550781,1692100,0.0,0.0
1996-05-21,15.88482836139645,16.185574048577795,15.802806177442676,16.103551864624023,1922200,0.0,0.0
1996-05-22,16.04887554057336,16.34962131305174,16.04887554057336,16.26759910583496,1943700,0.0,0.0
1996-05-23,16.2129148324247,16.54100185236387,16.2129148324247,16.404298782348633,2096800,0.0,0.0
1996-05-24,16.458986438632106,16.568348243475146,16.294943731367542,16.349624633789062,848100,0.0,0.0
1996-05-28,16.40430117852797,16.541004268511454,16.26759808854449,16.32227897644043,1119500,0.0,0.0
1996-05-29,16.294941058312205,16.404302845215316,15.939514380633378,16.076215744018555,974500,0.0,0.0
1996-05-30,16.076210088960636,16.26759401896251,15.912167466310523,16.18557357788086,826600,0.0,0.0
1996-05-31,16.212913773470614,16.30860574218241,15.88482851544748,15.939509391784668,1265300,0.0,0.0
1996-06-03,15.912172707899625,16.04887580871582,15.775471347570816,16.04887580871582,1254300,0.0,0.0
1996-06-04,16.13090102410298,16.37696421475597,16.13090102410298,16.349624633789062,1563200,0.0,0.0
1996-06-05,16.506843805385724,16.811500549316406,16.47914693633699,16.811500549316406,2327900,0.46,0.0
1996-06-06,16.811491889703383,16.866883836147338,16.562227249145508,16.562227249145508,1347500,0.0,0.0
1996-06-07,16.396052922141013,16.451444873694168,16.119091401254895,16.423748016357422,2230900,0.0,0.0
1996-06-10,16.479142532407135,16.479142532407135,16.257574691713955,16.368358612060547,1123100,0.0,0.0
1996-06-11,16.36835709852894,16.589924918734425,16.31296514347757,16.340662002563477,1004600,0.0,0.0
1996-06-12,16.340662002563477,16.45144591266622,16.31296514347757,16.340662002563477,971800,0.0,0.0
1996-06-13,16.31295708843189,16.36834901613172,16.202173233032227,16.202173233032227,693100,0.0,0.0
1996-06-14,16.25757598876953,16.368359917954642,16.202184024176976,16.25757598876953,746500,0.0,0.0
1996-06-17,16.285260243022186,16.285260243022186,16.174476387622526,16.202173233032227,425500,0.0,0.0
1996-06-18,16.202173233032227,16.31295708843189,16.174476387622526,16.202173233032227,1107600,0.0,0.0
1996-06-19,16.257567701448203,16.368351574161057,16.119086978997213,16.14678382873535,1150400,0.0,0.0
1996-06-20,16.202180210144796,16.534531919463735,16.202180210144796,16.423748016357422,1192300,0.0,0.0
1996-06-21,16.534535456174442,16.714560659569557,16.479143492773034,16.617624282836914,1974600,0.0,0.0
1996-06-24,16.756098476039853,17.199234008789062,16.67300968208937,17.199234008789062,2308500,0.0,0.0
1996-06-25,17.199236165807534,17.199236165807534,16.92227642310475,17.00536346435547,1525400,0.0,0.0
1996-06-26,17.00536006456909,17.254624664727633,16.977664977395854,17.143840789794922,1868200,0.0,0.0
1996-06-27,17.171537640088044,17.19923272726128,17.060752002035443,17.143840789794922,1472500,0.0,0.0
1996-06-28,17.19923871904931,17.19923871904931,17.03306284875869,17.11614990234375,847700,0.0,0.0
1996-07-01,17.393111537219102,17.47619859122424,17.365414677137053,17.448503494262695,1855000,0.0,0.0
1996-07-02,17.47619371675732,17.47619371675732,17.171538919552248,17.199234008789062,1224000,0.0,0.0
1996-07-03,17.2269308611459,17.310017891976365,17.08845012560176,17.199234008789062,642000,0.0,0.0
1996-07-05,17.14384204957736,17.199233991114088,17.005361314175534,17.033058166503906,723000,0.0,0.0
1996-07-08,17.033058166503906,17.11614519724899,16.92227428343045,17.033058166503906,1918900,0.0,0.0
1996-07-09,17.06075325571226,17.088450108040632,17.005361314175534,17.033058166503906,1155200,0.0,0.0
1996-07-10,17.06075325571226,17.06075325571226,16.89457743110208,17.033058166503906,651000,0.0,0.0
1996-07-11,17.033061368017016,17.033061368017016,16.673012798794,16.756101608276367,996800,0.0,0.0
1996-07-12,16.700714836242547,16.922284499269185,16.506843805385724,16.811500549316406,1041700,0.0,0.0
1996-07-15,16.78380042977066,16.83919239401936,16.562232572775862,16.589927673339844,919000,0.0,0.0
1996-07-16,16.53453153395843,16.562228390649416,15.814434417436242,16.285266876220703,1349400,0.0,0.0
1996-07-17,16.45145119136637,16.53453826904297,16.31297037774403,16.53453826904297,1050500,0.0,0.0
1996-07-18,16.562223475266464,16.78379121055571,16.479134692973112,16.7283992767334,1233600,0.0,0.0
1996-07-19,16.728405892791564,16.75610275221667,16.589925121906976,16.64531707763672,1399200,0.0,0.0
1996-07-22,16.645318442063026,16.86688804626465,16.58992648179277,16.86688804626465,1028800,0.0,0.0
1996-07-23,16.89458314483947,17.005367065379975,16.72840726402871,16.86688804626465,1008700,0.0,0.0
1996-07-24,16.756104125724143,16.9222800065349,16.673015303758458,16.86688804626465,1821900,0.0,0.0
1996-07-25,16.922275154727004,17.06075413413884,16.922275154727004,16.949970245361328,1370900,0.0,0.0
1996-07-26,16.94997190573948,16.97766876220703,16.894579955924666,16.97766876220703,933400,0.0,0.0
1996-07-29,16.94997190573948,17.033060712021847,16.922276812392216,16.97766876220703,729400,0.0,0.0
1996-07-30,16.97766622496718,17.088450108040632,16.92227428343045,17.033058166503906,855600,0.0,0.0
1996-07-31,17.005357689211568,17.06074961894062,16.811486816719707,16.839181900024414,1333100,0.0,0.0
1996-08-01,16.894578300972572,17.08845098789327,16.866883210338248,16.949970245361328,1912000,0.0,0.0
1996-08-02,17.005359027216347,17.06075096130371,16.977663941732555,17.06075096130371,899000,0.0,0.0
1996-08-05,17.06075794558021,17.19923871904931,17.06075794558021,17.11614990234375,782000,0.0,0.0
1996-08-06,17.060760588526342,17.254633348792535,17.005368623181827,17.226938247680664,954700,0.0,0.0
1996-08-07,17.254633348792535,17.28233021302518,17.088457452758988,17.226938247680664,538100,0.0,0.0
1996-08-08,17.226931249482945,17.226931249482945,16.949969772151285,17.171539306640625,958500,0.0,0.0
1996-08-09,17.226929577554397,17.365408539660347,17.1161439395018,17.143840789794922,965400,0.0,0.0
1996-08-12,17.199243794294635,17.5039005279541,17.171548689300696,17.5039005279541,688300,0.0,0.0
1996-08-13,17.503895451306292,17.559287408349885,17.33771958017551,17.448503494262695,917000,0.0,0.0
1996-08-14,17.47620365983914,17.53159563294804,17.36541971362134,17.5039005279541,748000,0.0,0.0
1996-08-15,17.5039005279541,17.5039005279541,17.42081168673024,17.5039005279541,747400,0.0,0.0
1996-08-16,17.5039005279541,17.5039005279541,17.4485085548452,17.5039005279541,590300,0.0,0.0
1996-08-19,17.50389314549601,17.50389314549601,17.420804339315758,17.4761962890625,329300,0.0,0.0
1996-08-20,17.420804339315758,17.55928509524275,17.420804339315758,17.4761962890625,388200,0.0,0.0
1996-08-21,17.50389354871996,17.50389354871996,17.254628887557367,17.282325744628906,970400,0.0,0.0
1996-08-22,17.337717296255786,17.642373901423,17.282325346509044,17.4761962890625,817700,0.0,0.0
1996-08-23,17.503895451306292,17.503895451306292,17.420806634180646,17.448503494262695,1096800,0.0,0.0
1996-08-26,17.4485085548452,17.559292501063002,17.42081168673024,17.5039005279541,798700,0.0,0.0
1996-08-27,17.5039005279541,17.5039005279541,17.47620365983914,17.5039005279541,965600,0.0,0.0
1996-08-28,17.503897713882232,17.61468164228949,17.47620085022005,17.586986541748047,2086600,0.0,0.0
1996-08-29,17.614678320252334,17.614678320252334,17.448502458981352,17.53158950805664,946000,0.0,0.0
1996-08-30,17.50389868010417,17.531593782174397,17.337722778320312,17.337722778320312,841900,0.0,0.0
1996-09-03,17.282325353452983,17.36541239654634,17.143844597470352,17.310020446777344,929700,0.0,0.0
1996-09-04,17.469191297305116,17.609394073486328,17.385071059632253,17.609394073486328,806800,0.46,0.0
1996-09-05,17.609388807866523,17.805672278817898,17.581347546997343,17.637428283691406,888200,0.0,0.0
1996-09-06,17.777634829046026,18.086079839508724,17.749593562165472,17.945877075195312,1089700,0.0,0.0
1996-09-09,17.945886338050016,18.170209448701172,17.945886338050016,18.142169952392578,970100,0.0,0.0
1996-09-10,18.14216580202442,18.2543273316909,18.030004272357942,18.226287841796875,1127000,0.0,0.0
1996-09-11,18.28236213066873,18.478643845535743,18.28236213066873,18.39452362060547,1607000,0.0,0.0
1996-09-12,18.450607299804688,18.646889045886713,18.42256603033877,18.450607299804688,1246300,0.0,0.0
1996-09-13,18.506692985044186,18.618854522705078,18.45061221621374,18.618854522705078,1495600,0.0,0.0
1996-09-16,18.618847606742175,18.871211865261248,18.562766858742897,18.759050369262695,1037700,0.0,0.0
1996-09-17,18.674937377475242,18.927301757923324,18.646896097405225,18.84317970275879,1407800,0.0,0.0
1996-09-18,18.843168412037038,18.98337115828738,18.81512893381364,18.95532989501953,906500,0.0,0.0
1996-09-19,18.899252375167386,18.955333126218374,18.78709087306541,18.81513214111328,913200,0.0,0.0
1996-09-20,18.815133728847865,19.067496237350802,18.815133728847865,19.011415481567383,1402000,0.0,0.0
1996-09-23,18.95533194361636,19.095534705019112,18.927292462362594,19.067493438720703,1211100,0.0,0.0
1996-09-24,19.011415849105745,19.235740661621094,18.983376363194413,19.235740661621094,1229400,0.0,0.0
1996-09-25,19.29182733417905,19.46006965637207,19.263786054624138,19.46006965637207,1457600,0.0,0.0
1996-09-26,19.403985187866983,19.628308241414132,19.403985187866983,19.572227478027344,1825800,0.0,0.0
1996-09-27,19.516146714640556,19.600268752243313,19.516146714640556,19.572227478027344,1442400,0.0,0.0
1996-09-30,19.544180224655225,19.9087041493345,19.544180224655225,19.768503189086914,1453100,0.0,0.0
1996-10-01,19.628305633018876,19.628305633018876,19.20769907098958,19.432022094726562,1468300,0.0,0.0
1996-10-02,19.403975037829778,19.740459442138672,19.403975037829778,19.740459442138672,1224800,0.0,0.0
1996-10-03,19.740470571180936,19.740470571180936,19.347905211504838,19.40398597717285,1172700,0.0,0.0
1996-10-04,19.46005733821682,19.628299553913042,19.375935337846528,19.516138076782227,1606800,0.0,0.0
1996-10-07,19.516144121150386,19.572224877084633,19.432022094726562,19.432022094726562,1002500,0.0,0.0
1996-10-08,19.40398029163996,19.432019773735547,19.067494011180028,19.095535278320312,999100,0.0,0.0
1996-10-09,19.095534705019112,19.17965671886969,18.927292462362594,19.067493438720703,1159100,0.0,0.0
1996-10-10,19.011415727207584,19.263780024016143,19.011415727207584,19.123579025268555,738400,0.0,0.0
1996-10-11,19.179654652084963,19.263774871826172,19.15161338880826,19.263774871826172,474500,0.0,0.0
1996-10-14,19.235737730744667,19.31985796070652,19.151615715738146,19.179656982421875,461400,0.0,0.0
1996-10-15,19.235742002280762,19.31986225092256,19.17966124150454,19.207700729370117,1398600,0.0,0.0
1996-10-16,19.26377694767563,19.291818213974036,19.011412691168534,19.067493438720703,1010400,0.0,0.0
1996-10-17,19.123579147885888,19.291821418488695,19.123579147885888,19.235740661621094,1235300,0.0,0.0
1996-10-18,19.291811076247964,19.62829543706604,19.23573034944495,19.600255966186523,969100,0.0,0.0
1996-10-21,19.684386760754556,19.824589545760794,19.628306003761047,19.656347274780273,1030000,0.0,0.0
1996-10-22,19.740466559685295,20.161073109245795,19.600265566528364,20.020872116088867,1608000,0.0,0.0
1996-10-23,20.020868028378118,20.020868028378118,19.768503793158683,19.90870475769043,1906600,0.0,0.0
1996-10-24,19.90870475769043,20.020868028378118,19.880665278801878,19.90870475769043,1058000,0.0,0.0
1996-10-25,19.7965425224027,19.992826007367782,19.7965425224027,19.964786529541016,854600,0.0,0.0
1996-10-28,19.964783922918855,20.217146330588786,19.964783922918855,20.133026123046875,1679000,0.0,0.0
1996-10-29,20.189122879026815,20.44148727202377,20.189122879026815,20.385406494140625,2032100,0.0,0.0
1996-10-30,20.441474189431265,20.665797157396607,20.35735218392203,20.609716415405273,2136800,0.0,0.0
1996-10-31,20.581684538502454,20.918170928955078,20.55364504724115,20.918170928955078,1706500,0.0,0.0
1996-11-01,20.918155756548604,21.366801571678874,20.918155756548604,21.226600646972656,1753200,0.0,0.0
1996-11-04,21.198572489549626,21.226613762843893,21.05836969316847,21.114450454711914,1272400,0.0,0.0
1996-11-05,21.05836280425411,21.647213285394685,21.05836280425411,21.563091278076172,2903900,0.0,0.0
1996-11-06,21.535060145748186,22.151950396199158,21.535060145748186,22.123910903930664,1544200,0.0,0.0
1996-11-07,21.871529486821398,21.983690938491545,21.647206583481104,21.815448760986328,3274800,0.0,0.0
1996-11-08,21.75937491694884,21.98369789123535,21.703294173377213,21.98369789123535,1791400,0.0,0.0
1996-11-11,21.983695962180445,21.983695962180445,21.675251007080078,21.675251007080078,1174000,0.0,0.0
1996-11-12,21.675256024778598,21.675256024778598,21.1985687433761,21.535053253173828,1051500,0.0,0.0
1996-11-13,21.563099241755587,21.731341533483317,21.47897720336914,21.47897720336914,1063000,0.0,0.0
1996-11-14,21.36682037731465,21.507023210461938,21.310739601064842,21.422901153564453,1205700,0.0,0.0
1996-11-15,21.647211844714032,22.236060501620628,21.647211844714032,21.899574279785156,2723800,0.0,0.0
1996-11-18,21.89957573395508,22.067819748566706,21.73133350438796,21.871536254882812,887300,0.0,0.0
1996-11-19,21.815456678333508,22.06782092870229,21.815456678333508,22.039779663085938,996600,0.0,0.0
1996-11-20,21.98369891689783,22.095860409274046,21.89957690509337,22.039779663085938,1296800,0.0,0.0
1996-11-21,21.98370385088717,22.208026885986328,21.927623092112384,22.208026885986328,1217300,0.0,0.0
1996-11-22,22.151943777451294,22.348227304864842,22.12390429356068,22.17998504638672,913200,0.0,0.0
1996-11-25,22.208032517672066,22.29215456968907,21.983709425687316,22.095870971679688,887800,0.0,0.0
1996-11-26,22.123900642686678,22.264101609093487,21.98369789123535,21.98369789123535,1671900,0.0,0.0
1996-11-27,22.011730408887107,22.123893645601207,21.815448760986325,21.815448760986328,866100,0.0,0.0
1996-11-29,21.81545319373355,22.039776142654695,21.81545319373355,21.95565414428711,506800,0.0,0.0
1996-12-02,21.983696281505118,21.983696281505118,21.843493540319972,21.899574279785156,983500,0.0,0.0
1996-12-03,21.843501698075993,21.955663218894617,21.507017135620117,21.507017135620117,1189400,0.0,0.0
1996-12-04,21.61115104484586,21.72444648424831,21.38455836294965,21.441207885742188,1872600,0.46,0.0
1996-12-05,21.46952079255326,21.58281617891364,21.271252964877366,21.299577713012695,965400,0.0,0.0
1996-12-06,21.129643656629693,21.29958680874242,21.016348221887878,21.15796661376953,1502100,0.0,0.0
1996-12-09,21.214607793250767,21.29958024466605,21.04466469351088,21.271255493164062,1298500,0.0,0.0
1996-12-10,21.356229126433604,22.092651069150733,21.327904373364124,21.866060256958008,1808300,0.0,0.0
1996-12-11,21.752757672089714,21.752757672089714,21.214603724578666,21.526166915893555,1293100,0.0,0.0
1996-12-12,21.582825095778023,21.837740721951555,21.327909469604492,21.327909469604492,1565900,0.0,0.0
1996-12-13,20.95969591467815,21.89438583166101,20.874725251464888,21.752765655517578,1967900,0.0,0.0
1996-12-16,21.72444076476773,21.72444076476773,21.356229782104492,21.356229782104492,1471400,0.0,0.0
1996-12-17,21.29959009691377,21.86606916116555,21.29959009691377,21.809419631958008,1790400,0.0,0.0
1996-12-18,21.75276421737479,22.036004550935754,21.75276421737479,21.894384384155273,1652500,0.0,0.0
1996-12-19,21.866061636247785,22.234270827741845,21.837736881391606,22.205947875976562,1586600,0.0,0.0
1996-12-20,22.37588739040714,22.37588739040714,22.007676455152133,22.036001205444336,2185900,0.0,0.0
1996-12-23,22.036004550935754,22.036004550935754,21.69611651128077,21.894384384155273,817000,0.0,0.0
1996-12-24,21.837729428547366,22.120967864990234,21.837729428547366,22.120967864990234,491000,0.0,0.0
1996-12-26,22.120967864990234,22.14929261017966,21.866054173736792,22.120967864990234,875000,0.0,0.0
1996-12-27,22.17761555227881,22.290912729946236,22.00767249041309,22.120967864990234,444500,0.0,0.0
1996-12-30,22.177619547633537,22.31923969291334,22.007676455152133,22.036001205444336,679600,0.0,0.0
1996-12-31,22.0076679161453,22.0076679161453,21.554486512029932,21.582809448242188,588800,0.0,0.0
1997-01-02,21.611148834228516,21.667796548135215,21.29958550619612,21.611148834228516,1090300,0.0,0.0
1997-01-03,21.75276304777087,21.86606025695801,21.469524532529967,21.866060256958008,1318900,0.0,0.0
1997-01-06,21.837743969353422,22.26260280845793,21.781096244345587,22.064334869384766,1437000,0.0,0.0
1997-01-07,22.007676455152133,22.036001205444336,21.83773336267073,22.036001205444336,871500,0.0,0.0
1997-01-08,22.149301256306707,22.177624209461907,21.894385662454987,21.922710418701172,1279500,0.0,0.0
1997-01-09,21.922701861025367,22.26258798475681,21.80940468335794,22.120967864990234,1332100,0.0,0.0
1997-01-10,22.0076784084011,22.432537078857422,21.894383003358183,22.432537078857422,1622200,0.0,0.0
1997-01-13,22.432542011163044,22.630809915127248,22.12097867724534,22.149303436279297,1197300,0.0,0.0
1997-01-14,22.205945407904007,22.68745176221502,22.205945407904007,22.63080406188965,1100900,0.0,0.0
1997-01-15,22.602483205082127,22.659130915169133,22.46086483141011,22.545835494995117,878600,0.0,0.0
1997-01-16,22.602478827758333,23.083985171792158,22.517508180629218,22.97068977355957,1424300,0.0,0.0
1997-01-17,22.970693309370983,22.970693309370983,22.715779525654856,22.744102478027344,1370000,0.0,0.0
1997-01-20,22.885729990075806,23.367236562676368,22.857405225526826,23.310588836669922,1207700,0.0,0.0
1997-01-21,23.05567072305581,23.310586364596936,22.829079843059834,22.857402801513672,1384000,0.0,0.0
1997-01-22,22.8857239236844,23.19728723567854,22.8857239236844,23.168962478637695,1177100,0.0,0.0
1997-01-23,23.225606717248603,23.42387457761909,22.432537078857422,22.432537078857422,1648700,0.0,0.0
1997-01-24,22.205944147572023,22.77242292176508,22.09264875335153,22.60247802734375,1576800,0.0,0.0
1997-01-27,22.545830330233503,22.829070618875328,22.375887238902763,22.60247802734375,772000,0.0,0.0
1997-01-28,22.43254270363071,22.43254270363071,21.724445343017578,21.724445343017578,5268600,0.0,0.0
1997-01-29,22.092663280009464,22.205958748725482,21.83774757385254,21.83774757385254,2321000,0.0,0.0
1997-01-30,21.922708621208702,22.234270095825195,21.78108845777151,22.234270095825195,1575100,0.0,0.0
1997-01-31,22.234267805597913,22.29091730761031,22.092649459838864,22.092649459838867,1248400,0.0,0.0
1997-02-03,22.262594849748968,22.29091960367274,22.092651735478835,22.234270095825195,1526100,0.0,0.0
1997-02-04,22.2059446848678,22.375887780310485,21.979353890944214,22.17761993408203,1833300,0.0,0.0
1997-02-05,22.205946475247092,22.319241881343455,21.86606025695801,21.866060256958008,1162700,0.0,0.0
1997-02-06,21.752771905841982,21.922716887281577,21.752771905841982,21.809419631958008,1734300,0.0,0.0
1997-02-07,21.894381441677552,22.2059446848678,21.866058493982422,22.17761993408203,1929500,0.0,0.0
1997-02-10,22.234268356521348,22.659127010506985,22.177620656195973,22.63080406188965,1996000,0.0,0.0
1997-02-11,22.659127010506985,22.74409946254039,22.46086096091353,22.63080406188965,1129900,0.0,0.0
1997-02-12,22.63080218776132,23.14063325155964,22.54582974276475,23.112308502197266,1350800,0.0,0.0
1997-02-13,22.99902230339691,23.33890861305109,22.99902230339691,23.28226089477539,1637300,0.0,0.0
1997-02-14,23.338906442230897,23.423878913286533,23.055667877197266,23.055667877197266,1209200,0.0,0.0
1997-02-18,23.11230850219727,23.28225158909986,22.942365415294674,23.112308502197266,1824600,0.0,0.0
1997-02-19,22.94236682554675,23.083985171792158,22.82907142731416,22.97068977355957,1444100,0.0,0.0
1997-02-20,22.772425398721335,22.82907310199315,22.460862129180953,22.659128189086914,828100,0.0,0.0
1997-02-21,22.630814026457426,22.68746175172534,22.2059551854023,22.375898361206055,906500,0.0,0.0
1997-02-24,22.23426651523139,23.28225158909986,22.23426651523139,23.112308502197266,1083800,0.0,0.0
1997-02-25,24.018683016023054,24.188626170712684,23.848739861333424,24.07533073425293,2900300,0.0,0.0
1997-02-26,24.245279533471784,24.981701844997488,24.075336339217777,24.160308837890625,3991900,0.0,0.0
1997-02-27,24.160301462227295,24.500187746974728,24.131976703619443,24.386892318725586,1404500,0.0,0.0
1997-02-28,24.330249688893787,24.330249688893787,24.018686294555668,24.018686294555664,2013800,0.0,0.0
1997-03-03,23.962040876381774,24.301927264889784,23.76377291487293,24.160308837890625,1782000,0.0,0.0
1997-03-04,24.16030443107339,25.09499273052997,24.16030443107339,24.896726608276367,2313500,0.0,0.0
1997-03-05,25.039940542253785,25.068525798862073,24.38249965667556,24.78268051147461,1493100,0.48,0.0
1997-03-06,24.811265353248757,24.954186174879055,24.182407915119203,24.29674530029297,2046500,0.0,0.0
1997-03-07,24.239567382462536,24.539704269071105,24.239567382462536,24.353904724121094,1518300,0.0,0.0
1997-03-10,25.09711265563965,25.09711265563965,24.754100447642966,25.09711265563965,2099900,0.0,0.0
1997-03-11,25.154273986816406,25.32578004056379,24.954182680941006,25.154273986816406,1418000,0.0,0.0
1997-03-12,25.182856481721696,25.26860858936977,24.75409048446122,24.982765197753906,843700,0.0,0.0
1997-03-13,24.925590152259822,24.925590152259822,24.496824264526367,24.496824264526367,578800,0.0,0.0
1997-03-14,24.5254174091681,24.754093974373724,24.06806791810411,24.153820037841797,1173300,0.0,0.0
1997-03-17,24.153814322437977,24.8398402163765,24.153814322437977,24.52541160583496,1471200,0.0,0.0
1997-03-18,24.582584526345318,24.61116977754892,24.01089769900841,24.210988998413086,1443000,0.0,0.0
1997-03-19,24.12523660448711,24.296742663636106,23.896561858955113,24.153820037841797,1621800,0.0,0.0
1997-03-20,24.153816720290838,24.153816720290838,23.66788204294215,23.86797332763672,1260900,0.0,0.0
1997-03-21,24.06807824577984,24.668350620216597,23.867986847742785,23.89657211303711,1747000,0.0,0.0
1997-03-24,23.953733144771665,24.38249924901021,23.92514788864131,24.29674530029297,1503700,0.0,0.0
1997-03-25,24.23957507367342,24.23957507367342,23.69647161863211,23.982315063476562,1659800,0.0,0.0
1997-03-26,23.925136757291213,24.182396664076997,23.81079942531375,23.95372200012207,838500,0.0,0.0
1997-03-27,24.06806901302495,24.239575079976216,23.467796868858663,23.582134246826172,1311400,0.0,0.0
1997-03-31,23.467784802503285,23.467784802503285,22.610253088987566,22.753173828125,1970800,0.0,0.0
1997-04-01,22.724604449924076,22.89611053466797,22.495929670265554,22.89611053466797,1169200,0.0,0.0
1997-04-02,22.867517461577233,23.35345393177618,22.4959219814752,23.23911476135254,1555900,0.0,0.0
1997-04-03,23.210535583141926,23.43921032651094,22.467340847519036,22.924692153930664,820300,0.0,2.0
1997-04-04,22.524505137318158,22.981856354469862,22.524505137318158,22.810348510742188,951000,0.0,0.0
1997-04-07,23.210535215301785,23.267703900238033,22.75318391613825,22.867521286010742,910300,0.0,0.0
1997-04-08,22.981850286155897,23.096187605334954,22.295824551408764,22.753173828125,1162800,0.0,0.0
1997-04-09,22.6388481723073,22.7531855503921,22.353004727095293,22.410173416137695,1045300,0.0,0.0
1997-04-10,22.41017010896134,22.58167615077857,22.124326705932617,22.124326705932617,715000,0.0,0.0
1997-04-11,22.009988187945037,22.295833419256297,21.49547004699707,21.49547004699707,924800,0.0,0.0
1997-04-14,21.266787364575944,21.78130531311035,21.095279562058323,21.78130531311035,1156000,0.0,0.0
1997-04-15,22.12432375401502,22.352998445927284,21.838478569451485,22.29582977294922,1342100,0.0,0.0
1997-04-16,21.952820507357256,22.924691790620567,21.952820507357256,22.867521286010742,1070200,0.0,0.0
1997-04-17,22.8675229284769,23.096199504320218,21.323966504658365,22.410173416137695,3014000,0.0,0.0
1997-04-18,22.52451024867223,22.86752237461878,22.52451024867223,22.696016311645508,1883300,0.0,0.0
1997-04-21,22.696011846858475,22.753180523269943,21.89564855742463,22.181493759155273,592200,0.0,0.0
1997-04-22,22.410172873356714,22.696016311645504,22.12432943506792,22.696016311645508,1276800,0.0,0.0
1997-04-23,22.81035754404475,23.21054024499103,22.58168275474629,23.096202850341797,1148100,0.0,0.0
1997-04-24,23.38204127011052,23.496378639983007,22.524509176393277,22.867521286010742,1458800,0.0,0.0
1997-04-25,22.981859356311425,23.096196720615538,22.52450807942147,22.638845443725586,650700,0.0,0.0
1997-04-28,22.581679208958228,22.696016585654135,22.238667078870495,22.353004455566406,784000,0.0,0.0
1997-04-29,22.810351112704936,23.32487106323242,22.524507706674925,23.324871063232422,1278000,0.0,0.0
1997-04-30,23.439205169677734,23.782219028938766,23.32486782314846,23.439205169677734,961500,0.0,0.0
1997-05-01,23.43920786140913,23.43920786140913,23.210533142089844,23.210533142089844,710000,0.0,0.0
1997-05-02,23.382047053325536,23.896567164684505,23.267709655173327,23.667890548706055,808300,0.0,0.0
1997-05-05,23.782227589172688,24.411083221435547,23.667888381814667,24.411083221435547,1107500,0.0,0.0
1997-05-06,24.468246042540166,25.097103343541924,24.468246042540166,24.754091262817383,1449500,0.0,0.0
1997-05-07,24.696922953760705,24.754091634740405,24.068065643310547,24.068065643310547,967100,0.0,0.0
1997-05-08,23.896550430965195,24.41106836235551,23.78221311287846,24.125225067138672,1054400,0.0,0.0
1997-05-09,24.468253061832566,24.696929667590275,24.29674697226975,24.639760971069336,778000,0.0,0.0
1997-05-12,24.63975039275936,24.868425080668754,24.525411229131493,24.811256408691406,879000,0.0,0.0
1997-05-13,24.868424581257752,24.868424581257752,24.182398711633255,24.353904724121094,849100,0.0,0.0
1997-05-14,24.468254958225966,24.754100282658836,24.068074051563677,24.239580154418945,1158100,0.0,0.0
1997-05-15,24.23958015441894,24.353917556322454,24.068074051563677,24.239580154418945,860300,0.0,0.0
1997-05-16,24.125246956694085,24.23958437852257,23.89657211303711,23.89657211303711,1002500,0.0,0.0
1997-05-19,24.010899402307995,24.182405462675465,23.782224655151364,23.782224655151367,748300,0.0,0.0
1997-05-20,23.55355802787724,24.06807824577984,23.496389316963,23.89657211303711,920300,0.0,0.0
1997-05-21,24.468251378053623,24.525420070640507,24.12523922253232,24.29674530029297,1094200,0.0,0.0
1997-05-22,24.41108651157857,24.811269242083885,24.41108651157857,24.696931838989258,964200,0.0,0.0
1997-05-23,25.154274906137434,26.011807025888412,25.154274906137434,25.725963592529297,932600,0.0,0.0
1997-05-27,25.154265768086436,25.382940431700707,24.98275977037573,25.039928436279297,1899800,0.0,0.0
1997-05-28,24.98276518665421,24.98276518665421,23.610713268160932,23.83938980102539,3122000,0.0,0.0
1997-05-29,22.524509176393277,22.98186047555681,22.353003121584546,22.867521286010742,6035300,0.0,0.0
1997-05-30,22.810355128365916,23.03903171312088,22.753186437095625,22.981863021850586,3021400,0.0,0.0
1997-06-02,22.981861014108,23.09619838665984,22.58167839050293,22.58167839050293,1913000,0.0,0.0
1997-06-03,22.581673812002965,23.210531053209085,22.581673812002965,22.810348510742188,1826500,0.0,0.0
1997-06-04,23.155242496584545,23.67235599052533,23.097785441702236,23.442527770996094,1524600,0.24,0.0
1997-06-05,23.55744188076071,24.074557203553862,23.385070716113784,23.442527770996094,1330600,0.0,0.0
1997-06-06,23.6723495254769,24.074550628662106,23.6723495254769,24.07455062866211,1349000,0.0,0.0
1997-06-09,24.074553132067177,24.074553132067177,23.49998085156334,23.557437896728516,976600,0.0,0.0
1997-06-10,23.902179990157016,23.959637030499092,23.499978878910575,23.614892959594727,1347900,0.0,0.0
1997-06-11,23.729816238069994,24.18947456782429,23.729816238069994,23.902189254760742,1624300,0.0,0.0
1997-06-12,24.132004836509967,25.223690281896406,23.90217670671317,24.99386215209961,1821500,0.0,0.0
1997-06-13,24.706571962552303,25.10877296648044,24.18945873745367,24.304372787475586,1849100,0.0,0.0
1997-06-16,24.419286837497506,24.591657912530387,24.246915762464628,24.304372787475586,920500,0.0,0.0
1997-06-17,24.189472548895615,24.591671953615773,23.787271315322993,23.959644317626953,1166300,0.0,0.0
1997-06-18,23.902194243646633,23.902194243646633,22.982877392257457,23.21270751953125,7984700,0.0,0.0
1997-06-19,23.32761332749369,23.84472681403636,23.270156273433393,23.67235565185547,3860200,0.0,0.0
1997-06-20,23.499987388459903,23.614901510755455,22.925414948129568,22.982872009277344,3093300,0.0,0.0
1997-06-23,22.925413392818623,23.097786393420353,22.753042221069336,22.753042221069336,2994200,0.0,0.0
1997-06-24,22.954149769381356,23.499992892557245,22.89669269477616,23.21270751953125,2307000,0.0,0.0
1997-06-25,23.212700596937875,23.32761471187808,22.580671135914287,22.695585250854492,1898400,0.0,0.0
1997-06-26,22.810504491000493,23.35634757403611,22.75304742062058,23.09779167175293,1517000,0.0,0.0
1997-06-27,23.21270208272102,23.442530327312124,22.925414948129568,22.982872009277344,1252700,0.0,0.0
1997-06-30,22.98286069045743,23.126504187010227,22.810489591905075,22.86794662475586,1231400,0.0,0.0
1997-07-01,23.15524005896009,23.44252530312822,22.867952985939784,23.126510620117188,1120100,0.0,0.0
1997-07-02,23.672353199851322,24.36183960600959,23.557439103633637,24.13201141357422,2066200,0.0,0.0
1997-07-03,24.246919253545197,25.022590117300243,24.246919253545197,24.59166145324707,2191300,0.0,0.0
1997-07-07,25.28115537353945,25.28115537353945,23.9309119372716,23.98836898803711,2051100,0.0,0.0
1997-07-08,24.13200366528821,24.41928881359112,24.13200366528821,24.246917724609375,1976500,0.0,0.0
1997-07-09,24.304389289014654,24.591674609122695,23.787273883967522,24.103288650512695,1425600,0.0,0.0
1997-07-10,24.13202233225246,24.361850628675022,23.84473513287128,23.873464584350586,1064600,0.0,0.0
1997-07-11,23.988376225884473,24.246933946768227,23.988376225884473,24.218204498291016,830700,0.0,0.0
1997-07-14,24.33311312148241,24.361840732439045,23.844725446697215,23.98836898803711,697100,0.0,0.0
1997-07-15,23.90219414360762,24.448037264498964,23.614906942931025,24.36185073852539,1275900,0.0,0.0
1997-07-16,24.3618480829715,24.534219287276404,23.95964860626005,24.218204498291016,971900,0.0,0.0
1997-07-17,23.902179511090676,24.16073527302189,23.701078959498073,24.07455062866211,1345600,0.0,0.0
1997-07-18,24.074547098774403,24.10327469973157,23.70107548436998,23.72980308532715,1543600,0.0,0.0
1997-07-21,21.71880246223577,22.35083160365456,21.71880246223577,21.74753189086914,5885600,0.0,0.0
1997-07-22,22.063565169565145,22.753051981175698,22.034837543043537,22.638137817382812,6017000,0.0,0.0
1997-07-23,22.925416554255445,23.270160774147023,22.523217098043425,22.609403610229492,3386600,0.0,0.0
1997-07-24,22.982877392257457,23.27016459413645,22.78177854556576,23.21270751953125,3225200,0.0,0.0
1997-07-25,23.270163959529356,23.270163959529356,22.925419692446784,23.011606216430664,1768300,0.0,0.0
1997-07-28,23.01159771651395,23.41379707921932,22.81049712073513,22.925411224365234,1138300,0.0,0.0
1997-07-29,23.04033460137301,23.35634757403611,22.982875702140237,23.09779167175293,1226700,0.0,0.0
1997-07-30,23.212693072223466,23.3850641887573,23.04032195568963,23.298877716064453,1324700,0.0,0.0
1997-07-31,23.212693072223466,23.298877716064457,22.98286308799316,23.298877716064453,1528600,0.0,0.0
1997-08-01,22.982875702140237,23.183976362896367,22.954148081376708,23.09779167175293,1496400,0.0,0.0
1997-08-04,22.982868276180287,23.097784208662667,22.925411224365234,22.925411224365234,1243100,0.0,0.0
1997-08-05,23.011600905155156,23.586173331774553,23.011600905155156,23.385072708129883,1186400,0.0,0.0
1997-08-06,22.982871285658465,23.557443707898305,22.982871285658465,23.49998664855957,1727100,0.0,0.0
1997-08-07,23.61489859779517,23.787269759976063,23.4712568770706,23.67235565185547,1772000,0.0,0.0
1997-08-08,23.442534094032414,23.471263543648803,22.982875702140237,23.09779167175293,1697700,0.0,0.0
1997-08-11,23.212694760564936,23.55743701870693,23.0977806745176,23.528709411621094,1180000,0.0,0.0
1997-08-12,23.78727826558324,23.78727826558324,23.183978067802155,23.21270751953125,1506500,0.0,0.0
1997-08-13,23.442526105402873,23.528712596028964,23.183968462376836,23.27015495300293,2710200,0.0,0.0
1997-08-14,23.3850752728788,23.5861759185791,23.356345825413303,23.5861759185791,1713300,0.0,0.0
1997-08-15,23.471259772312298,23.55744444960768,22.95414439312974,22.982872009277344,1922800,0.0,0.0
1997-08-18,22.98287199687149,23.06905850297292,22.896687319622636,23.04033088684082,1972700,0.0,0.0
1997-08-19,23.12651557657307,23.183972637720846,22.86795788698179,22.982872009277344,2173800,0.0,0.0
1997-08-20,22.98286731975856,23.040326198034762,22.896682660048654,22.954139709472656,2255500,0.0,0.0
1997-08-21,22.98286731975856,23.097783247458764,22.83922561062465,22.954139709472656,1763900,0.0,0.0
1997-08-22,22.551943124069496,23.097787947957585,22.551943124069496,23.04033088684082,1188400,0.0,0.0
1997-08-25,23.011601454277518,23.183972637720846,22.86795788698179,22.982872009277344,762200,0.0,0.0
1997-08-26,22.982872009277344,23.04033089927769,22.896687331981965,22.982872009277344,1247800,0.0,0.0
1997-08-27,22.92540306059545,22.95413249069852,22.293375715695735,22.494474411010742,956900,0.0,0.0
1997-08-28,22.465757282072087,22.781772016256618,22.350843165796345,22.52321434020996,833000,0.0,0.0
1997-08-29,22.40830033298567,22.46575739140316,21.747543246758294,21.80500030517578,1073000,0.0,0.0
1997-09-02,21.74754771406614,22.14974720560703,21.74754771406614,21.948646545410156,1521500,0.0,0.0
1997-09-03,22.17981978142429,22.439739925112654,21.89102064315366,22.006540298461914,953000,0.24,0.0
1997-09-04,22.4108677507686,22.81518666739275,22.295348060304555,22.69966697692871,1874400,0.0,0.0
1997-09-05,22.64191436385419,22.757434091216922,21.948794161187074,22.064313888549805,1375800,0.0,0.0
1997-09-08,22.179833422745904,22.237593285924234,21.602234790962633,21.746633529663086,2707200,0.0,0.0
1997-09-09,21.804386138916016,21.89102682410508,21.659987448254398,21.804386138916016,1425500,0.0,0.0
1997-09-10,21.65998822297027,21.804386918796617,21.082387924194336,21.082387924194336,1657200,0.0,0.0
1997-09-11,20.995757528714954,21.226797005861446,20.562557589819825,20.620317459106445,5681200,0.0,0.0
1997-09-12,20.764714821470367,20.764714821470367,19.9849557191133,20.706954956054688,3413700,0.0,0.0
1997-09-15,20.937980460305525,21.602221227534248,20.909101466094036,21.169021606445312,2974900,0.0,0.0
1997-09-16,21.48671265039797,22.122071073971853,21.14015167177624,21.94879150390625,2531500,0.0,0.0
1997-09-17,22.0643028473386,22.12206268211633,21.31342315673828,21.31342315673828,2103500,0.0,0.0
1997-09-18,21.486713242640942,22.295353097059667,21.486713242640942,22.035432815551758,1730200,0.0,0.0
1997-09-19,21.602235420280916,21.862155731400776,21.48671569055893,21.544475555419922,1706700,0.0,0.0
1997-09-22,21.28455087010491,21.775510539771453,21.14015031838284,21.45783042907715,1375100,0.0,0.0
1997-09-23,21.457828408736745,22.29534895598226,21.457828408736745,21.717748641967773,3243400,0.0,0.0
1997-09-24,22.035435325983755,22.295355637103615,21.544475555419922,21.544475555419922,2756000,0.0,0.0
1997-09-25,21.659991080665705,22.1509507559281,21.631110234595955,21.775510787963867,2968500,0.0,0.0
1997-09-26,21.775510787963867,22.122069909858347,21.775510787963867,21.775510787963867,1752300,0.0,0.0
1997-09-29,22.17982912527116,22.52639007568359,22.15095011852284,22.526390075683594,1676100,0.0,0.0
1997-09-30,22.52638111895051,22.757420435034817,22.410861460908357,22.613019943237305,1546700,0.0,0.0
1997-10-01,22.613020866847314,22.81518119592297,22.353102544881143,22.4686222076416,1328900,0.0,0.0
1997-10-02,22.06430064829226,22.670779772258385,22.06430064829226,22.613019943237305,1223500,0.0,0.0
1997-10-03,22.930715410034946,23.21951658869298,22.815195673968084,22.901836395263672,1914300,0.0,0.0
1997-10-06,22.8729482037836,23.132868445790518,22.670787811279297,22.670787811279297,1606300,0.0,0.0
1997-10-07,22.75742333812137,23.04622252006788,22.72854433917166,23.017343521118164,1367700,0.0,0.0
1997-10-08,23.01735100326406,23.306150279089238,22.90183129293399,23.277271270751953,1772700,0.0,0.0
1997-10-09,23.046229248461803,23.190629800838032,22.959590387828396,23.16175079345703,1094400,0.0,0.0
1997-10-10,23.190625117329745,23.190625117329745,22.930704910941397,23.04622459411621,536100,0.0,0.0
1997-10-13,23.103989101714212,23.190629800838032,22.959590387828396,23.16175079345703,693300,0.0,0.0
1997-10-14,23.277268865184222,23.306147870537032,22.786309227773955,22.930707931518555,781800,0.0,0.0
1997-10-15,22.75742538617918,23.103984435703616,22.75742538617918,23.04622459411621,571100,0.0,0.0
1997-10-16,22.988462683678577,23.248382866675367,22.84406401195026,23.017343521118164,741200,0.0,0.0
1997-10-17,22.988469676737093,23.017350522962193,22.208710729035072,22.641910552978516,1454100,0.0,0.0
1997-10-20,22.69967345284922,22.9884727614,22.52639386771875,22.81519317626953,754500,0.0,0.0
1997-10-21,22.87295017599647,24.085910797119137,22.87295017599647,24.08591079711914,2030700,0.0,0.0
1997-10-22,24.201436991519966,24.345835747177677,23.912635803222656,23.912635803222656,1853300,0.0,0.0
1997-10-23,23.566070410888557,24.028151088038744,23.50831055605609,23.825990676879883,1233300,0.0,0.0
1997-10-24,23.912633883271994,24.490234375,23.854874017948273,24.490234375,1776100,0.0,0.0
1997-10-27,23.62382658778333,24.34582558002807,23.56606674194336,23.56606674194336,1972200,0.0,0.0
1997-10-28,22.786302492276327,23.999260805337077,22.41086266423567,23.854860305786133,3429900,0.0,0.0
1997-10-29,23.91263280921944,24.25919382408653,23.85487294649004,24.028154373168945,2604400,0.0,0.0
1997-10-30,23.56606713379044,24.143667440284442,23.56606713379044,23.62382698059082,1378200,0.0,0.0
1997-10-31,23.739353001051793,24.23031274894757,23.739353001051793,23.9992733001709,1877400,0.0,0.0
1997-11-03,24.028155452410232,24.490234375,24.028155452410232,24.490234375,1844000,0.0,0.0
1997-11-04,24.316935424165667,24.49021488221648,24.08589614676458,24.43245506286621,1163200,0.0,0.0
1997-11-05,24.43246107189483,24.663500406118764,24.085902070558934,24.2014217376709,1105900,0.0,0.0
1997-11-06,23.912629395179863,24.085910797119137,23.681589977248098,24.08591079711914,1002700,0.0,0.0
1997-11-07,24.085907192993282,24.085907192993282,23.13286697889848,23.56606674194336,754500,0.0,0.0
1997-11-10,23.681589150147452,23.970388412475586,23.479428747272564,23.970388412475586,945000,0.0,0.0
1997-11-11,23.970380718494567,24.028142390910315,23.04622153718954,23.421661376953125,1015700,0.0,0.0
1997-11-12,22.98846688480049,23.42166665613206,22.959587880573164,23.07510757446289,1137100,0.0,0.0
1997-11-13,23.103986740112305,23.335027967996194,23.04622689276389,23.103986740112305,986900,0.0,0.0
1997-11-14,23.103986578690215,23.161748264125286,22.959587880573164,23.07510757446289,898000,0.0,0.0
1997-11-17,23.10398685666045,23.450547780989396,23.04622700902066,23.39278793334961,1592700,0.0,0.0
1997-11-18,23.50831315468602,23.594953865757294,23.19063299874558,23.36391258239746,908600,0.0,0.0
1997-11-19,23.306149526848618,24.201430010745867,23.075110113645618,23.450550079345703,1526100,0.0,0.0
1997-11-20,23.42166889480694,24.143669808362855,22.959590075081923,23.970388412475586,2498800,0.0,0.0
1997-11-21,24.057023703177748,24.923423133913946,24.057023703177748,24.836782455444336,1982100,0.0,0.0
1997-11-24,24.49022179252927,24.547981628177414,23.103982059994088,23.248382568359375,2904300,0.0,0.0
1997-11-25,23.537194069168656,23.97039398257042,23.508315055470305,23.94151496887207,2908300,0.0,0.0
1997-11-26,24.05702635082821,24.11478619666818,23.537185899778283,23.56606674194336,1160600,0.0,0.0
1997-11-28,23.91262537822831,24.46134666137523,23.85486553344813,24.057025909423828,597000,0.0,0.0
1997-12-01,24.40356931328349,24.519090767179964,24.028131482453553,24.288049697875977,983400,0.0,0.0
1997-12-02,24.28806852028173,24.28806852028173,23.5660694452162,23.970388412475586,768600,0.0,0.0
1997-12-03,24.086613543846937,24.289754161100408,23.680334156744657,24.231714248657227,699200,0.24,0.0
1997-12-04,24.260737929034246,24.34779688404603,23.91249656677246,23.91249656677246,981500,0.0,0.0
1997-12-05,23.796415702131135,24.028575368689197,23.53523515355091,23.59327507019043,834700,0.0,0.0
1997-12-08,23.50621693628046,23.709357575284674,23.18699645996094,23.186996459960938,1093600,0.0,0.0
1997-12-09,23.21601658420594,23.680337802644434,23.04189682006836,23.04189682006836,1391500,0.0,0.0
1997-12-10,22.809734549419456,23.303074748932556,22.809734549419456,22.983854293823242,1274700,0.0,0.0
1997-12-11,22.867775359617518,23.361115578447553,22.60659480908284,23.216014862060547,1550000,0.0,0.0
1997-12-12,23.332098733767182,23.332098733767182,22.69365773862051,22.83875846862793,1252500,0.0,0.0
1997-12-15,23.07091770446043,23.186997547218816,22.896797940322852,23.04189682006836,1275900,0.0,0.0
1997-12-16,23.15797396490351,23.216013879521004,22.72267368156993,22.89679527282715,1178900,0.0,0.0
1997-12-17,22.954837691087626,23.070917532983234,22.287375829080464,22.316396713256836,1845100,0.0,0.0
1997-12-18,22.403456621150543,22.490515575383178,22.084236145019528,22.08423614501953,1589900,0.0,0.0
1997-12-19,21.47480726572774,22.055208111186744,21.271668540110714,21.968149185180664,3162700,0.0,0.0
1997-12-22,22.05521695160525,22.49051729833039,21.997177028535567,22.461498260498047,1169200,0.0,0.0
1997-12-23,22.461497439328816,22.577577281224425,22.229335908132658,22.316396713256836,1646300,0.0,0.0
1997-12-24,22.37443976720742,22.490519625357226,22.258359909057617,22.258359909057617,595600,0.0,0.0
1997-12-26,22.345418878967372,22.40346065544747,21.968160263683103,22.258359909057617,445600,0.0,0.0
1997-12-29,22.461502553131176,22.490521596509364,22.142281991538947,22.345420837402344,815400,0.0,0.0
1997-12-30,22.519534975413144,23.012875174926243,22.49051409431014,22.983854293823242,1129400,0.0,0.0
1997-12-31,22.92581430643353,22.954835187444644,22.60659385233494,22.89679527282715,1127600,0.0,0.0
1998-01-02,22.809731612361766,23.15797105632886,22.809731612361766,23.128952026367188,1006200,0.0,0.0
1998-01-05,23.012878113947153,23.245037802801782,22.461497929214914,22.751697540283203,1731000,0.0,0.0
1998-01-06,22.751691358214305,22.751691358214305,22.287370259264975,22.403451919555664,2398700,0.0,0.0
1998-01-07,22.171303369440036,22.983864380668148,22.171303369440036,22.86778450012207,1614300,0.0,0.0
1998-01-08,22.722675129090074,22.780715047404932,22.519536338690504,22.548555374145508,1231400,0.0,0.0
1998-01-09,22.316398329806848,22.51953899154169,21.823058042311573,22.055217742919922,1368500,0.0,0.0
1998-01-12,21.706975170735934,23.33209654361304,21.706975170735934,23.216014862060547,1570800,0.0,0.0
1998-01-13,23.941525416983424,24.289765047722803,23.767405601613735,24.260746002197266,2715500,0.0,0.0
1998-01-14,24.2026927066636,24.2026927066636,23.709352578346557,23.796411514282227,2212600,0.0,0.0
1998-01-15,23.709359306380282,23.825439152170944,23.303077998707963,23.564258575439453,1333100,0.0,0.0
1998-01-16,23.88348281962704,24.11564254760742,23.709363023641753,24.115642547607422,2603000,0.0,0.0
1998-01-20,24.1156242183349,24.608964189028875,24.1156242183349,24.55092430114746,1403000,0.0,0.0
1998-01-21,24.492897857878617,24.667017617100477,23.912496813067524,24.637998580932617,1990500,0.0,0.0
1998-01-22,24.63800118131138,25.189381400744267,24.608980294675657,24.696041107177734,3295500,0.0,0.0
1998-01-23,24.696039714571743,24.84113859735297,24.31877929401157,24.579959869384766,1948000,0.0,0.0
1998-01-26,24.608983201798615,24.667023134521372,24.376823470907578,24.463882446289062,1121600,0.0,0.0
1998-01-27,24.434851169631568,24.49289107329501,23.825431257463244,24.318771362304688,2305500,0.0,0.0
1998-01-28,24.57994516879011,24.812104720315773,24.376804637503213,24.55092430114746,1835900,0.0,0.0
1998-01-29,24.434857938138,24.841137376322337,24.434857938138,24.637998580932617,1154800,0.0,0.0
1998-01-30,24.637995483164175,24.725054428126615,24.144655303694787,24.231714248657227,1234000,0.0,0.0
1998-02-02,24.608980120767356,25.16036033630371,24.5799610817418,25.16036033630371,1226600,0.0,0.0
1998-02-03,25.044270429924804,25.247411011161514,24.957209652993548,25.18937110900879,740100,0.0,0.0
1998-02-04,25.102330674430775,25.392530420365624,25.073311623540206,25.305471420288086,912700,0.0,0.0
1998-02-05,25.47956873719294,25.653688430786133,25.36348894146414,25.653688430786133,1343100,0.0,0.0
1998-02-06,25.740764358116213,25.827823332473294,25.33448298643218,25.479583740234375,1483300,0.0,0.0
1998-02-09,25.479570619772417,25.50859149455095,25.01525140255061,25.18937110900879,597000,0.0,0.0
1998-02-10,25.160345529670806,25.392505094871794,24.957204986417945,25.044265747070312,916400,0.0,0.0
1998-02-11,25.189383937894167,25.189383937894167,24.405842088670106,24.667022705078125,1251800,0.0,0.0
1998-02-12,24.637986507968584,25.218385420971053,24.405825095363603,25.044265747070312,1526100,0.0,0.0
1998-02-13,24.84114997938649,25.479591267848996,24.66703013182558,25.305471420288086,853400,0.0,0.0
1998-02-17,25.247411727905273,25.624672026310126,25.131331920304454,25.247411727905273,827000,0.0,0.0
1998-02-18,25.13133509069029,25.798794992299058,25.102314211426826,25.740755081176758,1201000,0.0,0.0
1998-02-19,25.82782034442465,26.00194196780508,25.6537005684493,25.711740493774414,952400,0.0,0.0
1998-02-20,25.595658557681194,25.76977831946989,25.131339192911337,25.53761863708496,1818200,0.0,0.0
1998-02-23,25.47957674308835,25.56663754094228,25.276436113032375,25.450557708740234,979700,0.0,0.0
1998-02-24,25.479571343106908,25.566632122509716,25.102311044702056,25.247411727905273,859200,0.0,0.0
1998-02-25,25.36349830530905,25.74075870440895,25.131338628141386,25.566638946533203,934700,0.0,0.0
1998-02-26,25.653698970998438,26.03095938582231,25.566640012134446,25.972919464111328,1176200,0.0,0.0
1998-02-27,26.001933192317228,26.118013003791262,25.537612099016638,25.85683250427246,1051600,0.0,0.0
1998-03-02,25.885856837298093,26.205075437773687,25.769775162919593,26.05997657775879,956700,0.0,0.0
1998-03-03,25.94389590630718,26.49527599018757,25.94389590630718,26.379196166992188,1070700,0.0,0.0
1998-03-04,26.471673455949606,26.675750732421875,26.23844334336578,26.675750732421875,1094300,0.25,0.0
1998-03-05,26.55913694259845,26.763212372879178,26.180137063615756,26.384212493896484,1433400,0.0,0.0
1998-03-06,26.41336513821325,26.85067251419666,26.41336513821325,26.76321029663086,1381500,0.0,0.0
1998-03-09,26.67575384959614,27.025599059352764,26.67575384959614,26.821521759033203,1209600,0.0,0.0
1998-03-10,26.879821993749392,27.375438690185547,26.821514474625587,27.375438690185547,1606300,0.0,0.0
1998-03-11,27.404595580691918,27.725287911331982,27.346288052932167,27.49205780029297,767500,0.0,0.0
1998-03-12,26.58828176582359,26.704896792526014,26.384204541133165,26.646589279174805,2006300,0.0,0.0
1998-03-13,23.84783033864481,24.081060463131116,23.20644564038451,23.643753051757812,14492400,0.0,0.0
1998-03-16,23.556294246439816,23.78952438640533,23.381371641465677,23.46883201599121,5138400,0.0,0.0
1998-03-17,23.323051947373663,23.3813613125294,22.944054065317115,23.118976593017578,4887400,0.0,0.0
1998-03-18,23.08982823697494,23.46882807879842,23.03152071176539,23.410520553588867,5888700,0.0,0.0
1998-03-19,23.410525129600302,23.847832582113,23.264755360121697,23.323062896728516,2526200,0.0,0.0
1998-03-20,23.527131369350172,23.55628605466876,23.148131595743013,23.235593795776367,2419400,0.0,0.0
1998-03-23,23.293907165527347,23.61459950502731,23.060677048044784,23.293907165527344,2253000,0.0,0.0
1998-03-24,23.381366978420758,23.614597071872208,23.14813502904661,23.497982025146484,2159000,0.0,0.0
1998-03-25,23.381359957377363,23.410512782343325,23.177282758927067,23.352205276489258,2849500,0.0,0.0
1998-03-26,23.17728892020575,23.352211484268057,23.089826710213277,23.148134231567383,2167700,0.0,0.0
1998-03-27,23.206444706543376,23.38136914879199,23.11898434134194,23.177291870117188,1941800,0.0,0.0
1998-03-30,23.38138389587402,23.439691461424957,23.264766908848113,23.381383895874023,1917800,0.0,0.0
1998-03-31,23.352229185136533,23.789536854730567,23.352229185136533,23.381383895874023,2891700,0.0,0.0
1998-04-01,23.497987362472088,23.497987362472088,23.14814028690806,23.323062896728516,2291900,0.0,0.0
1998-04-02,23.32304782579486,23.78950967315328,22.973202832217485,23.76035499572754,2681600,0.0,0.0
1998-04-03,23.672905344993236,23.672905344993236,23.32305833781316,23.410520553588867,1831600,0.0,0.0
1998-04-06,23.468827335503704,23.731212118597934,23.352212288777977,23.497982025146484,1604400,0.0,0.0
1998-04-07,23.38137409451271,23.410526937105427,23.089834533046,23.26475715637207,2256000,0.0,0.0
1998-04-08,23.264755115732747,23.293909811691453,22.56506468380095,22.710832595825195,2677900,0.0,0.0
1998-04-09,22.885753045544238,23.031522799744614,22.419292801579708,22.594215393066406,2475000,0.0,0.0
1998-04-13,22.594223614446918,22.594223614446918,22.040300945221237,22.390146255493164,3358100,0.0,0.0
1998-04-14,22.390140813639018,23.031525582507903,22.390140813639018,23.00237274169922,4078800,0.0,0.0
1998-04-15,23.002374385627608,23.26475739535031,22.623374436566362,22.885757446289062,3296800,0.0,0.0
1998-04-16,22.856593548902854,22.944055747125223,22.594208810158133,22.623363494873047,1434100,0.0,0.0
1998-04-17,22.798289637188955,22.944059371948242,22.506752023593055,22.944059371948242,1604700,0.0,0.0
1998-04-20,22.56506468380095,22.856602363772534,22.56506468380095,22.710832595825195,1794200,0.0,0.0
1998-04-21,22.97321704060296,23.672909316422572,22.914909505611583,23.46883201599121,2591200,0.0,0.0
1998-04-22,23.439667463231427,23.760357817467707,23.32305059560116,23.352205276489258,2352000,0.0,0.0
1998-04-23,23.35221391947418,24.226828686914583,23.35221391947418,23.818675994873047,2749000,0.0,0.0
1998-04-24,24.226828686914583,24.25598337859325,23.760366611515717,23.818675994873047,1827800,0.0,0.0
1998-04-27,23.55629671783878,23.643757101540185,23.118989231561976,23.26475715637207,2342200,0.0,0.0
1998-04-28,23.293903962913955,23.497981215614633,23.031519188859175,23.148134231567383,1460500,0.0,0.0
1998-04-29,23.206439110457776,23.264746625172535,22.973209051598733,23.235593795776367,1411900,0.0,0.0
1998-04-30,23.5563051033212,23.964458036374733,23.49799754145641,23.67292022705078,2432700,0.0,0.0
1998-05-01,23.614602435685725,23.672909972292544,23.20644782351488,23.323062896728516,1720500,0.0,0.0
1998-05-04,23.32307299993812,23.847842912645152,23.26476543807333,23.67292022705078,1514700,0.0,0.0
1998-05-05,23.67290069442858,24.08105329071348,23.556285666918612,23.876977920532227,1875600,0.0,0.0
1998-05-06,23.818679081862552,23.87698661685393,23.381371641465677,23.46883201599121,1328400,0.0,0.0
1998-05-07,23.556294899078907,23.556294899078907,23.20644782351488,23.323062896728516,1503100,0.0,0.0
1998-05-08,23.20644782351488,23.556294899078907,23.20644782351488,23.323062896728516,1906900,0.0,0.0
1998-05-11,23.323065379953515,23.876989820579738,23.293912536507737,23.614604949951172,1886500,0.0,0.0
1998-05-12,23.731210144618398,24.460055053989674,23.643747938887927,24.314287185668945,2055700,0.0,0.0
1998-05-13,24.139368979536304,24.285138741251526,23.760369083815142,24.11021614074707,1367800,0.0,0.0
1998-05-14,24.051903125237626,24.255980373940215,23.760363668256044,23.789518356323242,1005500,0.0,0.0
1998-05-15,23.78952939870028,23.78952939870028,23.468836960718413,23.556299209594727,1359300,0.0,0.0
1998-05-18,23.5854440292122,24.139366467801413,23.55629119345636,23.818675994873047,987000,0.0,0.0
1998-05-19,23.81867674518374,23.847829581857923,23.49798440623044,23.73121452331543,764200,0.0,0.0
1998-05-20,23.731219896179628,24.051912307739258,23.323065242949806,24.051912307739258,2479600,0.0,0.0
1998-05-21,24.022743084612756,24.022743084612756,23.78951305573204,23.964435577392578,999800,0.0,0.0
1998-05-22,23.847829581857923,23.90613711112917,23.49798440623044,23.73121452331543,1012100,0.0,0.0
1998-05-26,23.672921723628697,24.051921827671794,23.352229185136533,23.381383895874023,1197900,0.0,0.0
1998-05-27,23.29390550316976,23.439675244155023,23.264750812603605,23.410520553588867,1877600,0.0,0.0
1998-05-28,23.323062896728516,23.585447739420758,23.293910056386665,23.323062896728516,1165400,0.0,0.0
1998-05-29,23.439668821762886,23.439668821762886,23.118976593017578,23.118976593017578,1574700,0.0,0.0
1998-06-01,23.08982883363212,23.702058792114254,22.885751562163804,23.702058792114258,1781000,0.0,0.0
1998-06-02,23.585435299905516,23.614589980793617,23.264743089747093,23.352205276489258,1058200,0.0,0.0
1998-06-03,23.327959095044935,23.53310497022553,23.152120573021964,23.21073341369629,1301000,0.25,0.0
1998-06-04,23.00557613679096,23.152109098674465,22.88835051354015,22.91765785217285,1825700,0.0,0.0
1998-06-05,22.946973696074867,23.59171678098663,22.917668209837515,23.533103942871094,1092900,0.0,0.0
1998-06-08,23.44517422429009,23.503788904224283,23.357255935668945,23.357255935668945,1397800,0.0,0.0
1998-06-09,23.32795721564985,23.44518288755432,22.917667363984197,23.034893035888672,1317100,0.0,0.0
1998-06-10,22.91766552032071,23.152116845268687,22.507373836021138,22.624601364135742,1721800,0.0,0.0
1998-06-11,22.507367048730483,22.507367048730483,22.038464540236124,22.12638282775879,1577300,0.0,0.0
1998-06-12,21.979854583740234,22.185000390692554,21.56956296983559,21.979854583740234,1938300,0.0,0.0
1998-06-15,21.276498799521956,21.921241696197246,21.276498799521956,21.39372444152832,1189900,0.0,0.0
1998-06-16,21.540255459096098,21.56956093410041,21.04204559326172,21.04204559326172,1871600,0.0,0.0
1998-06-17,21.042043891146697,21.891930582125227,21.042043891146697,21.804012298583984,1118300,0.0,0.0
1998-06-18,21.745399487676497,21.979850731306442,21.56955918931407,21.804012298583984,904200,0.0,0.0
1998-06-19,21.745403238208127,21.891934357929763,21.452337267484264,21.510950088500977,1161500,0.0,0.0
1998-06-22,21.393714018524356,21.745392638846138,21.393714018524356,21.48163414001465,913200,0.0,0.0
1998-06-23,21.54025933905295,21.862630816008526,21.423033686640096,21.569564819335938,957200,0.0,0.0
1998-06-24,21.569559110084178,21.774704880326816,21.159269435238865,21.628171920776367,1480400,0.0,0.0
1998-06-25,21.716098786369585,21.745406133600348,21.10066315092893,21.247194290161133,1936600,0.0,0.0
1998-06-26,21.100652647016528,21.12995811401848,20.8368941158009,20.983427047729492,2068800,0.0,0.0
1998-06-29,21.21788404020795,21.24718951521226,20.983432777612975,21.04204559326172,1642300,0.0,0.0
1998-06-30,20.983434699350553,21.716095894879622,20.983434699350553,21.510950088500977,1436500,0.0,0.0
1998-07-01,21.62817766511839,22.15569496709415,21.569564838858913,22.038469314575195,1623300,0.0,0.0
1998-07-02,21.774700405225172,22.30221745868036,21.71608760657899,22.24360466003418,1233800,0.0,0.0
1998-07-06,22.243617028274972,22.624601364135742,22.214309679836166,22.624601364135742,780100,0.0,0.0
1998-07-07,22.624597503226806,22.683210324461466,22.419451696085343,22.507369995117188,973500,0.0,0.0
1998-07-08,22.39014817354715,22.683214195372734,22.15569684859917,22.624601364135742,1183000,0.0,0.0
1998-07-09,22.272916741802078,22.390142373911548,21.862627029418945,21.862627029418945,3182500,0.0,0.0
1998-07-10,21.862622250315,21.921235053557147,21.628169171706674,21.89192771911621,1244500,0.0,0.0
1998-07-13,21.628182519657532,21.891941229847195,21.188585291221717,21.30581283569336,1580400,0.0,0.0
1998-07-14,21.33511449720908,21.65748598901314,21.276501668302938,21.364421844482422,996000,0.0,0.0
1998-07-15,22.126389500160368,22.683214195372734,21.950551006449384,22.624601364135742,2621100,0.0,0.0
1998-07-16,22.62459658186786,22.712514877319336,22.390143440836734,22.712514877319336,1091000,0.0,0.0
1998-07-17,22.741823145696127,22.85904878816545,22.30222605361602,22.507369995117188,1897500,0.0,0.0
1998-07-20,22.50737096726593,23.181421239038865,22.50737096726593,23.00558090209961,1160000,0.0,0.0
1998-07-21,22.888358171881904,23.0348911827947,22.595294015696936,22.624601364135742,1906300,0.0,0.0
1998-07-22,22.50736805119883,22.624595549183738,22.15569115416453,22.214303970336914,1510000,0.0,0.0
1998-07-23,21.9798478567993,22.214299069767897,21.833314915874062,21.89192771911621,1538000,0.0,0.0
1998-07-24,22.478064431149495,22.478064431149495,21.423031787329812,21.45233726501465,1363800,0.0,0.0
1998-07-27,21.452336383486042,22.097079253741914,21.452336383486042,22.067771911621094,2492100,0.0,0.0
1998-07-28,21.950549142365748,22.272920619613107,21.921243662056238,22.038469314575195,2714900,0.0,0.0
1998-07-29,22.27291770954618,22.27291770954618,21.921240797937642,22.067771911621094,1245100,0.0,0.0
1998-07-30,22.03847689808569,22.360848486262146,22.03847689808569,22.155702590942383,1975200,0.0,0.0
1998-07-31,22.097071122133414,22.15568391916563,20.71966759341706,21.07134437561035,3904200,0.0,0.0
1998-08-03,21.07134810997526,21.48163962755412,20.778284072875977,20.778284072875977,2856500,0.0,0.0
1998-08-04,20.92481569179531,21.276492513920378,19.84047602511674,19.869781494140625,3339200,0.0,0.0
1998-08-05,19.8404798083589,20.16285122293083,19.1664315046031,19.693946838378906,2778200,0.0,0.0
1998-08-06,19.57671150394997,19.635324289758017,19.225034789101677,19.342260360717773,1358900,0.0,0.0
1998-08-07,19.430183588257812,20.10423359632682,19.3715707874222,19.781862258911133,1272600,0.0,0.0
1998-08-10,19.693946838378906,19.811172468106864,19.51810839378697,19.693946838378906,893600,0.0,0.0
1998-08-11,19.459501257996234,19.840485598618855,19.31296824525195,19.51811408996582,1816600,0.0,0.0
1998-08-12,19.63533307634772,20.07493009944237,19.5767202643111,19.606027603149414,1117200,0.0,0.0
1998-08-13,19.576724029726723,19.723257020822643,18.931981107673106,18.961288452148438,1163200,0.0,0.0
1998-08-14,19.459497433565698,19.576723074466177,19.107820510864258,19.107820510864258,1191300,0.0,0.0
1998-08-17,18.78544727516719,19.92839809783482,18.78544727516719,19.693946838378906,1307200,0.0,0.0
1998-08-18,19.693945888384338,19.869784324494198,19.225043392091383,19.606027603149414,1316600,0.0,0.0
1998-08-19,19.54742150120202,19.723259997672372,18.81475830078125,18.81475830078125,1649100,0.0,0.0
1998-08-20,18.814751603235912,18.931977225820315,18.580300358067113,18.609607696533203,2200900,0.0,0.0
1998-08-21,18.492381193839115,19.166431358082125,18.492381193839115,18.990591049194336,1805000,0.0,0.0
1998-08-24,18.78545093523661,19.31296637179106,18.78545093523661,19.225048065185547,1658400,0.0,0.0
1998-08-25,19.19573504937891,19.576719240512716,19.166429577713185,19.400880813598633,1606000,0.0,0.0
1998-08-26,19.22504327004875,19.459494516706908,18.90267187307379,19.195735931396484,1584800,0.0,0.0
1998-08-27,18.873364308727375,19.16643022918548,18.228623388127474,18.31654167175293,2703000,0.0,0.0
1998-08-28,18.34586135419048,18.72684581462199,18.316553996169027,18.521699905395508,1530700,0.0,0.0
1998-08-31,18.638916944071326,18.87336823672068,17.789030075397232,17.84764289855957,1603100,0.0,0.0
1998-09-01,17.964865609193556,18.257929677114802,16.821912945840612,17.642494201660156,2812500,0.0,0.0
1998-09-02,17.44099739180904,18.503392819175975,17.41148739923056,17.942684173583984,1790700,0.25,0.0
1998-09-03,17.942681595852182,18.208280884201667,17.854149752175562,18.119747161865234,1174000,0.0,0.0
1998-09-04,18.119747161865234,18.56241201622777,17.677082307502697,18.119747161865234,1488700,0.0,0.0
1998-09-08,18.35582956779312,19.0345815885807,18.237784022793488,19.005069732666016,1576300,0.0,0.0
1998-09-09,19.005079600950914,19.005079600950914,17.706596718315794,17.942684173583984,2899700,0.0,0.0
1998-09-10,17.883655109235303,17.883655109235303,17.381968529455428,17.647567749023438,1234900,0.0,0.0
1998-09-11,17.47050824743997,17.913173139664565,17.20490893637322,17.8836612701416,1100500,0.0,0.0
1998-09-14,18.17876275495149,18.56240562181839,18.060719084940008,18.09023094177246,1494900,0.0,0.0
1998-09-15,18.06072860143703,18.739482879638672,17.91317487550376,18.739482879638672,1216500,0.0,0.0
1998-09-16,18.709970481025433,19.15263540369531,18.47388302324419,19.034591674804688,1451100,0.0,0.0
1998-09-17,18.532894179020296,18.94604699140968,18.237783148654575,18.326316833496094,1614900,0.0,0.0
1998-09-18,18.26730430198025,18.326326162366197,17.824639409755655,17.8836612701416,2701500,0.0,0.0
1998-09-21,17.677074316564273,18.56240362507538,17.44098700193703,18.29680633544922,1257700,0.0,0.0
1998-09-22,18.237791460204374,18.53290262506177,18.06072588848586,18.473880767822266,1431600,0.0,0.0
1998-09-23,18.887024377357566,19.477244534939,18.59191523789632,19.329689025878906,1811000,0.0,0.0
1998-09-24,18.768991848628435,19.890409122063893,18.768991848628435,19.654321670532227,1865700,0.0,0.0
1998-09-25,19.536277608433124,20.893782310029675,19.418233884699514,20.067474365234375,1561800,0.0,0.0
1998-09-28,20.215034537417576,20.48063391529965,19.74285953554762,19.890413284301758,1146700,0.0,0.0
1998-09-29,20.00844211456298,20.39208495683178,19.86088847583893,20.33306312561035,1067100,0.0,0.0
1998-09-30,20.333070129024893,20.333070129024893,19.064097502697447,19.123119354248047,1142700,0.0,0.0
1998-10-01,18.650948616580123,19.27067913258593,18.621436745027417,19.034591674804688,1158900,0.0,0.0
1998-10-02,19.09360756142452,20.598667451566023,19.09360756142452,20.510133743286133,1245500,0.0,0.0
1998-10-05,20.333066423328006,20.362578283054624,19.772357996456446,20.303556442260742,1253100,0.0,0.0
1998-10-06,20.303558221732253,20.53964560559927,19.683827899751577,20.510133743286133,1150800,0.0,0.0
1998-10-07,20.569157273062974,20.746222809285914,19.713337696662855,19.86089324951172,1320500,0.0,0.0
1998-10-08,19.80186985618306,20.775731168611802,19.359205110899264,20.303556442260742,1784200,0.0,0.0
1998-10-09,20.303571367086814,21.336455279565655,20.303571367086814,21.277433395385742,1896600,0.0,0.0
1998-10-12,21.39547430207663,21.92667306730814,21.365964303264036,21.661073684692383,1550200,0.0,0.0
1998-10-13,21.779103566350877,21.779103566350877,21.04132964333126,21.424972534179688,1480800,0.0,0.0
1998-10-14,21.30693284939301,21.602042098168106,21.247910999637995,21.543020248413086,642400,0.0,0.0
1998-10-15,21.424981049027842,21.897157824904117,21.10035986786166,21.690580368041992,1064700,0.0,0.0
1998-10-16,21.838139054111902,22.398849690155235,21.779117178527414,22.192272186279297,1693400,0.0,0.0
1998-10-19,21.956167154457447,22.280786271670735,21.897145325995126,22.162742614746094,895500,0.0,0.0
1998-10-20,22.13324510904012,22.575910011220923,22.103733238853394,22.221776962280273,896000,0.0,0.0
1998-10-21,22.457863492788704,22.457863492788704,21.86764307045049,22.28079605102539,572300,0.0,0.0
1998-10-22,22.310300984509958,22.457856513905895,21.74959260292828,21.89714813232422,1115600,0.0,0.0
1998-10-23,21.424976806027686,21.69057607244259,21.041333838686086,21.129867553710938,1177400,0.0,0.0
1998-10-26,21.2184071910928,22.8120014968127,21.2184071910928,22.664445877075195,3219200,0.0,0.0
1998-10-27,22.664440367623307,22.841507819729497,22.280797352493053,22.782485961914062,1301800,0.0,0.0
1998-10-28,22.664441163579575,22.723463023467808,21.661067666819694,22.074222564697266,1816400,0.0,0.0
1998-10-29,21.956169527867726,22.398834228515625,21.720080309838792,22.398834228515625,600600,0.0,0.0
1998-10-30,22.516886662414674,22.841507819729497,22.45786480459924,22.782485961914062,785700,0.0,0.0
1998-11-02,22.871023368975635,23.018578988713145,22.575914008160968,22.664445877075195,638100,0.0,0.0
1998-11-03,22.78249059883392,23.372709297115446,22.75297872458971,23.04808807373047,898400,0.0,0.0
1998-11-04,23.254647683473273,23.43171315686168,23.048070358524054,23.22513771057129,1195900,0.0,0.0
1998-11-05,23.107104134686043,23.60879084143694,23.018572291529885,23.579280853271484,635100,0.0,0.0
1998-11-06,23.490747131455528,23.579280853271484,23.31368156648341,23.579280853271484,740000,0.0,0.0
1998-11-09,23.520263336309032,23.549773329917244,22.959554671151494,23.284175872802734,671600,0.0,0.0
1998-11-10,23.28417930909027,23.490754930814713,23.048089932081666,23.372711181640625,941900,0.0,0.0
1998-11-11,23.372701040152744,23.46123475294847,22.900526248334504,23.018569946289062,919800,0.0,0.0
1998-11-12,22.723459979422113,23.018571117989993,22.693949992761148,22.871015548706055,648200,0.0,0.0
1998-11-13,22.81199282085672,23.69732244524867,22.782482835328793,23.46123504638672,1122700,0.0,0.0
1998-11-16,23.461237143290074,23.726836430078148,23.40221528829937,23.579280853271484,848600,0.0,0.0
1998-11-17,23.579274991745933,23.66780869155347,22.90052288875257,23.254653930664062,899400,0.0,0.0
1998-11-18,23.49074363708496,23.697321038152865,23.34318996088748,23.49074363708496,1129800,0.0,0.0
1998-11-19,23.608786477258995,23.75634202678943,23.40221096230773,23.54976463317871,1169000,0.0,0.0
1998-11-20,23.667822036496066,24.05146327555072,23.579288286769366,23.785865783691406,949500,0.0,0.0
1998-11-23,23.84487880632701,23.9629225097058,23.60878952090974,23.93341064453125,1032600,0.0,0.0
1998-11-24,24.1104750212721,24.759715307537725,24.1104750212721,24.61216163635254,2614100,0.0,0.0
1998-11-25,24.52364020814315,24.612173958105053,24.317062710672307,24.553152084350586,1425200,0.0,0.0
1998-11-27,24.553141357251015,24.700695037841793,24.494117630623208,24.700695037841797,418500,0.0,0.0
1998-11-30,24.582655853538682,25.084342592672535,24.405590277137307,24.848255157470703,1283200,0.0,0.0
1998-12-01,24.612172680314863,25.11385952051198,24.612172680314863,25.025325775146484,1467800,0.0,0.0
1998-12-02,25.030419697212743,25.475273132324222,24.971106031727754,25.47527313232422,1199100,0.25,0.0
1998-12-03,25.35664363225451,25.35664363225451,25.089731216430664,25.089731216430664,953900,0.0,0.0
1998-12-04,25.267678771534495,25.62356271453896,25.267678771534495,25.56424903869629,1305900,0.0,0.0
1998-12-07,25.445607584976532,25.89046088423781,25.445607584976532,25.623550415039062,1491500,0.0,0.0
1998-12-08,25.386295497409108,25.386295497409108,24.70418756675056,25.238012313842773,1908100,0.0,0.0
1998-12-09,25.030417280530166,25.149044600046697,24.61521977427438,24.704191207885742,1465600,0.0,0.0
1998-12-10,24.88213709854185,24.911794878248966,24.259342604175284,24.496597290039062,1259600,0.0,0.0
1998-12-11,24.466946629516993,24.79317283630371,24.437288843468792,24.79317283630371,884100,0.0,0.0
1998-12-14,24.733854725210602,25.534590261860714,24.407628576812897,24.437284469604492,1510000,0.0,0.0
1998-12-15,24.31864894097949,24.67453275038659,24.259335287402923,24.615217208862305,1056600,0.0,0.0
1998-12-16,24.555914364496513,24.8228268670565,24.407631109256503,24.52625846862793,1531500,0.0,0.0
1998-12-17,24.407628122526006,25.060078519229332,24.407628122526006,25.000764846801758,1090800,0.0,0.0
1998-12-18,24.882136883025346,25.238020796686822,24.882136883025346,24.911794662475586,1396100,0.0,0.0
1998-12-21,24.911782397069448,25.356635654159973,24.822810990472405,24.97109603881836,1474500,0.0,0.0
1998-12-22,24.852485352307728,25.62356509793344,24.822827567653537,25.267681121826172,1298400,0.0,0.0
1998-12-23,25.149051419849147,25.92013109375232,25.149051419849147,25.56424903869629,1533500,0.0,0.0
1998-12-24,25.445619799062513,25.801503742066977,25.445619799062513,25.56424903869629,458500,0.0,0.0
1998-12-28,25.504923613421322,25.860807418823242,24.793159778512884,25.860807418823242,1166600,0.0,0.0
1998-12-29,25.831144880875264,26.068401336669922,25.68286171994437,26.068401336669922,924900,0.0,0.0
1998-12-30,26.068403714300338,26.068403714300338,25.297324410521124,25.623550415039062,1043900,0.0,0.0
1998-12-31,25.593895036758727,25.860807418823242,25.593895036758727,25.860807418823242,781200,0.0,0.0
1999-01-04,25.623551989421003,26.03874754653345,25.03041359131273,25.238012313842773,1473700,0.0,0.0
1999-01-05,25.14904487684175,25.238016311432343,24.971103895608497,25.089731216430664,1573200,0.0,0.0
1999-01-06,25.119407202618937,25.149063110351562,24.555924188256714,25.149063110351562,1933000,0.0,0.0
1999-01-07,24.852481830102892,25.504932232592257,24.852481830102892,25.119394302368164,1558000,0.0,0.0
1999-01-08,25.119383468406117,25.80149135715407,25.119383468406117,25.623550415039062,1767100,0.0,0.0
1999-01-11,25.356635654159973,25.534576579406714,24.911782397069448,24.97109603881836,1421200,0.0,0.0
1999-01-12,24.882129782280405,24.911787553267047,24.288993242024915,24.466934204101562,2287000,0.0,0.0
1999-01-13,23.96277424684556,24.64488241267807,23.903460575379615,24.496597290039062,1555800,0.0,0.0
1999-01-14,24.31864894097949,24.67453275038659,24.259335287402923,24.615217208862305,2249100,0.0,0.0
1999-01-15,24.555907208835734,25.030418395996097,24.40762399680587,25.030418395996094,2502700,0.0,0.0
1999-01-19,25.00077188092049,25.00077188092049,24.200036133882207,24.259349822998047,1366900,0.0,0.0
1999-01-20,24.259329261067627,24.55589745527902,24.14070198338307,24.229673385620117,1364200,0.0,0.0
1999-01-21,23.933119679182244,24.407631002541855,23.814492320329474,23.87380599975586,1470800,0.0,0.0
1999-01-22,23.725515769318132,23.725515769318132,22.776495214063335,22.895124435424805,1572400,0.0,0.0
1999-01-25,22.865461900177973,23.78482637474917,22.835804129021856,23.36962890625,1058600,0.0,0.0
1999-01-26,24.022080992207126,24.377962918394058,23.33997302304163,23.36962890625,2224300,0.0,0.0
1999-01-27,23.725518780803764,23.903461691458237,23.458608190718813,23.488264083862305,2245800,0.0,0.0
1999-01-28,23.251005364529604,23.28066125254267,22.806151940749196,23.102720260620117,2720400,0.0,0.0
1999-01-29,23.221334527596728,23.725501331779835,23.10270726637094,23.636531829833984,1691600,0.0,0.0
1999-02-01,23.57721819922109,23.93309998289846,23.517904568608195,23.636531829833984,1197600,0.0,0.0
1999-02-02,23.369644881115967,23.54758596584521,22.83581973897919,23.19170379638672,2930400,0.0,0.0
1999-02-03,23.191692331082347,23.25100599666913,22.895124003148435,22.924779891967773,2133000,0.0,0.0
1999-02-04,22.806152492502644,23.13237859622713,21.471592188874155,21.857131958007812,6457500,0.0,0.0
1999-02-05,21.946096188220544,22.98408791299565,21.85712665566405,22.509578704833984,2495100,0.0,0.0
1999-02-08,22.301989083093535,22.53924378399123,21.70885044290089,21.738508224487305,1962000,0.0,0.0
1999-02-09,21.797816573621315,22.301983633814665,21.263991739088144,21.708845138549805,1687900,0.0,0.0
1999-02-10,21.82747401595727,22.657867213342435,21.82747401595727,22.53923988342285,1085200,0.0,0.0
1999-02-11,22.420609649617607,22.924776680450876,22.390951877004902,22.746835708618164,1611300,0.0,0.0
1999-02-12,22.8358069971035,23.458603278072854,22.8358069971035,23.162033081054688,1546300,0.0,0.0
1999-02-16,23.280658683400144,23.666198400660043,22.954434511516702,23.013748168945312,1502500,0.0,0.0
1999-02-17,23.132384015821888,23.36963873304404,22.74684415636162,22.954442977905273,1371500,0.0,0.0
1999-02-18,22.954432938784496,23.251001205608063,22.687520554669433,22.71717643737793,1236300,0.0,0.0
1999-02-19,22.835823806856613,22.95445310575727,22.420627868527117,22.657882690429688,1250900,0.0,0.0
1999-02-22,22.5985444924457,23.60687828063965,22.568888615823877,23.60687828063965,1889700,0.0,0.0
1999-02-23,23.488261102491467,23.488261102491467,22.47992688053,22.895124435424805,953300,0.0,0.0
1999-02-24,22.924779891967777,23.31031966225591,22.924779891967777,22.924779891967773,763600,0.0,0.0
1999-02-25,22.89512079578601,22.95443445306358,22.005414048674613,22.746835708618164,1539700,0.0,0.0
1999-02-26,22.628213029526417,22.657868920266388,22.124045895412863,22.42061424255371,1287300,0.0,0.0
1999-03-01,22.450270329957206,22.895123761129685,22.42061255350327,22.53923988342285,1148800,0.0,0.0
1999-03-02,22.479924969613332,22.776493277936737,22.450269082754982,22.628210067749023,1286300,0.0,0.0
1999-03-03,22.54883790034551,23.055888370007995,22.54883790034551,22.72779655456543,1508500,0.26,0.0
1999-03-04,22.697970263571168,22.847101520805357,22.608489990234375,22.608489990234375,2131800,0.0,0.0
1999-03-05,22.727802189625134,23.1453743850819,22.548843491034756,22.936588287353516,1479500,0.0,0.0
1999-03-08,23.055888370007995,23.055888370007995,22.220746084902945,22.72779655456543,1481700,0.0,0.0
1999-03-09,22.668141497230156,22.847100134298046,22.57866312806883,22.75762176513672,2038300,0.0,0.0
1999-03-10,22.757623568616037,23.47346007236091,22.727796177368365,23.38397979736328,1534200,0.0,0.0
1999-03-11,23.3839889272581,23.741906369500835,23.354161524364805,23.622600555419922,1381300,0.0,0.0
1999-03-12,23.86119465073601,24.30859207417162,23.80154178752758,24.06998062133789,1387000,0.0,0.0
1999-03-15,24.010335678074764,24.33842748331645,23.771724146533668,23.831377029418945,1357300,0.0,0.0
1999-03-16,23.71206879787639,24.33842495241089,23.71206879787639,24.308597564697266,1027500,0.0,0.0
1999-03-17,24.308601748835788,24.308601748835788,23.771725766286774,23.861204147338867,850600,0.0,0.0
1999-03-18,23.65241057887886,24.189286347754756,23.56293033469385,24.06998062133789,803500,0.0,0.0
1999-03-19,24.010335678074764,24.099815951775355,23.83137702941894,23.831377029418945,1038400,0.0,0.0
1999-03-22,23.83137814378587,24.069989686484558,23.712072372436523,23.712072372436523,590800,0.0,0.0
1999-03-23,23.831389017124707,24.09982807451179,22.906766019179493,22.996246337890625,1268400,0.0,0.0
1999-03-24,23.11554989620298,23.741906369500835,22.936591175081613,23.622600555419922,1218500,0.0,0.0
1999-03-25,23.503296193856606,23.771735241501414,23.26468455094844,23.47347068786621,1197500,0.0,0.0
1999-03-26,23.383985198924883,23.383985198924883,22.81728172302246,22.81728172302246,1095700,0.0,0.0
1999-03-29,22.847108180661674,23.77173097926674,22.847108180661674,23.11554718017578,1476000,0.0,0.0
1999-03-30,22.906761368515852,23.354159073745606,22.847108467734945,23.085721969604492,1483000,0.0,0.0
1999-03-31,23.205027863840556,23.38398656689798,22.817283057843163,22.876935958862305,1110200,0.0,0.0
1999-04-01,23.055892868379832,23.47346504177642,23.026067369563382,23.264678955078125,1062300,0.0,0.0
1999-04-05,23.383974631764783,23.622586114054535,23.35414724710608,23.53310775756836,938800,0.0,0.0
1999-04-06,23.503296193856606,23.712082330774376,23.2050316402214,23.47347068786621,963300,0.0,0.0
1999-04-07,23.592763900756832,23.652416779603882,23.234844728929303,23.592763900756836,905300,0.0,0.0
1999-04-08,23.503280639648438,23.562933510897874,23.264669154650683,23.503280639648438,1005500,0.0,0.0
1999-04-09,23.413805289865568,23.533112956110866,23.14536826236345,23.38397979736328,1139300,0.0,0.0
1999-04-12,23.324322013888104,23.503280627544253,23.14536340023195,23.29449462890625,1152500,0.0,0.0
1999-04-13,23.026058469876094,23.32432283648885,22.996231083842293,23.20501708984375,971300,0.0,0.0
1999-04-14,22.90674374535257,24.219110350363117,22.90674374535257,23.801538467407227,1507500,0.0,0.0
1999-04-15,23.861209211004592,24.219128507404655,23.682250512177507,24.129648208618164,1589800,0.0,0.0
1999-04-16,24.129632514576123,24.755988502458585,24.069979653765635,24.606857299804688,1912900,0.0,0.0
1999-04-19,24.60686930642395,26.128020847435586,24.60686930642395,25.561317443847656,2502400,0.0,0.0
1999-04-20,25.561321645847475,26.00871934314789,25.233229747994383,25.919239044189453,2347600,0.0,0.0
1999-04-21,27.678995105780636,28.335176783994974,26.99298413952957,27.887779235839844,6505200,0.0,0.0
1999-04-22,28.365015860883435,28.872066497802738,27.365827338462623,28.872066497802734,5033700,0.0,0.0
1999-04-23,28.69308737567287,28.69308737567287,28.186037099409333,28.394821166992188,3567400,0.0,0.0
1999-04-26,28.394840977110103,29.110677719116207,28.27553516990009,29.11067771911621,2747700,0.0,0.0
1999-04-27,29.110673625357904,29.408940000184536,28.931714939709376,29.140501022338867,2004900,0.0,0.0
1999-04-28,29.229979415790257,29.5580712888521,29.110673625357904,29.140501022338867,2024700,0.0,0.0
1999-04-29,29.170316420446746,30.18441718673839,29.14049093253851,30.03528594970703,1992600,0.0,0.0
1999-04-30,30.154591143260912,30.154591143260912,28.365001141895338,29.259796142578125,2620800,0.0,0.0
1999-05-03,29.2896205154162,29.349275285353805,28.60361154732857,28.752744674682617,1944300,0.0,0.0
1999-05-04,28.633446858173325,29.080844465332284,28.514141082763672,28.514141082763672,3383500,0.0,0.0
1999-05-05,28.3948274460842,28.69309372072202,27.88777705769404,28.12639045715332,2692500,0.0,0.0
1999-05-06,28.126403860260577,29.14050512029172,28.036923555480058,29.11067771911621,2132200,0.0,0.0
1999-05-07,29.229985326564652,30.303741455078125,29.20015982229824,30.303741455078125,2225200,0.0,0.0
1999-05-10,30.303724834606605,30.57216182076109,29.88615281393058,30.03528594970703,2277900,0.0,0.0
1999-05-11,30.154596885065292,30.363382931312046,29.975638230601827,30.09494400024414,1350800,0.0,0.0
1999-05-12,30.06511982005259,30.06511982005259,29.28963033579345,29.349285125732422,1332900,0.0,0.0
1999-05-13,29.379101327254215,29.379101327254215,28.573786601549617,28.693092346191406,953800,0.0,0.0
1999-05-14,28.394841363719017,29.289636828723204,28.15622974605018,28.872066497802734,1273900,0.0,0.0
1999-05-17,29.20014271029153,29.20014271029153,28.63343947387051,28.693092346191406,823700,0.0,0.0
1999-05-18,28.6930928953117,29.647540769457002,28.6930928953117,29.259796142578125,1250100,0.0,0.0
1999-05-19,29.46859540246197,29.8265128042091,29.021197700905105,29.08085060119629,961500,0.0,0.0
1999-05-20,29.110667134799122,29.438758934709117,28.72292245297325,28.812402725219727,1102700,0.0,0.0
1999-05-21,28.99136371576868,29.43876131569564,28.901885335030578,29.379108428955078,1189200,0.0,0.0
1999-05-24,29.379106704770837,30.124768694639624,29.349281212523678,29.975637435913086,1476300,0.0,0.0
1999-05-25,29.8861705967235,30.214262551405074,29.76686477661133,29.766864776611328,2112800,0.0,0.0
1999-05-26,29.826503843029958,29.826503843029958,28.66326978871903,29.20014762878418,1437600,0.0,0.0
1999-05-27,29.140498556478512,29.438763007320343,28.156223020582086,28.186050415039062,1340800,0.0,0.0
1999-05-28,28.066739220397945,28.722920885667147,27.82812580700938,27.947431564331055,1563200,0.0,0.0
1999-06-01,28.007083897062014,28.693092891154066,27.619339270239323,28.633440017700195,1601400,0.0,0.0
1999-06-02,28.643598556518555,28.823369712506874,28.044359462524792,28.643598556518555,1249800,0.26,0.0
1999-06-03,28.583678465630246,28.703525918166555,27.92451556931428,28.044363021850586,705300,0.0,0.0
1999-06-04,28.01439638639733,28.553711756663034,27.80466432673046,28.463825225830078,852900,0.0,0.0
1999-06-07,28.343975880229216,28.4038995942924,28.104281023976476,28.254091262817383,495600,0.0,0.0
1999-06-08,27.8346135395752,28.134233911579127,27.744728953866197,27.86457633972168,790000,0.0,0.0
1999-06-09,27.894542650730507,28.04435286583156,27.505037617360237,27.684810638427734,1097700,0.0,0.0
1999-06-10,27.505042498823467,28.134244369496272,27.47508159490529,27.984434127807617,886900,0.0,0.0
1999-06-11,28.284045644845914,28.49377954939264,27.894540639558613,28.343969345092773,1273000,0.0,0.0
1999-06-14,28.284060035032354,28.733488969224148,28.254099123348325,28.433870315551758,2799800,0.0,0.0
1999-06-15,27.744744423013497,28.2840579600587,27.744744423013497,27.83462905883789,2036700,0.0,0.0
1999-06-16,28.284052986774547,28.493786945763677,28.07431902778542,28.373939514160156,1169400,0.0,0.0
1999-06-17,27.8046673480955,28.299037599298938,27.56497054228322,27.714780807495117,1195700,0.0,0.0
1999-06-18,27.624886259987136,27.74473558183878,26.875838965766963,26.90580177307129,1950700,0.0,0.0
1999-06-21,27.32529202023473,27.38521578075932,26.54628122604767,26.606204986572266,1435400,0.0,0.0
1999-06-22,26.606189839495304,27.924515635239597,26.54626611308568,27.624895095825195,2725300,0.0,0.0
1999-06-23,27.654849267514226,28.463820274834386,27.415154436806873,28.164201736450195,1093100,0.0,0.0
1999-06-24,27.864580580137154,27.924504282184053,27.1454942482089,27.385189056396484,3332800,0.0,0.0
1999-06-25,27.32525814752339,27.445105520008358,27.115524291992188,27.115524291992188,1360300,0.0,0.0
1999-06-28,27.38520025681469,27.50504770992553,26.965734170926766,27.205429077148438,1019800,0.0,0.0
1999-06-29,27.205418477980846,27.594923502523958,27.08557107156228,27.325265884399414,2124700,0.0,0.0
1999-06-30,27.265342181190128,27.415152392896108,27.08557107156228,27.325265884399414,1670900,0.0,0.0
1999-07-01,27.265352803703855,27.415163073775545,26.905810444371348,27.205429077148438,1295300,0.0,0.0
1999-07-02,27.325276530259273,27.56497143648095,27.205429077148438,27.205429077148438,1844800,0.0,0.0
1999-07-06,26.78596491714403,27.295317583170164,26.78596491714403,26.995697021484375,1359000,0.0,0.0
1999-07-07,26.875843867349104,26.935767585520903,26.546262463721202,26.785959243774414,1375100,0.0,0.0
1999-07-08,26.606183117256457,26.666106828525933,25.43766979381873,25.857135772705078,2998100,0.0,0.0
1999-07-09,26.09682221866117,26.306556094285522,26.03689852667781,26.15674591064453,2803100,0.0,0.0
1999-07-12,26.186721837252897,26.30656928129699,25.707330153710373,25.767253875732422,1414700,0.0,0.0
1999-07-13,25.707318956533985,26.576215408443087,25.557510670412995,26.39644432067871,2133700,0.0,0.0
1999-07-14,26.60619432080001,26.785967437674508,26.3964621967241,26.726043701171875,2031900,0.0,0.0
1999-07-15,26.785953788722544,26.93576209996005,26.36648593958001,26.755990982055664,2203800,0.0,0.0
1999-07-16,26.366497655142982,26.396460475123394,26.006955259576866,26.096839904785156,3207000,0.0,0.0
1999-07-19,25.976984316651237,26.3964522210115,25.947023413406004,26.36648941040039,1886700,0.0,0.0
1999-07-20,26.30656463931186,26.84587994971031,26.246640927863787,26.696069717407227,1615900,0.0,0.0
1999-07-21,26.666103241731754,27.355228689686825,26.54625583531319,27.325265884399414,2150400,0.0,0.0
1999-07-22,28.70352647086078,29.72223174440112,28.46382965380646,29.63234519958496,4547500,0.0,0.0
1999-07-23,29.692267292413703,29.692267292413703,28.643601166575788,29.60238265991211,2392300,0.0,0.0
1999-07-26,29.362683702147585,29.452570235421742,29.152951636784664,29.422607421875,2079000,0.0,0.0
1999-07-27,29.482531129829425,29.812110613193493,28.973176684253268,29.00313949584961,1462300,0.0,0.0
1999-07-28,29.003146796934697,29.572423194278006,28.973183977795692,29.242841720581055,879700,0.0,0.0
1999-07-29,28.883293431169648,29.003140868495194,28.493788306178608,28.643598556518555,1488100,0.0,0.0
1999-07-30,28.70352814237675,29.302765451492643,28.583680680553574,29.242841720581055,1396900,0.0,0.0
1999-08-02,29.12299256281479,29.692268927006964,28.943221380548785,29.63234519958496,1374000,0.0,0.0
1999-08-03,29.512502318787458,29.752197265625,29.272807371949913,29.752197265625,1517400,0.0,0.0
1999-08-04,29.692263181540024,29.722225993136362,29.00313949584961,29.00313949584961,1872900,0.0,0.0
1999-08-05,28.883293140240454,29.512493133544922,28.673559173350295,29.512493133544922,1255300,0.0,0.0
1999-08-06,29.003134804212788,29.242829628745948,28.613629760663585,28.673553466796875,1388800,0.0,0.0
1999-08-09,28.67355280593297,28.853323920189503,28.074313851045606,28.104276657104492,1195000,0.0,0.0
1999-08-10,27.984434127807617,28.403900134223566,27.80466298220078,27.984434127807617,1440300,0.0,0.0
1999-08-11,27.954483627889633,28.793417917560465,27.954483627889633,28.493799209594727,1424400,0.0,0.0
1999-08-12,28.493781554695552,28.973171190408355,28.28404763538841,28.763439178466797,1232600,0.0,0.0
1999-08-13,28.823371302139925,29.42260852181609,28.793408487473048,29.30276107788086,1324500,0.0,0.0
1999-08-16,29.242829628745948,29.242829628745948,28.583668861279758,28.673553466796875,1114400,0.0,0.0
1999-08-17,29.152945936155234,29.272793352174844,28.79340178073071,29.21286964416504,1563500,0.0,0.0
1999-08-18,29.242831299837214,29.242831299837214,28.403897458664364,28.70351791381836,977700,0.0,0.0
1999-08-19,28.613630260600914,28.643593067873887,28.224125210246278,28.40389633178711,983100,0.0,0.0
1999-08-20,28.463829105727665,28.523752831995818,28.044363021850586,28.044363021850586,1264000,0.0,0.0
1999-08-23,27.984434127807617,28.22412898861673,27.954471316523517,27.984434127807617,1691500,0.0,0.0
1999-08-24,27.954470785135566,28.64359635791103,27.834623357009196,28.254091262817383,1597500,0.0,0.0
1999-08-25,28.254092897408253,28.40390123755017,27.624891002294603,28.284053802490234,1913400,0.0,0.0
1999-08-26,28.25408913845311,28.973173653144915,28.224126329991414,28.70351791381836,2030000,0.0,0.0
1999-08-27,28.403911831306043,28.853340834086517,27.564977565624705,27.77471160888672,1106600,0.0,0.0
1999-08-30,27.71477946652434,27.80466600277559,27.355237136251596,27.44512176513672,767000,0.0,0.0
1999-08-31,27.564966744033214,28.194168626804046,27.295310974121094,27.295310974121094,1756200,0.0,0.0
1999-09-01,27.41515597054334,28.014393080835944,27.41515597054334,27.564964294433594,1506700,0.0,0.0
1999-09-02,27.20542833136097,27.29531487241316,26.666112899780273,26.666112899780273,2723200,0.0,0.0
1999-09-03,27.804661556686256,27.804661556686256,27.025651391629708,27.085575103759766,1808900,0.0,0.0
1999-09-07,27.085580881535535,27.145504606448252,26.666112899780273,26.666112899780273,2504300,0.0,0.0
1999-09-08,26.646206851264562,27.700010364185644,26.40533769593521,26.796749114990234,3027900,0.26,0.0
1999-09-09,26.887073716698044,27.79033488896526,26.887073716698044,27.459138870239258,2643600,0.0,0.0
1999-09-10,27.489253974889845,27.669905862174954,26.616100311279297,26.616100311279297,2307400,0.0,0.0
1999-09-13,26.646209468630417,27.158057432337532,26.55588256815424,26.977405548095703,2181300,0.0,0.0
1999-09-14,26.88707600659391,27.27848934235928,26.646206851264562,26.796749114990234,1804200,0.0,0.0
1999-09-15,27.579571199426443,28.362397740755753,27.54946351837302,28.12152862548828,2742700,0.0,0.0
1999-09-16,28.36240508811875,28.48283967695141,27.7602302272449,27.880666732788086,2328100,0.0,0.0
1999-09-17,27.910763267518824,28.001090131400794,27.158046429771517,27.519350051879883,2214600,0.0,0.0
1999-09-20,27.45913278152849,27.700001862934066,27.368807834356275,27.519350051879883,984800,0.0,0.0
1999-09-21,27.218263665253044,27.218263665253044,26.28489310093756,26.585981369018555,2628100,0.0,0.0
1999-09-22,26.585990676252063,27.09783861112597,26.284902302765936,26.917186737060547,1994000,0.0,0.0
1999-09-23,26.917186247807546,26.917186247807546,25.74294621265993,26.104249954223633,2987800,0.0,0.0
1999-09-24,25.773053704204013,26.254793939350154,25.773053704204013,26.13435935974121,1552800,0.0,0.0
1999-09-27,26.37523019957121,26.766643566596056,26.254795612288255,26.465557098388672,1653500,0.0,0.0
1999-09-28,25.983811953505505,26.28489836517719,25.351529530639894,26.044029235839844,1596900,0.0,0.0
1999-09-29,26.0440272919085,26.254788722702475,25.11065852703803,25.74294090270996,1389700,0.0,0.0
1999-09-30,25.381631663775075,25.923589002995634,25.110654910874512,25.411741256713867,1865500,0.0,0.0
1999-10-01,25.17087218004238,25.53217579504961,24.659024433760614,25.411741256713867,1813700,0.0,0.0
1999-10-04,25.833270994008483,26.19457664954568,25.773053704204013,26.13435935974121,1284400,0.0,0.0
1999-10-05,25.893482984854792,26.435440398896816,25.833265707373457,26.07413673400879,2237300,0.0,0.0
1999-10-06,26.25479391626787,26.79674952403164,26.16446702328539,26.43544578552246,1529600,0.0,0.0
1999-10-07,26.134356699817484,26.917183304310818,26.10424709962458,26.555877685546875,1324100,0.0,0.0
1999-10-08,26.616099374137114,27.127947328444915,26.254795612288255,26.465557098388672,1376200,0.0,0.0
1999-10-11,26.3752305890815,26.67631706173534,26.345120983460856,26.40534019470215,827000,0.0,0.0
1999-10-12,26.375221442102404,26.676307810338894,26.25478689480781,26.345111846923828,1371500,0.0,0.0
1999-10-13,26.134365379049676,26.134365379049676,24.7794731713226,25.80316925048828,2601700,0.0,0.0
1999-10-14,25.4719722255846,25.74295104093661,24.930014594880582,25.652624130249023,1865400,0.0,0.0
1999-10-15,25.471960135234916,25.471960135234916,24.47837225612422,24.839677810668945,1126200,0.0,0.0
1999-10-18,24.869797293325774,26.19458176095304,24.869797293325774,25.652624130249023,1308500,0.0,0.0
1999-10-19,26.375223278381892,26.465550153496448,25.682723624870253,25.74294090270996,1147000,0.0,0.0
1999-10-20,25.83327165924717,27.398925067901672,25.80316397192481,26.917186737060547,1304000,0.0,0.0
1999-10-21,27.21826233230282,28.904349650829143,27.15804506497757,28.693588256835938,3323600,0.0,0.0
1999-10-22,28.904346096900202,29.05488828834861,27.850541173214243,28.00108528137207,2480200,0.0,0.0
1999-10-25,28.001094067854545,28.482832298389493,27.820442231403938,28.12152862548828,983200,0.0,0.0
1999-10-26,28.001102979506385,28.60327595932309,27.51936267894239,28.211862564086914,1444800,0.0,0.0
1999-10-27,28.66349156560886,29.29577603216544,28.48283968232578,29.05490493774414,1466300,0.0,0.0
1999-10-28,29.26565208126872,30.229130236548247,28.93445616590551,29.837717056274414,2316700,0.0,0.0
1999-10-29,30.108721039211733,31.162526936849506,30.07861333977959,30.349590301513672,3135000,0.0,0.0
1999-11-01,30.710887732686096,30.710887732686096,29.807626328783563,29.867843627929688,1798000,0.0,0.0
1999-11-02,29.958164403901243,30.59044883105436,29.867839426243943,29.928056716918945,914000,0.0,0.0
1999-11-03,30.10871209330748,30.349581284042337,29.265668009024864,29.687191009521484,1157900,0.0,0.0
1999-11-04,29.807607294335636,30.98184675290893,29.807607294335636,30.831302642822266,2053700,0.0,0.0
1999-11-05,31.252826771798585,31.6743495579219,31.162501829564764,31.55391502380371,1943200,0.0,0.0
1999-11-08,31.07218379950416,31.824900809975475,31.07218379950416,31.343162536621094,1811700,0.0,0.0
1999-11-09,31.343145731086114,31.94532016661603,30.921623051202424,30.951732635498047,1740100,0.0,0.0
1999-11-10,30.680775227184583,31.01197129956457,30.680775227184583,30.891536712646484,950000,0.0,0.0
1999-11-11,30.83131466282697,31.644248957467582,30.500118641540734,31.343162536621094,1423100,0.0,0.0
1999-11-12,31.31304403885768,31.734566824980995,31.31304403885768,31.55391502380371,2017300,0.0,0.0
1999-11-15,32.246428776764674,32.27654030043026,31.49371352012818,31.764690399169922,1868400,0.0,0.0
1999-11-16,31.734575473677545,32.306640625,31.674358190207293,32.306640625,1422700,0.0,0.0
1999-11-17,32.93893091147023,33.51099616586794,32.78838480060381,32.87871170043945,2792000,0.0,0.0
1999-11-18,32.27654003730466,32.51740922413842,31.82490743692548,32.09588623046875,3028700,0.0,0.0
1999-11-19,32.005553621936926,32.18620546904169,31.734574892924716,31.79479217529297,2065900,0.0,0.0
1999-11-22,31.794799746926554,32.57762460413626,31.61414785680124,32.09588623046875,2197100,0.0,0.0
1999-11-23,32.42706813104475,32.45717580786893,31.58402442932129,31.58402442932129,1755300,0.0,0.0
1999-11-24,31.49371819119215,32.186218170049656,31.4636085797714,31.915239334106445,1537700,0.0,0.0
1999-11-26,31.855010791046183,32.36686058766652,31.855010791046183,31.885120391845703,485200,0.0,0.0
1999-11-29,31.764683337930514,31.88511982226697,31.132400899537497,31.37327003479004,1756700,0.0,0.0
1999-11-30,31.614136967313232,31.704461922908166,30.771093187070885,30.80120086669922,2528700,0.0,0.0
1999-12-01,30.65065798180028,30.740982935469884,30.229135142309154,30.289352416992188,1804800,0.0,0.0
1999-12-02,30.289343943804504,31.614127449654045,30.259236273240298,31.403366088867188,1245700,0.0,0.0
1999-12-03,32.12599806517133,32.366869185420505,31.794801951950603,32.33675765991211,1992600,0.0,0.0
1999-12-06,32.33673722246701,32.57760627377154,32.186195023756426,32.24641036987305,1029200,0.0,0.0
1999-12-07,32.336748492510395,32.66794451183774,31.37327003479004,31.37327003479004,1263400,0.0,0.0
1999-12-08,31.504451033952275,31.837031882616362,30.718353120875225,31.323043823242188,1671300,0.26,0.0
1999-12-09,31.08116478413597,31.655621862769213,30.47647221070524,30.869522094726562,1714700,0.0,0.0
1999-12-10,30.99046201611972,31.020697512665222,30.446240400820887,30.597412109375,1232600,0.0,0.0
1999-12-13,30.355538140879045,30.5067117856366,29.569438267699116,30.030515670776367,1492400,0.0,0.0
1999-12-14,29.569449735521815,31.413761987829,29.448511542702548,31.02071189880371,2051400,0.0,0.0
1999-12-15,30.960237784886242,31.65563324326185,30.960237784886242,31.406198501586914,1985200,0.0,0.0
1999-12-16,31.625404787625396,31.625404787625396,30.657897320345914,31.02071189880371,2034600,0.0,0.0
1999-12-17,30.778827190812045,31.202110751226925,30.234603545553796,30.567184448242188,3071800,0.0,0.0
1999-12-20,30.56718764995719,31.202114019446356,30.446249477171165,30.725919723510742,1584700,0.0,0.0
1999-12-21,30.960220540304903,31.716084664280412,30.839282434446737,31.534677505493164,1244400,0.0,0.0
1999-12-22,31.474228635574097,31.625402327199687,29.992733001708984,29.992733001708984,1449500,0.0,0.0
1999-12-23,30.476479415805237,31.38351752802667,30.416010336638795,31.202110290527344,1000600,0.0,0.0
1999-12-27,31.232339736354945,31.897499478207767,31.11140160147261,31.8370304107666,1006300,0.0,0.0
1999-12-28,31.716104485346,32.16962362810412,31.020708979710264,31.443992614746094,1225500,0.0,0.0
1999-12-29,31.41374910664975,31.595156321492784,31.081168250408567,31.504451751708984,1412300,0.0,0.0
1999-12-30,31.564932720910075,31.83704266678481,31.20211625186848,31.443992614746094,1186600,0.0,0.0
1999-12-31,31.383510722694272,31.655622482299805,31.292808085975352,31.655622482299805,430100,0.0,0.0
2000-01-03,31.20210829165788,31.443984592828567,30.536946538713806,30.929996490478516,1168300,0.0,0.0
2000-01-04,30.688127717221892,30.8695349875998,30.143903981363017,30.657894134521484,1340500,0.0,0.0
2000-01-05,30.7788122058964,30.899750307135236,30.022946186067827,30.50670051574707,1753200,0.0,0.0
2000-01-06,30.50669772174541,31.111390097281834,30.174117011436568,30.960216522216797,2070800,0.0,0.0
2000-01-07,31.443999127349397,31.897518364039296,31.141653611131318,31.867284774780273,1856700,0.0,0.0
2000-01-10,32.16961579059879,32.895246627170884,31.716096758331823,32.592899322509766,1995400,0.0,0.0
2000-01-11,32.895261454647304,32.95573248261649,31.443999127349397,31.867284774780273,1349300,0.0,0.0
2000-01-12,31.837035629541337,31.92774020793373,31.323047509675508,31.625394821166992,1323500,0.0,0.0
2000-01-13,31.74633497333455,32.16961854144074,31.171877739970864,31.897506713867188,1657600,0.0,0.0
2000-01-14,31.927734241905338,31.927734241905338,31.292808085975352,31.655622482299805,1130100,0.0,0.0
2000-01-18,31.595171445956755,31.595171445956755,30.869540314503748,30.990478515625,1959900,0.0,0.0
2000-01-19,31.564929668433976,31.62539875330574,30.53695137616406,31.050939559936523,1409300,0.0,0.0
2000-01-20,31.08115577697754,31.927724364559623,30.990451243595114,31.08115577697754,1786900,0.0,0.0
2000-01-21,31.98819986515819,31.98819986515819,30.929988436017652,31.292804718017578,2180700,0.0,0.0
2000-01-24,31.08115745899349,31.14162650961291,29.62989639467966,30.50670051574707,1897700,0.0,0.0
2000-01-25,31.081169839754445,31.081169839754445,29.448500973230935,30.113662719726562,1823100,0.0,0.0
2000-01-26,30.56717147191058,31.71608543002622,30.56717147191058,31.413740158081055,2754900,0.0,0.0
2000-01-27,31.413749296550385,31.95797094436939,31.262575654238375,31.474218368530273,2215400,0.0,0.0
2000-01-28,31.20211486549626,31.41375763597305,30.083433849804752,30.53695297241211,1056800,0.0,0.0
2000-01-31,30.536948588177196,30.536948588177196,29.388034155783256,30.05319595336914,1843100,0.0,0.0
2000-02-01,29.962487460341773,30.295068315715888,29.236856678136846,29.78108024597168,1452100,0.0,0.0
2000-02-02,29.357807811362207,29.841560565352577,29.206634113377575,29.81132698059082,1918500,0.0,0.0
2000-02-03,29.418264946224312,30.204364776611328,29.418264946224312,30.204364776611328,1891600,0.0,0.0
2000-02-04,30.20436567089312,30.47647553008598,29.32756124768417,29.78108024597168,1741300,0.0,0.0
2000-02-07,29.508969063669742,29.750847279152392,29.05545005613609,29.69037628173828,1258400,0.0,0.0
2000-02-08,29.992712217609544,30.44623105348542,29.902007680544823,29.96247673034668,1691900,0.0,0.0
2000-02-09,29.932263450173558,29.932263450173558,29.11592783760645,29.50897789001465,1817600,0.0,0.0
2000-02-10,29.32755910614775,29.32755910614775,27.694890446587383,28.36005210876465,1827200,0.0,0.0
2000-02-11,28.239127693623995,28.269361279470246,26.455284537483905,28.027484893798828,2944400,0.0,0.0
2000-02-14,28.420521507941856,28.541459643437534,27.453014499251996,27.725126266479492,1364000,0.0,0.0
2000-02-15,27.090196150300883,28.32981282109111,27.090196150300883,28.057703018188477,1814600,0.0,0.0
2000-02-16,27.84607419760668,28.087950553684774,27.090209622500076,27.694900512695312,1522800,0.0,0.0
2000-02-17,27.69489242923468,27.93677063943957,26.515744575155786,26.606447219848633,1955600,0.0,0.0
2000-02-18,26.243631917748978,26.545977264531682,25.09471575052572,25.57847023010254,1961300,0.0,0.0
2000-02-22,25.6389483303134,27.211148536811443,25.6389483303134,26.75762939453125,1717000,0.0,0.0
2000-02-23,26.636681203052927,27.150669242830123,26.334333938672618,26.545976638793945,2130200,0.0,0.0
2000-02-24,26.60645495808628,26.84833131391408,25.39707125422217,25.759885787963867,2611300,0.0,0.0
2000-02-25,25.21565656787828,25.487766425756195,24.701668500617867,24.883075714111328,1886500,0.0,0.0
2000-02-28,24.82260987905946,25.4575361714239,24.550498060981898,25.109838485717773,2415200,0.0,0.0
2000-02-29,25.15519693416091,25.397073309563346,24.913318634033203,24.913318634033203,2275600,0.0,0.0
2000-03-01,24.883076287230008,24.91330986114633,23.46205019504801,23.643457412719727,3054800,0.0,0.0
2000-03-02,23.703930987797317,24.066745492056732,23.40158556758114,23.82486915588379,2346300,0.0,0.0
2000-03-03,23.945810195916103,25.457541327756708,23.885341104620494,25.064491271972656,1936400,0.0,0.0
2000-03-06,24.45978526022759,24.73189698686079,23.734154630780445,24.490020751953125,1858500,0.0,0.0
2000-03-07,20.43859929934454,22.524788179089466,20.317661092507958,21.95033073425293,7966500,0.0,0.0
2000-03-08,22.756716578207744,24.36915720051503,22.543752137753685,23.851959228515625,5733000,0.27,0.0
2000-03-09,23.851953849868483,24.42999839782715,23.517296072262056,24.42999839782715,2634900,0.0,0.0
2000-03-10,24.338731656077382,24.490849382579146,22.604597708284317,23.121795654296875,3196700,0.0,0.0
2000-03-13,22.574178474129937,23.365185726748873,22.45248311390529,23.213069915771484,2059600,0.0,0.0
2000-03-14,23.243498013337053,23.30434474002476,22.300372781304915,22.63503074645996,2406900,0.0,0.0
2000-03-15,22.452482865517027,25.190590673756528,22.391636154450246,24.764663696289062,3404800,0.0,0.0
2000-03-16,25.555671710390932,27.928697207166127,25.312284877233417,27.076841354370117,3481700,0.0,0.0
2000-03-17,26.711766118788383,27.715739899139454,25.7686409948935,26.285839080810547,2750500,0.0,0.0
2000-03-20,26.285837018722336,26.620492982507656,25.799061362475204,26.012025833129883,1925400,0.0,0.0
2000-03-21,26.072873928976268,26.74218976548599,25.464404810626974,25.799062728881836,1856000,0.0,0.0
2000-03-22,25.12974299138236,25.677365306561644,24.825509447807605,25.22101402282715,1526000,0.0,0.0
2000-03-23,25.19059227635252,26.194565977943213,25.03847645738053,26.012025833129883,2213000,0.0,0.0
2000-03-24,26.012021063394883,26.742183445505756,25.67736322422971,25.85990333557129,1929200,0.0,0.0
2000-03-27,25.859898989550132,26.285827781176675,25.221007738854553,25.312278747558594,1592400,0.0,0.0
2000-03-28,24.825506058775456,25.55566840042212,24.825506058775456,25.16016387939453,1900000,0.0,0.0
2000-03-29,25.160165273722956,25.951174359614356,25.129740953460416,25.85990333557129,2188000,0.0,0.0
2000-03-30,26.10328737529814,28.141656577080433,25.92074728336488,27.56361198425293,2639900,0.0,0.0
2000-03-31,27.685312881388473,28.354628669934367,26.863881276714782,27.28980827331543,2505800,0.0,0.0
2000-04-03,27.441925518889047,28.871826171875,27.35065448150373,28.871826171875,1593200,0.0,0.0
2000-04-04,28.8718269430051,29.87579869733419,27.381079537527903,28.750133514404297,2401500,0.0,0.0
2000-04-05,28.750127824546826,28.750127824546826,27.19853401184082,27.19853401184082,1710500,0.0,0.0
2000-04-06,27.624469815227304,27.776587588186175,27.016000660136942,27.320236206054688,1107000,0.0,0.0
2000-04-07,27.381088256835938,27.685321925218943,27.107276986918475,27.381088256835938,824000,0.0,0.0
2000-04-10,27.320232598587914,28.232935242334182,27.168114845715245,27.28980827331543,1603500,0.0,0.0
2000-04-11,27.472343855425564,28.567588395551,27.320228064542796,28.01996612548828,1594700,0.0,0.0
2000-04-12,27.95913384032008,29.419457419002384,27.95913384032008,28.9935302734375,2456600,0.0,0.0
2000-04-13,28.9935159918461,29.449867248535156,27.989542452432335,29.449867248535156,2354800,0.0,0.0
2000-04-14,28.719712276887698,28.78055899773047,27.22896471112207,27.68531608581543,2007100,0.0,0.0
2000-04-17,27.19853851133766,28.59801483154297,26.285835889727302,28.59801483154297,2391900,0.0,0.0
2000-04-18,28.354623794555664,28.719704014583236,27.746154824431834,28.354623794555664,2529700,0.0,0.0
2000-04-19,28.3546226314202,28.415469332262134,28.01996480841732,28.232929229736328,1545200,0.0,0.0
2000-04-20,28.232941193889918,29.206490756662312,28.05039907726455,29.023950576782227,1555400,0.0,0.0
2000-04-24,28.71970894610567,29.419447123017655,28.65886223231962,29.38902473449707,1787400,0.0,0.0
2000-04-25,29.41945466431932,30.058348227962345,28.658869578655008,29.693265914916992,3356600,0.0,0.0
2000-04-26,29.328177265380333,29.51071740203726,28.932672667584583,29.206483840942383,2118000,0.0,0.0
2000-04-27,28.719694492000897,28.96308122465293,28.324190083069393,28.65884780883789,1749000,0.0,0.0
2000-04-28,28.354630503799914,28.53717065700617,27.41150347378343,28.202512741088867,1679000,0.0,0.0
2000-05-01,27.502760055808036,28.506731338853836,27.502760055808036,27.80699348449707,1480300,0.0,0.0
2000-05-02,27.837430727651203,28.263357725680766,27.35065507887253,28.172088623046875,1782600,0.0,0.0
2000-05-03,27.746154251063196,28.20250548503953,27.746154251063196,28.141658782958984,1066100,0.0,0.0
2000-05-04,28.172090698560083,28.68928877407179,27.776586060022304,28.445899963378906,1797000,0.0,0.0
2000-05-05,28.47632650076324,28.87183116999225,28.141668554742903,28.68929100036621,1569000,0.0,0.0
2000-05-08,28.415476975738077,28.932675040387807,28.35463025852899,28.53717041015625,892800,0.0,0.0
2000-05-09,28.780557351853734,29.601990941373433,28.689288244181537,29.419448852539062,1215700,0.0,0.0
2000-05-10,29.206483840942383,29.51071740203726,28.841401630883706,29.206483840942383,1538300,0.0,0.0
2000-05-11,29.32817442633203,30.301723664338198,29.176056692137596,29.967065811157227,1396900,0.0,0.0
2000-05-12,29.845374596846092,29.845374596846092,28.780554252541943,29.312965393066406,1019900,0.0,0.0
2000-05-15,29.32818553861701,30.180041686729005,29.23691447616933,29.693265914916992,1096000,0.0,0.0
2000-05-16,29.81495475769043,30.423423894065056,29.206487558060875,29.81495475769043,1199900,0.0,0.0
2000-05-17,29.63240127830084,30.636374611530133,29.510707893075026,30.453834533691406,1265000,0.0,0.0
2000-05-18,30.1191817938088,30.21045087962211,29.38901942357968,29.63240623474121,1148700,0.0,0.0
2000-05-19,29.145633722990652,29.449867248535156,28.963091670919347,29.449867248535156,1096100,0.0,0.0
2000-05-22,30.058339748752857,30.058339748752857,29.11521280424151,29.206483840942383,1429800,0.0,0.0
2000-05-23,29.084789276123047,29.23690508233378,28.111239982046378,29.084789276123047,1091200,0.0,0.0
2000-05-24,29.11521339416504,29.601989038524565,29.084791005811557,29.11521339416504,842400,0.0,0.0
2000-05-25,28.993522366506607,29.023946694122603,28.263359807918015,28.445899963378906,1113900,0.0,0.0
2000-05-26,28.476316033104066,28.537162733946,27.89827140673345,28.232929229736328,806400,0.0,0.0
2000-05-30,28.2937835413199,28.689288171551457,28.263359214342866,28.53717041015625,1437300,0.0,0.0
2000-05-31,28.476318030048144,29.662831684788607,28.23293120961254,29.449867248535156,1996700,0.0,0.0
2000-06-01,29.206487558060875,30.210459405822174,29.054369789780953,29.81495475769043,1767600,0.0,0.0
2000-06-02,29.81495117409262,30.14960906203732,28.81097944700336,29.17605972290039,1103700,0.0,0.0
2000-06-05,29.206490756662312,29.449877663169087,28.932679518469545,29.023950576782227,952700,0.0,0.0
2000-06-06,29.054367959962313,29.754106163839936,28.93267452770055,29.510719299316406,957500,0.0,0.0
2000-06-07,29.34277966965721,29.556736011174337,28.670340450018795,28.70090675354004,1630400,0.27,0.0
2000-06-08,27.783944447106453,28.914862635319093,27.783944447106453,28.486948013305664,2446500,0.0,0.0
2000-06-09,28.60921898159644,29.220527736403625,28.60921898159644,28.823177337646484,1194400,0.0,0.0
2000-06-12,28.762048374739177,29.037135482339377,28.670351375016683,28.71619987487793,1159300,0.0,0.0
2000-06-13,28.79260846505459,28.79260846505459,27.967343373335094,28.33412742614746,1552400,0.0,0.0
2000-06-14,28.334119321055855,29.312211794551466,28.334119321055855,28.97599220275879,1406600,0.0,0.0
2000-06-15,29.312213445348924,29.4956054296233,28.792601850346745,29.098255157470703,1364100,0.0,0.0
2000-06-16,28.36469383533935,28.762044200158527,28.059038511150224,28.670347213745117,1735700,0.0,0.0
2000-06-19,28.548073607927886,28.914857504570325,28.150723413673987,28.18128776550293,1567500,0.0,0.0
2000-06-20,28.242431977165147,28.242431977165147,26.072288164969144,26.591899871826172,3421100,0.0,0.0
2000-06-21,26.591890981809982,26.897544252546908,25.919451840406076,26.74471664428711,3032100,0.0,0.0
2000-06-22,26.775287184227803,27.23376813582685,26.194544904973405,26.561328887939453,2123400,0.0,0.0
2000-06-23,26.7447163462839,27.203197220171997,26.500193732418957,26.866979598999023,1327000,0.0,0.0
2000-06-26,26.866982547485744,27.63111677256407,26.775285584331886,26.836416244506836,1376200,0.0,0.0
2000-06-27,26.897535648542522,27.447713305660407,26.653013110171038,27.233755111694336,2379900,0.0,0.0
2000-06-28,27.508848632944503,27.72280686340937,26.439059426402533,26.461984634399414,2147400,0.0,0.0
2000-06-29,26.46964349257578,27.997912589909635,26.163988116482063,27.569997787475586,3038400,0.0,0.0
2000-06-30,27.20319012500265,28.150717925267926,26.591883749781964,28.05902099609375,4013400,0.0,0.0
2000-07-03,27.99790834334413,28.42582502665786,27.32547089865359,28.0896053314209,777000,0.0,0.0
2000-07-05,28.21185406311439,28.670334906808698,27.50885062165846,28.18128776550293,1771300,0.0,0.0
2000-07-06,28.211873086640534,28.5786572306089,27.508869171142578,27.508869171142578,1862900,0.0,0.0
2000-07-07,27.81451892798759,27.967346607222677,27.01981810921886,27.447734832763672,1184500,0.0,0.0
2000-07-10,27.447729095666478,28.334124780075847,27.41716278789497,27.84507942199707,1282500,0.0,0.0
2000-07-11,28.18130308431362,28.639784177229373,28.028477350530753,28.51752281188965,1067600,0.0,0.0
2000-07-12,28.486958443446508,28.57865349455951,27.84508530252117,28.51752281188965,1296400,0.0,0.0
2000-07-13,28.823159296530093,29.037115572876175,28.548070431762497,28.792593002319336,1544100,0.0,0.0
2000-07-14,29.25108723129454,29.3427842102649,28.395255895442936,28.45638656616211,978100,0.0,0.0
2000-07-17,28.853728636016466,28.97598994244339,27.906202538316467,28.242422103881836,943200,0.0,0.0
2000-07-18,28.242429453297575,28.30356012241883,27.875643492786896,27.96734046936035,1651700,0.0,0.0
2000-07-19,27.90620558614813,28.150728225708008,27.722813606478223,28.150728225708008,1009200,0.0,0.0
2000-07-20,28.120153427124023,28.517503569251602,27.906197155041685,28.120153427124023,1008200,0.0,0.0
2000-07-21,28.150726241245422,28.2424231975077,27.233764461753502,27.753376007080078,1660900,0.0,0.0
2000-07-24,28.425821757607203,28.48695242736705,27.753382444465714,27.84507942199707,1147100,0.0,0.0
2000-07-25,27.96733105748444,28.303550597394594,27.539414571859698,27.906200408935547,902400,0.0,0.0
2000-07-26,28.60921329361098,29.49560896335691,28.089601636356516,29.220521926879883,3816800,0.0,0.0
2000-07-27,29.526158521480752,29.526158521480752,28.70089398862669,28.91485023498535,1842200,0.0,0.0
2000-07-28,29.159393906888845,29.34278592979339,28.88430489964037,29.312219619750977,1380300,0.0,0.0
2000-07-31,29.281656447501938,29.403917801082034,28.05903902013418,28.0896053314209,1810000,0.0,0.0
2000-08-01,28.24242589752362,29.312213445348924,28.120162628891137,29.098255157470703,1823900,0.0,0.0
2000-08-02,28.975993644217056,30.22917511386486,28.91486298319396,30.015216827392578,1727700,0.0,0.0
2000-08-03,30.015207359693527,30.229165578676948,29.495595932006836,29.495595932006836,1261400,0.0,0.0
2000-08-04,29.37334912520791,29.587307449640893,28.945434422125178,29.00656509399414,1411000,0.0,0.0
2000-08-07,29.00655877466471,29.342778369587272,28.853731155395508,28.853731155395508,1146700,0.0,0.0
2000-08-08,28.853731699484335,28.97599301889203,28.4563814385179,28.609209060668945,1811600,0.0,0.0
2000-08-09,28.48695139777666,28.63977709376119,27.72281708050473,27.875642776489258,2267600,0.0,0.0
2000-08-10,28.089618258016163,28.700927253019064,28.0284875530943,28.548099517822266,1849500,0.0,0.0
2000-08-11,28.3646918022807,29.067695495117373,28.272994822439735,28.731475830078125,1012900,0.0,0.0
2000-08-14,28.853743789561946,29.92353370130883,28.853743789561946,29.831836700439453,2417100,0.0,0.0
2000-08-15,29.831836568112006,30.045794938669044,28.853743661573105,29.159399032592773,1476400,0.0,0.0
2000-08-16,29.15940851282517,29.25110359731582,28.548099517822266,28.548099517822266,821300,0.0,0.0
2000-08-17,28.548082798903852,28.85373614451013,27.875643492786896,27.96734046936035,1433400,0.0,0.0
2000-08-18,28.089603184502714,29.46504622582733,28.05903687555221,29.342784881591797,2007800,0.0,0.0
2000-08-21,29.312211794551466,29.770692702308246,28.97599220275879,28.97599220275879,1273500,0.0,0.0
2000-08-22,29.00657021903212,29.098265270145124,28.395261446549924,28.51752281188965,787100,0.0,0.0
2000-08-23,28.486948150205432,28.578643168186105,28.150728544116248,28.425817489624023,785000,0.0,0.0
2000-08-24,28.334111644988628,28.578634210672593,28.059022785703032,28.120153427124023,1044100,0.0,0.0
2000-08-25,28.364688473530954,29.098256443037634,28.028468847948897,28.945430755615234,1168400,0.0,0.0
2000-08-28,28.73147788942627,28.914869916469733,28.57865022733171,28.670347213745117,1121800,0.0,0.0
2000-08-29,28.548099517822266,28.73149163258785,28.456402487547333,28.548099517822266,712800,0.0,0.0
2000-08-30,28.517518548774795,28.57864922230617,28.0896038340552,28.30356216430664,817300,0.0,0.0
2000-08-31,28.425820621845414,29.067693601569175,28.364689954528057,28.616853713989258,1157900,0.0,0.0
2000-09-01,28.91487322213554,28.91487322213554,28.242435712767058,28.51752281188965,972400,0.0,0.0
2000-09-05,28.517521987351135,28.91487238610827,28.45639130644877,28.823177337646484,1008600,0.0,0.0
2000-09-06,28.96155623711559,29.084404570734566,28.562298175291346,28.807994842529297,1253600,0.27,0.0
2000-09-07,28.869415283203125,28.99226360096624,28.316595898144225,28.869415283203125,1421800,0.0,0.0
2000-09-08,28.86940265326994,28.86940265326994,28.163024157599658,28.255159378051758,2361100,0.0,0.0
2000-09-11,28.0094961321235,28.040209212184852,26.903858487062955,27.272403717041016,3407500,0.0,0.0
2000-09-12,27.456657761321065,27.487368863297284,26.81170115832157,27.05739974975586,3603600,0.0,0.0
2000-09-13,27.057411510250958,27.241684067577005,26.412454626921164,26.473880767822266,2391000,0.0,0.0
2000-09-14,25.798197475620636,26.22816652115617,24.72327192909491,25.061105728149414,6764300,0.0,0.0
2000-09-15,25.030392675906008,25.64463612465279,25.030392675906008,25.061105728149414,4260700,0.0,0.0
2000-09-18,24.938266323256798,25.98247918994085,24.631145466915985,25.3375244140625,2376000,0.0,0.0
2000-09-19,25.46036995136395,25.67535550467796,25.24538439804994,25.36823272705078,2157100,0.0,0.0
2000-09-20,25.183950542959938,25.245374683824824,24.569707179186757,24.723268508911133,1943100,0.0,0.0
2000-09-21,24.723280048399456,25.583220377005762,24.539007539796373,25.4910831451416,2383500,0.0,0.0
2000-09-22,26.535289100350454,27.05739534507656,26.136031153780536,26.6888484954834,2374100,0.0,0.0
2000-09-25,26.535289067598562,26.535289067598562,25.89033257038773,26.105318069458008,1459300,0.0,0.0
2000-09-26,26.043894236579867,26.596713539435175,26.043894236579867,26.28959083557129,1179100,0.0,0.0
2000-09-27,26.320309524160173,26.412444790949223,25.644641777123674,26.228172302246094,1349500,0.0,0.0
2000-09-28,26.596712325822875,27.978758564773546,26.596712325822875,27.825197219848633,2060000,0.0,0.0
2000-09-29,27.702362687502493,27.82521104241929,27.303104556460156,27.425952911376953,2291500,0.0,0.0
2000-10-02,27.08810604820944,27.210954344579495,26.35101431486455,27.026681900024414,2168100,0.0,0.0
2000-10-03,27.456655502319336,27.82520042646131,27.14953277707628,27.456655502319336,2016800,0.0,0.0
2000-10-04,27.733066464681624,28.132324490140494,27.640931200421868,27.671642303466797,1689700,0.0,0.0
2000-10-05,27.79448082111281,28.500861358587926,27.671632542019122,28.070890426635742,2087200,0.0,0.0
2000-10-06,28.746564041655347,28.930836499557845,28.50086743111868,28.838701248168945,2024500,0.0,0.0
2000-10-09,28.838713388209943,29.145834280667408,27.364529194163065,27.794498443603516,1892300,0.0,0.0
2000-10-10,27.51806514210016,28.0094581151071,27.14951845722124,27.364503860473633,2017900,0.0,0.0
2000-10-11,27.27238376029631,28.746567511717704,27.2109596002475,28.593006134033203,2018500,0.0,0.0
2000-10-12,28.746564200906022,29.23795742470158,27.51807918629242,27.733062744140625,1473800,0.0,0.0
2000-10-13,27.855907371543594,28.99225494931449,27.57949776149823,28.316587448120117,1699300,0.0,0.0
2000-10-16,28.50085377436459,29.422217577511887,28.43942965116302,29.05367088317871,1450500,0.0,0.0
2000-10-17,29.452941338998546,29.452941338998546,28.40872883998708,28.56229019165039,1258200,0.0,0.0
2000-10-18,28.746568857821995,29.8522057455988,28.378023880271403,29.514371871948242,3750200,0.0,0.0
2000-10-19,29.3915269197165,29.514375259667478,28.13232850253112,29.20725440979004,2456400,0.0,0.0
2000-10-20,29.1765378147581,29.391523361206055,28.90013006089645,29.391523361206055,1177600,0.0,0.0
2000-10-23,29.330104335432097,29.5758010286173,28.930846231443468,28.961559295654297,1883000,0.0,0.0
2000-10-24,29.084400904276997,31.449235916137695,29.084400904276997,31.449235916137695,3748400,0.0,0.0
2000-10-25,31.418524770113805,31.418524770113805,30.036478174372363,30.804283142089844,4257500,0.0,0.0
2000-10-26,30.62000962518868,31.080691837710454,30.55858546052745,30.773571014404297,1899600,0.0,0.0
2000-10-27,30.773577462498068,32.30918581104031,30.712153284966416,32.15562438964844,2109600,0.0,0.0
2000-10-30,32.1556175551405,33.906209175401706,32.0020561663873,33.353389739990234,4359300,0.0,0.0
2000-10-31,33.35338833783431,33.35338833783431,30.957842113717067,32.43202590942383,4948800,0.0,0.0
2000-11-01,32.432014001210234,32.83127188448657,31.44922581663564,32.186317443847656,2877300,0.0,0.0
2000-11-02,31.81777110552751,31.940619385957245,31.0806794678248,31.387802124023438,1851400,0.0,0.0
2000-11-03,31.418523523434622,31.87920570373535,30.957841343133897,31.87920570373535,2013000,0.0,0.0
2000-11-06,32.063480139955594,32.33988788403608,31.87920570373535,31.87920570373535,1930400,0.0,0.0
2000-11-07,31.449243868623164,31.879213090811675,31.32639551942645,31.6949405670166,1798700,0.0,0.0
2000-11-08,31.449243868623164,32.12491174433051,31.29568245456457,31.6949405670166,1846600,0.0,0.0
2000-11-09,32.0020436420801,32.70842418979597,32.0020436420801,32.493438720703125,3671100,0.0,0.0
2000-11-10,32.493438140550886,32.646999466464635,31.909907839252618,32.186317443847656,1723000,0.0,0.0
2000-11-13,32.06348020610853,32.80057013201049,32.06348020610853,32.58558654785156,1855000,0.0,0.0
2000-11-14,32.12491174433051,32.339895377862064,31.32639551942645,31.6949405670166,2240900,0.0,0.0
2000-11-15,32.06347399232263,32.67771547820314,31.572078848493646,32.21703338623047,1448600,0.0,0.0
2000-11-16,31.87919459697123,32.03275592194544,31.080678835304187,31.54136085510254,1868400,0.0,0.0
2000-11-17,31.8791955901542,32.247742390549355,31.69492316751878,32.094181060791016,1933300,0.0,0.0
2000-11-20,32.09419259022803,32.861995604594725,32.06348148631838,32.80057144165039,2410700,0.0,0.0
2000-11-21,32.83127043926814,33.506937897396924,32.83127043926814,33.476226806640625,2810800,0.0,0.0
2000-11-22,33.44553051714928,34.33618392935589,33.2919710672087,33.936927795410156,2174200,0.0,0.0
2000-11-24,33.93691515999887,34.059763456262495,32.67771523548526,33.19982147216797,857100,0.0,0.0
2000-11-27,32.98483593446781,33.04626203764657,32.55486689808837,32.61629104614258,1170900,0.0,0.0
2000-11-28,33.19981525908883,33.629786170670485,32.800557393387656,33.476226806640625,1673100,0.0,0.0
2000-11-29,33.53765332882704,34.39759526328995,33.16910846130674,34.305458068847656,1927200,0.0,0.0
2000-11-30,34.30546013106418,34.52044562760341,33.96762633796669,34.36688232421875,2643100,0.0,0.0
2000-12-01,34.244032841331226,35.165396988723536,34.1518956445422,34.796852111816406,2366000,0.0,0.0
2000-12-04,34.79562647544586,35.99462619631853,34.77105446929524,35.2821044921875,2508100,0.0,0.0
2000-12-05,34.88899706063163,34.88899706063163,32.43202480329316,33.03643798828125,3392400,0.0,0.0
2000-12-06,32.91880679985735,33.80210185258708,32.91880679985735,33.33331298828125,1797600,0.27,0.0
2000-12-07,33.456666631949865,34.19686076931232,33.417191548460984,33.999473571777344,1492000,0.0,0.0
2000-12-08,33.555366721895325,33.62938497194111,32.696743241271406,32.79543685913086,2318100,0.0,0.0
2000-12-11,32.30198593166067,32.6918207535315,31.53712190644339,32.14901351928711,2204900,0.0,0.0
2000-12-12,32.60793548849728,33.16061056421958,32.4401574433533,32.49443817138672,1645600,0.0,0.0
2000-12-13,32.494428847180494,32.81024532936999,32.12433361588241,32.139137268066406,1828600,0.0,0.0
2000-12-14,32.07497639437852,32.32170843188491,31.803572920135103,32.22301483154297,1415400,0.0,0.0
2000-12-15,31.581532130844042,32.76090436333047,31.581532130844042,31.828262329101562,2859100,0.0,0.0
2000-12-18,31.729563068526126,32.933608426098935,31.463093418539422,32.56844711303711,1680800,0.0,0.0
2000-12-19,32.69181158079372,33.180337954541905,32.61779332568745,32.91880416870117,1434000,0.0,0.0
2000-12-20,33.5060213222263,33.5060213222263,32.74115753173828,32.74115753173828,2454100,0.0,0.0
2000-12-21,32.74115560313804,33.95506862688271,32.617790546240556,33.55043029785156,1917100,0.0,0.0
2000-12-22,33.432000406464105,33.79222777874551,33.14085934942741,33.3036994934082,1274400,0.0,0.0
2000-12-26,33.298771577853586,33.506026646329325,32.64246909661163,33.45174789428711,1365800,0.0,0.0
2000-12-27,33.55535999702274,35.090023064997034,33.55535999702274,33.950130462646484,2890400,0.0,0.0
2000-12-28,34.39423868730412,35.035739126061046,33.64911273465657,34.78900909423828,2058200,0.0,0.0
2000-12-29,35.20846623719157,35.4305210063314,34.74461326161333,34.882781982421875,1238200,0.0,0.0
2001-01-02,34.5373566744426,35.0653600908662,34.14752197265625,34.14752197265625,2168000,0.0,0.0
2001-01-03,34.270891164475714,34.59163958422747,32.62273025512695,32.62273025512695,3013100,0.0,0.0
2001-01-04,32.371056857768494,32.568442116988514,29.854405110293747,31.053516387939453,6585500,0.0,0.0
2001-01-05,31.260783147799962,32.889206851341854,30.732779556584607,32.469764709472656,2724600,0.0,0.0
2001-01-08,32.54377694213495,33.38266107005299,32.54377694213495,33.11125946044922,1605800,0.0,0.0
2001-01-09,33.23462432955456,33.50602593742022,32.49442991591537,33.01256561279297,1952800,0.0,0.0
2001-01-10,32.716488527444824,33.24449201550526,32.287176711322566,32.963218688964844,1565500,0.0,0.0
2001-01-11,32.91386946357407,33.5060213799121,32.57337960840987,32.765830993652344,2344700,0.0,0.0
2001-01-12,32.76583794877241,32.93854789755104,31.808522568518203,32.326656341552734,1725400,0.0,0.0
2001-01-16,32.33157070813148,33.007612331124015,32.33157070813148,32.67699432373047,1365500,0.0,0.0
2001-01-17,32.420409428676734,32.420409428676734,31.186756738382094,31.4088134765625,2711200,0.0,0.0
2001-01-18,31.951622807303337,32.29704660558733,31.45322662235885,31.67528533935547,1828700,0.0,0.0
2001-01-19,31.458166586028145,31.635812404790723,30.65875941992184,31.487773895263672,2297500,0.0,0.0
2001-01-22,31.50750683858017,32.020706668098406,31.122607948116055,31.334796905517578,1629300,0.0,0.0
2001-01-23,31.13739782794346,31.324913293866288,30.35279477825746,30.782106399536133,2155300,0.0,0.0
2001-01-24,30.98936700841303,31.996028920337054,30.495906788265984,31.709819793701172,3527700,0.0,0.0
2001-01-25,31.586470381553085,32.568459376120394,31.458171367581578,32.07499694824219,2251100,0.0,0.0
2001-01-26,32.64246673274249,32.66714014037894,31.542048851619015,31.63087272644043,1315300,0.0,0.0
2001-01-29,31.581531918817845,31.581531918817845,30.940031051635742,30.940031051635742,1511200,0.0,0.0
2001-01-30,31.0880617808232,31.92201191407973,31.00417377057821,31.917078018188477,2069800,0.0,0.0
2001-01-31,31.680227900289996,32.41055079486477,31.630883032288803,31.951631546020508,1738600,0.0,0.0
2001-02-01,31.951611348519183,33.01255380846427,31.951611348519183,33.00761795043945,1715400,0.0,0.0
2001-02-02,32.884254455566406,33.04216265279677,32.30690629072144,32.884254455566406,1493700,0.0,0.0
2001-02-05,32.3908013341623,33.17540270613064,32.3908013341623,32.56844711303711,1450300,0.0,0.0
2001-02-06,32.815187088683324,33.09152657681442,32.42041835470275,32.83492660522461,1101100,0.0,0.0
2001-02-07,32.83491679446443,33.357986339626486,32.58325079553056,33.30863952636719,1759400,0.0,0.0
2001-02-08,33.06192200167312,33.3333236881067,32.91388346875952,33.18035125732422,1481800,0.0,0.0
2001-02-09,33.03724367441063,33.5800509255433,32.7707759096225,33.382667541503906,1798200,0.0,0.0
2001-02-12,33.3826588328119,33.6836716544721,33.01749947126491,33.41720199584961,1055800,0.0,0.0
2001-02-13,33.42705910485792,34.038952344900515,33.259283129479144,33.950130462646484,1699600,0.0,0.0
2001-02-14,33.61459329886754,33.61459329886754,32.98789606289221,33.0372428894043,1950700,0.0,0.0
2001-02-15,33.40733808732627,34.12285324182866,32.86452895134512,33.8958625793457,2472600,0.0,0.0
2001-02-16,34.019220766038416,34.581767338107916,34.019220766038416,34.47814178466797,2434100,0.0,0.0
2001-02-20,34.49294565090708,35.48973787922338,34.34984107746308,35.3861083984375,2601100,0.0,0.0
2001-02-21,34.986408382893735,34.99134424233711,33.94520512911163,34.32023620605469,1726800,0.0,0.0
2001-02-22,34.32024414360227,34.8778550285371,34.17220366634493,34.4189338684082,1647100,0.0,0.0
2001-02-23,34.54228770286709,34.591630580217334,33.95013390769186,34.468265533447266,1784900,0.0,0.0
2001-02-26,34.27088708667655,34.71993639157716,33.72314415973488,34.57683181762695,1821200,0.0,0.0
2001-02-27,34.76434964226013,35.149248510955054,34.46827268325679,35.0357551574707,1481800,0.0,0.0
2001-02-28,35.03574823653861,35.39103973181903,34.69526038994916,35.28247833251953,2132500,0.0,0.0
2001-03-01,35.06043348276407,35.06536934317062,33.90080078963415,34.54723358154297,1849500,0.0,0.0
2001-03-02,34.769284626545435,35.45519629641688,34.675526859775985,35.26274490356445,3954500,0.0,0.0
2001-03-05,35.52427447844591,35.52427447844591,35.04561790946101,35.400909423828125,2094600,0.0,0.0
2001-03-06,34.93706832749797,34.9864151513842,34.45841159652927,34.690338134765625,1340700,0.0,0.0
2001-03-07,34.696292634392236,35.3107384994601,34.696292634392236,35.05306625366211,2032900,0.28,0.0
2001-03-08,35.181914690519704,35.77158246129983,34.99361688901625,35.5733757019043,2570500,0.0,0.0
2001-03-09,35.1819099980544,35.45444376298856,34.58232940627345,35.2562370300293,1660600,0.0,0.0
2001-03-12,35.181918250642944,35.385081481082544,34.92424588858318,34.94902420043945,1524100,0.0,0.0
2001-03-13,34.94900984163907,35.03324581533522,33.97779031811243,34.285011291503906,2257900,0.0,0.0
2001-03-14,33.78947278725773,34.468332400538344,33.57144436419417,33.814247131347656,1925500,0.0,0.0
2001-03-15,33.94310955723255,34.04221489674671,33.13541326373616,33.59624481201172,1352800,0.0,0.0
2001-03-16,32.95206934918934,33.81427277474568,32.95206934918934,33.49714279174805,1973700,0.0,0.0
2001-03-19,33.502097760129885,33.67057763516151,33.18001130365911,33.249385833740234,1424200,0.0,0.0
2001-03-20,33.54669275978309,34.686388278900786,33.26424611893808,34.389076232910156,2590300,0.0,0.0
2001-03-21,34.389064404816835,34.389064404816835,33.00160801022879,33.204769134521484,4127200,0.0,0.0
2001-03-22,32.75385946538343,33.11558760414243,31.7231782478855,33.04621505737305,3603700,0.0,0.0
2001-03-23,33.44759154453484,33.49714421547521,32.565566225340405,33.254337310791016,3242900,0.0,0.0
2001-03-26,33.37326616848159,33.46245861476031,32.7786400022594,33.001625061035156,2564000,0.0,0.0
2001-03-27,33.075948401401796,33.269200651604436,32.69439837916712,33.026397705078125,3055200,0.0,0.0
2001-03-28,33.02143594879133,34.171044252001316,32.77863106974473,34.03229522705078,2757100,0.0,0.0
2001-03-29,33.363353267953535,33.44759320704719,32.35744819294906,33.001625061035156,3377000,0.0,0.0
2001-03-30,33.24938069980796,33.69534679706719,32.85296332429442,33.611106872558594,1844900,0.0,0.0
2001-04-02,33.69535080054033,34.037259102447436,32.92729426220866,33.170101165771484,1758000,0.0,0.0
2001-04-03,33.17010485413817,33.17010485413817,32.40700270940837,32.62998580932617,1556400,0.0,0.0
2001-04-04,32.70430616049026,33.12549591064453,32.10968208950222,33.12549591064453,2657200,0.0,0.0
2001-04-05,33.89355967932523,33.89355967932523,32.70431325104999,33.19487762451172,1590000,0.0,0.0
2001-04-06,32.8281810314343,33.0313441601705,32.000663114049175,32.95206069946289,1425800,0.0,0.0
2001-04-09,33.00162029358327,33.59128992435709,32.9768439604608,33.43767547607422,1744300,0.0,0.0
2001-04-10,33.01152586750787,33.42776109892156,32.456543587417414,32.90251159667969,2048700,0.0,0.0
2001-04-11,32.927298072979546,32.927298072979546,31.936258344828918,32.307899475097656,1930500,0.0,0.0
2001-04-12,32.53087045634514,32.7984516550024,32.21373857124167,32.47140884399414,1393400,0.0,0.0
2001-04-16,32.407005310058594,33.100732975133766,31.99076792239759,32.407005310058594,1405100,0.0,0.0
2001-04-17,32.208775152177914,32.48131076903835,31.21773600772037,31.66370391845703,2792900,0.0,0.0
2001-04-18,31.961016321927556,32.01056896990669,30.60329269406845,31.093856811523438,4018400,0.0,0.0
2001-04-19,30.499235795622706,31.505142420839125,30.499235795622706,31.470455169677734,2538800,0.0,0.0
2001-04-20,31.594341441314672,31.861922667147564,31.143418911086734,31.35649299621582,2458700,0.0,0.0
2001-04-23,31.4159532649023,31.460549476778798,31.004672488450275,31.10873031616211,1353900,0.0,0.0
2001-04-24,27.99687110373252,28.74015126883518,27.917587623249666,28.05137825012207,11687500,0.0,0.0
2001-04-25,28.467609059676303,28.839248071899284,28.373460194466936,28.740144729614258,5332500,0.0,0.0
2001-04-26,28.938353100201834,29.15638164885506,28.794653541247087,29.037458419799805,4129200,0.0,0.0
2001-04-27,29.235663565753025,29.483422908533104,29.136560222948763,29.43387222290039,2319100,0.0,0.0
2001-04-30,29.260439894338802,29.691542491422545,29.186112880120316,29.43387222290039,2805500,0.0,0.0
2001-05-01,29.40910586230309,29.49830028113587,29.017644863966147,29.161346435546875,3228000,0.0,0.0
2001-05-02,28.839248071899284,29.06223108492531,28.591488730417296,28.740144729614258,2855600,0.0,0.0
2001-05-03,28.49238341659344,28.849158997589438,28.33877294032082,28.740144729614258,2362200,0.0,0.0
2001-05-04,28.690592072702326,28.8541134746651,28.472563536751966,28.740144729614258,1719400,0.0,0.0
2001-05-07,28.839261309892322,29.191080603768302,28.745112401466084,29.146484375,1516300,0.0,0.0
2001-05-08,29.210884305066276,29.255482480659577,28.779783722793955,28.794649124145508,1870900,0.0,0.0
2001-05-09,28.814484466525318,29.146483865660223,28.814484466525318,28.90367889404297,1568700,0.0,0.0
2001-05-10,29.458652866492198,29.483427227168,28.982953991198563,29.389280319213867,2515900,0.0,0.0
2001-05-11,29.389272667867182,29.632075534359288,29.359539894026565,29.508195877075195,1992500,0.0,0.0
2001-05-14,29.48342052357331,29.627122034823266,29.091961661123594,29.419004440307617,1711900,0.0,0.0
2001-05-15,29.508201278049135,29.72622983022173,29.151427642046524,29.458650588989258,1218300,0.0,0.0
2001-05-16,29.458652033436046,30.514107589324194,29.334772347403693,30.4596004486084,1868900,0.0,0.0
2001-05-17,30.84610670510297,30.84610670510297,29.532978886264054,29.6816349029541,2245900,0.0,0.0
2001-05-18,29.80552151688091,29.81543244604123,29.582538425780594,29.76092529296875,2128100,0.0,0.0
2001-05-21,29.88479051297043,30.07804269440206,29.58252407826572,29.706403732299805,2604100,0.0,0.0
2001-05-22,29.43386805802645,29.75595634098856,29.36449553072575,29.50324058532715,1683500,0.0,0.0
2001-05-23,29.56766782125469,29.79560732264427,29.488384344985345,29.572622299194336,1470400,0.0,0.0
2001-05-24,29.49333670579884,29.790648734697292,29.409098757636716,29.60730743408203,1134100,0.0,0.0
2001-05-25,29.483430085718986,29.57262449603271,29.18611998493165,29.275312423706055,1387000,0.0,0.0
2001-05-29,29.15143361546163,30.152384158198032,29.106837394707846,29.99877166748047,1193800,0.0,0.0
2001-05-30,29.998774036794448,30.08796845688601,29.483433317806526,29.81047821044922,929100,0.0,0.0
2001-05-31,29.73120044264891,30.177168685873433,29.726243991304468,29.95418357849121,1413000,0.0,0.0
2001-06-01,29.68163265299642,29.79064692553624,29.235664636732004,29.691543579101562,1366500,0.0,0.0
2001-06-04,29.954171305555075,30.192021726437815,29.42891977142669,30.152379989624023,920900,0.0,0.0
2001-06-05,29.830296793535783,30.201935922670934,29.795611500017017,30.053279876708984,1035000,0.0,0.0
2001-06-06,30.124006914952204,30.422757560478903,29.74558916647454,29.889986038208008,1188000,0.28,0.0
2001-06-07,30.273380895025973,30.512382193278633,29.994548028143253,30.2634220123291,1133600,0.0,0.0
2001-06-08,29.924838541135333,30.02442340831203,29.436881012500333,29.899944305419922,1126000,0.0,0.0
2001-06-11,29.825252532958984,29.90989807633555,29.66591834701823,29.825252532958984,1056000,0.0,0.0
2001-06-12,29.45180106259609,29.875030556488877,29.45180106259609,29.810300827026367,1352900,0.0,0.0
2001-06-13,29.65097612159076,29.999519100548472,29.64101922242151,29.71570587158203,893500,0.0,0.0
2001-06-14,29.636034456893753,29.650971784540975,29.292471958851806,29.307409286499023,955100,0.0,0.0
2001-06-15,28.80450420843579,29.20283745144378,28.80450420843579,28.839359283447266,2111900,0.0,0.0
2001-06-18,29.153058805157016,29.153058805157016,28.734807641531884,28.804515838623047,1081300,0.0,0.0
2001-06-19,28.381286756730184,28.381286756730184,27.460140866928533,27.609516143798828,3096700,0.0,0.0
2001-06-20,27.833583343742905,28.620293416433395,27.833583343742905,28.416147232055664,2801000,0.0,0.0
2001-06-21,28.41614115412367,28.51572400925152,28.087515949231435,28.326515197753906,1551100,0.0,0.0
2001-06-22,28.30660862678389,28.460962399602252,28.067607319440505,28.172170639038086,1152700,0.0,0.0
2001-06-25,28.505770746987984,28.505770746987984,27.94810308243296,28.07258415222168,1214500,0.0,0.0
2001-06-26,28.072571630910012,28.555550438167003,28.062612753553204,28.251821517944336,1921600,0.0,0.0
2001-06-27,28.25182264555314,28.51571804795902,27.76386338960311,28.007843017578125,1865400,0.0,0.0
2001-06-28,28.43107730685674,28.45597351487803,27.893325553046676,27.992910385131836,2480800,0.0,0.0
2001-06-29,28.11740096830981,28.38129652312352,27.833587646484375,27.833587646484375,1675200,0.0,0.0
2001-07-02,28.231913242247284,28.62526822859699,28.162205039500012,28.381288528442383,944100,0.0,0.0
2001-07-03,28.55556085042794,28.65514371707415,28.241872938467925,28.431081771850586,673800,0.0,0.0
2001-07-05,28.505773393248145,28.714900025044095,28.38129429298226,28.63523292541504,1684100,0.0,0.0
2001-07-06,28.754738660911,28.769675997098677,28.251841738995555,28.296653747558594,995300,0.0,0.0
2001-07-09,28.33150336174739,28.33150336174739,27.634417242337214,27.87839698791504,2151100,0.0,0.0
2001-07-10,27.883359151122008,27.883359151122008,27.38544110363747,27.509920120239258,2339400,0.0,0.0
2001-07-11,27.883373297022462,27.883373297022462,27.310768341511654,27.43524742126465,1490100,0.0,0.0
2001-07-12,27.42030838592643,27.54478745794268,27.260974222828064,27.400390625,1397700,0.0,0.0
2001-07-13,26.88753529516213,27.21118006937036,26.538992330841705,26.852680206298828,3812600,0.0,0.0
2001-07-16,27.335669349186343,27.370524451075486,27.111607346301053,27.13152313232422,2199000,0.0,0.0
2001-07-17,27.305790615503664,27.958062722133118,27.26097861781206,27.709104537963867,2181100,0.0,0.0
2001-07-18,27.70910351993171,28.132333209901415,27.38545670375531,28.07756233215332,2049500,0.0,0.0
2001-07-19,27.908273724855427,28.162212371826172,27.908273724855427,28.162212371826172,1781900,0.0,0.0
2001-07-20,28.147260638595434,28.66011612129121,28.147260638595434,28.630239486694336,1552000,0.0,0.0
2001-07-23,28.63523253398034,28.655148318076,27.97300151081018,28.45100212097168,1431400,0.0,0.0
2001-07-24,28.38129905313904,28.53067439472731,28.207027491106214,28.23690414428711,1427700,0.0,0.0
2001-07-25,28.241875957051,29.85014923162269,28.23689750656401,29.62608528137207,2893900,0.0,0.0
2001-07-26,29.62607888942781,29.7505599355312,29.277537903572796,29.700767517089844,1142200,0.0,0.0
2001-07-27,29.825254344032373,29.825254344032373,29.17796264123016,29.252649307250977,1249900,0.0,0.0
2001-07-30,29.40202296610661,30.074210846788922,29.177960999572026,30.014461517333984,1362900,0.0,0.0
2001-07-31,30.014453480196845,30.860912653233065,29.999516151832964,30.278348922729492,1789500,0.0,0.0
2001-08-01,30.323183059692383,30.53728622938016,30.173807695611952,30.323183059692383,1450500,0.0,0.0
2001-08-02,30.44764481395231,30.771291581503924,30.362999284891238,30.64681053161621,1331500,0.0,0.0
2001-08-03,30.69660868647923,30.895776422430956,30.203670768712122,30.422754287719727,981300,0.0,0.0
2001-08-06,30.298270324580383,30.47254181788557,29.95470776874221,30.024415969848633,936900,0.0,0.0
2001-08-07,30.099110965572507,30.372965396229898,29.815297651687896,29.949735641479492,1335000,0.0,0.0
2001-08-08,29.77546173839486,29.87006616885341,29.44185799698958,29.765504837036133,977400,0.0,0.0
2001-08-09,29.700774594671167,29.899942334819343,29.377127759834867,29.80533790588379,1152800,0.0,0.0
2001-08-10,29.377114531259984,30.343074169117436,29.327324104452646,30.128969192504883,1360500,0.0,0.0
2001-08-13,29.949725454693077,30.492455680335073,29.949725454693077,30.4725399017334,798900,0.0,0.0
2001-08-14,30.47255347770139,30.616948384858475,29.85015589820918,30.11903190612793,965500,0.0,0.0
2001-08-15,30.143912828476875,30.66174684699654,30.09910084064676,30.343080520629883,1038300,0.0,0.0
2001-08-16,30.323171864007186,30.970463548648155,30.30325409957469,30.92565155029297,1420400,0.0,0.0
2001-08-17,30.870878495942986,31.1596702112499,30.5223354726246,30.930627822875977,1106300,0.0,0.0
2001-08-20,30.93063031607485,31.553027773135963,30.93063031607485,31.463401794433594,1157800,0.0,0.0
2001-08-21,31.841818604590895,31.98123502875289,31.74223572748641,31.797006607055664,1505900,0.0,0.0
2001-08-22,31.831852394253925,31.831852394253925,30.935602744490247,30.990373611450195,1496000,0.0,0.0
2001-08-23,30.970459430055953,31.448459958847124,30.96050054916408,31.378751754760742,1387200,0.0,0.0
2001-08-24,31.319006099370803,31.732276922380965,31.144734578206528,31.57294273376465,863100,0.0,0.0
2001-08-27,31.56795203590642,32.04097398666942,31.458410319001075,31.61774444580078,1240300,0.0,0.0
2001-08-28,31.692440889737806,31.767129527698696,31.04514926613558,31.13477325439453,1265400,0.0,0.0
2001-08-29,31.000326129890436,31.18455646422187,30.875847084486043,30.935598373413086,1135600,0.0,0.0
2001-08-30,31.07004689848457,31.338922854848118,30.895777352991338,31.04515266418457,1780800,0.0,0.0
2001-08-31,31.07003670020592,31.189537306151934,30.88082988380556,30.895767211914062,1574700,0.0,0.0
2001-09-04,31.094939391690716,31.916504495448617,31.094939391690716,31.523149490356445,1283500,0.0,0.0
2001-09-05,31.414122056269623,32.5646392336448,31.189021734722022,32.4345817565918,1871100,0.28,0.0
2001-09-06,31.964365342491906,32.05440665480632,31.679236842131886,31.704248428344727,1931400,0.0,0.0
2001-09-07,31.289059825006937,31.639216031653586,31.244040167779286,31.55417823791504,1290900,0.0,0.0
2001-09-10,31.514159521339366,32.20447087075188,31.349085457617463,32.01438522338867,1698200,0.0,0.0
2001-09-17,31.639205440229848,31.639205440229848,30.63875634288203,31.604190826416016,2264300,0.0,0.0
2001-09-18,31.51416847984307,31.554186626993296,30.938909853600524,31.013944625854492,1962600,0.0,0.0
2001-09-19,30.813847999223267,30.988927110752066,29.713354138629253,30.08852195739746,3250900,0.0,0.0
2001-09-20,29.66333356707122,29.79839455094019,29.213130950927734,29.213130950927734,2434300,0.0,0.0
2001-09-21,28.31272933603551,28.56284125151387,27.362300872802734,27.362300872802734,3450600,0.0,0.0
2001-09-24,27.962564199279118,28.487799490926545,27.637417594802667,28.162654876708984,2582200,0.0,0.0
2001-09-25,28.162656117562616,30.133541913613684,28.012588600442925,29.493253707885742,2996300,0.0,0.0
2001-09-26,29.813392252699984,29.963459746851942,29.39320287102277,29.698341369628906,1367500,0.0,0.0
2001-09-27,29.7633844533282,30.62877524408127,29.723368291808466,30.563745498657227,1790600,0.0,0.0
2001-09-28,31.06396581709767,31.06396581709767,30.58875355386041,31.013944625854492,1968900,0.0,0.0
2001-10-01,30.838856627880407,30.988924139048684,30.473691886310522,30.513710021972656,1696700,0.0,0.0
2001-10-02,30.338643496398642,30.428684836506896,30.088531537584203,30.36365509033203,1885200,0.0,0.0
2001-10-03,30.213576371274574,30.53872299194336,29.91844484640919,30.53872299194336,1399800,0.0,0.0
2001-10-04,30.538719082360377,30.553725633211435,29.79838661916732,30.163551330566406,1342900,0.0,0.0
2001-10-05,30.08853015333127,30.748826649548455,29.893442914041582,30.63377571105957,1532300,0.0,0.0
2001-10-08,30.483706906733865,30.613766387818597,30.143553637273286,30.52872657775879,632500,0.0,0.0
2001-10-09,30.533720084933172,30.61375635625744,30.168555343363288,30.513710021972656,847200,0.0,0.0
2001-10-10,30.363649474040443,31.123992235729997,30.27861166260394,30.913898468017578,1115100,0.0,0.0
2001-10-11,31.003928842126353,31.00893036243875,30.113528859698647,30.413663864135742,1532100,0.0,0.0
2001-10-12,30.21357504396939,30.348636003244906,29.788384093411857,30.05850601196289,1016000,0.0,0.0
2001-10-15,30.13853990161491,30.383650217187462,29.863416484188313,30.04349708557129,717100,0.0,0.0
2001-10-16,28.062597480623506,28.157640266154583,27.512350822421535,27.802480697631836,7384200,0.0,0.0
2001-10-17,27.987587372161276,28.00259393040024,27.137205123901367,27.137205123901367,4203200,0.0,0.0
2001-10-18,27.512366390309534,27.512366390309534,27.077170336109095,27.087175369262695,2589600,0.0,0.0
2001-10-19,27.28726695547796,27.3072750321671,26.04170696162418,26.131746292114258,3628800,0.0,0.0
2001-10-22,26.461890947819818,26.7620259898592,26.431877841667685,26.621963500976562,2643700,0.0,0.0
2001-10-23,27.01214384874494,27.337288533850398,26.621967440255343,27.192224502563477,2345100,0.0,0.0
2001-10-24,27.537371286777784,27.682437266348195,27.267249389081933,27.412315368652344,2478600,0.0,0.0
2001-10-25,27.382308219178515,27.992581391514086,27.347291599167193,27.962568283081055,1752400,0.0,0.0
2001-10-26,28.212675488876325,28.212675488876325,27.717453311187356,27.852514266967773,1320000,0.0,0.0
2001-10-29,27.87752793828086,27.882529459144124,27.317276000976562,27.317276000976562,1048900,0.0,0.0
2001-10-30,27.437338932230322,27.802501815350997,27.137203801556584,27.72246551513672,1718500,0.0,0.0
2001-10-31,28.137645228886576,28.162656814068264,27.7274608046322,27.767478942871094,2292600,0.0,0.0
2001-11-01,28.06260758919665,28.252693228730507,27.582391969943306,28.212675094604492,1073800,0.0,0.0
2001-11-02,28.08761968995124,28.41276628937615,28.022589972014487,28.187664031982422,963100,0.0,0.0
2001-11-05,28.612849866653633,28.612849866653633,28.112626255518137,28.397754669189453,1674500,0.0,0.0
2001-11-06,28.51282199072448,28.51282199072448,27.81250733698783,28.287721633911133,1545600,0.0,0.0
2001-11-07,28.312722545156195,28.562834400644583,28.1876646271531,28.43777847290039,1340300,0.0,0.0
2001-11-08,28.31272160636571,28.382752843970014,27.762472756173892,28.01258659362793,1707900,0.0,0.0
2001-11-09,28.012591457308893,28.087624228391473,27.712456392460222,27.962568283081055,1024600,0.0,0.0
2001-11-12,28.162666025614257,28.162666025614257,27.512372559226204,27.772489547729492,809900,0.0,0.0
2001-11-13,28.20267689172286,28.26270310807951,28.01259121958124,28.12264060974121,1395000,0.0,0.0
2001-11-14,28.46278892585629,29.488247890675535,28.342734523497654,28.587844848632812,1274700,0.0,0.0
2001-11-15,28.62786263396776,29.008031918083457,28.592846020692722,28.88797950744629,1532000,0.0,0.0
2001-11-16,28.662879079039467,28.9980307207301,28.272704739148285,28.612855911254883,1370100,0.0,0.0
2001-11-19,28.88798784459113,29.053061947116827,28.647878973503182,28.72291374206543,1099000,0.0,0.0
2001-11-20,29.01304240632635,29.01304240632635,28.56283978738699,28.697900772094727,1206200,0.0,0.0
2001-11-21,28.837970492575973,28.837970492575973,28.032607894676158,28.132652282714844,1089800,0.0,0.0
2001-11-23,28.61285444098106,28.662877606195195,28.372747626522607,28.587844848632812,522500,0.0,0.0
2001-11-26,28.812947560167483,28.812947560167483,28.48780093916155,28.562835693359375,926100,0.0,0.0
2001-11-27,28.5628451767984,28.762933940574786,28.267711563377706,28.287721633911133,1718000,0.0,0.0
2001-11-28,28.412774641796272,28.68789815595342,28.262707089505152,28.357749938964844,1933500,0.0,0.0
2001-11-29,28.56283941253531,28.56283941253531,27.612411010494544,27.93255615234375,1744200,0.0,0.0
2001-11-30,27.887532687281723,29.363194284682834,27.717455106289666,29.09807586669922,2937400,0.0,0.0
2001-12-03,28.912998441034453,28.963021621801204,28.51281896567877,28.712909698486328,1552700,0.0,0.0
2001-12-04,29.06304907374744,29.06304907374744,28.16264627593998,28.787925720214844,1853600,0.0,0.0
2001-12-05,28.683387108781634,29.402356723505648,28.658247947352972,29.236440658569336,1640900,0.28,0.0
2001-12-06,29.060468061618263,29.482800765759812,29.04035793304518,29.110746383666992,2134700,0.0,0.0
2001-12-07,29.161025842710263,29.17610893983084,28.733666089865267,29.01019287109375,1718500,0.0,0.0
2001-12-10,29.015212793131486,29.311851631436344,28.70851989281717,29.00012969970703,1657900,0.0,0.0
2001-12-11,28.783925764622655,28.804037882757594,28.331427111501764,28.633092880249023,1892400,0.0,0.0
2001-12-12,29.010182764044206,29.155986652215773,28.83421069173122,28.96493148803711,1412700,0.0,0.0
2001-12-13,28.809075169085812,29.51296154663343,28.658242231010583,29.41240692138672,1885800,0.0,0.0
2001-12-14,29.045373096137176,29.211289090606122,28.80906867980957,28.80906867980957,1504400,0.0,0.0
2001-12-17,28.683390594393877,29.915191650390625,28.683390594393877,29.915191650390625,1527800,0.0,0.0
2001-12-18,29.68893161729349,29.99562450365609,29.161017370222112,29.588376998901367,1986200,0.0,0.0
2001-12-19,29.68894211542143,29.724137344529442,29.271638401144187,29.512969970703125,1311900,0.0,0.0
2001-12-20,29.462678636339863,29.77942753532403,29.462678636339863,29.663787841796875,1943400,0.0,0.0
2001-12-21,29.688935191159313,29.890046452562917,29.643685907497407,29.709047317504883,2334600,0.0,0.0
2001-12-24,29.814627642123007,29.885016080354568,29.719100047292248,29.794517517089844,501900,0.0,0.0
2001-12-26,29.794526861526975,30.03585843966523,29.673860072252374,29.915191650390625,1178300,0.0,0.0
2001-12-27,29.764351436726795,30.015739002805155,29.729156217278863,29.985572814941406,1012400,0.0,0.0
2001-12-28,30.01573576858328,30.181651784366643,29.93026424537551,30.071041107177734,1089800,0.0,0.0
2001-12-31,30.1162878251746,30.267120735835324,30.005677157384067,30.066009521484375,861900,0.0,0.0
2002-01-02,29.940314429152036,29.940314429152036,29.648704681638684,29.839759826660156,1059000,0.0,0.0
2002-01-03,29.71406090213045,29.71406090213045,29.487810585387063,29.613506317138672,1465900,0.0,0.0
2002-01-04,29.613535030816536,29.628618133169603,29.05545224210723,29.19120216369629,1566700,0.0,0.0
2002-01-07,29.437552935755917,29.437552935755917,28.70852723195569,28.98505401611328,2269200,0.0,0.0
2002-01-08,29.010186823094827,29.080575261786628,28.683381785989063,28.804048538208008,1789100,0.0,0.0
2002-01-09,28.693433751679727,28.94984831307026,28.693433751679727,28.82918357849121,2086700,0.0,0.0
2002-01-10,28.78392435567552,29.125812343547945,28.758785209442184,28.934757232666016,1147000,0.0,0.0
2002-01-11,28.783936818732347,29.155991143015484,28.7587976616141,28.9699649810791,1180000,0.0,0.0
2002-01-14,28.85935388292373,29.326935797413096,28.804048538208008,28.804048538208008,1429600,0.0,0.0
2002-01-15,28.74372263831875,29.28672218322754,28.74372263831875,29.28672218322754,1064400,0.0,0.0
2002-01-16,29.28670583683914,29.46267788744851,29.11073378622977,29.38726043701172,1020100,0.0,0.0
2002-01-17,29.387261183986087,29.693954022574438,29.3369828824169,29.663787841796875,911500,0.0,0.0
2002-01-18,29.66379448470866,29.66379448470866,29.140907232769248,29.41240692138672,954900,0.0,0.0
2002-01-22,29.326935308045353,29.462685151975165,29.11074096397859,29.45262908935547,1269400,0.0,0.0
2002-01-23,29.301788926844537,29.487815037184294,29.211288386402344,29.38726043701172,1175100,0.0,0.0
2002-01-24,29.66378476167299,29.849812857834948,29.48781272486267,29.764341354370117,1225300,0.0,0.0
2002-01-25,29.764342998529806,30.216839689023825,29.608481071403425,29.965452194213867,1507400,0.0,0.0
2002-01-28,30.040876388549805,30.0509304503048,29.83976514729666,30.040876388549805,969500,0.0,0.0
2002-01-29,29.940315528130228,30.191705044202127,29.35709601169608,29.603456497192383,1236900,0.0,0.0
2002-01-30,29.83977179316465,30.23696533284556,29.764356311154685,29.829715728759766,1792700,0.0,0.0
2002-01-31,29.82970038888406,30.317394256591797,29.80456124100495,30.317394256591797,1538100,0.0,0.0
2002-02-01,30.216834152044818,30.428001369351175,30.01572499321231,30.292251586914062,1312500,0.0,0.0
2002-02-04,30.342532844591407,30.458170522210004,29.965449634181972,30.055950164794922,923100,0.0,0.0
2002-02-05,29.965457045089718,30.086123782279817,29.63362501812451,29.76937484741211,1648500,0.0,0.0
2002-02-06,30.01573576858328,30.23193009232892,29.890041999087714,30.071041107177734,1483300,0.0,0.0
2002-02-07,30.16153955962243,30.16153955962243,29.588376052665875,29.60848617553711,1016000,0.0,0.0
2002-02-08,29.68893186022841,30.141430647310894,29.236433073145932,29.970487594604492,1013100,0.0,0.0
2002-02-11,29.789497545355985,30.166581008205114,29.724138118812803,30.035858154296875,1645200,0.0,0.0
2002-02-12,30.096174910202276,30.166563328588662,29.97048116305446,30.14142417907715,967400,0.0,0.0
2002-02-13,30.091156698930014,30.277184871871384,30.02579728719268,30.191713333129883,1029600,0.0,0.0
2002-02-14,30.267135809984406,30.29227497434975,29.955413772593865,30.186691284179688,946100,0.0,0.0
2002-02-15,30.186676384072353,30.845313363533734,30.141427110796293,30.66431427001953,1869100,0.0,0.0
2002-02-19,30.664315599695623,30.86542682365981,30.44309425354004,30.44309425354004,1437400,0.0,0.0
2002-02-20,30.644208449646488,31.49892978988006,30.528570727359142,31.34809684753418,1601100,0.0,0.0
2002-02-21,31.463738018066685,31.599487881096422,30.679407031992003,30.719629287719727,1864100,0.0,0.0
2002-02-22,30.719619167798992,31.881031168256833,30.598952440366897,31.624616622924805,1808500,0.0,0.0
2002-02-25,31.876015409219843,31.921264697852962,31.473794842633964,31.78551483154297,1305500,0.0,0.0
2002-02-26,31.89612186920031,31.901150900966062,31.32295827786468,31.664846420288086,1502400,0.0,0.0
2002-02-27,31.77546334868603,31.840822770772576,31.2274368069983,31.559268951416016,1219600,0.0,0.0
2002-02-28,31.750310157878655,31.901143066008643,31.31792155438139,31.473783493041992,1509300,0.0,0.0
2002-03-01,31.750310759846588,32.1525311890158,31.624617000756835,32.14247512817383,1099000,0.0,0.0
2002-03-04,32.17768027495667,32.25812478570771,31.71009830657556,32.036903381347656,1421800,0.0,0.0
2002-03-05,31.9514063955472,31.95643542403593,31.222381302319064,31.423492431640625,1625300,0.0,0.0
2002-03-06,31.35692053877264,32.13010508464366,31.35692053877264,31.89764404296875,1189900,0.3051,0.0
2002-03-07,31.73088190524226,31.81173810221827,31.336708447646178,31.57927703857422,1272500,0.0,0.0
2002-03-08,31.609581537239876,31.88752331636477,31.33163975811498,31.725811004638672,1005300,0.0,0.0
2002-03-11,31.660125753320443,31.660125753320443,31.10929480091605,31.281112670898438,1003200,0.0,0.0
2002-03-12,30.902098019731614,32.34234274055762,30.80608157096673,32.165470123291016,1932500,0.0,0.0
2002-03-13,32.03914813830874,32.074523482609735,31.564120438912635,32.0442008972168,1509200,0.0,0.0
2002-03-14,32.16546800545956,32.17557552851859,31.81172480486469,31.958274841308594,980300,0.0,0.0
2002-03-15,32.21599759870188,32.771881103515625,31.963321633257397,32.771881103515625,1820600,0.0,0.0
2002-03-18,32.72136071302926,32.726415481287944,32.397937981028214,32.519222259521484,1347800,0.0,0.0
2002-03-19,32.605129003493595,33.024568176345255,32.59502147830568,32.69609069824219,1553100,0.0,0.0
2002-03-20,32.7011494644728,32.782005654567165,32.39793975694282,32.56470489501953,977000,0.0,0.0
2002-03-21,32.49395157332917,32.56975298402161,31.842051398784175,32.03408432006836,1373200,0.0,0.0
2002-03-22,32.21600333759468,32.43835677912976,32.06439853558012,32.175575256347656,1158100,0.0,0.0
2002-03-25,31.958272240241087,32.34233797875413,31.892576361675022,32.05934143066406,684500,0.0,0.0
2002-03-26,32.11493273945371,32.529319072125226,32.039131342329476,32.33223342895508,1001800,0.0,0.0
2002-03-27,32.337294253596525,32.51921965142185,32.21600998483047,32.408042907714844,822900,0.0,0.0
2002-03-28,32.31707688766465,32.746623549446916,32.200847395080785,32.67082214355469,1134000,0.0,0.0
2002-04-01,32.03914813830874,32.14527216056352,31.88249049502879,32.0442008972168,1117800,0.0,0.0
2002-04-02,32.14020727778859,32.650610160882614,31.938068835996294,32.64555740356445,1190100,0.0,0.0
2002-04-03,32.67080487823988,32.79714182839408,32.089653701142744,32.418128967285156,1122900,0.0,0.0
2002-04-04,32.443415464468444,32.67082371437369,32.2564373138461,32.59502029418945,1092700,0.0,0.0
2002-04-05,32.59502099020745,32.66576964416832,32.19579486306233,32.36761474609375,990700,0.0,0.0
2002-04-08,32.24128037796254,32.549542826482885,32.21601256861214,32.519222259521484,924800,0.0,0.0
2002-04-09,32.39287657578223,32.56469441645994,32.24127177080013,32.54447937011719,999700,0.0,0.0
2002-04-10,32.746625665555825,33.34293746948242,32.64555644761924,33.34293746948242,1262600,0.0,0.0
2002-04-11,33.34292293547179,33.34292293547179,32.776931942574016,32.8577880859375,1729000,0.0,0.0
2002-04-12,32.85275360929032,33.46422576904297,32.85275360929032,33.46422576904297,1029400,0.0,0.0
2002-04-15,33.464223235681686,33.464223235681686,32.721359323436566,32.76178741455078,1769700,0.0,0.0
2002-04-16,32.847703007063515,33.287357330322266,32.847703007063515,33.287357330322266,1046000,0.0,0.0
2002-04-17,33.17617852129666,33.17617852129666,32.76179203689609,32.82748794555664,1137600,0.0,0.0
2002-04-18,32.64555276159099,32.8375856614412,32.50910822692651,32.579856872558594,1247000,0.0,0.0
2002-04-19,32.8982216971824,32.948757297955666,32.7516696613281,32.86284637451172,1017700,0.0,0.0
2002-04-22,32.903278946458656,33.26207693539561,32.84769058227539,32.84769058227539,1526000,0.0,0.0
2002-04-23,32.89822997007746,32.923497776818174,32.3423462643717,32.382774353027344,2022200,0.0,0.0
2002-04-24,33.10037420794939,33.479385320567104,32.84769812222322,32.974037170410156,2277400,0.0,0.0
2002-04-25,32.89822412711099,33.15595289518526,32.44340971849899,32.46867752075195,2280900,0.0,0.0
2002-04-26,32.645560202658764,32.96393018589448,32.54448896244901,32.878021240234375,1473200,0.0,0.0
2002-04-29,32.963935822210296,32.96898858082563,32.14021552902576,32.21096420288086,1629600,0.0,0.0
2002-04-30,32.039120916113355,33.25195896059472,31.988585327377802,32.908321380615234,2117600,0.0,0.0
2002-05-01,32.84770085863598,32.923504293863026,32.39288828986516,32.74663162231445,1523400,0.0,0.0
2002-05-02,32.625334982914175,33.529911041259766,32.625334982914175,33.529911041259766,1701400,0.0,0.0
2002-05-03,33.428841739621774,33.51475267405722,33.06499099731445,33.06499099731445,1183500,0.0,0.0
2002-05-06,33.19637186148054,33.25196020691457,33.00433902986362,33.00939178466797,1347300,0.0,0.0
2002-05-07,33.20143755335322,33.2519731636743,32.640499114990234,32.640499114990234,1441100,0.0,0.0
2002-05-08,32.69608763262215,33.3530425272315,32.64555403271576,33.31261444091797,1694300,0.0,0.0
2002-05-09,33.1862810679936,33.580452439508974,32.73146655502754,32.766841888427734,1344200,0.0,0.0
2002-05-10,33.024566650390625,33.60066539976894,32.92349743512419,33.024566650390625,1522300,0.0,0.0
2002-05-13,33.12564093122876,33.605723295791535,33.12564093122876,33.58551025390625,1326900,0.0,0.0
2002-05-14,33.656256847307255,33.75227130366913,33.262083453624086,33.37831497192383,1119900,0.0,0.0
2002-05-15,33.15090670347072,33.47938419643208,32.974036063243176,33.37831497192383,1247400,0.0,0.0
2002-05-16,33.47938088656782,33.600665150375804,33.186278757017426,33.49454116821289,1055400,0.0,0.0
2002-05-17,33.25198099812601,33.46927975027993,33.07510833097686,33.353050231933594,879700,0.0,0.0
2002-05-20,33.257039923821885,33.403592049072564,32.94877739661839,33.04984664916992,1197500,0.0,0.0
2002-05-21,33.049833707514246,33.33788307567232,32.90328163965043,32.999298095703125,1056000,0.0,0.0
2002-05-22,32.89823073191674,33.25702877038976,32.87801769244457,33.251976013183594,1234500,0.0,0.0
2002-05-23,33.45411946574118,33.47433451889139,33.06500080440176,33.353050231933594,1294000,0.0,0.0
2002-05-24,33.39852762238682,33.44401048193467,32.88307196957463,32.923500061035156,761100,0.0,0.0
2002-05-28,32.903270836177626,33.02960982422324,32.675864678989,32.771881103515625,1163400,0.0,0.0
2002-05-29,32.77695683890224,32.847705515422064,32.059360534796376,32.55965805053711,2251900,0.0,0.0
2002-05-30,32.453529365067475,32.85275556211917,32.33224507533382,32.70620346069336,1144500,0.0,0.0
2002-05-31,32.771904346220275,32.97909761865661,32.746636530690544,32.80727767944336,1271300,0.0,0.0
2002-06-03,32.8072662679404,33.1963868725819,32.382774353027344,32.382774353027344,1003400,0.0,0.0
2002-06-04,32.41815511906454,32.756740187983695,32.221069398260454,32.5141716003418,1146300,0.0,0.0
2002-06-05,32.3937623124016,33.26721103079039,32.3937623124016,33.150413513183594,1249200,0.3,0.0
2002-06-06,33.033608535508236,33.236736815803404,32.723839675972215,32.76446533203125,1206200,0.0,0.0
2002-06-07,32.76955566461017,32.967604552964474,32.403926636806226,32.7847900390625,1313500,0.0,0.0
2002-06-10,32.78478631305372,32.987914650122526,32.52072048510119,32.77970886230469,1136500,0.0,0.0
2002-06-11,32.9574322477062,33.338295448854204,32.419143892886375,32.48516082763672,1310500,0.0,0.0
2002-06-12,32.728912338156924,33.51603203613899,32.703521054274766,33.33321762084961,2247000,0.0,0.0
2002-06-13,33.2875060366616,33.31289731561233,32.855860355916896,32.90664291381836,1318000,0.0,0.0
2002-06-14,32.60196022679183,32.95743418513856,32.34805141110024,32.713680267333984,1353000,0.0,0.0
2002-06-17,32.65274486388495,32.932044982910156,32.65274486388495,32.932044982910156,1191100,0.0,0.0
2002-06-18,32.68828473373527,32.95742990222745,32.52578416345608,32.805084228515625,1056600,0.0,0.0
2002-06-19,32.70353505955649,32.937132142648096,32.322671699638384,32.40392303466797,1936900,0.0,0.0
2002-06-20,32.42423317774419,32.921896063652746,32.38360751233489,32.76955032348633,1279700,0.0,0.0
2002-06-21,32.246494489579156,32.61720086603934,31.591406467190268,31.789457321166992,2478100,0.0,0.0
2002-06-24,31.713279796100405,32.24649077472447,31.713279796100405,31.93671989440918,1841300,0.0,0.0
2002-06-25,32.03321276682016,32.23634109292006,31.205469131469727,31.205469131469727,1595300,0.0,0.0
2002-06-26,31.078513882087318,31.96719700253589,30.687491611892057,31.611722946166992,2820500,0.0,0.0
2002-06-27,31.58632530677683,31.97226802860629,31.042959430716195,31.713279724121094,2022400,0.0,0.0
2002-06-28,31.662516447370702,31.987519852304047,31.144539555745748,31.484779357910156,2527800,0.0,0.0
2002-07-01,31.7132854592383,32.17032265661348,31.510159162942866,31.860553741455078,1353000,0.0,0.0
2002-07-02,31.84023851424771,31.855472884783374,30.99218111190348,31.0175724029541,1458000,0.0,0.0
2002-07-03,31.281631505639652,31.64726238175165,30.738265671116572,31.12928581237793,1837900,0.0,0.0
2002-07-05,31.205459908131257,32.023048400878906,30.966785458304507,32.023048400878906,720400,0.0,0.0
2002-07-08,32.11954106759217,32.19571494641858,31.11913988536674,31.225780487060547,1736800,0.0,0.0
2002-07-09,31.535549558033637,31.713286588979,30.814448553880926,30.84491729736328,1357400,0.0,0.0
2002-07-10,31.230846475337852,31.28670648750588,30.39294427234455,30.469118118286133,2119700,0.0,0.0
2002-07-11,30.18982134583198,30.18982134583198,28.920273272304346,29.961301803588867,4039300,0.0,0.0
2002-07-12,29.85466529331392,29.910525319157337,28.793322781815704,29.19957733154297,2393800,0.0,0.0
2002-07-15,29.250368403076507,29.250368403076507,27.498393254360444,28.56989097595215,2614200,0.0,0.0
2002-07-16,28.13823901962727,28.58004181113911,27.55424742777036,28.209333419799805,2059100,0.0,0.0
2002-07-17,28.437851022230834,28.762854260360825,27.701513761358513,27.985891342163086,1738600,0.0,0.0
2002-07-18,28.183933254636305,28.681595919605677,27.32064178377928,27.650724411010742,1524200,0.0,0.0
2002-07-19,27.955419412502938,27.955419412502938,26.828062096502645,26.904233932495117,2544100,0.0,0.0
2002-07-22,26.904241272298414,27.701518155873995,26.635098017735334,26.914398193359375,2221600,0.0,0.0
2002-07-23,27.625347153301938,28.996458902157162,27.41206391166956,28.442935943603516,3501300,0.0,0.0
2002-07-24,27.98081423810134,29.30622051584448,27.98081423810134,29.2503604888916,3598300,0.0,0.0
2002-07-25,29.148796993164968,29.885134253998118,28.96090307548575,29.641380310058594,2648200,0.0,0.0
2002-07-26,29.64138336808148,29.88513733716846,29.377317578474027,29.742948532104492,1941100,0.0,0.0
2002-07-29,30.01208999000336,30.504673328472432,29.64646107855264,29.890213012695312,2517800,0.0,0.0
2002-07-30,29.890210024895453,30.392950233005067,29.555049886155707,30.083181381225586,1829400,0.0,0.0
2002-07-31,30.25076110831866,31.098818364451297,29.839427113352226,31.00233268737793,2340900,0.0,0.0
2002-08-01,30.926170528933426,31.230862023443024,30.474210737903785,30.621479034423828,1768400,0.0,0.0
2002-08-02,30.519898661774366,31.02771823996645,29.986689822074574,30.469118118286133,1766300,0.0,0.0
2002-08-05,30.16443240107044,30.27615244624206,29.788646610904685,29.793724060058594,1443300,0.0,0.0
2002-08-06,30.164436912796447,30.489440178141372,29.555054022360398,29.69216537475586,1382200,0.0,0.0
2002-08-07,29.874978268404078,30.33201541222211,29.661695076145023,30.281232833862305,1464600,0.0,0.0
2002-08-08,30.46911620197718,30.860136262560786,30.189816158703174,30.773807525634766,1448200,0.0,0.0
2002-08-09,30.57069480813877,30.829683170745408,30.326942837868163,30.387880325317383,1293600,0.0,0.0
2002-08-12,30.26093680367668,30.540237089435852,29.910542083403765,30.408203125,1009100,0.0,0.0
2002-08-13,30.40818308975718,30.67224882416768,30.11364862069799,30.14411735534668,1258200,0.0,0.0
2002-08-14,30.144121891286428,30.45389279475589,29.732789870687665,30.413267135620117,1900700,0.0,0.0
2002-08-15,30.408189419630837,30.519909483580808,29.961309163830947,30.11873435974121,1476200,0.0,0.0
2002-08-16,29.758183535473997,30.291392576040277,29.51442956120316,30.09334373474121,1352600,0.0,0.0
2002-08-19,29.935918518745744,30.34217514230518,29.73279222743961,29.946075439453125,1823600,0.0,0.0
2002-08-20,29.656619206862235,30.281236510539106,29.575367879810564,29.98670196533203,1166600,0.0,0.0
2002-08-21,30.291372329568492,30.46910923111742,29.961289801045087,30.44371795654297,1288600,0.0,0.0
2002-08-22,30.291391749567463,30.469128765064692,30.0120915911319,30.27615737915039,1310700,0.0,0.0
2002-08-23,30.189827084561802,30.392953360197538,29.682007354525602,29.885135650634766,915800,0.0,0.0
2002-08-26,29.986689071092822,30.05778344657413,29.54488643301998,29.96637725830078,946100,0.0,0.0
2002-08-27,29.961300660818406,30.47419772352141,29.849580628574564,30.15934944152832,1008300,0.0,0.0
2002-08-28,30.07303255258226,30.260926510256787,29.778497989648717,29.91560935974121,830600,0.0,0.0
2002-08-29,29.605837790254878,30.00193547263335,29.54489828648417,29.946075439453125,1127900,0.0,0.0
2002-08-30,29.682011666819864,31.00234073216735,29.66677729495756,30.387880325317383,1283300,0.0,0.0
2002-09-03,30.088253754233854,30.174584519428514,29.621061830783283,29.676921844482422,1418300,0.0,0.0
2002-09-04,29.943906644809953,30.32682228850674,29.882641116866658,30.19918441772461,1427300,0.3,0.0
2002-09-05,29.76520557603153,30.612721261643728,29.7396776035541,30.53103256225586,2084900,0.0,0.0
2002-09-06,30.786309074979947,30.883314147864038,30.270650957301303,30.679092407226562,1180900,0.0,0.0
2002-09-09,30.556552891062616,31.01605018666459,30.434021903981492,30.811830520629883,1344000,0.0,0.0
2002-09-10,30.70972108456206,31.021159451617514,30.60761124347061,30.94968032836914,907500,0.0,0.0
2002-09-11,31.0671107966552,31.08242717234654,30.745462844437874,30.832256317138672,949900,0.0,0.0
2002-09-12,30.5310286992873,30.633140576277217,30.357441758563656,30.403390884399414,1561800,0.0,0.0
2002-09-13,30.224694501316577,30.337015923604422,29.89283501497551,30.20427131652832,1372500,0.0,0.0
2002-09-16,30.09705627338325,30.347227096557617,30.020474404732575,30.347227096557617,1268200,0.0,0.0
2002-09-17,30.505500889552458,30.582082761246273,29.504817557090693,29.596717834472656,1754800,0.0,0.0
2002-09-18,29.509920748632293,29.734563601967018,29.075951415476638,29.428234100341797,1653800,0.0,0.0
2002-09-19,29.428244007818094,29.58651460831111,29.030012068340564,29.106595993041992,1240900,0.0,0.0
2002-09-20,29.331215028780996,29.56606733131466,28.92277182579136,29.356740951538086,2070500,0.0,0.0
2002-09-23,28.922792030786304,29.407817403574693,28.784944638746182,29.167858123779297,1484800,0.0,0.0
2002-09-24,28.693044576856913,28.938108640471597,28.386712973826256,28.46329689025879,1616300,0.0,0.0
2002-09-25,28.693051483078726,29.280186858315346,28.596046384392228,29.055543899536133,1351200,0.0,0.0
2002-09-26,29.17804968893783,29.591595643870303,28.99935603938384,29.44353675842285,1495700,0.0,0.0
2002-09-27,29.448654460447873,29.698825273342436,29.239327986271764,29.331228256225586,1886500,0.0,0.0
2002-09-30,29.229115124784563,29.229115124784563,28.708352367919524,28.917678833007812,1835100,0.0,0.0
2002-10-01,28.933008912770998,29.69373327134651,28.82068744079543,29.489511489868164,1434700,0.0,0.0
2002-10-02,29.54565635233018,29.56097272379351,29.050421591418484,29.070842742919922,1158000,0.0,0.0
2002-10-03,28.978958855814128,29.703943660987985,28.978958855814128,29.101491928100586,1424700,0.0,0.0
2002-10-04,29.162757190094474,29.254655463580967,28.208022695429335,28.52967071533203,1455500,0.0,0.0
2002-10-07,28.463293436759486,28.999372661344875,28.243755340576172,28.243755340576172,1624600,0.0,0.0
2002-10-08,28.269290586201198,28.60625498911591,27.92721936935292,27.952747344970703,1937900,0.0,0.0
2002-10-09,27.697475942723244,27.96806805722515,27.156289682369106,27.171606063842773,1982700,0.0,0.0
2002-10-10,27.493246024675912,27.876159511226657,26.91632238824087,27.5698299407959,2543800,0.0,0.0
2002-10-11,27.569841659118133,28.202926290588405,27.324775460990587,28.19271469116211,2182700,0.0,0.0
2002-10-14,28.19270702574654,28.65220449878834,28.090597153298376,28.524566650390625,967100,0.0,0.0
2002-10-15,28.524563989023118,29.407819280098824,28.524563989023118,29.065750122070312,1820800,0.0,0.0
2002-10-16,29.065740847959944,29.407809896843254,28.56539922599701,28.718564987182617,1209800,0.0,0.0
2002-10-17,29.127007307378907,29.178063239919723,28.6930379748298,28.9942626953125,1095500,0.0,0.0
2002-10-18,29.101480399299366,29.24954139024197,28.881942319010122,29.024898529052734,1446800,0.0,0.0
2002-10-21,28.92278825462296,28.9381046295166,28.44797453887179,28.9381046295166,1378700,0.0,0.0
2002-10-22,28.943223639352436,28.943223639352436,25.374462095492703,25.78290367126465,13430100,0.0,0.0
2002-10-23,25.782889124185342,26.47213402137794,25.782889124185342,26.40576171875,4716900,0.0,0.0
2002-10-24,26.49767185796421,26.49767185796421,25.706314806111262,25.8543758392334,2190600,0.0,0.0
2002-10-25,25.859476073597737,26.191335620656332,25.690993909340218,25.8850040435791,3109600,0.0,0.0
2002-10-28,25.97690618996339,26.017750538589333,25.52761835507803,25.604202270507812,2655500,0.0,0.0
2002-10-29,25.73183481251821,26.135171402754672,25.655252944169153,25.895212173461914,2982500,0.0,0.0
2002-10-30,26.038174084333196,26.119862789074066,25.839059136121005,25.9718017578125,3165200,0.0,0.0
2002-10-31,26.16581725847689,26.359827463954197,25.936069506982886,26.293455123901367,2796000,0.0,0.0
2002-11-01,26.11476130202785,26.23729438413207,25.86459238583841,26.165817260742188,1398500,0.0,0.0
2002-11-04,26.053481523436812,26.293440741687892,25.53782352911678,25.60930061340332,2307900,0.0,0.0
2002-11-05,25.614416158586206,26.247500571939486,25.583781370861942,26.20155143737793,2444500,0.0,0.0
2002-11-06,26.19134524703659,26.201556845052224,25.639947393096705,25.78290367126465,2367500,0.0,0.0
2002-11-07,25.833945121805325,26.140276663525093,25.73694006588242,25.90542221069336,1908400,0.0,0.0
2002-11-08,26.140277301981424,26.339394230907082,25.75225910016209,25.8237361907959,1440200,0.0,0.0
2002-11-11,25.747162299861355,25.96159568649672,25.517414564295088,25.527624130249023,1229800,0.0,0.0
2002-11-12,25.532732033319007,25.788007757355683,25.292772690216513,25.379566192626953,1785300,0.0,0.0
2002-11-13,25.502099960962042,25.956490680778874,25.20597783796083,25.78290367126465,1945700,0.0,0.0
2002-11-14,25.85948062158764,25.98711846259297,25.716526402169666,25.8543758392334,1352500,0.0,0.0
2002-11-15,25.782902881190598,26.038178604306776,25.762479685785163,25.992229461669922,1606900,0.0,0.0
2002-11-18,25.93605190834369,25.94115668821076,25.665457948410232,25.72161865234375,1377000,0.0,0.0
2002-11-19,25.72163417967915,26.33429751292624,25.72163417967915,26.0892333984375,1525100,0.0,0.0
2002-11-20,26.140283545286987,26.20155108857,25.706314085494228,26.19133949279785,1661000,0.0,0.0
2002-11-21,26.01264264927728,26.140280471696844,25.604201211264748,25.777788162231445,2665100,0.0,0.0
2002-11-22,25.782892334794575,26.089223889770306,25.752259585566883,26.03816795349121,2629900,0.0,0.0
2002-11-25,25.96159519278481,25.96159519278481,25.56336321899958,25.67057991027832,1692000,0.0,0.0
2002-11-26,25.53783599833613,25.62973631234718,25.24171592417861,25.48678207397461,2121800,0.0,0.0
2002-11-27,25.629734050790514,25.930958881399178,25.496989390193463,25.910537719726562,1487400,0.0,0.0
2002-11-29,26.21687173678645,26.21687173678645,25.57868041435079,25.691001892089844,887300,0.0,0.0
2002-12-02,25.910538067658205,25.987119964146387,25.425512618732917,25.92074966430664,1699300,0.0,0.0
2002-12-03,26.00242839182596,26.252599229434455,25.987112017212116,26.03816795349121,2139900,0.0,0.0
2002-12-04,26.121853564630264,26.399252285446963,26.01911132947127,26.275962829589844,2976200,0.3,0.0
2002-12-05,26.281101588301922,26.281101588301922,24.657795503259656,24.811906814575195,5585800,0.0,0.0
2002-12-06,24.555067107909753,24.72972776805805,24.051636446144755,24.349584579467773,5221000,0.0,0.0
2002-12-09,24.45231123294837,24.503680299300093,23.543054436241892,23.93860626220703,3815700,0.0,0.0
2002-12-10,23.835877510184027,24.621845245361328,23.835877510184027,24.621845245361328,3701700,0.0,0.0
2002-12-11,23.887245447624924,24.555059892004866,23.835874319638055,24.031082153320312,9426600,0.0,0.0
2002-12-12,23.692036628146937,24.14409599517418,23.27079911907341,23.656076431274414,7355100,0.0,0.0
2002-12-13,23.66120967638155,24.19032357438485,23.630385781173853,24.01566505432129,4488200,0.0,0.0
2002-12-16,24.020807593260905,24.195468202622706,23.912929041710672,24.169782638549805,3283300,0.0,0.0
2002-12-17,24.144087615732808,24.144087615732808,23.86155060939801,24.036209106445312,2123500,0.0,0.0
2002-12-18,24.11840700054445,24.159503486598556,24.077310514490346,24.144092559814453,1965200,0.0,0.0
2002-12-19,23.989983272279584,24.159505525097934,23.692035256164576,23.8101863861084,3410100,0.0,0.0
2002-12-20,23.835857916010454,24.190313141073222,23.81017236969359,24.185176849365234,3230400,0.0,0.0
2002-12-23,23.871826139075733,24.144088525285234,23.856413170977675,24.067031860351562,2127900,0.0,0.0
2002-12-24,23.85128795982546,24.22115440047259,23.85128795982546,24.12868881225586,1180100,0.0,0.0
2002-12-26,24.092730393282856,24.282801967393166,24.02081202693822,24.056772232055664,1382300,0.0,0.0
2002-12-27,24.077315704909985,24.174919624843067,23.943753629358884,23.989986419677734,1102300,0.0,0.0
2002-12-30,24.04135566086097,24.169781430918867,24.04135566086097,24.123546600341797,1813800,0.0,0.0
2002-12-31,24.092718807138876,24.400941396900933,23.97970399381874,24.385530471801758,2479800,0.0,0.0
2003-01-02,24.544781644145814,24.611563691919116,24.16977900549716,24.375259399414062,2085500,0.0,0.0
2003-01-03,24.37525815402418,24.37525815402418,24.041352019996875,24.26738166809082,2064000,0.0,0.0
2003-01-06,24.251966667638094,24.596147376187034,24.072169829432486,24.524229049682617,2110400,0.0,0.0
2003-01-07,24.32388311725936,24.442034206566444,24.092715187721243,24.190319061279297,2170000,0.0,0.0
2003-01-08,24.118412383783607,24.169783513789667,23.640667415175084,23.861560821533203,2869700,0.0,0.0
2003-01-09,23.88723931123526,24.041350611716364,23.727989672941533,24.01566505432129,2005500,0.0,0.0
2003-01-10,23.887236618020836,23.969427530973213,23.75880884552531,23.784494400024414,2589900,0.0,0.0
2003-01-13,23.57902912065711,23.79478423733362,23.553343549742912,23.717729568481445,2860800,0.0,0.0
2003-01-14,23.681754798780943,24.051621069625643,23.63038368854006,23.93860626220703,2027300,0.0,0.0
2003-01-15,23.835869437569304,23.861554996301816,23.527646820558065,23.722854614257812,1968200,0.0,0.0
2003-01-16,23.758818875764547,23.95916505910407,23.758818875764547,23.8050537109375,1469200,0.0,0.0
2003-01-17,23.861558890782153,24.092724869324798,23.59956901039601,23.656076431274414,1809300,0.0,0.0
2003-01-21,23.661207900113833,23.95401750954605,23.34784698486328,23.34784698486328,1847700,0.0,0.0
2003-01-22,23.35299275862599,23.620118941542035,23.198881420640202,23.34271812438965,1753900,0.0,0.0
2003-01-23,23.512238274009782,23.68176052613609,23.188604697778672,23.33757972717285,1766900,0.0,0.0
2003-01-24,23.327301355791537,23.33243764967909,22.82387097479514,23.0036678314209,1972000,0.0,0.0
2003-01-27,23.116684712757383,23.409496412176864,23.04990266680778,23.07558822631836,3069900,0.0,0.0
2003-01-28,23.37352595821335,23.733119545707112,23.198867500446365,23.584144592285156,2120800,0.0,0.0
2003-01-29,23.27080205328186,23.625257552222333,23.245116487118484,23.42491340637207,2101000,0.0,0.0
2003-01-30,23.579019503209295,23.733130821944894,23.3478515031611,23.373537063598633,2161600,0.0,0.0
2003-01-31,23.31189195260494,23.902651631604886,23.31189195260494,23.79477310180664,1863100,0.0,0.0
2003-02-03,23.79477171339086,24.067034125222094,23.753675230336608,24.01566505432129,2222300,0.0,0.0
2003-02-04,23.912926587967792,23.938612149405056,23.507102075261802,23.8101863861084,1597400,0.0,0.0
2003-02-05,23.835868465399443,23.96429420993458,23.394083822443005,23.486549377441406,1783500,0.0,0.0
2003-02-06,23.322168271024562,23.399224960029887,23.116687854789944,23.255388259887695,1956500,0.0,0.0
2003-02-07,23.255386260482418,23.322166265877804,22.85983434715447,23.11668586730957,1672800,0.0,0.0
2003-02-10,23.11668095310155,23.373532418654452,22.952295034080887,23.20914649963379,1725100,0.0,0.0
2003-02-11,23.137225771922658,23.25537890542584,22.782770459191056,22.993389129638672,1749700,0.0,0.0
2003-02-12,23.075594136777404,23.106415998528842,22.757096796269142,22.947168350219727,1331700,0.0,0.0
2003-02-13,22.88551647459352,23.024216859345348,22.495102923461488,22.86496925354004,1591200,0.0,0.0
2003-02-14,22.885513109331615,23.04989902914484,22.47455035368774,22.8803768157959,1980600,0.0,0.0
2003-02-18,22.880383707749626,23.204017307435016,22.880383707749626,23.126962661743164,1306900,0.0,0.0
2003-02-19,23.29134268241297,23.38894657985266,23.15778063764203,23.32216453552246,1522100,0.0,0.0
2003-02-20,23.424906979404252,23.522510877711987,23.301617521980347,23.399221420288086,1838300,0.0,0.0
2003-02-21,23.579030217646558,23.887252995175835,23.353000453310493,23.620126724243164,1604900,0.0,0.0
2003-02-24,23.604702080326888,23.73312782239365,23.430041517760195,23.47113800048828,1389700,0.0,0.0
2003-02-25,23.476268798432532,23.866684271006015,23.281063106034637,23.74339485168457,1695700,0.0,0.0
2003-02-26,23.65608301365651,23.84101625672686,23.378682127105808,23.414642333984375,1664100,0.0,0.0
2003-02-27,23.45573621772534,23.779369867926818,23.32731042559969,23.727998733520508,2044900,0.0,0.0
2003-02-28,23.758805716367245,23.88723347194817,23.49167966375884,23.54305076599121,2221000,0.0,0.0
2003-03-03,23.63038858019477,23.66634877358523,23.34271520862943,23.373537063598633,1607000,0.0,0.0
2003-03-04,23.476269747534577,23.476269747534577,23.152636286162412,23.178321838378906,1585900,0.0,0.0
2003-03-05,23.185899468138246,23.248031502590866,22.33157369401116,22.989145278930664,3294900,0.34,0.0
2003-03-06,22.93736721016634,23.020211296156972,22.74579206388362,22.989145278930664,2436900,0.0,0.0
2003-03-07,22.523153796935155,22.96326129804367,22.46102174880922,22.79757308959961,2259700,0.0,0.0
2003-03-10,22.47137495133639,22.585285075741282,22.222844707217124,22.466197967529297,2025200,0.0,0.0
2003-03-11,22.38335165247786,22.776860065171,22.37817466918275,22.56974983215332,1765500,0.0,0.0
2003-03-12,22.512789213719902,22.61634533468529,22.264259055579835,22.528322219848633,1789100,0.0,0.0
2003-03-13,22.77168068031081,23.035743881968497,22.569747451884677,22.833812713623047,2356700,0.0,0.0
2003-03-14,22.88559989818462,22.994330999795345,22.637067545768527,22.838998794555664,1787300,0.0,0.0
2003-03-17,22.859700824400168,23.413718299330654,22.84416781669937,23.403362274169922,2284500,0.0,0.0
2003-03-18,23.662252744190397,23.72438684626453,23.34641143059021,23.558698654174805,2027800,0.0,0.0
2003-03-19,23.68296155752898,23.833114658492896,23.38265329552046,23.532806396484375,2306000,0.0,0.0
2003-03-20,23.470673056792844,23.532805086826226,23.26874189910378,23.346406936645508,2441400,0.0,0.0
2003-03-21,23.506920702204475,23.80205202337919,23.372300590487455,23.63636589050293,2755300,0.0,0.0
2003-03-24,23.496562087852027,23.506916052803223,23.191074800019162,23.32569694519043,1607300,0.0,0.0
2003-03-25,23.320522866978664,23.58976515455544,23.185902753230778,23.41372299194336,1692900,0.0,0.0
2003-03-26,23.413706330521133,23.42406235038799,23.103042215151778,23.22730827331543,1624700,0.0,0.0
2003-03-27,22.989141770492264,23.807224419698972,22.989141770492264,23.506914138793945,1834100,0.0,0.0
2003-03-28,23.444788659886,23.714030943401024,23.330878542248147,23.63636589050293,1429900,0.0,0.0
2003-03-31,23.35158652431428,23.765806971017422,23.21178944114287,23.537986755371094,1670100,0.0,0.0
2003-04-01,23.765804451178724,23.79169348386281,23.39300608867293,23.584583282470703,2008700,0.0,0.0
2003-04-02,24.02468534317575,24.12823939092354,23.734733185449898,24.019508361816406,2072600,0.0,0.0
2003-04-03,24.060935696070075,24.081645686152157,23.760625389275532,23.884891510009766,1521200,0.0,0.0
2003-04-04,23.895245771050643,23.998799833977447,23.791691708123835,23.962556838989258,2483200,0.0,0.0
2003-04-07,24.62013164384966,24.646020678084323,23.926315002731894,24.029869079589844,2397500,0.0,0.0
2003-04-08,23.95737750886993,24.366418833623513,23.879712477628313,24.205909729003906,2137000,0.0,0.0
2003-04-09,24.18002499312642,24.469977241366795,23.884893701829828,23.941848754882812,2062900,0.0,0.0
2003-04-10,23.93666781402495,24.112709927051128,23.81240170243448,24.003976821899414,1451600,0.0,0.0
2003-04-11,24.159320130139125,24.335364384739695,24.003987933765156,24.08683204650879,1248700,0.0,0.0
2003-04-14,24.309472714448077,24.41302681414403,24.16449656285751,24.392316818237305,1549300,0.0,0.0
2003-04-15,24.516573834482067,24.656372950001067,24.356062670696343,24.547639846801758,1887800,0.0,0.0
2003-04-16,24.66155824414861,24.682268239315196,24.325004857063174,24.361249923706055,1769000,0.0,0.0
2003-04-17,24.33536445079018,24.609783772427082,24.174855269464604,24.583894729614258,1679100,0.0,0.0
2003-04-21,24.52175110957777,24.609772165562333,24.35606296178536,24.46479606628418,1802800,0.0,0.0
2003-04-22,24.542472680096473,25.883507381481582,24.537295695564996,25.8369083404541,4501100,0.0,0.0
2003-04-23,25.645328475415035,25.779950660418752,25.629795463311712,25.76441764831543,3452600,0.0,0.0
2003-04-24,25.68156961407481,25.733347686550584,25.500348420490468,25.68674659729004,2015700,0.0,0.0
2003-04-25,25.629793208618754,25.743703327409733,25.40197297103679,25.469284057617188,2249000,0.0,0.0
2003-04-28,25.422679440731468,25.992229909571538,25.391611366001563,25.867963790893555,2273100,0.0,0.0
2003-04-29,25.85760965440548,26.121674918371227,25.748878595191925,26.00776481628418,2075100,0.0,0.0
2003-04-30,26.069900591936236,26.069900591936236,25.738526263779182,25.76959228515625,2699900,0.0,0.0
2003-05-01,25.790306688514697,25.790306688514697,25.3087771330681,25.76441764831543,2115700,0.0,0.0
2003-05-02,25.764423616316304,26.121687097610664,25.422693150723294,26.100975036621094,1902100,0.0,0.0
2003-05-05,26.085427352577415,26.22522647535946,25.992229310776384,26.19416046142578,2272000,0.0,0.0
2003-05-06,26.31324546048573,26.354667495825332,25.759228055408926,25.955982208251953,2064200,0.0,0.0
2003-05-07,25.888671731828698,26.26147005835975,25.888671731828698,26.188982009887695,1564800,0.0,0.0
2003-05-08,25.992233741250356,26.1889879431418,25.836901585024524,25.8886775970459,1502100,0.0,0.0
2003-05-09,26.09578470148065,26.09578470148065,25.79547645141512,26.080251693725586,1500400,0.0,0.0
2003-05-12,26.080252875786783,26.1423849096231,25.950809765240656,26.00776481628418,1628900,0.0,0.0
2003-05-13,26.17345375966952,26.17345375966952,25.779945373535156,25.779945373535156,2121700,0.0,0.0
2003-05-14,25.888673780632946,25.96116389492218,25.660853593096917,25.867963790893555,2034600,0.0,0.0
2003-05-15,25.867969510193113,26.458232159357717,25.867969510193113,26.42716407775879,2711000,0.0,0.0
2003-05-16,26.35467061948425,26.484113722732484,26.04400634765625,26.04400634765625,2342800,0.0,0.0
2003-05-19,25.91456682005406,26.121677049876286,25.578015529204126,25.68674659729004,2228500,0.0,0.0
2003-05-20,25.60389578096117,25.81100595638966,25.489985699495584,25.717805862426758,1898300,0.0,0.0
2003-05-21,25.71780267984706,26.002577848270086,25.676380649887342,25.971511840820312,1801900,0.0,0.0
2003-05-22,25.971523333320295,26.396097783223208,25.888679236742025,26.32878875732422,1510100,0.0,0.0
2003-05-23,26.328787756601145,26.34432076660906,26.10096546962963,26.220054626464844,1744400,0.0,0.0
2003-05-27,26.04400776275816,26.66533634017406,25.997408737476174,26.468582153320312,1803900,0.0,0.0
2003-05-28,26.675691605450115,26.872445786695547,26.577314514827403,26.696401596069336,1965900,0.0,0.0
2003-05-29,26.87761878576754,27.110617991164318,26.722286668863134,26.856908798217773,2433500,0.0,0.0
2003-05-30,26.851738257356097,27.126159584812747,26.789606214955864,26.887983322143555,1968300,0.0,0.0
2003-06-02,27.183108710114748,27.208997742157386,26.8828004705973,26.950109481811523,1806000,0.0,0.0
2003-06-03,26.965635764516776,27.15203592470838,26.913859773423567,27.100257873535156,1575600,0.0,0.0
2003-06-04,27.186080283854512,27.451946841391212,27.024476260170108,27.295555114746094,2266400,0.34,0.0
2003-06-05,27.300768100762376,27.352899369004138,26.862870840278365,27.09224510192871,1756700,0.0,0.0
2003-06-06,27.420673752185966,27.420673752185966,26.95150052805953,27.191299438476562,1871200,0.0,0.0
2003-06-09,27.22257663737045,27.368541717529297,27.128740757763406,27.368541717529297,1395100,0.0,0.0
2003-06-10,27.618765068473124,27.738666575852683,27.488438966295448,27.64483070373535,1929300,0.0,0.0
2003-06-11,27.64482629388399,27.92633179119728,27.57705606783947,27.89505386352539,1724300,0.0,0.0
2003-06-12,28.150501308751256,28.322532031395973,27.92112701189163,28.197418212890625,1786100,0.0,0.0
2003-06-13,28.197418130348254,28.244335034350286,27.514507539739387,27.58749008178711,1788200,0.0,0.0
2003-06-16,27.811645089436233,28.317310458713326,27.618761075687345,28.296459197998047,1541100,0.0,0.0
2003-06-17,28.087945082000793,28.150503032150166,27.853358472808644,27.889848709106445,1754400,0.0,0.0
2003-06-18,27.889846297058455,27.889846297058455,27.457163352392463,27.60312843322754,2537000,0.0,0.0
2003-06-19,27.775150880829187,27.775150880829187,27.232993249910102,27.316402435302734,1804200,0.0,0.0
2003-06-20,27.264275979963,27.43630875148124,27.186081151212335,27.3528995513916,3211000,0.0,0.0
2003-06-23,27.326842855397963,27.629199749020366,27.087041845237415,27.556217193603516,1938200,0.0,0.0
2003-06-24,27.556216007193598,27.769951365331487,27.2851370669732,27.634410858154297,1658000,0.0,0.0
2003-06-25,27.634411273669695,27.863785605448633,27.2225815955277,27.264284133911133,2856400,0.0,0.0
2003-06-26,27.175658258905102,27.26427976851486,26.930644995928958,27.07139778137207,1659900,0.0,0.0
2003-06-27,27.18608239583823,27.358113101098944,26.847233282761014,27.087034225463867,1576300,0.0,0.0
2003-06-30,27.081818085135556,27.425879446835,27.04011348909927,27.180866241455078,1903000,0.0,0.0
2003-07-01,27.24864672031684,27.337270323313614,26.868094961286857,27.238222122192383,1271800,0.0,0.0
2003-07-02,27.446741066019747,27.446741066019747,27.055762664026552,27.259071350097656,1877800,0.0,0.0
2003-07-03,27.107892857383863,27.28513589470242,26.87851646477472,27.12874412536621,774100,0.0,0.0
2003-07-07,27.196514606296674,27.39982328591485,27.16002229435125,27.342479705810547,1109900,0.0,0.0
2003-07-08,27.144391944669493,27.54058483270834,27.060982697278728,27.472814559936523,1452600,0.0,0.0
2003-07-09,27.51449873207698,27.603120213756767,27.274697842606418,27.316402435302734,2129200,0.0,0.0
2003-07-10,27.26427916815844,27.504080127924325,27.175657660500114,27.368541717529297,1373800,0.0,0.0
2003-07-11,27.368555587483055,27.488455091062367,27.16524683179001,27.420684814453125,1058900,0.0,0.0
2003-07-14,27.498861422388217,27.561417278127205,27.123522139687985,27.24342155456543,1136700,0.0,0.0
2003-07-15,27.253850750163394,27.33725994830845,26.873297061426577,26.993196487426758,1484800,0.0,0.0
2003-07-16,27.180867136206018,27.20171839784396,26.66477300253466,26.795101165771484,1739300,0.0,0.0
2003-07-17,26.795116519915243,26.86288471467103,26.195614922032334,26.32594108581543,2702600,0.0,0.0
2003-07-18,26.325924477016418,26.46667722586011,26.221661952460714,26.378053665161133,1631800,0.0,0.0
2003-07-21,26.325922862321264,26.576148342814523,26.01313945610493,26.148677825927734,1941500,0.0,0.0
2003-07-22,26.325928810208538,26.71169482181476,26.091340165478545,26.664775848388672,1560300,0.0,0.0
2003-07-23,26.664773977518447,26.74297087831977,25.96101224097319,26.221664428710938,3903000,0.0,0.0
2003-07-24,26.27379585954365,26.32071275583664,26.002717001850794,26.106977462768555,2723000,0.0,0.0
2003-07-25,25.98707817108324,26.013143804981087,25.648229078677936,25.851537704467773,2195200,0.0,0.0
2003-07-28,25.715997266930778,25.81504542338582,25.330231308667255,25.523113250732422,2292800,0.0,0.0
2003-07-29,25.570039262448443,25.80462586523769,25.351089554102465,25.424074172973633,2003300,0.0,0.0
2003-07-30,25.371940979891903,25.465774784271538,24.91840470298951,25.2833194732666,2144000,0.0,0.0
2003-07-31,25.543975173925528,25.622170021557004,25.1269311469119,25.231191635131836,2099700,0.0,0.0
2003-08-01,25.074806217296327,25.100871864487328,24.574352843286107,24.699466705322266,3249000,0.0,0.0
2003-08-04,24.76201821673742,25.27811047289415,24.522217208809856,25.09044075012207,1957300,0.0,0.0
2003-08-05,25.04352569580078,25.278112348135032,24.887133902866548,25.04352569580078,1398200,0.0,0.0
2003-08-06,24.91841594682853,25.309394456430592,24.819367725867817,25.022676467895508,1609300,0.0,0.0
2003-08-07,25.02787486845711,25.23118348072602,24.97574360412838,25.08521842956543,1708000,0.0,0.0
2003-08-08,25.152993657602174,25.288532068009054,24.918404995630866,25.262466430664062,1503200,0.0,0.0
2003-08-11,25.163416776319114,25.377152086216228,25.022664002224243,25.220760345458984,1140800,0.0,0.0
2003-08-12,25.429287013696733,25.543974168464516,25.15820809568799,25.335451126098633,1489600,0.0,0.0
2003-08-13,25.507479649326115,25.538759658572534,25.24682742454136,25.497055053710938,1515000,0.0,0.0
2003-08-14,25.66909345897459,26.200824737548828,25.57004525202962,26.200824737548828,3134200,0.0,0.0
2003-08-15,26.200818210801653,26.27380075445435,25.96101723929494,26.190391540527344,1125600,0.0,0.0
2003-08-18,26.122625485458027,26.221673683618643,26.018364988390978,26.101774215698242,1328800,0.0,0.0
2003-08-19,26.091332231957345,26.29985517785305,26.039203051083053,26.263362884521484,1745100,0.0,0.0
2003-08-20,26.24774165426984,26.51882062999278,26.190398064677186,26.200824737548828,1443700,0.0,0.0
2003-08-21,26.23731699224566,26.664785689340885,26.19561237499394,26.482330322265625,1789300,0.0,0.0
2003-08-22,26.477111189421013,26.560520408931353,25.85675848978038,25.908889770507812,1347100,0.0,0.0
2003-08-25,25.90888785022718,26.164325714111328,25.856756573363548,26.164325714111328,1809100,0.0,0.0
2003-08-26,25.981865995398326,26.190386919289036,25.8306865625642,26.179960250854492,1442800,0.0,0.0
2003-08-27,26.04963600932463,26.35199489651737,26.03921141428134,26.2737979888916,1427800,0.0,0.0
2003-08-28,26.195601536150193,26.539662930515384,26.05484877043109,26.487531661987305,1135900,0.0,0.0
2003-08-29,26.320714565691897,26.69605598424495,26.315502268234273,26.643924713134766,1304300,0.0,0.0
2003-09-02,26.643928766253854,27.05054817967525,26.5970118595977,26.998416900634766,1351100,0.0,0.0
2003-09-03,27.05857612821099,27.478495371470053,27.01133576155815,27.373516082763672,2039000,0.34,0.0
2003-09-04,27.37351670570748,27.541485242207013,27.006086054223157,27.184553146362305,2004000,0.0,0.0
2003-09-05,27.184557521178704,27.184557521178704,26.769886435233378,26.911609649658203,1599400,0.0,0.0
2003-09-08,26.916857326272904,27.105820912111895,26.869616951921625,26.880115509033203,2039300,0.0,0.0
2003-09-09,26.664908477415825,26.86437063459983,26.643911361694336,26.643911361694336,2271800,0.0,0.0
2003-09-10,26.591421778161433,26.617665039203867,26.402456097305016,26.470693588256836,1674800,0.0,0.0
2003-09-11,26.544173693022632,26.544173693022632,26.35521014061305,26.360458374023438,1429000,0.0,0.0
2003-09-12,26.360458428852464,26.44444269419441,26.19249198660209,26.402450561523438,1598100,0.0,0.0
2003-09-15,26.454954622604337,26.838132243762917,26.444456062021132,26.722654342651367,1425300,0.0,0.0
2003-09-16,26.743646536672752,26.95885551939492,26.533687877902178,26.9378604888916,1925500,0.0,0.0
2003-09-17,26.90111998070956,26.90111998070956,26.64391881598417,26.754148483276367,1133700,0.0,0.0
2003-09-18,26.848625866058043,26.995599433318663,26.780390450596496,26.9378604888916,1803500,0.0,0.0
2003-09-19,26.911615534492103,26.995599834622546,26.8013858795166,26.8013858795166,2070500,0.0,0.0
2003-09-22,26.717392702438193,26.77513162853961,26.465441974192768,26.61241340637207,923800,0.0,0.0
2003-09-23,26.69113612753253,26.859102499746825,26.61764835967501,26.80661392211914,923400,0.0,0.0
2003-09-24,26.69114804811368,26.79087701667621,26.223986341461693,26.33946418762207,1763200,0.0,0.0
2003-09-25,26.433951769737053,26.71739611415377,26.37096251330693,26.470693588256836,1558600,0.0,0.0
2003-09-26,26.47068942802497,26.764634372155506,26.29747265482494,26.675399780273438,1422300,0.0,0.0
2003-09-29,26.75938578285349,26.806628242918997,26.52318183626098,26.74363899230957,1267600,0.0,0.0
2003-09-30,26.717401182217845,26.943108724408845,26.491695728461192,26.9378604888916,1842800,0.0,0.0
2003-10-01,26.94834817015627,27.399763107299805,26.859115664862113,27.399763107299805,1713400,0.0,0.0
2003-10-02,27.373525066986858,27.426015772784712,27.226553596873934,27.342031478881836,1914500,0.0,0.0
2003-10-03,27.698966340014387,27.79344711338993,27.24755123910538,27.26329803466797,1860000,0.0,0.0
2003-10-06,27.258043613558225,27.447007205864082,27.18455788813006,27.31578254699707,671700,0.0,0.0
2003-10-07,27.258033245838714,27.34201749679395,27.14780365540582,27.268531799316406,1242300,0.0,0.0
2003-10-08,27.378770422334,27.42601288795652,27.08482751302678,27.168811798095703,1278400,0.0,0.0
2003-10-09,27.242296967439643,27.546738428253338,27.074328400742168,27.137317657470703,2094300,0.0,0.0
2003-10-10,27.126825057861243,27.221305831054096,27.04284075606687,27.1110782623291,1093200,0.0,0.0
2003-10-13,27.11107286316507,27.27379111021485,26.96410140851146,27.168811798095703,753500,0.0,0.0
2003-10-14,27.16880322643351,27.357766764004246,27.042826838575238,27.30002784729004,1054500,0.0,0.0
2003-10-15,27.279037989440834,27.452254785626018,27.137316864917057,27.20030403137207,1077800,0.0,0.0
2003-10-16,27.137318347421726,27.378770557645677,27.121569466513716,27.294788360595703,1356400,0.0,0.0
2003-10-17,27.426004351754663,27.51523684370449,27.231790491926592,27.38401222229004,1294300,0.0,0.0
2003-10-20,27.47324457425175,27.47324457425175,26.859111511340032,27.037578582763672,1177200,0.0,0.0
2003-10-21,27.03757935754285,27.03757935754285,26.691145847622643,26.780378341674805,1329900,0.0,0.0
2003-10-22,26.649163004989347,27.147816334217644,26.638664446608523,26.916860580444336,1406200,0.0,0.0
2003-10-23,26.94835794654731,27.284295154374373,26.785639666777595,27.26329803466797,1457500,0.0,0.0
2003-10-24,26.953592077953992,27.08481668776356,26.649150732583816,26.97983741760254,1302100,0.0,0.0
2003-10-27,26.985094814847336,27.12156770356232,26.759387323334767,26.880115509033203,1483000,0.0,0.0
2003-10-28,26.874872204443747,27.26329803466797,26.785639666777595,27.26329803466797,1317900,0.0,0.0
2003-10-29,27.26853925196111,27.405012130737305,27.126816050794545,27.405012130737305,1183800,0.0,0.0
2003-10-30,27.635956841821038,27.793426770624844,27.39975299283178,27.740938186645508,1852000,0.0,0.0
2003-10-31,27.730446369660328,27.945655255014465,27.69895279393697,27.719947814941406,1446400,0.0,0.0
2003-11-03,27.767184793310047,28.10837002839566,27.735691221426205,28.01388931274414,1659900,0.0,0.0
2003-11-04,28.013902129224753,28.113633211439744,27.55723886268422,27.74620246887207,2036700,0.0,0.0
2003-11-05,27.81968879699707,28.003404172225338,27.719957712640817,27.81968879699707,1359200,0.0,0.0
2003-11-06,27.81968879699707,27.92991843982086,27.56248768936432,27.81968879699707,1052200,0.0,0.0
2003-11-07,27.81968195214052,27.86692232097003,27.614971598779007,27.756694793701172,1444800,0.0,0.0
2003-11-10,27.698959764125174,28.024396246404155,27.698959764125174,27.908918380737305,1151400,0.0,0.0
2003-11-11,27.80917798528081,28.134616446907014,27.777684412189004,28.03488540649414,847400,0.0,0.0
2003-11-12,27.987649909520766,28.31308633925611,27.903665641062098,28.250099182128906,1427900,0.0,0.0
2003-11-13,28.250091005446617,28.250091005446617,27.630709815379102,28.066375732421875,1696300,0.0,0.0
2003-11-14,28.197611973277645,28.365580530930988,28.05588876381187,28.192363739013672,1273100,0.0,0.0
2003-11-17,28.192368272171418,28.192368272171418,27.851182867740267,28.04539680480957,1083200,0.0,0.0
2003-11-18,27.971897815745685,28.113620980839595,27.856419990622225,28.08737564086914,1233800,0.0,0.0
2003-11-19,27.97715521981806,28.260601642925096,27.92466452266968,28.097881317138672,1034600,0.0,0.0
2003-11-20,28.097879436572306,28.097879436572306,27.78293945162845,27.835430145263672,1312500,0.0,0.0
2003-11-21,28.02963393087672,28.13461319184815,27.86166544257604,28.066375732421875,1224000,0.0,0.0
2003-11-24,28.187114337183313,28.4495636313201,27.977153648813626,28.15561866760254,1473300,0.0,0.0
2003-11-25,27.98765129457105,28.42856559314859,27.90891525583197,28.26059913635254,1888300,0.0,0.0
2003-11-26,28.255350817449756,28.365580444126667,28.034893652529774,28.344585418701172,1596400,0.0,0.0
2003-11-28,28.344586070744874,28.57554179790747,28.31834072203387,28.460063934326172,609400,0.0,0.0
2003-12-01,28.659520457102534,29.04269790649414,28.507300794837136,29.04269790649414,2383700,0.0,0.0
2003-12-02,29.063698838497114,29.43112745815267,29.03220316672615,29.278907775878906,2797500,0.0,0.0
2003-12-03,29.371148318483176,29.82016756831721,29.291910616416377,29.635276794433594,1994100,0.34,0.0
2003-12-04,29.6722497079615,29.89940124365308,29.60885745750586,29.825443267822266,2149400,0.0,0.0
2003-12-05,29.846577587621148,30.17938010366945,29.629991756485094,29.952228546142578,1441900,0.0,0.0
2003-12-08,29.857152204288727,30.026193367897655,29.82545501567811,30.005064010620117,1446700,0.0,0.0
2003-12-09,30.005064010620117,30.189954819432458,29.878281561566265,30.005064010620117,2297100,0.0,0.0
2003-12-10,30.07901067461302,30.17937981989306,29.8465773069741,30.04731559753418,1803100,0.0,0.0
2003-12-11,30.036748949676735,30.13183627979142,29.941661619562048,30.057880401611328,1236300,0.0,0.0
2003-12-12,30.031468321626445,30.506900787353516,30.00505505656457,30.506900787353516,1564300,0.0,0.0
2003-12-15,30.638963802880248,30.638963802880248,30.057880401611328,30.057880401611328,2620100,0.0,0.0
2003-12-16,29.71452755807583,30.67595657400671,29.71452755807583,30.46993637084961,2262100,0.0,0.0
2003-12-17,30.47521748091811,30.691803410504438,30.406545482651534,30.638978958129883,1358400,0.0,0.0
2003-12-18,30.718209342267993,30.839709967449036,30.51218919313862,30.54388427734375,1722500,0.0,0.0
2003-12-19,30.538599969427672,30.654816669884255,30.221644949674108,30.343143463134766,2980400,0.0,0.0
2003-12-22,30.40125342350036,30.50162258846469,30.14769065534562,30.438232421875,1726900,0.0,0.0
2003-12-23,30.438236362833837,30.781604713842533,30.438236362833837,30.69179916381836,1449400,0.0,0.0
2003-12-24,30.66538429260254,30.85027298072044,30.58614448186973,30.66538429260254,536800,0.0,0.0
2003-12-26,30.665384496633095,30.823859915561137,30.65481876810589,30.802730560302734,369400,0.0,0.0
2003-12-29,30.897807395577903,31.161935806274414,30.697069130874066,31.161935806274414,1100900,0.0,0.0
2003-12-30,30.982339186576045,31.11440554613694,30.866122471599358,31.08270835876465,828100,0.0,0.0
2003-12-31,31.08798694105218,31.325702143889274,31.08798694105218,31.21476936340332,1039700,0.0,0.0
2004-01-02,31.23589129200271,31.36267368421988,30.876675564951682,30.98232650756836,1106300,0.0,0.0
2004-01-05,31.00346601697714,31.193638603843436,30.7710326217188,30.998184204101562,1763600,0.0,0.0
2004-01-06,30.50690737970311,30.633687716523625,30.35371167031694,30.54388427734375,2335700,0.0,0.0
2004-01-07,30.623115103096904,31.220046019773626,30.427658638196544,30.90837287902832,2642100,0.0,0.0
2004-01-08,31.019308469469582,31.15665449786874,30.607268282476642,30.712919235229492,1577600,0.0,0.0
2004-01-09,30.52275293847105,30.99290156115481,30.517469023582848,30.844989776611328,1550500,0.0,0.0
2004-01-12,30.70764285446201,30.998186723949107,30.570296792369838,30.94536018371582,1205200,0.0,0.0
2004-01-13,30.765749136482942,30.903097291123178,30.11070974995677,30.30088233947754,1998100,0.0,0.0
2004-01-14,30.40653697410383,30.4963404096281,30.195232918344423,30.443513870239258,1101700,0.0,0.0
2004-01-15,30.374842729150274,30.422387459920113,30.042040122742158,30.26919174194336,1522400,0.0,0.0
2004-01-16,30.322014838348206,30.34842810759536,30.031473080221318,30.33258056640625,1355100,0.0,0.0
2004-01-20,30.216350623462734,30.322003661507125,29.7726154301388,30.121265411376953,1349100,0.0,0.0
2004-01-21,30.00505727044709,30.13712150370508,29.84657977017835,30.110708236694336,1905100,0.0,0.0
2004-01-22,30.11070257727592,30.216353523665678,29.70394422679024,29.830726623535156,1802700,0.0,0.0
2004-01-23,30.010351013874455,30.07902511504493,29.682832257762787,29.873004913330078,1450700,0.0,0.0
2004-01-26,30.242773854396198,31.019313851440785,30.121275342739732,30.90309715270996,3592800,0.0,0.0
2004-01-27,30.707634369344202,31.404936520920682,30.707634369344202,30.955917358398438,2296200,0.0,0.0
2004-01-28,30.982345254852376,31.404953484628045,30.63369504163485,30.638978958129883,2394200,0.0,0.0
2004-01-29,30.903096411758934,31.304573034765124,30.84498806378676,31.167224884033203,1843300,0.0,0.0
2004-01-30,31.18835185748722,31.426067028018533,31.11439597994869,31.198915481567383,1768100,0.0,0.0
2004-02-02,31.19893324348619,31.42608491925746,31.088000414920774,31.28345489501953,2023900,0.0,0.0
2004-02-03,31.24644880714171,31.468316358882053,31.15664332262791,31.220035552978516,1338500,0.0,0.0
2004-02-04,30.98233000136977,31.367959033010223,30.929505575002185,31.309850692749023,1567000,0.0,0.0
2004-02-05,31.309853536541755,31.82754683381517,31.262310917954103,31.62152671813965,2255800,0.0,0.0
2004-02-06,31.658516096973173,31.73247201121215,31.04045340436594,31.35740852355957,1652200,0.0,0.0
2004-02-09,31.357399583681435,31.764160148724667,31.33098841610879,31.695486068725586,2016000,0.0,0.0
2004-02-10,31.69550265303486,31.74304530169687,31.373263540644736,31.610980987548828,1774100,0.0,0.0
2004-02-11,31.52115741226634,32.26071836112367,31.515873497918676,32.20261001586914,1683100,0.0,0.0
2004-02-12,32.06526414141164,32.12337249077957,31.85396219923505,31.875091552734375,1005600,0.0,0.0
2004-02-13,32.01242473353198,32.19731332100924,31.832815854715275,32.03355407714844,1395700,0.0,0.0
2004-02-17,32.355806136295925,32.413914486109334,32.012439952177715,32.21846008300781,1354200,0.0,0.0
2004-02-18,32.21847067827315,32.32412168491544,32.038861655005064,32.11281967163086,1074100,0.0,0.0
2004-02-19,32.14979679672584,32.94218460642161,32.10225415868306,32.70975112915039,2052200,0.0,0.0
2004-02-20,32.87349952503839,33.42817185744558,32.87349952503839,33.211585998535156,2663700,0.0,0.0
2004-02-23,33.21158237519324,33.7451210921047,33.19045092200718,33.6500358581543,2595700,0.0,0.0
2004-02-24,33.42289027904065,33.739845319202104,33.28554421592856,33.554954528808594,3015900,0.0,0.0
2004-02-25,33.676450538055384,34.39488004243657,33.676450538055384,34.12018585205078,3396800,0.0,0.0
2004-02-26,33.99870130166371,34.27867741958197,33.94587474659376,34.225852966308594,2482900,0.0,0.0
2004-02-27,34.236408035731735,34.35262474639062,34.06208296974342,34.1677360534668,1822900,0.0,0.0
2004-03-01,34.178286542767715,34.42128559941173,34.10433067366654,34.35261154174805,2060500,0.0,0.0
2004-03-02,34.336769750921114,34.3631830161186,34.13603355937057,34.23640060424805,1475000,0.0,0.0
2004-03-03,34.37161466051959,34.41947268631249,34.03661905819875,34.27058410644531,1692500,0.4068,0.0
2004-03-04,34.20146934100563,34.270593859007136,33.97813746547309,34.047264099121094,1512900,0.0,0.0
2004-03-05,33.99408782968653,34.40352676123816,33.924963314959605,34.08980178833008,1493100,0.0,0.0
2004-03-08,34.06853105792287,34.222736292404896,34.00472316263176,34.079166412353516,1395500,0.0,0.0
2004-03-09,34.00473454544669,34.03132188260002,33.54743953960964,33.79203796386719,2014000,0.0,0.0
2004-03-10,33.93559483324866,34.39289177876074,33.77075636823534,33.967498779296875,2067400,0.0,0.0
2004-03-11,33.94091765266177,34.0047255524372,33.084817047226416,33.09013366699219,2013600,0.0,0.0
2004-03-12,32.88807363957393,33.20180076087923,32.77109107548991,33.13799285888672,1610100,0.0,0.0
2004-03-15,33.0848119292355,33.100763901711694,32.57965908200178,32.65410232543945,1617900,0.0,0.0
2004-03-16,32.78703417705159,33.02099924189609,32.382914047731305,32.70195770263672,1198400,0.0,0.0
2004-03-17,32.701961029307576,32.94124273700501,32.64878637619869,32.88275146484375,1586700,0.0,0.0
2004-03-18,32.67537257302363,33.12203202736873,32.388232841197365,32.84552764892578,1283800,0.0,0.0
2004-03-19,32.83490639918039,32.994428295586694,32.627526452899325,32.66474914550781,1194300,0.0,0.0
2004-03-22,32.53181230660471,32.61157219139969,31.904360122179234,32.079833984375,1810700,0.0,0.0
2004-03-23,32.24998091850297,32.377598817404866,32.07450710088021,32.1383171081543,1324900,0.0,0.0
2004-03-24,32.1914825357768,32.51584488829913,32.037279459853245,32.0904541015625,1375100,0.0,0.0
2004-03-25,32.17022877272988,32.79236432795819,32.17022877272988,32.67006301879883,1525700,0.0,0.0
2004-03-26,32.59561610296803,33.38259007336471,32.5424435583606,32.97846984863281,1833300,0.0,0.0
2004-03-29,33.01035794794732,33.10075313445679,32.78170955742118,33.00503921508789,1263400,0.0,0.0
2004-03-30,32.88806808389614,33.036956689471744,32.78172089332463,32.88275146484375,1341500,0.0,0.0
2004-03-31,32.93592160695869,33.76543465735504,32.71258978700654,33.552738189697266,1990900,0.0,0.0
2004-04-01,33.55275292483643,33.90370066386066,33.41981836753759,33.744178771972656,1508200,0.0,0.0
2004-04-02,34.01003969212028,34.02599378154728,33.67504401143473,33.813297271728516,1248900,0.0,0.0
2004-04-05,33.76545496867531,34.010053409060376,33.59529769219244,33.999420166015625,994100,0.0,0.0
2004-04-06,33.87178605141622,34.291860305073456,33.83456337157354,34.25995635986328,967000,0.0,0.0
2004-04-07,34.13765508236264,34.3769389027314,33.98345197529807,34.25995635986328,1035100,0.0,0.0
2004-04-08,34.37692769754084,34.424783599757426,33.7601091233964,33.924949645996094,909700,0.0,0.0
2004-04-12,34.5683828193989,34.5683828193989,33.733550493233935,33.802677154541016,1789800,0.0,0.0
2004-04-13,33.80266409495399,34.13234317749999,33.69099815564962,33.8452033996582,1616400,0.0,0.0
2004-04-14,33.71227703041157,34.212111337179934,33.6591023577416,34.06322479248047,1548300,0.0,0.0
2004-04-15,34.031312124532555,34.18551525077059,33.818615603941204,34.047264099121094,1133100,0.0,0.0
2004-04-16,34.22806389844334,34.41417314030893,34.08449608795544,34.158939361572266,1539100,0.0,0.0
2004-04-19,34.25463919281195,34.323765821028225,34.02067409636885,34.19614791870117,1067000,0.0,0.0
2004-04-20,34.21741874080335,34.610905687553384,34.14829211235699,34.36098861694336,1392600,0.0,0.0
2004-04-21,34.414165537789415,34.563052052132164,34.17488379085618,34.4354362487793,1495400,0.0,0.0
2004-04-22,34.21742480458026,34.96185952908665,34.0579029267827,34.92463684082031,1979700,0.0,0.0
2004-04-23,34.83424437711996,35.06820953443111,34.509883975510746,35.06289291381836,1634400,0.0,0.0
2004-04-26,35.03629006571571,35.07351062481781,34.600263899132024,34.64280319213867,1564000,0.0,0.0
2004-04-27,34.664074504898174,34.82891507162018,34.51518802549763,34.626853942871094,1688600,0.0,0.0
2004-04-28,34.53646951021542,34.547102750886836,34.111076413955594,34.142982482910156,1438700,0.0,0.0
2004-04-29,34.29718017578125,34.685350521030806,34.15892902821414,34.29718017578125,1520300,0.0,0.0
2004-04-30,34.424787513008454,34.935256874949786,34.32375696419172,34.80232238769531,1614300,0.0,0.0
2004-05-03,34.91930688944156,35.32874572582574,34.8289116868508,35.323429107666016,2435400,0.0,0.0
2004-05-04,35.32343725972613,35.61589152327677,35.19050273424078,35.26494598388672,1821500,0.0,0.0
2004-05-05,35.14796603777559,35.34470847307185,34.961856842041016,34.961856842041016,1382800,0.0,0.0
2004-05-06,34.828920092283965,35.09478914605999,34.685350210863916,34.9086799621582,1618300,0.0,0.0
2004-05-07,34.90868696767034,34.935274301512806,34.45670863928905,34.54710388183594,1317800,0.0,0.0
2004-05-10,34.472652359988345,34.66939689078318,34.068530059925905,34.2174186706543,1871500,0.0,0.0
2004-05-11,34.19083451472168,34.40884765833128,33.85583881188968,33.988773345947266,2247300,0.0,0.0
2004-05-12,33.90370072767081,34.23337986903234,33.706958259505235,34.03131866455078,1819200,0.0,0.0
2004-05-13,34.031296800581465,34.286530394715456,33.91963091309722,33.924949645996094,1777700,0.0,0.0
2004-05-14,33.924963225477626,34.02599380325018,33.563380216378306,33.82393264770508,2087400,0.0,0.0
2004-05-17,33.63251717928974,33.85053038931862,33.36664803017565,33.563392639160156,1308300,0.0,0.0
2004-05-18,33.58996414390539,33.82392922334526,33.552741465064415,33.6005973815918,1090400,0.0,0.0
2004-05-19,33.76544446033218,34.07385284124036,33.30283083114663,33.318782806396484,1586600,0.0,0.0
2004-05-20,33.18584568395985,33.988771582011495,33.148623000845156,33.73353576660156,1578900,0.0,0.0
2004-05-21,33.89836678349417,34.557722613611446,33.84519214139029,34.12169647216797,1624400,0.0,0.0
2004-05-24,34.25463964657343,34.28654359366624,33.98345398063825,33.99408721923828,1037100,0.0,0.0
2004-05-25,33.940913375627204,34.738520484896576,33.83456406854093,34.72256851196289,1414700,0.0,0.0
2004-05-26,34.70661769435228,34.98844082873677,34.59495388009939,34.77042770385742,2426300,0.0,0.0
2004-05-27,35.08947484793026,35.55208635509735,35.02566483216316,35.23836135864258,2002900,0.0,0.0
2004-05-28,35.323433830840166,35.4510496089046,34.9990714198699,35.04161071777344,1635700,0.0,0.0
2004-06-01,35.05756041386893,35.05756041386893,34.56836169320943,34.86613464355469,1698100,0.0,0.0
2004-06-02,34.94491145178219,35.13756515018659,34.70409752256713,35.078697204589844,2104300,0.4,0.0
2004-06-03,35.073351276000615,35.073351276000615,34.704102207730706,34.74691390991211,1261600,0.0,0.0
2004-06-04,34.88069890510093,35.025188130600746,34.55426154627177,34.63988494873047,1242900,0.0,0.0
2004-06-07,34.864642662989645,35.28205406309852,34.82183096436389,35.25529861450195,1417400,0.0,0.0
2004-06-08,35.3409218898772,35.565683852727005,35.16967721484148,35.41584396362305,1276000,0.0,0.0
2004-06-09,35.52820956899524,35.694105647185225,35.373019073570305,35.38372039794922,1464000,0.0,0.0
2004-06-10,35.373030253424325,35.373030253424325,35.06799769916351,35.25529861450195,1437300,0.0,0.0
2004-06-14,35.25530036112079,35.266001689412086,34.902103297661824,34.95026779174805,1394100,0.0,0.0
2004-06-15,35.08404667451568,35.169670059209516,34.83787997581927,34.944908142089844,1291200,0.0,0.0
2004-06-16,35.02518985161729,35.314168316816335,34.99843227088493,35.287410736083984,862600,0.0,0.0
2004-06-17,35.23924055823659,35.394433223949534,35.18037474179265,35.30345916748047,914500,0.0,0.0
2004-06-18,35.30880110670206,35.61383356995812,35.05193312077646,35.506805419921875,1052900,0.0,0.0
2004-06-21,35.56031780051811,35.58707536985154,35.346261504236885,35.38372039794922,887600,0.0,0.0
2004-06-22,35.212495980625214,35.51752648421625,35.02519501706991,35.437255859375,1268900,0.0,0.0
2004-06-23,35.3837291819165,35.5710300845546,35.04658840884536,35.292755126953125,2053500,0.0,0.0
2004-06-24,35.22854497782804,35.34092383624824,35.14827223547676,35.20713806152344,1157300,0.0,0.0
2004-06-25,35.18572000327564,35.378371531383976,34.7040901184082,34.7040901184082,1753900,0.0,0.0
2004-06-28,34.864650859283095,35.30881994160151,34.84324394034082,35.18573760986328,1830800,0.0,0.0
2004-06-29,35.22853799667213,35.4211895592663,35.212483877222084,35.249942779541016,1530800,0.0,0.0
2004-06-30,35.26599994226308,35.39978570202089,35.04659078525377,35.25529861450195,1859100,0.0,0.0
2004-07-01,35.34092266390911,35.52287292968657,35.15897452732557,35.29811096191406,1847900,0.0,0.0
2004-07-02,35.31951010389491,35.38907937047433,35.06799274077764,35.23388671875,881800,0.0,0.0
2004-07-06,35.39978764881643,35.533575545125586,35.11081132869268,35.158973693847656,1168300,0.0,0.0
2004-07-07,35.15896294796328,35.28204521991656,35.05728545536105,35.12150192260742,1266900,0.0,0.0
2004-07-08,35.121509285881785,35.255297169349234,34.934210507414676,34.99307632446289,1329400,0.0,0.0
2004-07-09,35.10546123414846,35.35697866599679,35.03054128397197,35.28205871582031,1169800,0.0,0.0
2004-07-12,35.13221410418613,35.23924228591504,34.97702356005828,34.99842834472656,1497700,0.0,0.0
2004-07-13,34.998426628854524,35.415840136762036,34.86464087595409,35.30345916748047,1263000,0.0,0.0
2004-07-14,35.18572377858988,35.501457610724515,35.08404627656843,35.223182678222656,1179100,0.0,0.0
2004-07-15,35.25530385553058,35.362332053408814,35.15897698700432,35.180381774902344,1037300,0.0,0.0
2004-07-16,35.39979285422656,35.469362144698465,34.88605449611516,35.164329528808594,1351100,0.0,0.0
2004-07-19,35.29810953966863,35.31951645440058,35.01448388842404,35.14826965332031,1017000,0.0,0.0
2004-07-20,35.094756624878094,35.29275887558256,35.01448388842404,35.14826965332031,1052800,0.0,0.0
2004-07-21,35.212479581394255,35.308804286343204,34.061918880419796,34.08867645263672,2653700,0.0,0.0
2004-07-22,34.09403162926361,35.45329816678012,33.63380856545883,35.05194091796875,2925900,0.0,0.0
2004-07-23,34.99843180005432,35.01448592243896,34.27598777596965,34.4686393737793,1850100,0.0,0.0
2004-07-26,34.40975890200057,34.62916798679034,34.302730755261884,34.47932815551758,1363500,0.0,0.0
2004-07-27,34.463280047511724,35.04123686058019,34.463280047511724,34.928855895996094,1383800,0.0,0.0
2004-07-28,34.837887978599866,34.8914031386251,34.27063452159174,34.74691390991211,1122700,0.0,0.0
2004-07-29,34.88069359537199,34.89139705134845,34.24922375985718,34.37765884399414,972300,0.0,0.0
2004-07-30,34.24386875411874,34.490033306007376,34.12613501169411,34.286678314208984,1219900,0.0,0.0
2004-08-02,34.24923221837848,34.8753515451343,34.22247463642577,34.77367401123047,1137900,0.0,0.0
2004-08-03,34.75226392727178,34.97167309841911,34.61312749466789,34.81648254394531,1211700,0.0,0.0
2004-08-04,34.6291848917579,34.89140578909042,34.495399110725934,34.837890625,1365700,0.0,0.0
2004-08-05,34.75762681952502,34.91817021406395,34.19572387404152,34.297401428222656,1101600,0.0,0.0
2004-08-06,33.95490249408397,34.15825755841083,33.48932653781952,33.52143478393555,1611400,0.0,0.0
2004-08-09,33.54818190410605,34.14219278879831,33.54818190410605,33.91743087768555,1071500,0.0,0.0
2004-08-10,33.8639267621646,34.14220176353409,33.77830335725185,34.11544418334961,956500,0.0,0.0
2004-08-11,33.944192076406665,34.62382428690238,33.928137956640064,34.51679611206055,1240700,0.0,0.0
2004-08-12,34.40977278060937,34.6077750383965,34.163606027549406,34.249229431152344,997200,0.0,0.0
2004-08-13,34.24923642367692,34.345561175501025,33.98166482968419,34.206424713134766,952400,0.0,0.0
2004-08-16,34.0726313797142,34.5596120840738,34.05122446458089,34.238525390625,2442300,0.0,0.0
2004-08-17,34.24922936826125,34.27598694798726,33.922792005669145,34.21712112426758,1794200,0.0,0.0
2004-08-18,34.13148817844539,34.76295794082073,34.10473060620017,34.752254486083984,1478500,0.0,0.0
2004-08-19,34.655936330953175,34.655936330953175,34.1368452930297,34.29203796386719,1466400,0.0,0.0
2004-08-20,34.088685934567614,34.91816025804788,34.088685934567614,34.91280746459961,1514300,0.0,0.0
2004-08-23,34.91282330945999,35.01985154747854,34.59708926208705,34.63454818725586,1472100,0.0,0.0
2004-08-24,34.688041052955285,34.85393503452889,34.688041052955285,34.75761032104492,1303600,0.0,0.0
2004-08-25,34.76832068668033,34.993082668297426,34.677346612784866,34.9074592590332,1476900,0.0,0.0
2004-08-26,34.82183404043561,35.05194667472736,34.82183404043561,34.95561981201172,979800,0.0,0.0
2004-08-27,35.04122429116015,35.45328484123611,35.025170177577316,35.21247100830078,2533300,0.0,0.0
2004-08-30,35.21249519394401,35.522878485053056,35.18573760986328,35.18573760986328,1080200,0.0,0.0
2004-08-31,35.28206315751369,35.69412612915039,35.28206315751369,35.69412612915039,1801300,0.0,0.0
2004-09-01,35.68876577143014,36.04731136851367,35.61384582769916,35.83860778808594,1705900,0.0,0.0
2004-09-02,35.65665105189428,36.12222688048183,35.65665105189428,35.99378967285156,1640000,0.0,0.0
2004-09-03,35.9723852581836,36.70018187114877,35.90816878670746,36.45936584472656,1950900,0.0,0.0
2004-09-07,36.7269468899157,36.92494914805069,36.34699649570024,36.443321228027344,1875200,0.0,0.0
2004-09-08,36.58719709893068,36.59257860307602,36.2264392278879,36.30181884765625,1995100,0.4,0.0
2004-09-09,36.18335517742334,36.3448902509942,35.99489973390883,36.11336135864258,1354800,0.0,0.0
2004-09-10,36.02721887609914,36.21028857597763,35.59646286052857,36.09183120727539,1512300,0.0,0.0
2004-09-13,36.091821144439415,36.441807363821944,35.97336380876451,36.387962341308594,1294400,0.0,0.0
2004-09-14,36.387960224508426,36.46334410856903,36.15643135426955,36.344886779785156,1549300,0.0,0.0
2004-09-15,36.21027670648067,36.247968648857416,35.80644334204708,35.84413528442383,1296900,0.0,0.0
2004-09-16,35.91415319091063,35.95184301175793,35.666468962111686,35.704158782958984,1526300,0.0,0.0
2004-09-17,35.83337890570887,36.20490410816885,35.77953386621775,35.871070861816406,1698600,0.0,0.0
2004-09-20,35.725670067959584,35.725670067959584,34.826470859977654,35.26799392700195,2108400,0.0,0.0
2004-09-21,34.94494564949019,35.203397104065154,34.594957207066315,35.02571105957031,2728900,0.0,0.0
2004-09-22,35.02569642657424,35.09569451427901,34.79955123051001,34.90185546875,1704500,0.0,0.0
2004-09-23,34.97186718918874,35.02032643388196,34.71879724593653,34.91802215576172,1362400,0.0,0.0
2004-09-24,34.918025887742324,35.23032240189609,34.848027765269606,35.00417709350586,1575600,0.0,0.0
2004-09-27,35.014928256966485,35.03646711964431,34.519562265507254,34.59494400024414,1990600,0.0,0.0
2004-09-28,34.6757120685109,34.778016318369644,34.568024173724076,34.64340591430664,1482500,0.0,0.0
2004-09-29,34.810335204477596,35.02571105957031,34.64341645311439,35.02571105957031,1416100,0.0,0.0
2004-09-30,34.89109646910962,35.241084869950996,34.7295635258227,34.77802276611328,2020900,0.0,0.0
2004-10-01,34.9933967590332,35.0741642926522,34.76186573344044,34.9933967590332,1939500,0.0,0.0
2004-10-04,35.02570040446545,35.05262291374163,34.557254741550025,34.64340591430664,1916600,0.0,0.0
2004-10-05,34.78339940824524,34.82647499128314,34.244955691430356,34.59494400024414,2924000,0.0,0.0
2004-10-06,34.72417447337758,34.77801735121106,34.460337302344186,34.767250061035156,1542000,0.0,0.0
2004-10-07,34.90185734159731,34.98262272226926,34.44956478288097,34.51417922973633,1759200,0.0,0.0
2004-10-08,34.5141858123196,34.589567562762916,34.363420169114775,34.43341827392578,2082400,0.0,0.0
2004-10-11,34.5034251350523,34.57880690462607,34.352661595904735,34.428043365478516,1437400,0.0,0.0
2004-10-12,34.32033385382637,34.46033001970704,34.061882524818444,34.137264251708984,1900700,0.0,0.0
2004-10-13,34.24497207906525,34.25035786847091,33.8411407049424,33.88421630859375,1616000,0.0,0.0
2004-10-14,33.975739148380185,34.2288068913921,33.79266950433863,33.83574295043945,1698100,0.0,0.0
2004-10-15,33.97034785266487,34.15880109944757,33.8357353302236,33.89496612548828,2351300,0.0,0.0
2004-10-18,33.90036210588631,34.19112183245959,33.523451190527,34.131893157958984,1459600,0.0,0.0
2004-10-19,34.083438492808824,34.16958969857436,33.760372542347426,33.921905517578125,1341900,0.0,0.0
2004-10-20,33.86806574751765,34.088827429303706,33.614997896166585,34.06190490722656,1671400,0.0,0.0
2004-10-21,33.97573588579464,34.040348191059365,33.65267007483538,33.84112548828125,2113400,0.0,0.0
2004-10-22,33.67959414984133,34.13727037960868,33.67959414984133,33.954200744628906,1483100,0.0,0.0
2004-10-25,33.24883273575731,33.25421637942819,31.62812033590751,31.78426742553711,7162400,0.0,0.0
2004-10-26,31.902731338638358,32.73193474794955,31.7788903699952,32.58116912841797,4928900,0.0,0.0
2004-10-27,32.36041405004761,32.4788713976706,31.762743666065504,31.9404296875,3002900,0.0,0.0
2004-10-28,31.902747544899366,32.55964894691226,31.848904642724474,32.403499603271484,2125000,0.0,0.0
2004-10-29,32.30657320919441,32.43041421052277,31.94581535530664,32.12888717651367,1846000,0.0,0.0
2004-11-01,32.09118321112698,32.30117532707048,31.902727814270005,32.16656494140625,2388700,0.0,0.0
2004-11-02,32.24734630413994,32.43580178191347,31.967355981890805,31.983509063720703,2060200,0.0,0.0
2004-11-03,32.17733525218061,32.705009520885355,32.17733525218061,32.575782775878906,2106000,0.0,0.0
2004-11-04,32.575782821497285,33.507288259544254,32.4950174447037,33.48036575317383,2441200,0.0,0.0
2004-11-05,33.57191644009056,33.64191241451305,33.248850516090314,33.426536560058594,2219600,0.0,0.0
2004-11-08,33.421142578125,33.5126795432627,33.1411523221179,33.421142578125,1250800,0.0,0.0
2004-11-09,33.42114929805648,33.518069927911924,33.184234583208145,33.22731018066406,1554400,0.0,0.0
2004-11-10,33.43730635428402,33.92729106580389,33.383463457802215,33.647300720214844,1758800,0.0,0.0
2004-11-11,33.62036974163569,34.16958085840362,33.614986096037704,34.02958679199219,1207500,0.0,0.0
2004-11-12,33.70652087393938,34.0565071105957,33.663445282266295,34.0565071105957,1509900,0.0,0.0
2004-11-15,33.894985140305295,34.2557409043399,33.846523748112965,33.921905517578125,1792700,0.0,0.0
2004-11-16,34.01882615964404,34.13728353199197,33.808833934539756,33.921905517578125,1832800,0.0,0.0
2004-11-17,33.921891436137464,34.11573049748531,33.71728294295978,33.78728103637695,1825300,0.0,0.0
2004-11-18,33.7657495959633,34.13189105458131,33.561141070785055,34.02958679199219,1756800,0.0,0.0
2004-11-19,34.08342608566887,34.11034859546004,33.550368104148376,33.641902923583984,1142900,0.0,0.0
2004-11-22,33.54498155929362,34.07265585016782,33.52344269639545,33.9649658203125,1777800,0.0,0.0
2004-11-23,33.89497535439069,33.959587668901065,33.69575048078682,33.90574264526367,2164400,0.0,0.0
2004-11-24,33.889585610458504,34.24495758341668,33.868048888908554,34.16419219970703,1032500,0.0,0.0
2004-11-26,34.19112059717305,34.44418836614002,34.19112059717305,34.30957794189453,552200,0.0,0.0
2004-11-29,34.304187723158755,34.50879622712677,34.13727116142399,34.39033889770508,1424100,0.0,0.0
2004-11-30,34.25573459814817,34.46572678459467,34.11573837897161,34.25035095214844,1626500,0.0,0.0
2004-12-01,34.38178199624847,34.83085921955036,34.31058847421532,34.79800033569336,1601300,1.02589,0.0
2004-12-02,34.80348713832106,35.75093239044634,34.661097870082465,35.65782928466797,2140300,0.0,0.0
2004-12-03,35.290904233217844,35.367575719180245,34.973264597381636,35.03898239135742,2710600,0.0,0.0
2004-12-06,35.54280626856764,35.54280626856764,35.1046828019423,35.23611831665039,2044000,0.0,0.0
2004-12-07,35.570192791045464,35.57566854502437,35.006107330322266,35.006107330322266,2801100,0.0,0.0
2004-12-08,35.021113540987244,35.11482611668147,34.486396738578335,34.56357192993164,2943500,0.4,0.0
2004-12-09,34.591131086484374,35.64953672525243,34.50844417405881,35.50069808959961,2387700,0.0,0.0
2004-12-10,36.14015197360331,36.14015197360331,35.08174636635681,35.28019714355469,1999400,0.0,0.0
2004-12-13,35.40147782495968,35.68812947614675,35.22507613398701,35.61095428466797,1450000,0.0,0.0
2004-12-14,35.329817366207436,35.80389640266249,35.19200435590618,35.78184509277344,1764800,0.0,0.0
2004-12-15,35.726725565556265,35.726725565556265,35.19752254386853,35.5062255859375,1741400,0.0,0.0
2004-12-16,35.36839594828287,35.77080920917211,35.33532118619425,35.693634033203125,1211100,0.0,0.0
2004-12-17,35.36287622640407,35.71567947958897,35.30775236305861,35.37941360473633,2714600,0.0,0.0
2004-12-20,35.51723900692281,35.666075454910654,35.30776256314999,35.46762466430664,1066700,0.0,0.0
2004-12-21,35.528261321063454,35.83145032377641,35.340836189672466,35.68812561035156,1347200,0.0,0.0
2004-12-22,35.77632248504809,36.17873573866365,35.66055862654376,35.996822357177734,1327400,0.0,0.0
2004-12-23,35.9141336145023,36.20078518822237,35.859007552649274,36.024383544921875,901100,0.0,0.0
2004-12-27,36.10707413650028,36.41026310270429,35.969261169433594,35.969261169433594,1118400,0.0,0.0
2004-12-28,35.99132016411839,36.200796633444064,35.98029450960463,36.10157012939453,1603700,0.0,0.0
2004-12-29,35.99682570536327,36.057463504832036,35.776325812724195,35.91413879394531,1014500,0.0,0.0
2004-12-30,36.029904364824795,36.49295547720773,35.99682740540869,36.404754638671875,1157300,0.0,0.0
2004-12-31,36.404756702128985,36.4323197398946,36.18425678657807,36.27796936035156,948500,0.0,0.0
2005-01-03,36.22836377780067,36.377202454095,35.47865866509129,35.583396911621094,1586400,0.0,0.0
2005-01-04,35.72119777242335,36.15668799729961,35.583384798804445,35.59992218017578,2259800,0.0,0.0
2005-01-05,35.599915236535665,35.74324210484737,34.95494871570542,34.9880256652832,2302100,0.0,0.0
2005-01-06,34.99353543042216,35.78733831003183,34.98250978118145,35.55581283569336,1521200,0.0,0.0
2005-01-07,35.56685255061796,35.70466554412672,35.34083871487472,35.35737609863281,1522500,0.0,0.0
2005-01-10,35.41802514858606,35.88659035259816,35.16996212016869,35.58891296386719,2080000,0.0,0.0
2005-01-11,35.66607820837624,35.67710386239624,35.30225136529985,35.324302673339844,1329800,0.0,0.0
2005-01-12,35.41249260469568,35.616455078125,35.18096490806852,35.616455078125,1281200,0.0,0.0
2005-01-13,35.47864418076982,35.58338238453976,34.965978813181806,35.048667907714844,1329600,0.0,0.0
2005-01-14,35.14238587475998,35.51172441271089,35.0266220018921,35.484161376953125,1330900,0.0,0.0
2005-01-18,35.252630931723246,35.368394788524036,35.065205823842476,35.3408317565918,1851300,0.0,0.0
2005-01-19,35.30776017797126,35.55582310114692,35.23609672714552,35.28019714355469,1188300,0.0,0.0
2005-01-20,35.280201594829876,35.77632969706403,35.280201594829876,35.550315856933594,2266700,0.0,0.0
2005-01-21,35.41250480945913,35.555829543794026,34.91086275606915,35.15892791748047,2496500,0.0,0.0
2005-01-24,35.16443432359097,35.914139231587846,35.16443432359097,35.50069808959961,1911900,0.0,0.0
2005-01-25,35.52826516954188,36.18976931740236,35.49519040080627,35.61095428466797,2329400,0.0,0.0
2005-01-26,35.74875902063218,35.925160670833066,35.4731330871582,35.4731330871582,1608900,0.0,0.0
2005-01-27,35.36287840277497,35.73221905702281,35.2250654460004,35.67158126831055,1591600,0.0,0.0
2005-01-28,35.809399909914475,36.06297675568162,35.440059197032895,35.9306755065918,2084900,0.0,0.0
2005-01-31,36.43782340521174,36.575636361954835,35.96925847497067,36.11258316040039,2048200,0.0,0.0
2005-02-01,36.250399184084735,36.30001132632092,35.83696027887673,35.996822357177734,1582200,0.0,0.0
2005-02-02,35.86453403173258,36.48744953696436,35.86453403173258,36.43232345581055,1501800,0.0,0.0
2005-02-03,36.25590570545573,36.76857098377019,36.13462794926882,36.70241928100586,1673700,0.0,0.0
2005-02-04,36.64732118317917,36.91192380951048,36.537071185518364,36.878849029541016,1555400,0.0,0.0
2005-02-07,36.878830502680046,36.9339565704606,36.724480144838516,36.807167053222656,912900,0.0,0.0
2005-02-08,36.74102827738161,36.900892604751434,36.72449089086574,36.82371520996094,1307000,0.0,0.0
2005-02-09,36.85126728771101,36.98357073492326,36.669356079332914,36.7575569152832,1239500,0.0,0.0
2005-02-10,36.76857700491092,36.97805121699031,36.66935053115838,36.917415618896484,1088600,0.0,0.0
2005-02-11,36.9780570185611,37.32534644125228,36.746531467862596,37.30329513549805,1521900,0.0,0.0
2005-02-14,37.30329907406096,37.64507899632968,37.23163999929766,37.567901611328125,1436400,0.0,0.0
2005-02-15,37.20957825223872,37.32533991069053,36.801648906739445,36.93395233154297,2739500,0.0,0.0
2005-02-16,36.46540160311612,36.718978529297445,36.22836425744194,36.349639892578125,2439800,0.0,0.0
2005-02-17,36.24488763748186,36.52051357567541,36.08502336508912,36.26142501831055,1496600,0.0,0.0
2005-02-18,36.338600158691406,36.553588302546316,36.145661124824905,36.338600158691406,1715100,0.0,0.0
2005-02-22,36.18976348592284,36.34962776676779,35.79286193847656,35.79286193847656,2002400,0.0,0.0
2005-02-23,35.958241617836755,36.38270624252776,35.93067858109037,36.31104278564453,1624000,0.0,0.0
2005-02-24,36.24489213633509,36.807169734162194,36.16771695179308,36.74102020263672,1767300,0.0,0.0
2005-02-25,36.603195053722345,36.75203145019849,36.33859262897029,36.54806900024414,1608500,0.0,0.0
2005-02-28,36.4929568225148,36.6914076198929,36.24489387411391,36.371681213378906,1868400,0.0,0.0
2005-03-01,36.35513260816147,36.978047845243296,36.34410695801954,36.63627243041992,1899000,0.0,0.0
2005-03-02,36.50267774781095,36.83578220949587,36.23619329490852,36.58595275878906,1473900,0.45,0.0
2005-03-03,36.808026530700694,37.068957867677256,36.386093879137015,36.541542053222656,1394000,0.0,0.0
2005-03-04,36.84688850094998,36.84688850094998,36.5248880716509,36.563751220703125,1330300,0.0,0.0
2005-03-07,36.696987325541066,36.72474418863714,36.336123807544766,36.37498474121094,1142800,0.0,0.0
2005-03-08,36.41939308524021,36.66922248489161,36.36942808886424,36.50267028808594,1035100,0.0,0.0
2005-03-09,36.36388543082325,36.53598859674708,36.13071097692214,36.20843505859375,1215800,0.0,0.0
2005-03-10,36.26396036160493,36.69699714080105,36.25285628806484,36.630374908447266,1579600,0.0,0.0
2005-03-11,36.43605862683642,36.652578091553934,36.213990439430425,36.41385269165039,1757400,0.0,0.0
2005-03-14,36.39162346211903,36.68586684283144,36.31389942067192,36.64145278930664,1127900,0.0,0.0
2005-03-15,36.72474800479775,36.91905931997838,36.39164352416992,36.39164352416992,1031900,0.0,0.0
2005-03-16,36.19733292309262,36.38054015898367,35.9419525373058,36.080745697021484,1067700,0.0,0.0
2005-03-17,35.947499764957634,36.164019192337726,35.75874161732406,36.03077697753906,1479800,0.0,0.0
2005-03-18,35.89198383212272,36.22508826467635,35.86422476126224,36.03077697753906,1948300,0.0,0.0
2005-03-21,36.30836268569988,36.336121756114885,35.86422418571786,36.052982330322266,1207600,0.0,0.0
2005-03-22,36.02522686402814,36.502677621606026,35.84757277159365,35.89198684692383,1909400,0.0,0.0
2005-03-23,35.90309111661568,36.59705915740915,35.90309111661568,36.27505874633789,1790600,0.0,0.0
2005-03-24,36.391648321225645,36.391648321225645,35.98081970214844,35.98081970214844,1142100,0.0,0.0
2005-03-28,36.08075372272701,36.391650116223296,35.97527054445789,36.141822814941406,1286100,0.0,0.0
2005-03-29,36.086310130877365,36.58041608487909,35.86424187579395,36.33613967895508,1737400,0.0,0.0
2005-03-30,36.44160170609558,36.68587797013153,36.352773572103274,36.53042984008789,1999800,0.0,0.0
2005-03-31,36.53044793403521,36.55265387408924,36.38610159257987,36.49158477783203,1183500,0.0,0.0
2005-04-01,36.53042366564619,36.63035364283282,36.24728431251318,36.3416633605957,2000900,0.0,0.0
2005-04-04,36.34167769837405,36.374987703911295,36.086297307777976,36.26950454711914,1778800,0.0,0.0
2005-04-05,36.352780654280686,36.60816103703982,36.26395250298305,36.51933288574219,1668600,0.0,0.0
2005-04-06,36.57485051898286,36.719194606150126,36.463814226976744,36.50822830200195,955100,0.0,0.0
2005-04-07,36.55819684047676,37.05230264454239,36.369438660045695,36.86354446411133,1483000,0.0,0.0
2005-04-08,36.863541971637055,37.00788606299182,36.48602342741387,36.5137825012207,1185500,0.0,0.0
2005-04-11,36.39164072988034,37.03564370712543,36.39164072988034,36.91350555419922,1381000,0.0,0.0
2005-04-12,36.80801844074849,37.141122859940545,36.50822402169845,36.99677658081055,1342000,0.0,0.0
2005-04-13,36.9967742302188,37.19108549721624,36.40273856914177,36.53042984008789,1596500,0.0,0.0
2005-04-14,36.3916399088313,36.55819213259903,36.247295826305205,36.291709899902344,2094100,0.0,0.0
2005-04-15,36.058537597315,37.05229779815973,35.7476390827633,35.82536315917969,2492200,0.0,0.0
2005-04-18,35.86422199919193,36.05853327136441,35.65325572756306,35.79759979248047,1788900,0.0,0.0
2005-04-19,35.94749724801259,35.95305038712749,35.53666877114633,35.66436004638672,1117500,0.0,0.0
2005-04-20,35.53112704391418,35.62550613556815,34.892677129003545,34.9759521484375,1651600,0.0,0.0
2005-04-21,35.58664663150961,35.61440349984952,35.22022990456149,35.525577545166016,1205200,0.0,0.0
2005-04-22,35.25354381666257,35.536681116650826,34.987059313146574,35.270198822021484,1480400,0.0,0.0
2005-04-25,34.975949664014976,35.42009043240256,34.43743201956369,35.10919189453125,3207300,0.0,0.0
2005-04-26,34.92599497243883,34.97040906239674,34.44299312470087,34.45964813232422,2158500,0.0,0.0
2005-04-27,34.28197972644531,34.759428233854315,34.00994436690187,34.53180694580078,1530100,0.0,0.0
2005-04-28,34.47629830955638,34.63174870707277,34.19316101074219,34.19316101074219,1424800,0.0,0.0
2005-04-29,34.209811137764184,34.83715694384565,34.209811137764184,34.67060470581055,1720800,0.0,0.0
2005-05-02,34.67615777678884,34.75943279119692,34.420777384460195,34.703914642333984,1363800,0.0,0.0
2005-05-03,34.69835999540867,34.82049814271919,34.45963463152499,34.65394592285156,1533600,0.0,0.0
2005-05-04,34.681705027189054,34.81494724498668,34.548462809391424,34.637290954589844,1544800,0.0,0.0
2005-05-05,34.55956553460844,34.66504867681511,34.30418517932462,34.50404739379883,1392000,0.0,0.0
2005-05-06,34.61508604575591,34.61508604575591,34.082119367700045,34.15984344482422,1364700,0.0,0.0
2005-05-09,34.198713735161874,34.581783294677734,34.06547147697343,34.581783294677734,1143500,0.0,0.0
2005-05-10,34.420767947754136,34.48738794101624,34.17093855524981,34.26531982421875,1553800,0.0,0.0
2005-05-11,34.30973155716307,34.75386996945361,34.27641935391068,34.6428337097168,1235700,0.0,0.0
2005-05-12,34.69836388449031,34.959295209455355,34.55957072052535,34.62063980102539,1255700,0.0,0.0
2005-05-13,34.73166062180606,34.73166062180606,34.18759003651774,34.40966033935547,1541700,0.0,0.0
2005-05-16,34.47628685568201,35.2091178894043,34.44852999534486,35.2091178894043,1270800,0.0,0.0
2005-05-17,35.12584262945739,35.619948345922545,35.10363669817917,35.581085205078125,1928600,0.0,0.0
2005-05-18,35.753186300806725,36.025221644457474,35.658807232736685,35.775394439697266,1874300,0.0,0.0
2005-05-19,36.05298357549515,36.358328942833964,35.991914502027385,36.23619079589844,1659200,0.0,0.0
2005-05-20,36.352786288669,36.35833722065311,36.030785846972286,36.19733810424805,1075200,0.0,0.0
2005-05-23,36.202879929180156,36.29170807190018,35.958603641143085,36.130706787109375,1228000,0.0,0.0
2005-05-24,36.17510983596847,36.35831699617333,35.930833622361995,36.19176483154297,1344600,0.0,0.0
2005-05-25,35.975265800189526,36.19178306059867,35.82536855563351,36.086299896240234,939700,0.0,0.0
2005-05-26,36.225085635196514,36.38053377006838,35.98636029378809,36.247291564941406,945200,0.0,0.0
2005-05-27,36.30835795746573,36.30835795746573,35.83090951871554,35.94749450683594,891900,0.0,0.0
2005-05-31,35.91973424798407,35.94194238424142,35.71432113647461,35.71432113647461,1577100,0.0,0.0
2005-06-01,35.70322799655862,36.31947193748113,35.57553890509492,36.18622970581055,1080000,0.0,0.0
2005-06-02,36.24174505801806,36.24174505801806,35.64770930598841,35.708778381347656,1577500,0.0,0.0
2005-06-03,35.70878154485244,35.89753971854487,35.62550432077425,35.76429748535156,1310600,0.0,0.0
2005-06-06,35.803166985730236,36.125167449761776,35.76430383248605,36.0640983581543,1394600,0.0,0.0
2005-06-07,36.141808397496845,36.61370594080618,36.141808397496845,36.263946533203125,1499800,0.0,0.0
2005-06-08,36.392210580893035,36.40339501905984,36.15175962198323,36.29155731201172,1488700,0.45,0.0
2005-06-09,36.30832020654389,36.42015787462635,36.011947160060195,36.218849182128906,1679400,0.0,0.0
2005-06-10,36.33628142510832,36.42575245258967,36.15174826525526,36.22444152832031,1161600,0.0,0.0
2005-06-13,36.20767443872233,36.45371870928019,36.06787675998474,36.19089889526367,1219900,0.0,0.0
2005-06-14,36.134984487316956,36.39221099395994,36.08465562743173,36.3306999206543,1198600,0.0,0.0
2005-06-15,36.34187055604992,36.51521927183403,36.17970404943914,36.41456604003906,1000800,0.0,0.0
2005-06-16,36.41455976845209,36.442519736314935,36.22443332190797,36.336273193359375,1399000,0.0,0.0
2005-06-17,36.738895447851874,36.755670985853996,36.453706852070994,36.49285125732422,2038100,0.0,0.0
2005-06-20,36.47609052983412,36.59911267504905,36.29155731201172,36.29155731201172,1277600,0.0,0.0
2005-06-21,36.319505636634645,36.34746338576741,35.92807045030473,36.03431701660156,1498300,0.0,0.0
2005-06-22,36.17410935810642,36.30272254982742,35.91688074979215,35.95043182373047,2367800,0.0,0.0
2005-06-23,36.011964556999686,36.03992454374556,35.50869369506836,35.50869369506836,1412500,0.0,0.0
2005-06-24,35.32973144145716,35.42479356236161,35.078093928911585,35.12282943725586,2612700,0.0,0.0
2005-06-27,35.066917723437925,35.18993983622622,34.93830228060388,35.0109977722168,1669500,0.0,0.0
2005-06-28,35.11725478540168,35.50869011058261,35.0725192560989,35.35770797729492,1358500,0.0,0.0
2005-06-29,35.39683759973953,35.564595218808684,35.22907998067036,35.447166442871094,1213800,0.0,0.0
2005-06-30,35.4471643731152,35.51426652687574,34.98303372669658,34.99980926513672,1512500,0.0,0.0
2005-07-01,35.17317127191101,35.4080311088498,35.139617959599896,35.30178451538086,1154700,0.0,0.0
2005-07-05,35.30737562166279,35.469542177443756,35.02778025984902,35.30178451538086,1973000,0.0,0.0
2005-07-06,35.380063549560425,35.45275904002062,34.446213283237476,34.46858215332031,2067400,0.0,0.0
2005-07-07,34.17780628872048,34.36233947588452,34.07155970597091,34.22254180908203,1851600,0.0,0.0
2005-07-08,34.22253867394121,34.38470297363206,34.11069877084656,34.272865295410156,2572700,0.0,0.0
2005-07-11,34.47417811003237,34.64752686564301,34.33997154526622,34.625160217285156,1971400,0.0,0.0
2005-07-12,34.66989016062523,34.854423323160646,34.58601023681496,34.59719467163086,1357800,0.0,0.0
2005-07-13,34.64193056502162,34.82646372957591,34.63074613008335,34.70344161987305,1356700,0.0,0.0
2005-07-14,34.9215223810989,35.17315990531035,34.83764468961006,35.055728912353516,1092900,0.0,0.0
2005-07-15,35.06132571198733,35.245858888109744,34.74817931306667,34.770545959472656,1150800,0.0,0.0
2005-07-18,34.74259181281176,34.97745163637291,34.725814045175284,34.921531677246094,874900,0.0,0.0
2005-07-19,35.044550236917665,35.173165684830764,34.81528154267899,34.93271255493164,1272500,0.0,0.0
2005-07-20,34.83206613012908,35.5925679048422,34.76496394848461,35.29060363769531,1256500,0.0,0.0
2005-07-21,35.74913649700863,35.74913649700863,34.949492628600424,35.14521026611328,1392700,0.0,0.0
2005-07-22,35.39684217223533,36.341876955898464,35.27382005068436,36.000770568847656,2501200,0.0,0.0
2005-07-25,36.000774193276655,36.03432527982784,35.3017835823436,35.58137893676758,2401800,0.0,0.0
2005-07-26,35.469537665134105,35.547824267487684,35.016591367724565,35.2514533996582,2506600,0.0,0.0
2005-07-27,35.48071520507238,35.50308184788067,35.25703765262718,35.46393966674805,1019200,0.0,0.0
2005-07-28,35.575778233841824,35.92247789271684,35.49190054009041,35.7714958190918,1135400,0.0,0.0
2005-07-29,35.542218908399306,35.91128512500487,35.52544337354196,35.654056549072266,1231900,0.0,0.0
2005-08-01,35.65966404771589,35.91689274191505,35.525459707153736,35.56460189819336,1026900,0.0,0.0
2005-08-02,35.614930750777184,35.77150396468171,35.48072418534201,35.56460189819336,989000,0.0,0.0
2005-08-03,35.452766633724785,35.575788770912695,35.201131253067025,35.30178451538086,1315500,0.0,0.0
2005-08-04,35.27383140873572,35.368893583294266,34.94950045883816,34.99423599243164,1341200,0.0,0.0
2005-08-05,34.94949413515686,34.966269679109885,34.77055203316029,34.82088088989258,1553400,0.0,0.0
2005-08-08,34.82647412878803,34.9494962752254,34.7258186340332,34.7258186340332,872800,0.0,0.0
2005-08-09,34.75376549310848,34.943891972542076,34.64751893177361,34.86001205444336,994300,0.0,0.0
2005-08-10,34.86001549271249,35.083693071498054,34.535684672127964,34.75376892089844,1280200,0.0,0.0
2005-08-11,35.089282554245315,35.251449069475974,34.89356495996628,35.22908020019531,1849600,0.0,0.0
2005-08-12,35.22909256289675,35.45836131667987,35.09488819960782,35.29060363769531,1061400,0.0,0.0
2005-08-15,35.262629207972374,35.69320652800426,35.10605381670158,35.68202209472656,1104000,0.0,0.0
2005-08-16,35.67643472914062,35.70998580761727,35.335326164967746,35.340919494628906,1187400,0.0,0.0
2005-08-17,35.340922044100715,35.37447312499773,35.09487781769233,35.10606002807617,890000,0.0,0.0
2005-08-18,35.10605884923057,35.5254540209783,35.083692204341205,35.44157409667969,1264900,0.0,0.0
2005-08-19,35.44158012485499,35.475131210331995,35.329742431640625,35.329742431640625,1304300,0.0,0.0
2005-08-22,34.92152542440259,35.089283046872296,34.546867994981405,34.843238830566406,2237800,0.0,0.0
2005-08-23,34.820884939523175,34.921538214947205,34.66990280151367,34.66990280151367,1727800,0.0,0.0
2005-08-24,34.613978113197426,34.61957144431856,34.18899174190263,34.26728057861328,1474300,0.0,0.0
2005-08-25,34.250497955978766,34.6307487487793,34.250497955978766,34.6307487487793,2103700,0.0,0.0
2005-08-26,34.58601323051612,34.73140422108964,34.36233786407311,34.6307487487793,1638000,0.0,0.0
2005-08-29,34.39589416004028,34.80410499173812,34.26728091608489,34.71463394165039,1567800,0.0,0.0
2005-08-30,34.57483358982523,34.67548684474509,34.27846048119087,34.625160217285156,1750700,0.0,0.0
2005-08-31,34.63074850711667,34.84883499145508,34.362337624283526,34.84883499145508,1486100,0.0,0.0
2005-09-01,34.78173065185547,34.87679279331003,34.65311742810787,34.78173065185547,1730800,0.0,0.0
2005-09-02,34.893572885955166,34.983043933655715,34.502139833356644,34.65312194824219,1871200,0.0,0.0
2005-09-06,34.815268394694755,35.17874350497399,34.78730842853912,35.15078353881836,2022300,0.0,0.0
2005-09-07,35.29692189084266,35.29692189084266,34.91381049903672,34.97578430175781,1354100,0.45,0.0
2005-09-08,35.04338539509446,35.04901856108435,34.47435269054461,34.47998809814453,1578400,0.0,0.0
2005-09-09,34.479978175546215,34.778578477670116,34.36729695529545,34.75040817260742,1311600,0.0,0.0
2005-09-12,34.76169919103828,34.93071888895301,34.6546533076386,34.88564682006836,1595900,0.0,0.0
2005-09-13,34.70534555055914,34.85183027999185,34.42364690670853,34.57012939453125,1751100,0.0,0.0
2005-09-14,34.570142088254194,34.67718797088094,34.249006681984795,34.271541595458984,1738300,0.0,0.0
2005-09-15,34.36730962512949,34.71098433534013,34.316604402289315,34.6940803527832,1636100,0.0,0.0
2005-09-16,34.846206479753405,35.29692714998139,34.78986807718296,35.25748825073242,2530100,0.0,0.0
2005-09-19,35.122259900001026,35.13352847326133,34.327869196543816,34.38984298706055,1589300,0.0,0.0
2005-09-20,34.45181941381155,34.767321556362425,34.28279976841354,34.37294387817383,1810700,0.0,0.0
2005-09-21,34.35603683929286,34.57576167194054,34.09687312410365,34.39547348022461,1927300,0.0,0.0
2005-09-22,34.16448629587124,34.70534872788964,34.16448629587124,34.451820373535156,1560700,0.0,0.0
2005-09-23,34.282800132775336,34.3954791503682,33.83771498710982,34.22645950317383,1561300,0.0,0.0
2005-09-26,34.36730805266817,34.513792789651056,33.94476006511311,34.0743408203125,1221600,0.0,0.0
2005-09-27,33.978558645450704,34.27715900093332,33.877148219034616,34.07997131347656,1286200,0.0,0.0
2005-09-28,34.029275206632285,34.17575997134005,33.86025553129823,34.05744552612305,1267000,0.0,0.0
2005-09-29,33.905318726534844,33.91095413392542,33.403895240539875,33.71376419067383,2289800,0.0,0.0
2005-09-30,33.24050568554906,33.5616431790051,33.02641402324503,33.53910827636719,2511900,0.0,0.0
2005-10-03,33.527842946217966,33.64615736093422,33.20670542170953,33.32501983642578,2994500,0.0,0.0
2005-10-04,33.110928851273115,33.74756850629625,32.84613194564102,33.4546012878418,2698400,0.0,0.0
2005-10-05,33.45461126095145,33.572925713431886,32.7785325181101,32.823604583740234,2502400,0.0,0.0
2005-10-06,32.508091721667824,32.78415719265503,32.39541047368289,32.64894104003906,2874100,0.0,0.0
2005-10-07,32.78979084585139,32.94190873960444,32.620771212971334,32.84049606323242,1685400,0.0,0.0
2005-10-10,32.9419067931606,33.01514915278993,32.5418937603671,32.682743072509766,1342800,0.0,0.0
2005-10-11,32.59258298471978,32.80104138871521,32.40102855216937,32.55314636230469,1330200,0.0,0.0
2005-10-12,32.47992360894621,32.632041510738105,32.282733653230416,32.333438873291016,1931100,0.0,0.0
2005-10-13,32.001025948921175,32.282724525085925,31.747495437085337,32.0629997253418,2102100,0.0,0.0
2005-10-14,32.198230470713284,32.38978505150765,31.815119067514086,32.24893569946289,2325000,0.0,0.0
2005-10-17,32.19258035224856,32.22638382263582,31.989757288315605,32.040462493896484,1994600,0.0,0.0
2005-10-18,32.06864030161545,32.19822329055936,31.97286303257645,32.12498092651367,1796000,0.0,0.0
2005-10-19,32.13624724035116,32.44048076522531,32.029201405536796,32.417945861816406,2484100,0.0,0.0
2005-10-20,32.36160870872168,32.468654555006985,32.04610657752924,32.141883850097656,2443000,0.0,0.0
2005-10-21,32.28272092994109,32.31652439665885,31.848904543308418,32.012290954589844,2756200,0.0,0.0
2005-10-24,32.677114638221994,33.24614737629715,32.570068786837155,32.7503547668457,3467600,0.0,0.0
2005-10-25,32.47992331026739,32.87430097646228,31.877087116390143,32.068641662597656,3127200,0.0,0.0
2005-10-26,32.00103180144565,32.1080776386229,31.724966339336426,31.832012176513672,2545200,0.0,0.0
2005-10-27,31.74187142327267,32.06864213482027,31.662995888872217,31.7982120513916,1638500,0.0,0.0
2005-10-28,31.916517947201335,32.31089778315258,31.79820578970368,32.29962921142578,2592600,0.0,0.0
2005-10-31,32.39541379096738,32.39541379096738,31.888357089552382,32.0235710144043,2996100,0.0,0.0
2005-11-01,31.882724312230796,32.10244919985466,31.32496010136544,31.533418655395508,3817400,0.0,0.0
2005-11-02,31.353136038483186,31.770050979663157,31.353136038483186,31.679906845092773,3164800,0.0,0.0
2005-11-03,31.69116226408929,32.14188050819145,31.69116226408929,32.02920150756836,3203900,0.0,0.0
2005-11-04,32.11371822804925,32.288371058930515,31.88272476196289,31.88272476196289,2300300,0.0,0.0
2005-11-07,31.922170558805668,32.525006967757484,31.922170558805668,32.40669250488281,2687300,0.0,0.0
2005-11-08,32.406673936550085,32.59259527647512,32.30526351928711,32.30526351928711,2242500,0.0,0.0
2005-11-09,32.68836963900847,33.09401799702718,32.50808372149842,32.77288055419922,1972400,0.0,0.0
2005-11-10,32.6770979240984,33.36444249462966,32.59258702283759,33.25739669799805,1750700,0.0,0.0
2005-11-11,33.116570268052044,33.42080613575656,33.06586503730481,33.2686882019043,1308900,0.0,0.0
2005-11-14,33.80390948002812,33.95602737754721,33.60671952985115,33.73066711425781,2722800,0.0,0.0
2005-11-15,33.73067838286847,33.792652195775766,33.43207789566353,33.477149963378906,1921400,0.0,0.0
2005-11-16,33.443331529978785,33.57854768177132,33.296849046744306,33.43769836425781,1590500,0.0,0.0
2005-11-17,33.42642888488458,33.72503149219805,33.36445509719459,33.67432403564453,1169900,0.0,0.0
2005-11-18,34.04053487975964,34.046168045540284,33.42643014527237,33.71376419067383,1453900,0.0,0.0
2005-11-21,33.78701656421549,33.99547290078935,33.54475449811209,33.74757766723633,1680000,0.0,0.0
2005-11-22,33.49969190374507,33.50532507278714,32.87995364466807,32.998268127441406,3655800,0.0,0.0
2005-11-23,32.9588074996511,33.19543406765099,32.73344726231089,33.00387954711914,1320400,0.0,0.0
2005-11-25,33.11092200307378,33.370085689183625,33.09402026719809,33.29121017456055,1069900,0.0,0.0
2005-11-28,33.49405576675276,33.54476100847203,33.02080011920645,33.06587219238281,1423600,0.0,0.0
2005-11-29,33.32501032381242,33.68558438922722,33.13345360030353,33.471492767333984,1822700,0.0,0.0
2005-11-30,33.54475247888471,33.7250407257474,33.195444560990865,33.229248046875,2171100,0.0,0.0
2005-12-01,33.3982585738237,33.798271611024504,33.24050752181462,33.67432403564453,1675200,0.0,0.0
2005-12-02,33.54475025426148,33.70813674734662,33.43770439498714,33.5560188293457,1534100,0.0,0.0
2005-12-05,33.55601018309326,33.61798396767246,33.358820257174955,33.46586608886719,977400,0.0,0.0
2005-12-06,33.578548516178046,33.8771511390079,33.53347646446052,33.6010856628418,1405400,0.0,0.0
2005-12-07,33.56663326504889,33.56663326504889,33.07258825165103,33.08962631225586,1807900,0.45,0.0
2005-12-08,33.02716861109037,33.282707947941226,32.94198732587967,32.98173904418945,1968300,0.0,0.0
2005-12-09,33.09531341789657,33.23160212513118,32.93631105581821,33.07259750366211,1372500,0.0,0.0
2005-12-12,33.191865235899904,33.4417268477793,32.97039739980529,33.23161697387695,1490800,0.0,0.0
2005-12-13,33.208894412377624,33.731333456106505,33.123715361438826,33.69158172607422,1966200,0.0,0.0
2005-12-14,33.64614874405453,33.873296622578145,33.44171678307879,33.53825378417969,1903100,0.0,0.0
2005-12-15,33.532579873171585,33.59504526467879,33.186181294702806,33.328147888183594,1843500,0.0,0.0
2005-12-16,33.453058540472796,33.82217281703929,33.362199433066586,33.57231140136719,2832500,0.0,0.0
2005-12-19,33.39061638913497,33.64615582931881,33.29975721859225,33.419010162353516,1763400,0.0,0.0
2005-12-20,34.07204731780406,34.08340301604844,33.75404031975433,33.88465118408203,2340800,0.0,0.0
2005-12-21,33.98687342558565,34.12884001907228,33.719976049079484,33.81651306152344,1249800,0.0,0.0
2005-12-22,33.83354468468258,34.12315794556261,33.83354468468258,33.867618560791016,1446100,0.0,0.0
2005-12-23,33.98686534157084,34.060688675629706,33.878970394681964,33.97550964355469,1016500,0.0,0.0
2005-12-27,33.992553434537434,34.145877987677906,33.88465846230493,33.93008804321289,1106900,0.0,0.0
2005-12-28,33.85058089447349,34.49794835474525,33.85058089447349,34.41276931762695,1733000,0.0,0.0
2005-12-29,34.384378959727215,34.526345541920996,34.03230029950068,34.06637191772461,1519500,0.0,0.0
2005-12-30,33.93007089851881,34.06067946551379,33.83921178261353,33.87328338623047,1468600,0.0,0.0
2006-01-03,33.89034314259592,33.89034314259592,33.373584097440144,33.742698669433594,1616700,0.0,0.0
2006-01-04,33.74267481923548,34.03796581623256,33.646135596467275,33.87328338623047,2729400,0.0,0.0
2006-01-05,34.01526197362298,34.13451488797441,33.82786582786557,33.998226165771484,1504800,0.0,0.0
2006-01-06,34.07205636311878,34.31055998042997,33.93008976285798,34.19698715209961,1367800,0.0,0.0
2006-01-09,34.30488342990252,34.62288826503599,34.2878476179769,34.61153030395508,1412700,0.0,0.0
2006-01-10,34.21401466934831,34.37301704234435,34.2026567114512,34.28215789794922,1330900,0.0,0.0
2006-01-11,34.63991318074889,35.06581512309349,34.58880576104822,34.742130279541016,2021600,0.0,0.0
2006-01-12,34.74781354970321,34.918173901341284,34.526345770391046,34.730777740478516,1406600,0.0,0.0
2006-01-13,34.89544998170531,35.00902276293933,34.79891300468687,34.87273406982422,1301400,0.0,0.0
2006-01-17,34.55472974699059,34.88409239765382,34.4411547051553,34.71940994262695,1424700,0.0,0.0
2006-01-18,34.71942094575458,34.895461412633054,34.07205339532884,34.38438034057617,1989500,0.0,0.0
2006-01-19,34.367345582982246,34.53770594555035,34.174269300396375,34.24809265136719,1349300,0.0,0.0
2006-01-20,33.81649964999763,34.344616343201814,33.81649964999763,33.98118209838867,2334900,0.0,0.0
2006-01-23,33.947115612517514,34.27080045063625,33.75403937568265,33.90736389160156,2064800,0.0,0.0
2006-01-24,33.282709765264606,33.498499654978986,32.79434471865203,33.24863815307617,3124200,0.0,0.0
2006-01-25,33.362221994476286,33.46443912428072,32.885212487708024,33.0101432800293,3207300,0.0,0.0
2006-01-26,33.01581843898824,33.447398296609535,32.91928143383378,33.26000213623047,1887800,0.0,0.0
2006-01-27,33.07828659578853,33.560973921372685,33.027179163966586,33.3906135559082,1489500,0.0,0.0
2006-01-30,33.248635723190205,33.299743137737806,32.856807692877446,32.959022521972656,1633300,0.0,0.0
2006-01-31,32.85113386494428,32.936315164864425,32.40819833541074,32.43659210205078,2260200,0.0,0.0
2006-02-01,32.43658656517035,33.04988233046445,32.43090645717733,32.8681640625,2591500,0.0,0.0
2006-02-02,32.80002871017972,33.06124821819548,32.7205275137212,32.936317443847656,1696200,0.0,0.0
2006-02-03,32.63534391424153,32.96470889563853,32.51041314867405,32.5388069152832,1302700,0.0,0.0
2006-02-06,32.45363450617356,32.63535058269883,32.31166790351041,32.56720733642578,815200,0.0,0.0
2006-02-07,32.41386128181759,32.58422154393905,32.16967771225249,32.175357818603516,1221900,0.0,0.0
2006-02-08,32.14130130215038,32.54448511035133,32.13562119313366,32.493377685546875,1340800,0.0,0.0
2006-02-09,32.49338170229763,32.96471332061805,32.49338170229763,32.66374206542969,1707800,0.0,0.0
2006-02-10,32.65238458353165,32.81706709874766,32.288950191243885,32.408203125,1795000,0.0,0.0
2006-02-13,32.42522839754927,32.7091614948529,32.35708291781079,32.589908599853516,1313600,0.0,0.0
2006-02-14,32.68077501080395,32.9647104307267,32.493378853726135,32.64102554321289,2062500,0.0,0.0
2006-02-15,32.59558994858769,32.760270157160626,32.34004834377454,32.629661560058594,2173700,0.0,0.0
2006-02-16,32.65237004227877,32.95901901572356,32.612620588322784,32.91926956176758,1676100,0.0,0.0
2006-02-17,33.424667066369715,33.424667066369715,32.93630215499488,33.25430679321289,1477400,0.0,0.0
2006-02-21,33.22591240139434,33.37355902301768,33.02148052939977,33.23727035522461,1722500,0.0,0.0
2006-02-22,33.49281715839114,33.69725133572547,33.441709743752845,33.66885757446289,1567000,0.0,0.0
2006-02-23,33.61774948984254,34.072042882818266,33.61774948984254,33.75971603393555,2046100,0.0,0.0
2006-02-24,34.20264888577079,34.20264888577079,33.66317425147761,33.895999908447266,1357000,0.0,0.0
2006-02-27,33.708617665852024,34.04366053941232,33.708617665852024,33.9698371887207,1377000,0.0,0.0
2006-02-28,33.640463516196334,33.95279036854608,33.447389556340326,33.60639190673828,2157200,0.0,0.0
2006-03-01,33.60639467860815,33.85057833218216,33.583678764168795,33.84489822387695,2042800,0.0,0.0
2006-03-02,33.61207252752262,33.8960056422794,33.589358872474,33.84489822387695,2075300,0.0,0.0
2006-03-03,33.78811936621646,33.9471240299157,33.64615277241358,33.7086181640625,1821400,0.0,0.0
2006-03-06,33.73700660286134,33.839223709128376,33.345178504387796,33.50986099243164,2709000,0.0,0.0
2006-03-07,33.515539557178975,33.77675904819982,33.163460916290795,33.41332244873047,1663100,0.0,0.0
2006-03-08,33.45976609470911,33.8435698886306,33.41393846987239,33.74045944213867,1660900,0.49,0.0
2006-03-09,33.74045511343169,33.80346780459956,33.264993851648136,33.333736419677734,1442200,0.0,0.0
2006-03-10,33.33946541125836,33.677443830300724,33.270725119542064,33.568603515625,1240800,0.0,0.0
2006-03-13,33.68317350045701,34.072707162251334,33.62016080277797,33.88939666748047,1927500,0.0,0.0
2006-03-14,33.88940195427913,33.99251469347037,33.56288093922607,33.78628921508789,1897700,0.0,0.0
2006-03-15,33.8836898327141,33.96961525529976,33.63736648932034,33.843589782714844,1734900,0.0,0.0
2006-03-16,33.883666788282426,34.198730255468654,33.78628166999883,34.14144515991211,1582000,0.0,0.0
2006-03-17,34.307566406170935,34.307566406170935,33.65452460114981,33.79200744628906,2287000,0.0,0.0
2006-03-20,33.91230297866468,34.06124100832858,33.62587983376388,34.0440559387207,1616500,0.0,0.0
2006-03-21,34.12427565957068,34.22165854310722,33.8149396491008,33.88368225097656,1395000,0.0,0.0
2006-03-22,33.88366672538055,34.244557812504574,33.83783910485786,34.16436004638672,887100,0.0,0.0
2006-03-23,34.05551304500271,34.17580853096317,33.820647390640204,33.96958541870117,1530400,0.0,0.0
2006-03-24,33.87793482089136,34.06697288953915,33.62015646516702,33.82065200805664,1741800,0.0,0.0
2006-03-27,34.11280761516392,34.44505848309537,34.00396728515625,34.00396728515625,2688800,0.0,0.0
2006-03-28,34.00396059459637,34.009690471377404,33.53422921628946,33.55714416503906,1541600,0.0,0.0
2006-03-29,33.51131453233592,33.7519078046209,33.32227647285763,33.528499603271484,1453900,0.0,0.0
2006-03-30,33.41393056061215,33.5915111403279,33.09313726268865,33.3280029296875,1666800,0.0,0.0
2006-03-31,33.26498511870263,33.391010467953365,33.09886203788305,33.11031723022461,2126500,0.0,0.0
2006-04-03,33.13897851681861,33.465499546193016,33.12752103880864,33.391029357910156,1729900,0.0,0.0
2006-04-04,33.48267607311834,33.60297386353258,33.133242456147094,33.56287384033203,1386100,0.0,0.0
2006-04-05,33.65452564039755,33.711810730771305,33.00721369176025,33.29936218261719,1443400,0.0,0.0
2006-04-06,33.305076562546176,33.35663175238198,32.94991327002082,33.007198333740234,1473800,0.0,0.0
2006-04-07,32.98429778388749,33.25926347465369,32.81244479695539,32.841087341308594,1351800,0.0,0.0
2006-04-10,32.938470949840635,32.97857096872344,32.72079262180606,32.96711349487305,1346600,0.0,0.0
2006-04-11,33.06449854246297,33.09887096631972,32.66923732038983,32.737979888916016,1671500,0.0,0.0
2006-04-12,32.709335963207636,32.98429938816025,32.709335963207636,32.81817626953125,1353500,0.0,0.0
2006-04-13,32.72080111107113,32.80672648927416,32.629145854862735,32.79526901245117,1521000,0.0,0.0
2006-04-17,32.760894563965905,32.84109233283188,32.703609466552734,32.703609466552734,1312100,0.0,0.0
2006-04-18,32.709333445759185,33.05303940988731,32.67496330518378,33.03585433959961,1957300,0.0,0.0
2006-04-19,32.972838186396466,33.1103187342337,32.76088520983606,32.772342681884766,1796400,0.0,0.0
2006-04-20,32.72080111107113,33.03586462979515,32.715071233065764,32.79526901245117,1326200,0.0,0.0
2006-04-21,32.90983128591113,33.018671591512664,32.66923572658815,32.76089096069336,1451800,0.0,0.0
2006-04-24,32.886924453051755,34.009697929118204,32.88119685420202,33.52278137207031,3933200,0.0,0.0
2006-04-25,33.48840436882863,33.88366789437185,33.32800883105926,33.396751403808594,2675900,0.0,0.0
2006-04-26,33.511313440308406,33.860747003256414,33.488398493682965,33.64306640625,2458800,0.0,0.0
2006-04-27,33.64307271952566,33.96959367630843,33.637345121388016,33.763370513916016,1504400,0.0,0.0
2006-04-28,33.78627794649202,33.89511824854199,33.528499603271484,33.528499603271484,1681200,0.0,0.0
2006-05-01,33.454033662632625,33.99250764355043,33.454033662632625,33.58005905151367,1363200,0.0,0.0
2006-05-02,33.69462268757979,33.975315958954134,33.63161000540134,33.803462982177734,1316200,0.0,0.0
2006-05-03,33.51704830017656,33.82065659403665,33.270727385293675,33.63161849975586,2106300,0.0,0.0
2006-05-04,33.6946254566521,34.07270158079361,33.6946254566521,33.895118713378906,1451500,0.0,0.0
2006-05-05,34.07843240321142,34.16436004638672,33.826381629930346,34.16436004638672,1301400,0.0,0.0
2006-05-08,34.25600563741393,34.53669889802361,34.2273653750387,34.47368621826172,1613900,0.0,0.0
2006-05-09,34.46224058896568,34.84604437068813,34.410683088170856,34.84031677246094,1575700,0.0,0.0
2006-05-10,34.90905299366869,35.269944061174904,34.834582829469056,35.12100601196289,2560200,0.0,0.0
2006-05-11,34.96060368440478,35.05798878460951,34.69709776381242,34.97206115722656,1813500,0.0,0.0
2006-05-12,34.86895394497324,35.28140021260505,34.82885392600399,35.178287506103516,2227500,0.0,0.0
2006-05-15,35.36159636028677,35.53917694091797,35.13818816543025,35.53917694091797,2481900,0.0,0.0
2006-05-16,35.401702042688534,35.60219532292338,35.19547660607925,35.23557662963867,1314800,0.0,0.0
2006-05-17,34.81167387536394,35.25849034987425,34.674191006596345,34.765846252441406,1473900,0.0,0.0
2006-05-18,34.31329983439541,34.78303125905478,34.31329983439541,34.410682678222656,2210000,0.0,0.0
2006-05-19,34.416413601977936,34.42214120031104,34.141447856612906,34.25601577758789,3153900,0.0,0.0
2006-05-22,34.256019861194495,34.62836849773474,34.14145192656205,34.3534049987793,1622500,0.0,0.0
2006-05-23,34.3247597515753,34.40495752744301,34.14144924719901,34.175819396972656,1887600,0.0,0.0
2006-05-24,34.15290658724748,34.2674745124317,33.94095353250965,34.158634185791016,2295800,0.0,0.0
2006-05-25,34.28464747069747,34.40494523109838,34.135709448513,34.387760162353516,1335300,0.0,0.0
2006-05-26,34.439327239990234,34.50233994017115,34.278931690291124,34.439327239990234,1131400,0.0,0.0
2006-05-30,35.10955348046863,35.126738554751405,34.62836456298828,34.62836456298828,1779200,0.0,0.0
2006-05-31,34.76011677890383,34.926239908746325,34.542436151562924,34.75438690185547,1691000,0.0,0.0
2006-06-01,34.82884327058185,35.0866215391911,34.72000300003459,34.98923873901367,1228300,0.0,0.0
2006-06-02,34.926240261619995,35.017895503446134,34.66273201116671,34.828857421875,1153600,0.0,0.0
2006-06-05,34.828864092732395,34.84032156995199,34.3534049987793,34.3534049987793,1395100,0.0,0.0
2006-06-06,34.45651446031223,34.79449293461309,34.28466142373662,34.48515701293945,2456800,0.0,0.0
2006-06-07,34.55511233495328,34.89020578424127,34.381787819983195,34.43378448486328,1605600,0.49,0.0
2006-06-08,34.35288222076801,34.9364077089079,34.295106646141626,34.809303283691406,1925100,0.0,0.0
2006-06-09,34.65331982058238,35.277286529541016,34.61287644839221,35.277286529541016,2116900,0.0,0.0
2006-06-12,35.184845431236425,35.271506508045015,34.612873129490524,34.653316497802734,2179200,0.0,0.0
2006-06-13,34.71109522733877,35.456389750247794,34.705316289226246,34.9710807800293,2476400,0.0,0.0
2006-06-14,34.78620372981526,35.11552047729492,34.71687485611542,35.11552047729492,2275000,0.0,0.0
2006-06-15,35.375489005705134,35.375489005705134,34.82085142330629,35.23105239868164,1630000,0.0,0.0
2006-06-16,35.06928495610411,35.36971377380719,35.06928495610411,35.150169372558594,1462300,0.0,0.0
2006-06-19,34.722644775909686,34.959521446810044,34.53776704892321,34.63020706176758,2312700,0.0,0.0
2006-06-20,34.6590931887351,34.75731214086873,34.526212104528284,34.69375991821289,1919300,0.0,0.0
2006-06-21,34.6706523130564,35.28306574799977,34.6706523130564,35.24262237548828,2173600,0.0,0.0
2006-06-22,35.12129037973966,35.24261587749921,34.88441372393963,35.19639587402344,1421900,0.0,0.0
2006-06-23,35.086630122333666,35.38705905096782,34.98841345885189,35.24262237548828,1800200,0.0,0.0
2006-06-26,35.196399513604376,35.34661511510962,35.06929506557795,35.31195068359375,1753800,0.0,0.0
2006-06-27,35.242619748186485,35.363947557973546,35.14440309202666,35.23684310913086,2141900,0.0,0.0
2006-06-28,35.381282740887315,35.44483497063809,35.00574600192268,35.2484016418457,2406800,0.0,0.0
2006-06-29,35.35817592035553,35.74526596069336,35.271512530048355,35.74526596069336,1650800,0.0,0.0
2006-06-30,35.77991856886886,35.78569750553383,35.519933081301204,35.647037506103516,2807500,0.0,0.0
2006-07-03,35.64703637982406,35.76836416282994,35.491044172731314,35.69325637817383,686000,0.0,0.0
2006-07-05,35.69325577118466,35.71058798293334,35.27727579311076,35.38127136230469,1556000,0.0,0.0
2006-07-06,35.58350216899884,35.623943251322956,35.25418537618824,35.35818099975586,1521800,0.0,0.0
2006-07-07,35.42172416390715,35.43327744235127,34.88441856037274,35.01729965209961,2301400,0.0,0.0
2006-07-10,35.023064997577826,35.52570600629043,34.924848370259696,35.43904495239258,1625500,0.0,0.0
2006-07-11,35.346615900304194,35.43905591886823,34.936414754615306,35.16751480102539,1213600,0.0,0.0
2006-07-12,35.283060235978475,35.283060235978475,34.95374356395471,34.97685241699219,1351500,0.0,0.0
2006-07-13,34.99996805575383,35.05774364380767,34.601322474808796,34.659095764160156,1435600,0.0,0.0
2006-07-14,34.54931004087999,34.5781978236315,33.87334695826219,34.33554458618164,2222300,0.0,0.0
2006-07-17,34.31822027542345,34.60709357202645,34.23155690722128,34.30088806152344,1383700,0.0,0.0
2006-07-18,34.30088736465734,34.38177179411483,34.04667850101894,34.19689178466797,1407100,0.0,0.0
2006-07-19,34.416435645727205,35.028848942753115,34.231555639371756,34.895965576171875,1597300,0.0,0.0
2006-07-20,34.959515050322665,35.21950282621569,34.75730514526367,34.75730514526367,1449100,0.0,0.0
2006-07-21,34.763077874358885,34.76885451144186,34.10444470143289,34.12755584716797,2389700,0.0,0.0
2006-07-24,34.22000938657572,34.67642826055382,34.16801043742682,34.62443161010742,1632600,0.0,0.0
2006-07-25,34.572427710738474,34.83819214402269,34.35865991699834,34.72264099121094,1548900,0.0,0.0
2006-07-26,35.24262237548828,35.80303915894763,35.15596128968158,35.24262237548828,2668200,0.0,0.0
2006-07-27,35.30039291962384,35.358168501038726,34.578207346746666,34.77464294433594,1826200,0.0,0.0
2006-07-28,34.98264088812619,35.49683542069017,34.924865291733596,35.20796203613281,1193200,0.0,0.0
2006-07-31,35.09239478216204,35.32927138525696,35.057730361943584,35.2714958190918,1500400,0.0,0.0
2006-08-01,35.0346270112093,35.27150366700933,34.999962583278,35.19639587402344,1452200,0.0,0.0
2006-08-02,35.19640098431188,35.36394880857617,34.88441878893029,34.94219207763672,1526100,0.0,0.0
2006-08-03,34.936400249184786,35.35237786130856,34.86707141339798,35.23105239868164,1028000,0.0,0.0
2006-08-04,35.24839868594448,35.38705641289841,35.028854219997584,35.23684310913086,1065600,0.0,0.0
2006-08-07,35.236854586592656,35.38706793928819,35.06930671367926,35.36973571777344,997800,0.0,0.0
2006-08-08,35.514170410508285,35.64127489352581,35.39284486680254,35.42750930786133,1089800,0.0,0.0
2006-08-09,35.51416946099919,35.71638176003972,35.21374048201705,35.26573944091797,1042600,0.0,0.0
2006-08-10,35.21373670313455,35.86081461140276,35.21373670313455,35.82037353515625,1273800,0.0,0.0
2006-08-11,35.67017271533128,35.76839172419595,35.22530689978712,35.335079193115234,1197900,0.0,0.0
2006-08-14,35.479502093631545,35.60082992278629,35.283068749955035,35.29462432861328,983500,0.0,0.0
2006-08-15,35.387044385945025,35.6585877059129,35.29460669895988,35.30615997314453,1463700,0.0,0.0
2006-08-16,35.444823471353345,35.62970346108544,35.30616347905428,35.58926010131836,1138000,0.0,0.0
2006-08-17,35.537261785430424,35.670142835076916,35.36393737792969,35.36393737792969,1142200,0.0,0.0
2006-08-18,35.40438950260733,35.699039459228516,35.30617055169799,35.699039459228516,988600,0.0,0.0
2006-08-21,35.774153520372614,35.976365797713186,35.670157912433766,35.82037353515625,1211900,0.0,0.0
2006-08-22,35.76258294133545,35.924351775872665,35.42748969873644,35.49681854248047,1670000,0.0,0.0
2006-08-23,35.415947696689344,35.756820006024604,35.41017105706429,35.65282440185547,885100,0.0,0.0
2006-08-24,35.67592651730023,36.080348656136245,35.67592651730023,36.02257537841797,1178700,0.0,0.0
2006-08-25,35.82037310096702,36.068805390079895,35.63549304407346,35.64126968383789,1270600,0.0,0.0
2006-08-28,35.5314955559912,36.03413441614574,35.52571661820398,35.92436218261719,1044700,0.0,0.0
2006-08-29,35.924369271076,36.57144722305419,35.791488156286135,36.496341705322266,1908500,0.0,0.0
2006-08-30,36.54834174211697,36.77943955430661,36.172804923929995,36.18436050415039,1875700,0.0,0.0
2006-08-31,36.617657672473094,36.77942654352043,36.045687686389996,36.686988830566406,1530700,0.0,0.0
2006-09-01,36.62921646726124,37.18963092645607,36.62921646726124,37.13763427734375,1476200,0.0,0.0
2006-09-05,36.97586305131643,37.21273972499138,36.946975259626406,37.097190856933594,1674200,0.0,0.0
2006-09-06,36.893979918404376,37.19099624412614,36.86486035274504,37.1618766784668,1482300,0.49,0.0
2006-09-07,37.19099441617032,37.34241290615309,37.10363572348602,37.26087951660156,1422600,0.0,0.0
2006-09-08,37.266706615782624,37.365711285213436,37.202642181106114,37.27252960205078,1182900,0.0,0.0
2006-09-11,37.44724653411363,37.96556648631253,37.44724653411363,37.95974349975586,2407800,0.0,0.0
2006-09-12,37.88403478811457,38.297527097968114,37.69184841737804,38.19269943237305,1706200,0.0,0.0
2006-09-13,38.19269764951,38.227640203077215,37.65108111778183,37.79667663574219,1658000,0.0,0.0
2006-09-14,37.767559277149864,37.884035234899905,37.61031545975724,37.7442626953125,2564600,0.0,0.0
2006-09-15,37.65690405984963,38.134458470425365,37.56372237235015,38.03545379638672,2291600,0.0,0.0
2006-09-18,37.90150617841121,38.012159148298736,37.493839171308935,37.715145111083984,1202200,0.0,0.0
2006-09-19,37.621950435043125,38.163566806746246,37.56371131820803,38.1402702331543,1884700,0.0,0.0
2006-09-20,38.08785992449064,38.14609904668697,37.825788508897105,37.88985061645508,1131500,0.0,0.0
2006-09-21,37.82579062611277,38.05291950795954,37.58701345574575,37.802494049072266,1271500,0.0,0.0
2006-09-22,37.66272153826459,37.9073240114643,37.66272153826459,37.802494049072266,1435600,0.0,0.0
2006-09-25,37.91315818903161,38.08205031242394,37.88403861770751,37.93645477294922,2030700,0.0,0.0
2006-09-26,37.8549002274154,38.06456010986152,37.837428956735664,38.0237922668457,1674300,0.0,0.0
2006-09-27,38.02380355790242,38.05874610963797,37.8257942199707,37.8257942199707,1657600,0.0,0.0
2006-09-28,37.6394346757257,38.04127869577102,37.6394346757257,37.97139358520508,2413200,0.0,0.0
2006-09-29,37.93062564415584,38.0645751953125,37.93062564415584,38.0645751953125,1715400,0.0,0.0
2006-10-02,38.01796160779126,38.04125585828036,37.85489258579078,38.00631332397461,1102700,0.0,0.0
2006-10-03,38.047099879487945,38.28005409891029,37.994686049047466,38.087867736816406,2419500,0.0,0.0
2006-10-04,38.000509237040355,38.55959701538086,37.90732755445938,38.55959701538086,1842000,0.0,0.0
2006-10-05,38.437297817010766,38.72848885274501,38.355764419691,38.56542205810547,1227000,0.0,0.0
2006-10-06,38.43729767041631,38.6353070178455,38.26258258621301,38.49553680419922,1121600,0.0,0.0
2006-10-09,38.3732374821969,38.594543421140145,38.239290248326526,38.57707214355469,563800,0.0,0.0
2006-10-10,38.518825570270025,38.55376811869482,38.18686672594421,38.53629684448242,871900,0.0,0.0
2006-10-11,38.437288393575535,38.46640795343898,38.29169291140317,38.42564010620117,797000,0.0,0.0
2006-10-12,38.466411488034176,38.56541614695132,38.28587112714927,38.54212188720703,1478300,0.0,0.0
2006-10-13,38.61201095581055,38.64113052134542,38.35576248653623,38.61201095581055,1283800,0.0,0.0
2006-10-16,38.483892362569506,38.69937300825348,38.29170598244095,38.51301193237305,1325600,0.0,0.0
2006-10-17,38.46642887232224,38.6236727273816,38.361598863233944,38.45478057861328,895300,0.0,0.0
2006-10-18,38.48387928006934,39.06626120957812,38.41981717513758,39.03131866455078,1434300,0.0,0.0
2006-10-19,38.990554446745584,39.1070326972058,38.69936345488527,39.07209014892578,1314400,0.0,0.0
2006-10-20,39.048790208540744,39.40986626586011,38.612003758372516,39.2642707824707,2090100,0.0,0.0
2006-10-23,38.58289490413969,39.194396567481974,38.37323725719792,39.13033676147461,3028700,0.0,0.0
2006-10-24,38.61201705443136,38.67025619469975,37.88986237397355,38.04710388183594,3131700,0.0,0.0
2006-10-25,37.913139551233655,38.39069379817884,37.88401999422449,38.2218017578125,2078900,0.0,0.0
2006-10-26,38.05874049021432,38.68771559716669,37.953912850485594,38.41981887817383,1981900,0.0,0.0
2006-10-27,38.19270898974006,38.728500376864616,38.111173251012914,38.58290481567383,2128400,0.0,0.0
2006-10-30,38.35575854067233,38.66442080586846,38.35575854067233,38.54212188720703,1072300,0.0,0.0
2006-10-31,38.454767158044056,38.810020296442886,38.32081993714968,38.740135192871094,1698200,0.0,0.0
2006-11-01,38.60036100784698,38.699365672695905,38.413997650146484,38.413997650146484,1391000,0.0,0.0
2006-11-02,38.43148079547989,38.43148079547989,38.09952185098916,38.349945068359375,2077400,0.0,0.0
2006-11-03,38.29751756781802,38.5887085448703,38.26257502131495,38.3848762512207,1703200,0.0,0.0
2006-11-06,38.40818224015993,38.61201691320807,38.332471821517075,38.524658203125,1279800,0.0,0.0
2006-11-07,38.55377936287001,38.844972758008225,38.41400681126117,38.431480407714844,1579200,0.0,0.0
2006-11-08,38.29170620777567,38.61201684320818,38.29170620777567,38.489715576171875,1926500,0.0,0.0
2006-11-09,38.35575677040238,38.72265814374293,38.33246019458822,38.41981887817383,2068900,0.0,0.0
2006-11-10,38.51883680425425,38.51883680425425,38.349944681417,38.431480407714844,1250600,0.0,0.0
2006-11-13,38.384889829207296,38.60619579153656,38.37324153720422,38.571250915527344,2009600,0.0,0.0
2006-11-14,38.612014816733634,38.64695737201134,38.41982844556064,38.50136184692383,1886600,0.0,0.0
2006-11-15,38.5304661878156,38.66441336915833,38.489698344673,38.51881790161133,1675400,0.0,0.0
2006-11-16,38.57124310063266,38.68189605937796,38.50135799706524,38.61201095581055,1894000,0.0,0.0
2006-11-17,38.55959713054708,38.77507774465699,38.472238433937,38.740135192871094,1968800,0.0,0.0
2006-11-20,38.582885822399454,38.80419170795353,38.454761606251836,38.617828369140625,1405500,0.0,0.0
2006-11-21,38.5013486460248,38.65276710602679,38.48387737437629,38.507171630859375,1237700,0.0,0.0
2006-11-22,38.379051250055944,38.693538805342925,38.3674052792268,38.63529968261719,911500,0.0,0.0
2006-11-24,38.274227054532815,38.72848483781429,38.274227054532815,38.60618591308594,1250800,0.0,0.0
2006-11-27,38.4897136850492,38.594543668379075,38.19269964704814,38.29752731323242,1080300,0.0,0.0
2006-11-28,38.30335248891974,38.582895248287016,38.05874996768461,38.50136184692383,1700400,0.0,0.0
2006-11-29,38.50135799706524,38.705192638663995,38.32081993475252,38.61201095581055,1119200,0.0,0.0
2006-11-30,38.658592349684334,38.8740729111207,38.48387731631806,38.71100616455078,1438800,0.0,0.0
2006-12-01,38.810014733649396,38.85660556840099,38.379051250055944,38.63529968261719,1151000,0.0,0.0
2006-12-04,38.5246562822333,39.240990254330896,38.5246562822333,39.11868667602539,1836800,0.0,0.0
2006-12-05,39.21187564871307,39.60207376921052,39.11287326803672,39.50889205932617,1675800,0.0,0.0
2006-12-06,39.37454302247169,39.56818584350347,39.2571806240195,39.53297805786133,1483800,0.49,0.0
2006-12-07,39.4919163296367,39.66209047367987,39.13983599959812,39.23372268676758,1089700,0.0,0.0
2006-12-08,39.257187243990046,39.30412940960627,38.85229297136019,38.88750076293945,1577700,0.0,0.0
2006-12-11,38.93443949633935,39.10461124201141,38.83468332339589,38.92270278930664,1226600,0.0,0.0
2006-12-12,38.92857005150753,39.04593245259626,38.676246025581214,38.85228729248047,1485900,0.0,0.0
2006-12-13,38.85815447864137,39.61513356062184,38.676246025581214,38.85228729248047,1224800,0.0,0.0
2006-12-14,38.934433215927655,39.180890015456285,38.75839197776907,39.06352996826172,1237600,0.0,0.0
2006-12-15,39.11635221061158,39.46843244734612,39.057671003788776,39.450828552246094,1959700,0.0,0.0
2006-12-18,39.503633638318426,39.52123752839681,39.180889427592206,39.23957061767578,983500,0.0,0.0
2006-12-19,39.24546379527643,39.63275427993227,39.13983805639991,39.59754180908203,1293900,0.0,0.0
2006-12-20,39.4625647146647,39.609265386278985,39.31586404305041,39.556453704833984,1066400,0.0,0.0
2006-12-21,39.60928034991279,40.243030105607126,39.398028874858134,39.76771545410156,2426400,0.0,0.0
2006-12-22,39.69727866265691,39.80877152924853,39.38040395395088,39.7618293762207,1540500,0.0,0.0
2006-12-26,39.6855583190918,39.86746681425642,39.60927320767397,39.6855583190918,789800,0.0,0.0
2006-12-27,39.80291672962545,40.03764158997572,39.797051876744895,39.91440963745117,904300,0.0,0.0
2006-12-28,39.79704204727459,40.10804727400778,39.79704204727459,39.97895050048828,660700,0.0,0.0
2006-12-29,39.92025986620731,40.16084946316039,39.80876701226645,39.87331771850586,891700,0.0,0.0
2007-01-03,39.855727248581275,40.32516756151943,39.7853069991192,40.10805130004883,1994600,0.0,0.0
2007-01-04,40.166728457711336,40.37211032496977,39.83811466841722,40.31929397583008,1981800,0.0,0.0
2007-01-05,40.30169312541899,40.313432168099766,40.008291769888515,40.16086196899414,2004500,0.0,0.0
2007-01-08,40.102188174652035,40.436666902438894,39.90267577635871,40.38972473144531,1850400,0.0,0.0
2007-01-09,40.442533083129355,40.71833057228361,40.213677761089876,40.48947525024414,2294900,0.0,0.0
2007-01-10,40.36624122754571,40.694850350819486,40.25474834613484,40.66551208496094,1401300,0.0,0.0
2007-01-11,40.64203903203953,40.77113580800717,40.50120788351765,40.56575393676758,1272600,0.0,0.0
2007-01-12,40.46012684136295,40.69484695705999,40.41904953701245,40.49533462524414,1421000,0.0,0.0
2007-01-16,40.61270615404639,40.82395290485552,40.166734565269266,40.27235794067383,2746400,0.0,0.0
2007-01-17,40.31343647377422,40.706596386742426,40.272359158940354,40.61857223510742,1370500,0.0,0.0
2007-01-18,41.01758858647941,41.01758858647941,40.419046959729954,40.571617126464844,1467900,0.0,0.0
2007-01-19,40.659642715557176,40.71245439598005,40.34863748453283,40.4366569519043,1410800,0.0,0.0
2007-01-22,40.70659590766884,40.72419980389495,39.9496143615406,40.51881790161133,2123100,0.0,0.0
2007-01-23,40.44253243526563,41.05867346717037,40.44253243526563,40.88850402832031,1835200,0.0,0.0
2007-01-24,40.782885577457385,41.04694875009632,40.64205437576705,40.765281677246094,1131100,0.0,0.0
2007-01-25,40.718334970967724,40.74180839179515,40.301701596524346,40.3369140625,2351400,0.0,0.0
2007-01-26,40.22541343022704,40.28408996683068,39.98482375396046,40.04936981201172,2089400,0.0,0.0
2007-01-29,39.99070317733921,40.26063588973104,39.92028757218303,40.09046173095703,2613200,0.0,0.0
2007-01-30,40.102194984011426,40.54816669678664,39.7031701196703,40.501224517822266,1893500,0.0,0.0
2007-01-31,40.518819293056,40.91197454542986,40.413191242603496,40.72420120239258,1570100,0.0,0.0
2007-02-01,40.671374918839355,40.82981462112536,40.53054377855626,40.77113342285156,1408300,0.0,0.0
2007-02-02,40.77115120047304,40.90611754840599,40.636184852540104,40.765281677246094,1545100,0.0,0.0
2007-02-05,40.5540202133696,40.694851364145784,40.36624223268944,40.612701416015625,1257200,0.0,0.0
2007-02-06,40.612698390033074,40.84741851366075,40.53054377855626,40.77113342285156,1306400,0.0,0.0
2007-02-07,40.68311931300521,40.78287316067489,40.40732184735142,40.47773742675781,1277500,0.0,0.0
2007-02-08,40.4307851265977,40.559881894540645,40.090441649003104,40.143253326416016,1758100,0.0,0.0
2007-02-09,40.24886967173062,40.460121014059446,40.00828007021539,40.102169036865234,1747700,0.0,0.0
2007-02-12,40.020032189083075,40.31343355470528,40.020032189083075,40.096317291259766,1129100,0.0,0.0
2007-02-13,40.313436739875435,40.43666401572186,40.149132148924004,40.407325744628906,1751700,0.0,0.0
2007-02-14,40.40732308397436,40.97065240593372,40.38384966696448,40.823951721191406,1304100,0.0,0.0
2007-02-15,40.74179601800255,40.94130836076868,40.630303139770355,40.859153747558594,1179000,0.0,0.0
2007-02-16,40.66551517055584,41.01172821350806,40.58336054876984,40.68898391723633,1560600,0.0,0.0
2007-02-20,40.72419483755998,41.07627738861405,40.55988560019588,41.07040786743164,1081400,0.0,0.0
2007-02-21,40.95892026821235,41.02346633167793,40.671383735181664,40.84742736816406,1417700,0.0,0.0
2007-02-22,40.92957574812366,40.95891868722237,40.60683610431629,40.782875061035156,1056300,0.0,0.0
2007-02-23,40.72420368834411,41.15843628298614,40.59510688054933,41.07628631591797,2688100,0.0,0.0
2007-02-26,41.02345060461759,41.13494346192313,40.81806877960911,41.01758575439453,1151900,0.0,0.0
2007-02-27,41.01758793418339,41.24057366064457,39.46255736895686,40.02588653564453,2604500,0.0,0.0
2007-02-28,39.84984869684511,40.44838566062892,39.7324863104716,39.90266036987305,4451500,0.0,0.0
2007-03-01,39.84397883089052,40.17258790652389,38.95790542902176,40.002418518066406,3021200,0.0,0.0
2007-03-02,39.80290858449996,39.996556087714715,39.28652146855116,39.456695556640625,1992400,0.0,0.0
2007-03-05,39.45670456388801,40.066980810185,39.34521165342599,39.662086486816406,2319300,0.0,0.0
2007-03-06,39.808786251974865,39.94961743260994,39.62100823148219,39.91440963745117,1489100,0.0,0.0
2007-03-07,39.98112723348914,40.21777524095971,39.62024702523196,39.67940902709961,1389400,0.53,0.0
2007-03-08,39.992961465061306,40.093532628784025,39.67940804145097,39.81547546386719,2009600,0.0,0.0
2007-03-09,39.90422311960778,40.03437766025392,39.679415010971226,39.79181671142578,1591500,0.0,0.0
2007-03-12,39.60840656372028,39.79180544985468,39.5374140539555,39.57291030883789,1537500,0.0,0.0
2007-03-13,39.47825109347824,39.626151358428125,39.29484986890564,39.3658447265625,2739900,0.0,0.0
2007-03-14,39.42501654839645,39.85689402360811,39.04047056216184,39.6202507019043,3194000,0.0,0.0
2007-03-15,39.62025235610563,39.80956890446379,39.53150698750018,39.63800048828125,1965700,0.0,0.0
2007-03-16,39.63800424667085,39.69716626210831,39.318533129490824,39.47235107421875,2120500,0.0,0.0
2007-03-19,39.578843163379176,39.9042271943568,39.49010013813295,39.845069885253906,1546700,0.0,0.0
2007-03-20,39.821399332691115,40.26510734379887,39.81548171940359,40.25327682495117,1968200,0.0,0.0
2007-03-21,40.17045387047863,40.673323951375956,40.14678812222767,40.649658203125,1845100,0.0,0.0
2007-03-22,40.14676987733533,41.05193843622907,40.14676987733533,40.886287689208984,1590500,0.0,0.0
2007-03-23,40.88629250090979,40.986863658583175,40.66739734955748,40.81529998779297,1240800,0.0,0.0
2007-03-26,40.70289398034238,40.80938275099668,40.44258495803651,40.78571701049805,1297000,0.0,0.0
2007-03-27,40.57274958387548,40.67332076754567,40.33610153534609,40.608245849609375,1540700,0.0,0.0
2007-03-28,40.525416445571416,40.7620597767645,40.205945359210695,40.65557098388672,2806700,0.0,0.0
2007-03-29,41.028283904465646,41.028283904465646,40.46625190871957,40.70289993286133,1769400,0.0,0.0
2007-03-30,40.67923863695675,40.773896915418405,40.19411672523857,40.519500732421875,3840400,0.0,0.0
2007-04-02,40.531326311743996,40.7147252114435,40.34200979988435,40.59640121459961,1495300,0.0,0.0
2007-04-03,40.75614891118074,40.9513783745619,40.673321151867306,40.850807189941406,1211600,0.0,0.0
2007-04-04,40.9395440403153,41.087446704398154,40.73247936905386,40.91587829589844,1169500,0.0,0.0
2007-04-05,40.9750304723605,41.253087602433986,40.9099508677598,41.211673736572266,959500,0.0,0.0
2007-04-09,41.29451776232001,41.5134129857809,41.099283579208276,41.4779167175293,1164600,0.0,0.0
2007-04-10,41.47790327866087,41.73229468795038,41.43057650556859,41.61988830566406,1956300,0.0,0.0
2007-04-11,41.5311470300615,41.613974766367065,41.093356731664336,41.18801498413086,1699900,0.0,0.0
2007-04-12,41.057860658029,41.406910317455406,40.95136718120169,41.37732696533203,1429500,0.0,0.0
2007-04-13,41.377327251258656,41.55481324204645,41.27675609343262,41.49565124511719,1013000,0.0,0.0
2007-04-16,41.60805505822916,41.82103729248047,41.519314422176976,41.82103729248047,1797200,0.0,0.0
2007-04-17,41.951204816637116,42.199678674711805,41.8210502741174,42.18193054199219,1937800,0.0,0.0
2007-04-18,42.0458630937176,42.51323215791011,42.0458630937176,42.18193054199219,2274000,0.0,0.0
2007-04-19,42.69071061184644,42.69071061184644,42.0576861443795,42.241085052490234,1492900,0.0,0.0
2007-04-20,42.35942266089513,42.57240028412002,42.039951518329595,42.560569763183594,2997600,0.0,0.0
2007-04-23,42.448144531758224,42.566468519615114,41.41282611505183,42.0635986328125,2256600,0.0,0.0
2007-04-24,41.915706634521484,42.14051473611439,41.554821675421344,41.915706634521484,2026300,0.0,0.0
2007-04-25,42.00444068201732,42.548724487732436,41.73821403757675,42.52505874633789,1755500,0.0,0.0
2007-04-26,42.41855990568731,42.536879169129634,42.181911963351794,42.42447280883789,2156100,0.0,0.0
2007-04-27,42.28841466005311,42.554636591759014,42.18192117964428,42.37715530395508,948800,0.0,0.0
2007-04-30,42.09910189605647,42.38898959452085,42.00444363155798,42.10501480102539,1444400,0.0,0.0
2007-05-01,41.57848894892678,42.35349858361255,41.57848894892678,42.276588439941406,1834000,0.0,0.0
2007-05-02,42.15826229327894,42.44814998069637,41.96894577149639,42.35940933227539,867400,0.0,0.0
2007-05-03,42.477726902153165,42.477726902153165,41.96302645449188,42.069515228271484,1242100,0.0,0.0
2007-05-04,42.07543742822831,42.3830732663771,41.927534768165565,42.152347564697266,1277800,0.0,0.0
2007-05-07,42.09319177840644,42.38307952848777,41.95120671024052,42.3180046081543,1269200,0.0,0.0
2007-05-08,42.24107724656596,42.317987363056595,42.004433993481875,42.11684036254883,987900,0.0,0.0
2007-05-09,42.19967283541238,42.32982735992221,41.90386752586519,42.25883483886719,2134200,0.0,0.0
2007-05-10,42.152352649087945,42.18784891516638,41.844712066104705,41.92753982543945,1669300,0.0,0.0
2007-05-11,41.97484522103251,42.21740605411379,41.82694261849943,42.164161682128906,1213600,0.0,0.0
2007-05-14,41.99851856458485,42.241079441611525,41.79737155362454,41.82103729248047,1680600,0.0,0.0
2007-05-15,41.998525677655216,42.004443290302945,41.531151971655646,41.58439636230469,2162900,0.0,0.0
2007-05-16,41.643557116983864,42.418571333798276,41.58439511546097,42.35940933227539,1536300,0.0,0.0
2007-05-17,42.18192018690157,42.607879975332615,42.11092767345079,42.44814682006836,1735300,0.0,0.0
2007-05-18,42.45998459574099,42.56056047880919,42.335747675961464,42.54281234741211,1783400,0.0,0.0
2007-05-21,42.30025418593117,42.53098461694459,42.140516285159585,42.276588439941406,1240400,0.0,0.0
2007-05-22,42.13459915411946,42.205591677242026,41.90978635908001,41.96894836425781,1250800,0.0,0.0
2007-05-23,42.00444729406175,42.152349962537954,41.82696126725392,41.915706634521484,1190100,0.0,0.0
2007-05-24,41.82695552968248,42.093182179511196,41.73229726991509,41.77962875366211,1703200,0.0,0.0
2007-05-25,41.939360572763725,42.12867708622188,41.76779218820936,42.010353088378906,909800,0.0,0.0
2007-05-29,41.779634864809516,42.12276698739577,41.75005150620878,41.88612365722656,1910100,0.0,0.0
2007-05-30,41.48972891567358,42.15825422646314,41.48972891567358,42.11684036254883,1597300,0.0,0.0
2007-05-31,41.98077392578125,42.14050708394827,41.86836754153268,41.98077392578125,1542100,0.0,0.0
2007-06-01,41.98077478542859,42.51322336461482,41.98077478542859,42.400821685791016,2275200,0.0,0.0
2007-06-04,42.40083654576492,42.63156230425856,42.3061782550889,42.560569763183594,2064000,0.0,0.0
2007-06-05,42.69072495821298,43.06344051211833,42.32983992541971,42.58423614501953,1626700,0.0,0.0
2007-06-06,42.496463321190454,42.526270888573436,41.95988915500402,41.977779388427734,1264300,0.53,0.0
2007-06-07,41.97777873192582,42.043357276807406,41.53063201904297,41.53063201904297,1689400,0.0,0.0
2007-06-08,41.4352460076834,41.90027826392012,41.3756308668796,41.88835144042969,1402700,0.0,0.0
2007-06-11,41.88833512672385,41.94795498847037,41.67370931742867,41.70948028564453,1060700,0.0,0.0
2007-06-12,41.4888843597147,41.67966124463769,41.36964465549829,41.399452209472656,2350000,0.0,0.0
2007-06-13,41.58427343025856,42.16258176768758,41.399455196300764,41.953914642333984,2370400,0.0,0.0
2007-06-14,42.00162231601214,42.09104975970669,41.5187093759001,41.81084060668945,1338500,0.0,0.0
2007-06-15,42.10297496113282,42.180480324072136,41.32196266516366,41.36369705200195,2643900,0.0,0.0
2007-06-18,41.36368949139216,41.45908032494609,41.20867879384696,41.29811096191406,1746100,0.0,0.0
2007-06-19,41.29810746701399,41.29810746701399,40.505173305770036,40.65422058105469,2778400,0.0,0.0
2007-06-20,40.79731763140781,40.952328365928885,40.30248260498047,40.30248260498047,2176200,0.0,0.0
2007-06-21,40.18323731243211,40.44556094509855,39.94476257659742,40.290550231933594,2755300,0.0,0.0
2007-06-22,40.22497722901206,40.22497722901206,39.66455654134267,39.75398635864258,3115000,0.0,0.0
2007-06-25,39.81360623684252,40.1474718617683,39.610900074211195,39.75398635864258,1937700,0.0,0.0
2007-06-26,39.97457077960094,40.368056234901196,39.825523474297555,40.0043830871582,2782700,0.0,0.0
2007-06-27,39.67647227110686,39.87917601710617,39.37837768978544,39.82551956176758,2252500,0.0,0.0
2007-06-28,39.75994766622441,40.03419578688369,39.62282479193517,39.70629119873047,1516100,0.0,0.0
2007-06-29,39.75397108889402,40.12360754992779,39.575113895075155,39.87916946411133,1781500,0.0,0.0
2007-07-02,40.0461093634063,40.34420394897461,39.950718526725176,40.34420394897461,1714300,0.0,0.0
2007-07-03,40.51113823726117,40.517096902467664,40.31439316976243,40.36804962158203,904400,0.0,0.0
2007-07-05,40.4396020078108,40.576727249559376,40.302481510223636,40.43364334106445,1534000,0.0,0.0
2007-07-06,40.43363287295935,40.43363287295935,40.13553831132947,40.183231353759766,1030500,0.0,0.0
2007-07-09,40.33228526116126,40.54095243741819,39.75398152681769,40.0043830871582,3056300,0.0,0.0
2007-07-10,39.503580915374584,39.70628705823747,39.187600810307835,39.20548629760742,3269400,0.0,0.0
2007-07-11,38.9848994801355,39.52147124895625,38.03099332264949,39.38434600830078,3490000,0.0,0.0
2007-07-12,39.354532072000374,40.19515943062582,39.34857103382646,40.16535186767578,2039600,0.0,0.0
2007-07-13,40.20708078277033,40.24285175110971,39.77186100909421,39.962642669677734,1384500,0.0,0.0
2007-07-16,39.91495457731522,40.31440347967332,39.76590963039329,40.19516372680664,1782600,0.0,0.0
2007-07-17,40.12361249978204,40.26073770947156,39.80763244628906,39.80763244628906,1825500,0.0,0.0
2007-07-18,39.8135974864125,39.97456685242829,39.4201096976887,39.82551956176758,2210300,0.0,0.0
2007-07-19,39.920902296635035,40.18322585450198,39.90301681515136,40.10572052001953,2016300,0.0,0.0
2007-07-20,40.18323479119078,40.260740142910294,39.67647304423756,39.68243408203125,1922100,0.0,0.0
2007-07-23,39.789751830235,40.23093032836914,39.73013196028584,40.23093032836914,1692800,0.0,0.0
2007-07-24,41.375632238082716,41.435247380862194,40.439609027006014,40.71385955810547,4312200,0.0,0.0
2007-07-25,41.13714881571238,41.31004504831003,40.37402666955676,41.262351989746094,3791700,0.0,0.0
2007-07-26,40.278633159861585,41.95392941741512,40.18920571583312,40.886749267578125,5021900,0.0,0.0
2007-07-27,40.976176606129265,41.28619332601709,40.60654000898877,40.64826965332031,3274600,0.0,0.0
2007-07-30,40.47537565805842,40.958293369445066,40.290557349326015,40.74962615966797,3216400,0.0,0.0
2007-07-31,41.017894308165616,41.07750941700484,40.0520640755685,40.10572052001953,4061700,0.0,0.0
2007-08-01,40.53499253861941,40.54095594947967,39.539356737590566,39.6287841796875,8184600,0.0,0.0
2007-08-02,39.87322548152001,40.69596745278704,39.55724297857774,40.64826965332031,3656600,0.0,0.0
2007-08-03,40.79731927707767,41.06560636777677,40.28459874092067,40.320369720458984,3411600,0.0,0.0
2007-08-06,40.457481627923464,41.50081745656545,40.439596141955924,41.42927551269531,3013800,0.0,0.0
2007-08-07,41.11924596757603,41.84063816201903,41.11924596757603,41.59023666381836,3840800,0.0,0.0
2007-08-08,41.76911048598434,41.86450133955765,41.1967653645445,41.53659439086914,3019600,0.0,0.0
2007-08-09,41.55446706270872,42.001608882330295,40.815189361572266,40.815189361572266,4153700,0.0,0.0
2007-08-10,40.529028660540945,41.24445759364655,40.254778214492696,40.6661491394043,3287400,0.0,0.0
2007-08-13,40.72577134555564,41.781029319667276,40.481333191782916,41.56044006347656,3057500,0.0,0.0
2007-08-14,41.48294125851827,41.882390193443086,41.09541440218755,41.20273208618164,2584700,0.0,0.0
2007-08-15,41.29214462048797,41.63793696058948,40.904622648299785,40.928466796875,2892400,0.0,0.0
2007-08-16,40.88674873741345,41.244463253050434,39.867261656223825,40.493263244628906,4655000,0.0,0.0
2007-08-17,41.25637650340879,41.375616231162134,40.76153685180885,41.178871154785156,3070300,0.0,0.0
2007-08-20,41.393508831201565,41.733337843968776,41.1848416438448,41.45908737182617,2505500,0.0,0.0
2007-08-21,41.25636835974055,41.667739171879845,41.14905547244146,41.399452209472656,2015200,0.0,0.0
2007-08-22,41.62005388787187,41.727366795156556,41.20867825495985,41.518699645996094,2342700,0.0,0.0
2007-08-23,41.673720675063635,41.73334055305878,41.321964818140714,41.53063201904297,3024100,0.0,0.0
2007-08-24,41.57832174001126,41.983729240945,41.45311859730124,41.93007278442383,1833500,0.0,0.0
2007-08-27,41.673719662611674,41.81084016009152,41.077525641306096,41.107337951660156,1958600,0.0,0.0
2007-08-28,40.83904751685742,41.31600174580027,40.82116202978213,40.83308410644531,2780400,0.0,0.0
2007-08-29,40.98810197818657,41.375628839394274,40.84501805660948,41.35177993774414,1578500,0.0,0.0
2007-08-30,41.000009720814276,41.09539579470104,40.61844644862864,40.73768615722656,2652500,0.0,0.0
2007-08-31,40.94040565047917,41.12522394914814,40.61846210847195,40.952327728271484,2845300,0.0,0.0
2007-09-04,41.09539689998122,41.35176180594585,40.98212534117424,41.226558685302734,2103100,0.0,0.0
2007-09-05,41.126071074720535,41.25828983902042,40.75946732693828,41.03592300415039,1964100,0.53,0.0
2007-09-06,41.25227417374778,41.366463299070396,40.88566572339887,41.28232192993164,1439500,0.0,0.0
2007-09-07,40.92776029969719,41.138109062945965,40.65731120660694,40.72342300415039,1944500,0.0,0.0
2007-09-10,40.801538141456824,41.198199264414825,40.68735375994028,40.95779800415039,1822600,0.0,0.0
2007-09-11,40.987849412006874,41.4145535070335,40.68735262743207,41.264305114746094,2132500,0.0,0.0
2007-09-12,41.222233267623565,41.841261217681485,41.02991418308468,41.799190521240234,2072900,0.0,0.0
2007-09-13,41.82923151563716,42.06963272359632,41.684994616774105,41.88933181762695,1767000,0.0,0.0
2007-09-14,41.72106059424685,41.96746852461393,41.642930667253474,41.799190521240234,1556900,0.0,0.0
2007-09-17,41.546765706239086,41.66095484889146,41.07197952270508,41.07197952270508,2771900,0.0,0.0
2007-09-18,41.19219219893673,41.81121546722835,41.14411002879038,41.709049224853516,2628300,0.0,0.0
2007-09-19,41.9193782489742,42.23790936118657,41.59484523681698,42.135738372802734,2598400,0.0,0.0
2007-09-20,41.94342744344874,42.23190607025707,41.799190521240234,41.799190521240234,1492200,0.0,0.0
2007-09-21,42.25593426800595,42.340070852844725,41.79917777708446,42.04558563232422,2244200,0.0,0.0
2007-09-24,41.92541089819494,42.11171857492512,41.769150995494996,41.84127426147461,1876500,0.0,0.0
2007-09-25,41.62490324439854,42.15377836354114,41.49869593081864,41.87131118774414,2042000,0.0,0.0
2007-09-26,42.03958375643715,42.520381430851785,41.90135352834465,42.40018081665039,1524800,0.0,0.0
2007-09-27,42.466292589178444,42.538411044742894,42.22589136077565,42.40018081665039,1319000,0.0,0.0
2007-09-28,42.358117528455324,42.41821784606272,42.18382804211143,42.22589874267578,2125600,0.0,0.0
2007-10-01,42.4722974091331,42.50234995256064,41.93140423373544,42.18381881713867,2120800,0.0,0.0
2007-10-02,42.15979815218541,42.57448418962802,42.12974559761576,42.532413482666016,1736500,0.0,0.0
2007-10-03,42.47231464139238,42.616556387108055,42.02156934861534,42.171817779541016,2245800,0.0,0.0
2007-10-04,42.340070852844725,42.370123390736325,41.96144426509558,42.04558563232422,1477500,0.0,0.0
2007-10-05,42.27997984360399,42.37013269468535,41.94943533094202,42.08766555786133,2172000,0.0,0.0
2007-10-08,41.937428720740954,42.1057067560581,41.80520514042866,41.99752426147461,1342600,0.0,0.0
2007-10-09,42.19584324028987,42.20786138865162,41.865293945237,42.08766555786133,1624500,0.0,0.0
2007-10-10,42.00353981261217,42.21388857280939,41.88333915467299,41.94343948364258,1650100,0.0,0.0
2007-10-11,42.051600553534186,42.352102079380785,41.89534549896292,42.07564163208008,2266800,0.0,0.0
2007-10-12,42.02758014030273,42.370147705078125,41.76914920864838,42.370147705078125,1701400,0.0,0.0
2007-10-15,42.37013944821792,42.4963467645012,41.534756052952766,41.618892669677734,2373900,0.0,0.0
2007-10-16,41.5407726542006,41.883340234001764,41.474665638305375,41.72708511352539,1777100,0.0,0.0
2007-10-17,41.781163636197874,42.05761934929323,41.58283307280974,41.64894485473633,2218500,0.0,0.0
2007-10-18,41.39050945479995,41.66095845446503,41.348443542595845,41.35445022583008,2092200,0.0,0.0
2007-10-19,41.21622783790348,41.39652399614864,40.27266200178229,40.350791931152344,2896200,0.0,0.0
2007-10-22,40.56714597371862,42.652598322526146,40.39285652548923,42.18381881713867,3513000,0.0,0.0
2007-10-23,42.15978661324662,42.37013530809267,41.37849214416001,41.672977447509766,2570000,0.0,0.0
2007-10-24,41.55277588288598,42.2198811051902,41.522723340683136,42.11771011352539,2443400,0.0,0.0
2007-10-25,42.11170296290514,42.64658948853079,41.81120620443438,42.00953674316406,2208000,0.0,0.0
2007-10-26,42.15379117627471,42.76680787905935,42.00354273459503,42.59852981567383,2255500,0.0,0.0
2007-10-29,42.580501664923446,42.61054944134018,42.32808216992875,42.35212326049805,1963800,0.0,0.0
2007-10-30,42.42421941587411,42.42421941587411,42.015540220915085,42.039581298828125,2061800,0.0,0.0
2007-10-31,41.991514743002334,42.68265645632715,41.9794918097532,42.60452651977539,2354000,0.0,0.0
2007-11-01,42.514376381113095,42.74275471312491,41.60687451940036,41.618892669677734,2592300,0.0,0.0
2007-11-02,41.65495980670757,41.84127225690454,40.87967658050679,41.56481170654297,2375700,0.0,0.0
2007-11-05,41.16814990168479,41.96747411090133,41.16814990168479,41.636924743652344,2421200,0.0,0.0
2007-11-06,41.60085947609777,41.853278869352216,41.28834455423197,41.79317855834961,1704000,0.0,0.0
2007-11-07,41.48667563639636,41.654953659333614,40.86164093017578,40.86164093017578,2002800,0.0,0.0
2007-11-08,40.8977043408635,41.43259101483908,40.681348910306426,41.32441329956055,3467300,0.0,0.0
2007-11-09,40.86164411324187,41.50470848692843,40.86164411324187,40.94578552246094,3299800,0.0,0.0
2007-11-12,40.95779851813337,41.516726194631474,40.717402037243765,40.8496208190918,2387900,0.0,0.0
2007-11-13,41.1861767284251,41.67899262136283,40.83760254951283,41.64894485473633,2442900,0.0,0.0
2007-11-14,41.81721957861358,41.81721957861358,40.993854405614734,41.084007263183594,2490800,0.0,0.0
2007-11-15,41.1681428654776,41.76312971187748,41.156124716544994,41.30036163330078,2491600,0.0,0.0
2007-11-16,41.480659349264876,41.80519238683269,41.138091916108074,41.55878448486328,2964200,0.0,0.0
2007-11-19,41.216229691972664,41.51071502448402,41.168147526016725,41.27632522583008,2753300,0.0,0.0
2007-11-20,41.2583066274824,41.97349436473272,41.16815852022999,41.42057800292969,2839100,0.0,0.0
2007-11-21,41.162133309975786,41.54677148236215,40.60321044921875,40.60321044921875,3308100,0.0,0.0
2007-11-23,40.78952023041582,41.04794632608365,40.561141901261315,41.01789855957031,790100,0.0,0.0
2007-11-26,40.71739394692851,41.889333134196185,40.71739394692851,41.07197952270508,3080600,0.0,0.0
2007-11-27,41.30037165174402,41.739098756488666,41.00588628113575,41.54677963256836,2810100,0.0,0.0
2007-11-28,41.77514317510928,41.91938007568676,41.19819079040876,41.89534378051758,3069000,0.0,0.0
2007-11-29,41.769130838041704,41.9614498897234,41.282326526365885,41.69100570678711,2635300,0.0,0.0
2007-11-30,42.10569653076582,42.267963059646576,41.624898844911804,41.955448150634766,2676800,0.0,0.0
2007-12-03,41.955453340271106,41.97948964074365,41.378496045880155,41.82323455810547,2898100,0.0,0.0
2007-12-04,41.61289752681658,41.82925298616421,41.108058556886114,41.13811111450195,2811700,0.0,0.0
2007-12-05,41.49727346469854,42.30916604473831,41.41851222816364,42.20010757446289,3658500,0.53,0.0
2007-12-06,42.18797449885406,42.41215660663411,41.66691430021711,42.036502838134766,2504200,0.0,0.0
2007-12-07,42.10921218028142,42.381863122170564,41.9032112820816,42.0062141418457,3208500,0.0,0.0
2007-12-10,42.036501096804685,42.33944440569408,41.981971879763925,42.236446380615234,1731600,0.0,0.0
2007-12-11,42.236453262753116,42.448514577795166,41.53967968171086,41.60026931762695,3018200,0.0,0.0
2007-12-12,42.4485116658212,42.4485116658212,41.745677723003276,42.157684326171875,3080200,0.0,0.0
2007-12-13,41.933511976957064,42.25463175972148,41.55180255528207,41.93956756591797,2204200,0.0,0.0
2007-12-14,41.57603156324997,41.86685891630449,41.267032623291016,41.267032623291016,2232500,0.0,0.0
2007-12-17,41.17007620717384,41.642667482251795,41.079189375510275,41.30337142944336,2407200,0.0,0.0
2007-12-18,41.30943428928361,41.68508803369507,41.00649098727052,41.23672866821289,3156600,0.0,0.0
2007-12-19,41.38820157712427,41.76991092067441,41.10949508077329,41.2730827331543,2020400,0.0,0.0
2007-12-20,41.53968340277319,42.16375140515063,41.46091735115938,42.0728645324707,2672700,0.0,0.0
2007-12-21,41.957738738614985,42.557569821235994,41.885033109528365,41.98197555541992,4689300,0.0,0.0
2007-12-24,42.19403946490999,42.38792436868827,41.96380174433936,42.30915832519531,816800,0.0,0.0
2007-12-26,42.39397960916039,42.50304287997043,42.1092126657395,42.46669006347656,1759000,0.0,0.0
2007-12-27,42.230386406655526,42.41215528665835,42.012264714917706,42.10920715332031,1595800,0.0,0.0
2007-12-28,42.369745498197936,42.62421520095732,42.22432941815008,42.37580108642578,1536800,0.0,0.0
2007-12-31,42.20615679098038,42.59998702083296,42.006216292333306,42.012271881103516,1451900,0.0,0.0
2008-01-02,41.85472899361174,42.103143037703845,41.53360934077595,41.69719696044922,2137400,0.0,0.0
2008-01-03,41.606313884820295,42.14555035008812,41.606313884820295,41.91531753540039,2591000,0.0,0.0
2008-01-04,41.842626612173014,42.03651153512554,41.59421245863928,41.7880973815918,3300900,0.0,0.0
2008-01-07,41.96378615783874,42.22431618852553,41.763840918417394,42.10314178466797,2759500,0.0,0.0
2008-01-08,41.951683611854094,42.10921086949842,41.254910075677415,41.382144927978516,3028100,0.0,0.0
2008-01-09,41.515436526102285,42.10920715332031,41.41243849996239,42.10920715332031,3954400,0.0,0.0
2008-01-10,41.806255183953056,42.0425532326251,41.43060632626326,41.44272232055664,3621400,0.0,0.0
2008-01-11,41.1458367786204,41.394250805282006,40.26123907743718,40.45512390136719,4014700,0.0,0.0
2008-01-14,40.73384124300859,41.03072896591029,40.47937156203889,40.909549713134766,2236400,0.0,0.0
2008-01-15,40.49148663657812,41.006491217153005,40.364251798991084,40.71566390991211,2571200,0.0,0.0
2008-01-16,40.61266757728755,40.873197672206494,40.31578225945216,40.37636947631836,3532400,0.0,0.0
2008-01-17,40.594489986487595,40.594489986487595,39.83712930711872,39.8977165222168,2900400,0.0,0.0
2008-01-18,40.04920244298351,40.14008449786773,39.30395995027457,39.4190788269043,3901600,0.0,0.0
2008-01-22,38.07399979051071,39.570544976849575,37.66199798525428,39.10401153564453,6320900,0.0,0.0
2008-01-23,38.14670861508077,39.31001324225849,38.14670861508077,39.04342269897461,4858700,0.0,0.0
2008-01-24,38.77682483559891,39.47965387873187,37.855874106714765,39.037357330322266,3722200,0.0,0.0
2008-01-25,39.334238645843904,39.334238645843904,38.41329036459981,38.825294494628906,3810900,0.0,0.0
2008-01-28,38.95253295219697,39.25547868258651,38.46782315850326,38.72229766845703,3775600,0.0,0.0
2008-01-29,38.94647061947385,39.89165569679022,38.83741219362794,39.64929962158203,3919500,0.0,0.0
2008-01-30,39.40694246284226,39.74018053004064,38.958585571460496,39.091880798339844,2729000,0.0,0.0
2008-01-31,38.6132447033659,39.91590510120865,38.6132447033659,39.76443099975586,3164600,0.0,0.0
2008-02-01,39.685664158400826,40.66114186481356,39.685664158400826,40.61872863769531,3549700,0.0,0.0
2008-02-04,40.53390533084668,40.53390533084668,39.8674290083998,40.012840270996094,2000100,0.0,0.0
2008-02-05,39.3887695527299,39.9583033161395,39.3887695527299,39.64929962158203,2706000,0.0,0.0
2008-02-06,39.84319258307155,39.934077033753056,39.33424592698201,39.564483642578125,2439200,0.0,0.0
2008-02-07,39.50390288168443,39.76443304612892,39.14642784092247,39.4190788269043,2785000,0.0,0.0
2008-02-08,39.28576333464808,39.43723495532972,38.95858328400426,39.12217330932617,2344300,0.0,0.0
2008-02-11,39.14035692530819,39.303946980783024,38.9101192480224,39.20700454711914,3424400,0.0,0.0
2008-02-12,39.37059852790201,39.87348474067518,39.18277163995268,39.7523078918457,4801100,0.0,0.0
2008-02-13,40.0067953928137,40.21885676786778,39.39484809314249,39.570556640625,4450100,0.0,0.0
2008-02-14,39.49783746443158,39.55236910111463,38.7404790675122,38.867713928222656,4165200,0.0,0.0
2008-02-15,38.79500124096753,39.037357330322266,38.59505837124882,39.037357330322266,3302100,0.0,0.0
2008-02-19,39.400891578153754,39.400891578153754,38.71018087676995,38.78288650512695,2661400,0.0,0.0
2008-02-20,38.522362478886215,38.94042472927703,38.49206765873271,38.934364318847656,3263400,0.0,0.0
2008-02-21,38.89798991522551,39.19487513093118,38.71622350582741,38.861637115478516,3625300,0.0,0.0
2008-02-22,38.898005274881804,39.461481125449325,38.84953405252494,39.406951904296875,3448000,0.0,0.0
2008-02-25,39.413017962469034,39.79472740991824,39.413017962469034,39.6856689453125,2501900,0.0,0.0
2008-02-26,39.41907766829745,40.073435676224676,39.310016794977315,39.958316802978516,2228100,0.0,0.0
2008-02-27,39.84317862193058,40.33394869804971,39.79470741401771,40.11582946777344,2443700,0.0,0.0
2008-02-28,39.89166427966967,40.18854963167709,39.66142656135109,39.84319305419922,2295900,0.0,0.0
2008-02-29,39.516006101240855,39.77653859208597,39.40088726184397,39.49177169799805,2338800,0.0,0.0
2008-03-03,39.51600334471482,39.715946197509766,39.28576809264544,39.715946197509766,2220900,0.0,0.0
2008-03-04,39.455429257910744,39.52813489741225,38.98889577955903,39.37666320800781,2951600,0.0,0.0
2008-03-05,39.477526947168904,39.68546332471458,39.171737297844004,39.4286003112793,3550400,0.58,0.0
2008-03-06,39.38579686500474,39.416376323022874,39.06777488158147,39.09835433959961,3075000,0.0,0.0
2008-03-07,39.018851139239246,39.190093186228836,38.63355531685561,38.84760665893555,5098000,0.0,0.0
2008-03-10,38.80479567815036,39.159512026738106,38.80479567815036,38.90876388549805,2138500,0.0,0.0
2008-03-11,39.20843367872794,39.379675696473456,38.82313792214368,39.10446548461914,2529400,0.0,0.0
2008-03-12,39.11668998823216,39.24512270069474,38.584616822272935,38.62131118774414,2554800,0.0,0.0
2008-03-13,38.76808756304944,39.03106544725863,38.34609509850468,38.920982360839844,2545300,0.0,0.0
2008-03-14,39.141164775893614,39.141164775893614,38.26660495866719,38.523468017578125,3389800,0.0,0.0
2008-03-17,38.425606875057774,38.945450238024385,38.38279759064563,38.6947021484375,4691700,0.0,0.0
2008-03-18,39.14116159130525,39.422489166259766,38.78032792125871,39.422489166259766,3387400,0.0,0.0
2008-03-19,39.734393762421554,40.082995163996905,39.39802462931739,39.422489166259766,3407800,0.0,0.0
2008-03-20,39.47141990528683,40.205314723426376,39.34298715628824,39.734397888183594,2598300,0.0,0.0
2008-03-24,39.813907772856965,39.90564615465855,39.50811803348027,39.72828674316406,2573400,0.0,0.0
2008-03-25,39.67324010709856,40.064650826178095,39.52034525693758,40.015724182128906,1689600,0.0,0.0
2008-03-26,39.82001277587999,39.9300983199661,39.55091748290691,39.75273895263672,2540600,0.0,0.0
2008-03-27,39.91786431969579,39.936211504028265,39.32463220410937,39.33686447143555,1648300,0.0,0.0
2008-03-28,39.41636610073303,39.4408306341285,38.95156673266689,39.19008255004883,1956600,0.0,0.0
2008-03-31,39.257358969818185,39.61207526106397,38.92710478027636,39.4775276184082,2079700,0.0,0.0
2008-04-01,39.64878373479038,40.05854415893555,39.53258323540424,40.05854415893555,2303200,0.0,0.0
2008-04-02,39.8811650001924,40.29092522158646,39.83223837027499,40.10133361816406,1984700,0.0,0.0
2008-04-03,40.00960936125062,40.11357756761482,39.47753362674515,39.923988342285156,1472700,0.0,0.0
2008-04-04,40.18696631720979,40.18696631720979,39.752743871040266,39.923988342285156,2588800,0.0,0.0
2008-04-07,40.08910806885306,40.08910806885306,39.55091748290691,39.75273895263672,1987300,0.0,0.0
2008-04-08,39.69769916682145,39.70993143522377,39.44083613025546,39.59984588623047,1909900,0.0,0.0
2008-04-09,39.14727842077211,39.183972794663966,38.66412934235889,38.810909271240234,3396200,0.0,0.0
2008-04-10,38.84760364513209,38.98826865613609,38.67024669355015,38.810909271240234,3311100,0.0,0.0
2008-04-11,38.65191025591283,39.14117438827043,38.65191025591283,38.761993408203125,2396900,0.0,0.0
2008-04-14,38.67024537118317,39.31240419227315,38.67024537118317,39.08612060546875,1426300,0.0,0.0
2008-04-15,39.25736731376451,39.25736731376451,38.87207148851098,39.055545806884766,1369800,0.0,0.0
2008-04-16,39.38579562900577,39.38579562900577,38.68247784991638,38.90876388549805,2130300,0.0,0.0
2008-04-17,38.872069265102866,39.037196385525725,38.52958275484813,38.60297393798828,2257100,0.0,0.0
2008-04-18,39.09835339451957,39.251248247600415,38.60908937799806,38.73752212524414,3358100,0.0,0.0
2008-04-21,39.434710285303616,39.47752199883335,38.80478388131793,39.15950012207031,2671100,0.0,0.0
2008-04-22,39.734391652860154,39.734391652860154,39.14115951323948,39.3674430847168,2713100,0.0,0.0
2008-04-23,39.35522425779627,39.44696020883366,39.000505424946766,39.13505554199219,2210100,0.0,0.0
2008-04-24,39.26346704753327,39.34908803855303,38.79866529630043,38.97602462768555,1915900,0.0,0.0
2008-04-25,39.245125270630524,39.245125270630524,38.596849182705036,39.000492095947266,1554100,0.0,0.0
2008-04-28,39.080003254486684,39.28794208828639,38.79256075774463,39.08612060546875,1731500,0.0,0.0
2008-04-29,39.10447245400538,39.23290277354714,38.92711305402888,39.055545806884766,1941600,0.0,0.0
2008-04-30,39.21455922178647,39.514234050699194,39.000505424946766,39.13505554199219,3189100,0.0,0.0
2008-05-01,39.043311810427234,39.599849659337835,39.043311810427234,39.59373474121094,1880600,0.0,0.0
2008-05-02,39.75885968270393,39.94233398290021,39.27571061107658,39.526458740234375,2634900,0.0,0.0
2008-05-05,39.64876059877077,39.64876059877077,39.171729041039995,39.37966537475586,2083200,0.0,0.0
2008-05-06,39.287936085858526,39.599840638934424,39.09834446734324,39.4897575378418,2332900,0.0,0.0
2008-05-07,39.29405623897563,39.453068428384235,38.62743289359685,38.65189743041992,3584300,0.0,0.0
2008-05-08,38.80478864962487,38.823135833874026,38.4133755634733,38.5785026550293,2308400,0.0,0.0
2008-05-09,38.49288845504276,38.49288845504276,38.095360381642735,38.132057189941406,2558300,0.0,0.0
2008-05-12,38.28494941480151,38.48065354573197,37.88130645103305,38.315528869628906,2619500,0.0,0.0
2008-05-13,38.59074219029348,38.85983752104601,38.52958327573553,38.73752212524414,2649500,0.0,0.0
2008-05-14,38.988279782864964,38.988279782864964,38.5295926783719,38.58463668823242,2651900,0.0,0.0
2008-05-15,38.60907541602701,38.96379163889833,38.333865266666905,38.920982360839844,2292700,0.0,0.0
2008-05-16,39.05556013237201,39.05556013237201,38.62745242136625,38.78646469116211,2259000,0.0,0.0
2008-05-19,38.72528943777634,39.06165859758717,38.72528943777634,38.994384765625,1822500,0.0,0.0
2008-05-20,38.99437939956781,39.141159312736,38.865946671381444,38.96991729736328,2399800,0.0,0.0
2008-05-21,38.963804532534375,39.19620548074053,38.48065544898094,38.554046630859375,2458500,0.0,0.0
2008-05-22,38.627444508799655,39.00050812436386,38.50512908784564,38.957698822021484,2035700,0.0,0.0
2008-05-23,38.706935585266066,38.9148719634119,38.34610194870293,38.401145935058594,1820000,0.0,0.0
2008-05-27,38.49288730865428,38.914877475038466,38.46230785263977,38.810909271240234,2342600,0.0,0.0
2008-05-28,38.878189278110796,38.969927660729745,38.60297899688257,38.798683166503906,1693700,0.0,0.0
2008-05-29,38.87818677514021,39.410262546795096,38.780333479972164,39.27571487426758,1761500,0.0,0.0
2008-05-30,39.44694965026855,39.44694965026855,39.01884460449219,39.01884460449219,2003700,0.0,0.0
2008-06-02,38.94546586977563,38.94546586977563,38.23603303399174,38.51736068725586,2188200,0.0,0.0
2008-06-03,38.60908210654909,38.78644146537571,38.50511391803266,38.5785026550293,3567200,0.0,0.0
2008-06-04,38.76062179371911,39.14347410670606,38.61242066060726,38.96439743041992,1812300,0.58,0.0
2008-06-05,39.02615918483264,39.18053448602904,38.85325658716743,39.08173370361328,1587300,0.0,0.0
2008-06-06,38.85943291337101,39.044683764950626,38.34690416510473,38.35308074951172,2582200,0.0,0.0
2008-06-09,38.56919690349596,38.56919690349596,38.186344590133466,38.328369140625,2104100,0.0,0.0
2008-06-10,38.130781098935216,38.896483489925984,38.09372896226403,38.62478256225586,2834800,0.0,0.0
2008-06-11,38.36543810901979,38.62478836341871,38.13078682590262,38.1801872253418,2248300,0.0,0.0
2008-06-12,38.27280341291011,38.75445659222017,38.26662928560331,38.43952941894531,1840200,0.0,0.0
2008-06-13,38.655662454934955,38.81621190436989,38.38396149675614,38.66801071166992,1453100,0.0,0.0
2008-06-16,38.34072371837309,38.41482306404201,37.86524718428953,38.27897262573242,2431200,0.0,0.0
2008-06-17,38.47040430014114,38.60007816945473,38.340727973952426,38.45805358886719,1706100,0.0,0.0
2008-06-18,38.24193364798843,38.711236186807334,38.24193364798843,38.34690856933594,2266200,0.0,0.0
2008-06-19,38.28515912960815,38.66183499582119,38.167833497314255,38.501285552978516,2466400,0.0,0.0
2008-06-20,38.29133495620844,38.45188686304819,37.686181926678856,37.77880859375,2962800,0.0,0.0
2008-06-23,37.90847790112425,38.18635293695453,37.581200019868426,37.80967712402344,1675500,0.0,0.0
2008-06-24,37.66765276505593,38.29750714965874,37.40830254937409,38.13695526123047,2655800,0.0,0.0
2008-06-25,38.06903223652079,38.66800864682767,37.97640803157662,38.37160873413086,2352500,0.0,0.0
2008-06-26,38.019615603008056,38.26044088987931,37.599713653896345,37.612064361572266,2133700,0.0,0.0
2008-06-27,37.72322557409339,37.87760086091148,36.93282184525976,36.969871520996094,2509600,0.0,0.0
2008-06-30,37.09337710583788,37.19835447947105,36.75992751477658,36.914302825927734,2989700,0.0,0.0
2008-07-01,36.91429381110908,37.087193920824504,36.54379217207614,37.0007438659668,2543400,0.0,0.0
2008-07-02,37.16130564354255,37.42683247989512,36.81550530893278,36.83403015136719,2811100,0.0,0.0
2008-07-03,37.062499962857316,37.55650388560684,37.062499962857316,37.55032730102539,1709400,0.0,0.0
2008-07-07,37.63677336921295,37.661474791160174,36.61789499357903,36.75992202758789,3353100,0.0,0.0
2008-07-08,36.864905458621436,37.42065809852535,36.59320449558516,37.38360595703125,2835000,0.0,0.0
2008-07-09,37.383600175215825,37.38977675961405,36.95134982672694,36.988399505615234,2184100,0.0,0.0
2008-07-10,37.10571488385079,37.17364009535403,36.68581290631944,37.050140380859375,2348500,0.0,0.0
2008-07-11,36.74139806164546,36.957524467328,36.43264745745629,36.6302490234375,2603000,0.0,0.0
2008-07-14,36.96369632740269,37.11807160976623,36.19799158552951,36.30914306640625,2793700,0.0,0.0
2008-07-15,33.499507250357965,35.61753984164432,31.134472735169794,33.968807220458984,11433500,0.0,0.0
2008-07-16,33.77120710369844,33.962632053311566,33.45627996748016,33.79590606689453,4507400,0.0,0.0
2008-07-17,33.90088934955108,34.31461735468987,33.52421348368814,34.16641616821289,5061200,0.0,0.0
2008-07-18,34.25903163287222,34.25903163287222,33.79590338362339,33.95645523071289,4280300,0.0,0.0
2008-07-21,34.13555118541873,34.13555118541873,33.80827561369359,33.94412612915039,3137500,0.0,0.0
2008-07-22,33.77121205119259,34.50603886752111,33.77121205119259,34.39488983154297,4268000,0.0,0.0
2008-07-23,34.573950070428815,35.098826856824,34.438099665876514,35.006202697753906,2848900,0.0,0.0
2008-07-24,34.907417051570945,35.123543458691344,34.17876434326172,34.17876434326172,2866600,0.0,0.0
2008-07-25,34.308438837465694,34.88271621183,34.308438837465694,34.5739631652832,2681800,0.0,0.0
2008-07-28,34.5616103779858,35.000034781971245,34.48750857550774,34.641883850097656,2436900,0.0,0.0
2008-07-29,34.78391613489385,35.487867395265134,34.715990905521394,35.481693267822266,2660900,0.0,0.0
2008-07-30,35.57432299891004,36.29062753936854,35.5125743442481,36.02510070800781,3963500,0.0,0.0
2008-07-31,35.85837958912971,36.12390645689854,35.574327876734685,35.71017837524414,2919800,0.0,0.0
2008-08-01,35.91395019080483,36.01274852560975,35.44464765876059,35.7225227355957,2236400,0.0,0.0
2008-08-04,35.759563336475125,36.61789223222584,35.7410384998492,36.395591735839844,1876300,0.0,0.0
2008-08-05,36.40177398469586,37.42065496771247,36.30297565293782,37.402130126953125,2454900,0.0,0.0
2008-08-06,37.315675651279655,37.5935531619521,37.142775508611415,37.408302307128906,1819500,0.0,0.0
2008-08-07,37.22306578255144,37.439192272529404,35.951010733379455,36.080684661865234,3243400,0.0,0.0
2008-08-08,36.15478040927057,37.945538241019285,36.01892991680174,37.9270133972168,2599900,0.0,0.0
2008-08-11,37.914652499840045,38.0443288285068,37.37742480322084,37.90230178833008,2839300,0.0,0.0
2008-08-12,37.71705231283519,38.47040643229784,37.66147779433496,38.303680419921875,2946600,0.0,0.0
2008-08-13,38.278980589375685,38.44570660869166,37.48240263021355,38.06903076171875,2346300,0.0,0.0
2008-08-14,37.83438512074392,38.550689697265625,37.80350956342068,38.550689697265625,2108700,0.0,0.0
2008-08-15,38.556852552376256,38.933528345082145,38.346900298091406,38.85325241088867,2207600,0.0,0.0
2008-08-18,38.87796296110669,39.081738679455455,38.52598605026548,38.75446319580078,1670900,0.0,0.0
2008-08-19,38.66183390798886,38.73593327077353,38.161658295441455,38.34073257446289,1935400,0.0,0.0
2008-08-20,38.27281481230591,38.27281481230591,37.50093565279758,37.6614875793457,3088200,0.0,0.0
2008-08-21,37.284811650186036,37.698537267971915,37.05016034638549,37.6614875793457,1957900,0.0,0.0
2008-08-22,37.766452703793824,38.35925493842211,37.63677637041801,38.303680419921875,1821300,0.0,0.0
2008-08-25,38.13076638637323,38.21103984266607,37.51943953499281,37.63058853149414,1598200,0.0,0.0
2008-08-26,37.470051770243465,37.834376879421214,37.346549567852534,37.692352294921875,2042100,0.0,0.0
2008-08-27,37.68000838723368,37.908485537413156,37.4700585362585,37.77263259887695,1545900,0.0,0.0
2008-08-28,37.92083052458108,38.80385857923384,37.70470410688186,38.729759216308594,2219700,0.0,0.0
2008-08-29,38.575378404973996,38.76680336981827,38.06285215178203,38.08755111694336,2416400,0.0,0.0
2008-09-02,38.600082745770564,39.07556184587561,38.22340689069588,38.82855987548828,2633300,0.0,0.0
2008-09-03,38.975042730444095,39.43019924516698,38.54482759006457,38.7755241394043,2937900,0.58,0.0
2008-09-04,38.63211174444669,38.81292799918896,38.183191879850725,38.20189666748047,2418700,0.0,0.0
2008-09-05,38.201902298403986,38.85034330095154,38.06473218173975,38.7755241394043,2155900,0.0,0.0
2008-09-08,39.27431636569988,40.02251775225832,39.08103191711063,39.84170150756836,3103100,0.0,0.0
2008-09-09,40.521326297394566,41.562572865255895,40.25322016581152,40.67096710205078,6588300,0.0,0.0
2008-09-10,40.5649726948057,40.70214281300787,40.053701803190066,40.12852096557617,3505400,0.0,0.0
2008-09-11,39.64218987011405,40.153458260630586,39.529958650262245,40.103580474853516,3668900,0.0,0.0
2008-09-12,39.904059774833556,40.284394639876844,39.667129126882905,40.265689849853516,3077800,0.0,0.0
2008-09-15,39.542431786694536,41.03259832930101,39.542431786694536,40.12228775024414,3042100,0.0,0.0
2008-09-16,39.879119107709414,40.546264899502454,39.59231066844136,40.31557083129883,3843500,0.0,0.0
2008-09-17,40.10981147525151,40.87048113951965,39.88535153365204,40.13475036621094,5646800,0.0,0.0
2008-09-18,40.558752530249436,40.770744377400206,39.704555997322515,40.35923385620117,5012900,0.0,0.0
2008-09-19,41.082474301552914,41.35058041256099,40.06616670542358,41.18846893310547,6043000,0.0,0.0
2008-09-22,40.85177658352176,40.95777369274054,39.68583070878587,39.904056549072266,3402300,0.0,0.0
2008-09-23,39.91029148997855,40.52132286331871,39.53619075041278,39.5860710144043,2516700,0.0,0.0
2008-09-24,39.62348504012807,40.22204827521771,39.23067946756393,39.8105354309082,1995700,0.0,0.0
2008-09-25,40.134743911360516,40.62730987544577,39.910284005860824,40.190860748291016,2865900,0.0,0.0
2008-09-26,39.816767006456054,41.26328968114594,39.816767006456054,41.1947021484375,3292600,0.0,0.0
2008-09-29,40.789429256773346,41.232115052323465,39.64842224121094,39.64842224121094,4433600,0.0,0.0
2008-09-30,40.15346789688495,40.446515463285934,39.30550812405622,40.42781066894531,4502000,0.0,0.0
2008-10-01,40.16592698465628,40.72707809501081,39.81053103335761,40.65849304199219,2718500,0.0,0.0
2008-10-02,40.67097347680648,41.381763069034925,40.197112094826295,40.808143615722656,4197700,0.0,0.0
2008-10-03,41.34433408390558,41.34433408390558,39.96016265498647,40.147212982177734,5014700,0.0,0.0
2008-10-06,39.006215199302716,39.93523294747658,38.183194562800054,38.94386672973633,5515000,0.0,0.0
2008-10-07,39.26185643452719,39.667132710038004,38.139554047301054,38.25178527832031,4545100,0.0,0.0
2008-10-08,38.03355878841286,39.087276095481506,37.41005912604101,38.6134147644043,7489400,0.0,0.0
2008-10-09,38.987519589270164,38.987519589270164,35.40238871735201,35.54579544067383,6736700,0.0,0.0
2008-10-10,33.96209801521256,37.17936176036594,33.67528708519511,35.3026237487793,8655200,0.0,0.0
2008-10-13,36.6431613257446,37.52853323644691,35.85754997973299,37.47865295410156,4231700,0.0,0.0
2008-10-14,38.37648590076992,39.04986834617963,36.51845503352713,37.41006088256836,4821000,0.0,0.0
2008-10-15,37.035968218076846,37.160667687674604,34.916064831203826,35.02829360961914,3930900,0.0,0.0
2008-10-16,35.27144042608464,38.06472497954075,34.29254500426427,37.51604461669922,7652100,0.0,0.0
2008-10-17,37.09206644462226,38.314129148696814,35.2652089717552,37.40381622314453,4912100,0.0,0.0
2008-10-20,36.97984184251283,38.7131730868395,36.97984184251283,38.65705871582031,3606300,0.0,0.0
2008-10-21,38.59471344473923,39.218215643939125,38.039798794541184,38.45130920410156,4743000,0.0,0.0
2008-10-22,36.90502043158997,36.92996180602679,34.81005661226166,35.67672348022461,6267900,0.0,0.0
2008-10-23,36.156832745639235,36.19424482163077,34.15539459238616,35.651798248291016,5504900,0.0,0.0
2008-10-24,34.28631033007245,35.07815538946095,33.67527903410796,34.29877853393555,4443900,0.0,0.0
2008-10-27,34.26760990743888,35.290151598885764,33.6752833225785,34.423484802246094,4296600,0.0,0.0
2008-10-28,35.06568958672813,37.45369826269887,33.84986340820338,37.39134979248047,5369000,0.0,0.0
2008-10-29,37.3477047237076,38.55729683483376,36.71796853510486,36.84267044067383,3934300,0.0,0.0
2008-10-30,38.32035611556753,38.34529748242002,36.8738337410842,37.99613571166992,4350800,0.0,0.0
2008-10-31,37.73427534758244,38.77552184821001,37.72180466114763,38.21437072753906,3027700,0.0,0.0
2008-11-03,38.10837516522586,38.58847053347287,37.81532768523242,37.92755889892578,2425100,0.0,0.0
2008-11-04,38.64458055716297,38.68822671334476,37.927554636717474,38.58222961425781,2721000,0.0,0.0
2008-11-05,38.13955202698316,38.544828281025794,36.70549987951675,36.855140686035156,3178600,0.0,0.0
2008-11-06,36.16928699082297,37.154419115052846,35.71413050694637,35.83259582519531,3235800,0.0,0.0
2008-11-07,36.15681767972801,36.368809432377226,35.4460282239406,36.12564468383789,3037500,0.0,0.0
2008-11-10,36.799002479470026,37.12322277656113,35.66423019928124,36.33761215209961,3289200,0.0,0.0
2008-11-11,36.000945067162235,36.48104049174777,35.38991362469283,35.90742111206055,2434400,0.0,0.0
2008-11-12,35.389906116921445,35.8201236613455,35.00333721018756,35.24650192260742,2910100,0.0,0.0
2008-11-13,35.42731031590371,36.83018639892511,34.04937311650818,36.73666000366211,4959800,0.0,0.0
2008-11-14,36.350108211691214,37.3102990940683,35.408619640239735,35.7702522277832,3243600,0.0,0.0
2008-11-17,35.396150277868045,36.474806459431846,35.05945907736254,35.42108917236328,2249000,0.0,0.0
2008-11-18,35.42108521436109,36.25657653808594,34.660415527244304,36.25657653808594,3164400,0.0,0.0
2008-11-19,36.057063064090684,36.73044553146631,34.878646226925106,34.965938568115234,3312800,0.0,0.0
2008-11-20,34.70405453139553,35.8388272871545,33.463289639602294,33.71268844604492,5383900,0.0,0.0
2008-11-21,34.3486684766702,34.66665489891692,32.91461624582772,34.64171600341797,5467700,0.0,0.0
2008-11-24,35.165448890899206,36.18799055886419,34.591829588870354,35.502140045166016,3968000,0.0,0.0
2008-11-25,36.42491908597445,36.65561559858626,34.98463309029993,35.47096252441406,3820000,0.0,0.0
2008-11-26,34.98463318848031,35.383672788892305,34.41724553943346,35.121803283691406,3395200,0.0,0.0
2008-11-28,35.02204494668932,36.150581251414145,35.02204494668932,36.0321159362793,1209400,0.0,0.0
2008-12-01,35.570737669174214,35.614383844900665,34.261384647027455,34.305030822753906,2848200,0.0,0.0
2008-12-02,34.74770086553496,35.63930644059503,34.29877854629711,35.620601654052734,2855400,0.0,0.0
2008-12-03,35.36535538785328,35.844288096195704,34.70367375631618,35.35905456542969,3773200,0.58,0.0
2008-12-04,35.25190630768453,35.50397669439747,34.168009913043555,34.4767951965332,2874500,0.0,0.0
2008-12-05,34.10500451469701,34.70367034121178,33.75840916968603,34.628047943115234,3962300,0.0,0.0
2008-12-08,35.333837510914684,35.45357065834901,34.476803016284734,34.79188919067383,3363900,0.0,0.0
2008-12-09,34.65956339652025,34.81710653599786,32.52957684115853,32.680816650390625,4339900,0.0,0.0
2008-12-10,32.882468169790435,33.42441909637382,32.35942472383331,32.67451095581055,3270800,0.0,0.0
2008-12-11,32.611474621718784,33.48111544933832,32.346802634507355,32.44132995605469,2532500,0.0,0.0
2008-12-12,32.29009811617705,32.680804150307125,31.678828260934022,32.47284698486328,2379000,0.0,0.0
2008-12-15,32.59888697853979,32.93287814201059,32.12625518249348,32.64299774169922,2918900,0.0,0.0
2008-12-16,32.80053398429617,33.18494166641124,32.63038677385492,33.021095275878906,3769500,0.0,0.0
2008-12-17,32.72493351137477,33.05262397936229,31.899405264116965,31.975025177001953,4000400,0.0,0.0
2008-12-18,32.08845404992321,33.581967224659245,32.044343274653876,33.19755935668945,3803200,0.0,0.0
2008-12-19,33.21016337188708,33.581967085110065,32.157772997965125,32.208187103271484,4894700,0.0,0.0
2008-12-22,32.25860360875489,33.166055064496334,31.89940402195533,33.046321868896484,2810400,0.0,0.0
2008-12-23,33.34878811322265,33.34878811322265,32.20187332049154,32.2963981628418,2051800,0.0,0.0
2008-12-24,32.48544669195725,32.99588830496487,32.353109420298246,32.85725021362305,765200,0.0,0.0
2008-12-26,33.077823802942234,33.077823802942234,32.655608520157095,32.794246673583984,793700,0.0,0.0
2008-12-29,32.86356453524249,32.86356453524249,32.30901194203823,32.71232223510742,1219600,0.0,0.0
2008-12-30,32.97069674491451,33.254276398493076,32.6430063165892,33.21016311645508,1388400,0.0,0.0
2008-12-31,33.210143271458506,33.43700535438329,32.75011577920369,33.2353515625,2566900,0.0,0.0
2009-01-02,33.399205278829434,33.96636190711365,33.13453318854632,33.80881881713867,2467600,0.0,0.0
2009-01-05,33.72059799834331,33.86553695288186,33.14713798718211,33.38660430908203,2416300,0.0,0.0
2009-01-06,33.512632635425845,33.96635686782193,32.92657112387669,33.24165725708008,2537000,0.0,0.0
2009-01-07,32.775334846875886,33.2290591619114,32.3594204735449,32.52956771850586,3944400,0.0,0.0
2009-01-08,32.447642230672685,32.58628034539198,31.918295562067037,32.23968505859375,2881700,0.0,0.0
2009-01-09,32.05694281651851,32.42244317705052,31.50239019953325,31.79227066040039,3817200,0.0,0.0
2009-01-12,31.798573081362136,31.987625347318488,31.43307270245751,31.861591339111328,2424600,0.0,0.0
2009-01-13,32.630387605508645,33.191243332268456,32.32790561824041,32.91396713256836,4678400,0.0,0.0
2009-01-14,32.46025002177835,32.79424119727236,32.13886048918891,32.36572265625,2770600,0.0,0.0
2009-01-15,32.25229507051524,33.172347952973155,32.01912955848728,33.01480484008789,3231000,0.0,0.0
2009-01-16,33.38659573760304,33.71428601386984,33.24795764023208,33.537837982177734,5209700,0.0,0.0
2009-01-20,33.53785154262741,33.9663701552081,32.75643672397503,32.794246673583984,3538700,0.0,0.0
2009-01-21,32.97070184415898,33.31099647816668,32.321624217293945,33.24797821044922,2959900,0.0,0.0
2009-01-22,32.90136810862465,33.70169022471551,32.50435871474982,33.59455871582031,3942300,0.0,0.0
2009-01-23,33.399205333991425,33.44961942374154,32.46024761356518,32.76272964477539,4296000,0.0,0.0
2009-01-26,32.11365881226672,33.140840770798604,31.993925638291717,32.554779052734375,5392600,0.0,0.0
2009-01-27,32.68081079071968,33.08412356246797,32.37832871919928,32.82575225830078,3154400,0.0,0.0
2009-01-28,33.298370955626844,33.298370955626844,32.49174817707733,32.876155853271484,3968500,0.0,0.0
2009-01-29,32.75644083664034,33.39921758256829,32.70602672840173,32.98330307006836,3044700,0.0,0.0
2009-01-30,32.976998118556374,33.19125617128005,32.10105591826803,32.4350471496582,3665200,0.0,0.0
2009-02-02,32.17666530616157,32.40352743707944,31.741846012961467,32.126251220703125,2899700,0.0,0.0
2009-02-03,32.17037148492379,32.59889005090693,31.57170565691126,32.466552734375,3699600,0.0,0.0
2009-02-04,32.68711948354437,32.68711948354437,31.691444049021488,31.861591339111328,2583800,0.0,0.0
2009-02-05,31.911992191686863,32.49175039451528,31.05495527428289,32.32160568237305,3737100,0.0,0.0
2009-02-06,32.22076871306709,32.769020157631,31.508670914070265,32.44132995605469,4802000,0.0,0.0
2009-02-09,32.27749347707846,32.54216554526759,31.836370856139634,32.126251220703125,2584000,0.0,0.0
2009-02-10,31.93720817616079,32.15776954981478,30.891121244626934,31.08017349243164,3492400,0.0,0.0
2009-02-11,31.300732121758188,31.72925071402314,31.155793152698276,31.666234970092773,2561200,0.0,0.0
2009-02-12,31.578005259035052,31.785964965820312,30.87851377247731,31.785964965820312,2935300,0.0,0.0
2009-02-13,31.66622435696542,32.11994859327589,31.313325778609393,31.357439041137695,2494900,0.0,0.0
2009-02-17,30.82810326479228,31.48348406198941,30.56343111844802,30.752483367919922,3316200,0.0,0.0
2009-02-18,30.891111648062243,31.06755968925408,30.323955080839728,30.51930809020996,2559800,0.0,0.0
2009-02-19,30.506713027984368,30.97934489507641,30.506713027984368,30.733577728271484,3005600,0.0,0.0
2009-02-20,30.267246429925596,30.651654246927777,29.95216019269641,30.242040634155273,3076800,0.0,0.0
2009-02-23,30.462594109705385,30.506704867696264,29.567747221430007,29.624462127685547,2926900,0.0,0.0
2009-02-24,29.80091561269424,30.487805462761756,29.624467533949577,30.355470657348633,3937700,0.0,0.0
2009-02-25,30.26724465114611,30.481505185411162,29.59926226864353,29.95846176147461,3249400,0.0,0.0
2009-02-26,30.191619983249254,30.229429922344835,29.397601233080543,29.403902053833008,3089200,0.0,0.0
2009-02-27,29.258966202610118,29.945856028654767,29.006895736582972,29.687484741210938,3645200,0.0,0.0
2009-03-02,29.542543949128095,29.592958043470247,28.861957436445117,28.906070709228516,3405800,0.0,0.0
2009-03-03,28.962778485912214,29.290468764716408,28.452336846753912,29.051002502441406,4913400,0.0,0.0
2009-03-04,29.399686353653507,29.827714416335684,28.818337233814457,29.450794219970703,3240100,0.6,0.0
2009-03-05,29.265538484153584,29.265538484153584,27.93673856232586,28.217830657958984,3854800,0.0,0.0
2009-03-06,28.415877868994773,28.741687811964734,27.502328455175427,28.058122634887695,3822100,0.0,0.0
2009-03-09,27.802578540409247,28.096448199906956,27.508708880911538,27.7323055267334,2879200,0.0,0.0
2009-03-10,28.147550817672,28.45419805235532,27.840906124783697,28.31365203857422,3599100,0.0,0.0
2009-03-11,28.59474618794877,28.8055652242638,28.07727989419631,28.27532386779785,3594800,0.0,0.0
2009-03-12,28.281701697274933,28.81833294280448,27.96866701586556,28.76083755493164,3268300,0.0,0.0
2009-03-13,28.933317216533368,29.57855156364329,28.760831091676646,29.399675369262695,2816600,0.0,0.0
2009-03-16,29.680786147632443,30.402681454109704,29.610513130702838,29.885217666625977,3008700,0.0,0.0
2009-03-17,29.96187410366739,30.179083198239148,29.62328667086984,29.94270896911621,2803500,0.0,0.0
2009-03-18,29.8213254495187,30.562388267682383,29.60411891596759,30.05130958557129,2976300,0.0,0.0
2009-03-19,30.313240773456904,30.377126253266514,29.463577109323975,29.70633888244629,2728300,0.0,0.0
2009-03-20,29.731896243573775,30.019378406311557,29.26553775928104,29.374143600463867,3586900,0.0,0.0
2009-03-23,29.910773774551604,29.917163848876953,29.163325713161054,29.917163848876953,5398600,0.0,0.0
2009-03-24,29.54662142476195,30.172690913519144,29.43163062588502,29.482738494873047,3746400,0.0,0.0
2009-03-25,29.712727834175332,30.083258042835507,29.34219762551516,29.802165985107422,4018800,0.0,0.0
2009-03-26,30.102416625264087,30.17268962439587,29.604118101164108,30.13435935974121,2937000,0.0,0.0
2009-03-27,29.84049508812447,30.549615278005117,29.84049508812447,30.370738983154297,2626300,0.0,0.0
2009-03-30,29.82772417742418,30.12798140167484,29.38691836846083,29.636070251464844,2401900,0.0,0.0
2009-03-31,29.910774278571594,29.910774278571594,29.252764370486915,29.45719337463379,4262100,0.0,0.0
2009-04-01,29.163324952334985,30.31963606855469,28.86945525310998,30.23019790649414,3448400,0.0,0.0
2009-04-02,30.843482202446303,31.76341880423569,30.389901432304743,31.46954917907715,4055300,0.0,0.0
2009-04-03,31.52704624419862,31.642037045319366,30.94569454084022,31.303449630737305,2650100,0.0,0.0
2009-04-06,31.099025553055558,31.47594586618818,30.945701906605226,31.297069549560547,2636300,0.0,0.0
2009-04-07,30.900976131141903,31.252341141709216,30.619884122688052,30.651826858520508,2971700,0.0,0.0
2009-04-08,30.70293063778576,30.85625168248704,30.179076956937696,30.485721588134766,3136600,0.0,0.0
2009-04-09,30.63905573990603,31.003198430228032,30.364351203765604,30.79237937927246,2815100,0.0,0.0
2009-04-13,30.61988291701453,31.01596570871544,30.357956052014686,30.85625457763672,2755100,0.0,0.0
2009-04-14,30.65183115768599,31.067079156365235,30.504895060606696,30.849872589111328,2516000,0.0,0.0
2009-04-15,30.773198172746003,31.456762848453693,30.658204867820217,31.386489868164062,2094300,0.0,0.0
2009-04-16,31.539821394514778,31.903964016016403,31.15012610884571,31.801748275756836,1952200,0.0,0.0
2009-04-17,31.948678063203133,32.29365548318653,31.55898285428524,32.095611572265625,3400000,0.0,0.0
2009-04-20,31.801760306378345,32.421442512954975,31.712322135265442,31.89120101928711,3235000,0.0,0.0
2009-04-21,31.808136971074838,32.40226371154151,31.597317969089556,31.91035270690918,2374100,0.0,0.0
2009-04-22,31.808138348144873,32.191446103220805,31.3098372498282,31.801748275756836,3157400,0.0,0.0
2009-04-23,31.718700442413372,31.859246450847543,31.07985333202493,31.53982162475586,3604500,0.0,0.0
2009-04-24,31.62286859268426,31.68675405890923,31.04790702204341,31.501487731933594,3049200,0.0,0.0
2009-04-27,31.661197117531056,31.852850963889722,31.36094001798786,31.686752319335938,3300000,0.0,0.0
2009-04-28,31.42483919270586,32.153124635009746,31.42483919270586,31.840089797973633,2192800,0.0,0.0
2009-04-29,32.127563320891106,32.178671195301334,31.50788383863542,31.693147659301758,2434700,0.0,0.0
2009-04-30,32.01258209119621,32.217013666255426,31.24596876831632,31.392902374267578,3228800,0.0,0.0
2009-05-01,31.456775310963373,31.808140351614934,31.309839221912227,31.78258514404297,2150500,0.0,0.0
2009-05-04,31.93591282345136,32.15312194824219,31.737871377673436,32.15312194824219,2502100,0.0,0.0
2009-05-05,32.044522145883015,32.165903065635355,31.782595165553854,31.89120101928711,1845500,0.0,0.0
2009-05-06,32.16589030841488,32.670578928085625,31.85924563504466,32.568363189697266,3116700,0.0,0.0
2009-05-07,32.77279828385107,33.09222059522556,32.530036513832,33.034725189208984,3829100,0.0,0.0
2009-05-08,33.290253588286745,33.46912982034111,32.93249858238372,33.18803787231445,3023200,0.0,0.0
2009-05-11,32.95807627098036,33.22000326871049,32.75364469954336,32.99640655517578,2554000,0.0,0.0
2009-05-12,33.149721324483984,33.25193454093578,32.77280103367205,33.15610885620117,2350800,0.0,0.0
2009-05-13,32.964443843087544,33.21998315264423,32.760012395442196,32.91972351074219,2355900,0.0,0.0
2009-05-14,32.99639355234016,33.07305409052152,32.261720741520314,32.28727340698242,2670000,0.0,0.0
2009-05-15,32.280884338119705,32.58114148741838,32.15311593330631,32.25532913208008,3066500,0.0,0.0
2009-05-18,32.50448778607267,33.25193578024627,32.351164142987535,33.245548248291016,2658000,0.0,0.0
2009-05-19,33.19444104814374,33.23916139813416,32.66419963111791,32.70252990722656,3490500,0.0,0.0
2009-05-20,32.89418104538158,33.2072158434326,32.76002254856107,32.83029556274414,2055500,0.0,0.0
2009-05-21,32.57475428529913,32.760018092877566,32.165891318901316,32.446983337402344,2279200,0.0,0.0
2009-05-22,32.478914834565856,32.99638089416317,32.446972108645916,32.67695617675781,1759100,0.0,0.0
2009-05-26,32.645031307975096,33.58413314819336,32.504485281425744,33.58413314819336,2782500,0.0,0.0
2009-05-27,33.584132706334735,33.66079579185908,32.56198026156864,32.6641960144043,2387700,0.0,0.0
2009-05-28,32.645017741209195,33.00915771917773,32.40864359017588,32.93888473510742,2285700,0.0,0.0
2009-05-29,33.01556454555942,33.149723052978516,32.56837121535942,33.149723052978516,2466600,0.0,0.0
2009-06-01,33.41803116262592,34.24852963540413,33.200822070936695,34.16548156738281,3032400,0.0,0.0
2009-06-02,34.19741584101502,34.69571687182182,33.93548899525884,34.42740249633789,3167700,0.0,0.0
2009-06-03,34.34066441559585,34.63152153751124,34.011024115321256,34.25017547607422,2301500,0.6,0.0
2009-06-04,34.25663437695696,34.34712330676752,33.84297033044326,34.03041076660156,1981200,0.0,0.0
2009-06-05,34.23724825204514,34.31480946658447,33.68784945796936,33.87528991699219,2085800,0.0,0.0
2009-06-08,33.713705749799985,34.37298642671806,33.713705749799985,34.114444732666016,3235600,0.0,0.0
2009-06-09,34.282498399675575,34.314813862100834,33.830051065818246,33.98517608642578,2394600,0.0,0.0
2009-06-10,34.237248138876176,34.33419965672988,33.59736040606684,33.926998138427734,2162600,0.0,0.0
2009-06-11,33.93346416360068,34.23724902293084,33.84943779818559,33.88175582885742,1998500,0.0,0.0
2009-06-12,33.71371698904952,34.2243353977422,33.70725440891573,34.08213806152344,1544000,0.0,0.0
2009-06-15,33.29357845570133,33.577973028398034,32.9639381229581,33.23540496826172,2975000,0.0,0.0
2009-06-16,33.30650956188812,33.30650956188812,32.80881897075282,32.87345504760742,3113700,0.0,0.0
2009-06-17,32.96393986683304,33.36467886395054,32.847595457457416,32.944549560546875,3274900,0.0,0.0
2009-06-18,33.06088644302328,33.35174613703828,33.05442386578274,33.17723083496094,2506500,0.0,0.0
2009-06-19,33.33882806242426,33.33882806242426,32.692477571555095,32.750648498535156,3453700,0.0,0.0
2009-06-22,32.58904066560662,33.222465605432134,32.58904066560662,33.00270462036133,2846000,0.0,0.0
2009-06-23,33.13845036581585,33.30650051969225,32.957472485746415,33.04149627685547,2548100,0.0,0.0
2009-06-24,33.22248672717502,33.558589707739166,33.13199518824781,33.46163558959961,3230400,0.0,0.0
2009-06-25,33.41638621163975,34.127372659867675,33.073818143560054,34.095054626464844,3210400,0.0,0.0
2009-06-26,34.06920360444177,34.22432864196634,33.44870602600241,33.836517333984375,5551900,0.0,0.0
2009-06-29,33.926996670947695,34.398834228515625,33.62321183260162,34.398834228515625,2260900,0.0,0.0
2009-06-30,34.334203921564104,34.398839989267564,33.66846322518469,33.888221740722656,2348800,0.0,0.0
2009-07-01,33.97871869512396,34.89007614908619,33.88176714239352,34.767269134521484,2640700,0.0,0.0
2009-07-02,34.40530088564554,34.528107865284134,34.03041736893872,34.211395263671875,2769000,0.0,0.0
2009-07-06,34.107970118112355,34.59273273027315,34.107970118112355,34.4246826171875,2787100,0.0,0.0
2009-07-07,34.28896424863879,34.50872278671817,34.06274056013075,34.15969467163086,2934100,0.0,0.0
2009-07-08,34.25665007287931,34.28250553419065,33.875301305980805,33.959327697753906,2849000,0.0,0.0
2009-07-09,34.0885979148323,34.114450803008495,33.552124125671206,33.70078659057617,2628500,0.0,0.0
2009-07-10,33.78481086469937,33.85590952272323,33.42285499536301,33.577980041503906,1988300,0.0,0.0
2009-07-13,33.67492401140143,34.41822846380444,33.59736279161131,34.347129821777344,2455600,0.0,0.0
2009-07-14,34.21786066135198,34.37944825222584,34.0691982261539,34.308349609375,3053500,0.0,0.0
2009-07-15,34.579813953228324,34.88359880783938,34.28249424764622,34.87713623046875,2535100,0.0,0.0
2009-07-16,34.81897514727766,35.23910451475541,34.70263072015831,35.14861297607422,2202200,0.0,0.0
2009-07-17,35.193863192390154,35.297279902528274,35.06459359054719,35.206790924072266,1550000,0.0,0.0
2009-07-20,35.32957390960628,35.471771146388186,34.928835073376554,35.439453125,1655600,0.0,0.0
2009-07-21,35.54287075267926,35.710920868248024,34.81249167831015,35.090423583984375,2308800,0.0,0.0
2009-07-22,34.99994536897931,35.42007464388032,34.97409248623791,35.200313568115234,2425200,0.0,0.0
2009-07-23,36.13107093250658,37.449630032224164,35.943627837720825,37.35913848876953,5396000,0.0,0.0
2009-07-24,37.10706499747632,37.701709801070585,37.08767468558296,37.501338958740234,2576600,0.0,0.0
2009-07-27,37.39144009730271,37.85681505415074,37.33973176876405,37.84388732910156,2316700,0.0,0.0
2009-07-28,37.708159222997324,38.102433046680545,37.591817392234326,38.024871826171875,2720300,0.0,0.0
2009-07-29,37.792182612920634,38.244627316308254,37.604739582594,37.86328125,2169500,0.0,0.0
2009-07-30,37.91498972291048,38.11535790860053,37.43668956519419,37.72754669189453,2522200,0.0,0.0
2009-07-31,37.727561817716754,38.23818021015324,37.68231861490175,37.77927017211914,2274900,0.0,0.0
2009-08-03,38.01841902506142,38.01841902506142,37.26864922348206,37.662925720214844,2345300,0.0,0.0
2009-08-04,37.520725781206735,38.283420688557726,37.520725781206735,38.231712341308594,2643400,0.0,0.0
2009-08-05,38.070117853107014,38.09597073623852,37.57888992868172,37.83742904663086,2208900,0.0,0.0
2009-08-06,37.895616951932176,38.06366718537004,37.255728919815795,37.36560821533203,1855900,0.0,0.0
2009-08-07,37.52717752865489,37.60473874131236,37.10704829289101,37.204002380371094,3108800,0.0,0.0
2009-08-10,37.14583160315627,37.397910705959006,36.97131629031531,37.352664947509766,1977500,0.0,0.0
2009-08-11,37.15229959640329,37.66938042521031,37.15229959640329,37.56596374511719,2041000,0.0,0.0
2009-08-12,37.52071649078426,38.02486953705734,37.34620118348716,37.75340270996094,1845700,0.0,0.0
2009-08-13,37.70169653019466,38.07658004760742,37.514253485659026,38.07658004760742,2676900,0.0,0.0
2009-08-14,38.108901696997734,38.28987960924897,37.78572391465338,38.09597396850586,2737000,0.0,0.0
2009-08-17,37.772793211882735,37.86328215472244,37.585350177077245,37.734012603759766,2357800,0.0,0.0
2009-08-18,37.73400458688385,37.80510321055663,37.43668236834554,37.77278518676758,1930400,0.0,0.0
2009-08-19,37.55303718578392,38.11536379400242,37.54011202911404,38.10243606567383,2110300,0.0,0.0
2009-08-20,38.12828515761084,38.19292121680544,37.71461849341864,38.01840591430664,2000000,0.0,0.0
2009-08-21,38.16706022752821,38.56779910741421,37.92144632421013,38.47731018066406,2497200,0.0,0.0
2009-08-24,38.52256105775964,38.61951515186464,38.17353043363512,38.30926513671875,2186800,0.0,0.0
2009-08-25,38.3028098919805,38.61952254536967,38.20585577931415,38.4967155456543,1921400,0.0,0.0
2009-08-26,38.503176585811914,38.942696221352065,38.38036959100424,38.884525299072266,2450600,0.0,0.0
2009-08-27,38.89098396754812,38.949154883979396,38.45146437619742,38.651832580566406,1652900,0.0,0.0
2009-08-28,38.70353395575677,38.89743954729994,38.393286552282554,38.625972747802734,1768600,0.0,0.0
2009-08-31,38.50962336968604,39.09134006886947,38.50962336968604,39.07841491699219,2402800,0.0,0.0
2009-09-01,39.07841794596216,39.08488052240172,38.1347429162578,38.199378967285156,2796300,0.0,0.0
2009-09-02,38.29463085228263,38.46448211126234,37.935333111187866,38.08558654785156,2753100,0.6,0.0
2009-09-03,38.196651303652864,38.20318304633327,37.576044777667775,37.91574478149414,1725900,0.0,0.0
2009-09-04,38.09212705132125,38.09212705132125,37.79162270804879,38.020267486572266,2038900,0.0,0.0
2009-09-08,38.12479600456084,38.12479600456084,37.58911506937159,37.772029876708984,3698400,0.0,0.0
2009-09-09,37.75241851412593,37.94186759614432,37.64136332085132,37.843875885009766,2353100,0.0,0.0
2009-09-10,37.89614784898007,38.25544568851182,37.785092625703236,38.18358612060547,2354800,0.0,0.0
2009-09-11,38.22929837859231,38.386080927323015,38.007185435923496,38.21623229980469,2080900,0.0,0.0
2009-09-14,38.0986595683588,38.190116961791134,37.82428738806181,37.91574478149414,2909200,0.0,0.0
2009-09-15,37.90265896972779,37.90919330818859,37.58909129818849,37.68708038330078,3278700,0.0,0.0
2009-09-16,37.73282046637686,37.791613933198036,37.48457791866877,37.56296920776367,4211700,0.0,0.0
2009-09-17,37.56950702073922,37.641366575445495,37.301666625999395,37.34086227416992,3282400,0.0,0.0
2009-09-18,37.43885437608328,37.93533955693058,37.33433350569853,37.81121826171875,3240800,0.0,0.0
2009-09-21,37.7589500296816,37.7589500296816,37.4257844518476,37.56296920776367,2027200,0.0,0.0
2009-09-22,37.726293525936576,37.785087000239095,37.48458268850232,37.64789962768555,1939900,0.0,0.0
2009-09-23,37.70668986487024,38.4579492801261,37.517243375321314,37.96799850463867,3592400,0.0,0.0
2009-09-24,38.0333312843415,38.28157387476515,37.79815477740886,37.81121826171875,2472900,0.0,0.0
2009-09-25,37.70668607039957,38.07904986990536,37.62829478594804,37.69362258911133,2145700,0.0,0.0
2009-09-28,37.74589623242882,38.41223015824488,37.62177492672784,38.196651458740234,1852000,0.0,0.0
2009-09-29,38.353428827864555,38.353428827864555,37.62829896934812,37.64136505126953,2596300,0.0,0.0
2009-09-30,37.654433695269496,38.712729220934186,37.628301529648596,38.52981185913086,5036100,0.0,0.0
2009-10-01,38.47754447141741,38.47754447141741,37.902665542080946,38.02678680419922,3500200,0.0,0.0
2009-10-02,38.03332006664909,38.523270761652405,37.830804929402895,38.457942962646484,3208700,0.0,0.0
2009-10-05,38.523280559028116,38.575542291688166,37.67403195186909,38.11172103881836,3614400,0.0,0.0
2009-10-06,38.209695321136365,38.497133419972776,38.111703642434954,38.42527389526367,3329300,0.0,0.0
2009-10-07,38.44488316200773,38.48407880549081,38.03332370707411,38.33382797241211,2346400,0.0,0.0
2009-10-08,38.4056927917783,38.61473711878425,38.314232812185814,38.58207321166992,3446200,0.0,0.0
2009-10-09,38.49062118266261,38.71926596507071,38.35996813522139,38.71273422241211,1411200,0.0,0.0
2009-10-12,38.71925929351516,39.16348269729055,38.60820409236653,38.88911056518555,1724000,0.0,0.0
2009-10-13,38.79111232975494,38.882569691757396,38.38608464158939,38.54940414428711,1887900,0.0,0.0
2009-10-14,38.75844743803978,38.77151351775754,38.36648583994983,38.4644775390625,2438900,0.0,0.0
2009-10-15,38.31422754699239,38.836844790640875,38.31422754699239,38.791114807128906,2151900,0.0,0.0
2009-10-16,38.67352578107997,39.07855087398458,38.405685432916385,38.588600158691406,2724700,0.0,0.0
2009-10-19,38.59513873679585,39.156951693011806,38.438353544420636,38.96750259399414,1816800,0.0,0.0
2009-10-20,38.92831975442576,39.19616023816913,38.69967493187766,38.908721923828125,3140500,0.0,0.0
2009-10-21,38.89563653650446,39.52277460197985,38.89563653650446,38.99362564086914,3549400,0.0,0.0
2009-10-22,40.4504303474696,41.52832384920286,40.36550469604115,41.21475601196289,6803600,0.0,0.0
2009-10-23,41.19515132976859,41.30620653282871,39.953938474446964,40.221778869628906,5866000,0.0,0.0
2009-10-26,40.38508925945802,40.79664869760127,39.90820461790156,40.15644454956055,3057500,0.0,0.0
2009-10-27,40.260977226449846,40.46349242125773,39.901679428153386,40.19565200805664,3192600,0.0,0.0
2009-10-28,40.09113159184144,40.54841855213257,39.83635724259486,39.8690185546875,3270400,0.0,0.0
2009-10-29,40.13032073802568,40.35896548068407,39.80368687661706,40.32630157470703,2427400,0.0,0.0
2009-10-30,40.36548546365035,40.56799798286241,39.836339178178825,39.95392608642578,3368400,0.0,0.0
2009-11-02,39.999670869786314,40.99263861459709,39.98007304448974,40.986106872558594,3882700,0.0,0.0
2009-11-03,40.82931172509761,40.82931172509761,40.19564193038592,40.50267791748047,2780100,0.0,0.0
2009-11-04,40.56148638977056,41.15596076343615,40.56148638977056,40.92731857299805,3439600,0.0,0.0
2009-11-05,41.22127362120525,41.60016915258353,40.973031093948336,41.51524353027344,3087200,0.0,0.0
2009-11-06,41.280073918437836,41.619773864746094,41.08409308021457,41.619773864746094,2248300,0.0,0.0
2009-11-09,41.619780545106266,41.90068706478991,41.43686575985327,41.87455749511719,3237200,0.0,0.0
2009-11-10,41.85494367701659,42.1031862057959,41.71775893156101,41.97906494140625,2052200,0.0,0.0
2009-11-11,42.08359048499427,42.12932046854838,41.58057366180206,41.81575012207031,2672500,0.0,0.0
2009-11-12,41.763508563639036,41.90069598136326,41.40421065929642,41.53486633300781,1899800,0.0,0.0
2009-11-13,41.58710369097461,41.83534622192383,41.24740379586207,41.83534622192383,2665500,0.0,0.0
2009-11-16,41.85495523502728,42.3514404296875,41.82229392416275,42.3514404296875,2982800,0.0,0.0
2009-11-17,42.17506437053379,42.710745306177934,42.17506437053379,42.64542007446289,2743900,0.0,0.0
2009-11-18,42.54741668701172,43.056967910391364,42.14239152397706,42.54741668701172,3474200,0.0,0.0
2009-11-19,42.35144081385943,42.41676863454349,41.926815177775545,42.29917907714844,1724600,0.0,0.0
2009-11-20,42.27304950838355,42.397170808174515,41.99867474085551,42.29917907714844,1827900,0.0,0.0
2009-11-23,42.4494284895083,43.161489710704565,42.43636240678351,42.906715393066406,2934700,0.0,0.0
2009-11-24,43.01776639865861,43.1092263696224,42.573545621192416,42.9589729309082,1946100,0.0,0.0
2009-11-25,43.04391550254378,43.18110291380223,42.93286026446873,43.12230682373047,1963500,0.0,0.0
2009-11-27,42.61928403310728,43.24642231556109,42.30571619147107,42.828330993652344,1217500,0.0,0.0
2009-11-30,42.91325753807618,43.292153212552115,42.567023177580445,43.09617233276367,2437200,0.0,0.0
2009-12-01,43.494645670856215,43.76248599575492,43.37705875700619,43.65142822265625,2197100,0.0,0.0
2009-12-02,43.800333500567284,44.20259680756423,43.694821899510806,44.04432678222656,2260500,0.6,0.0
2009-12-03,44.12346954337731,44.136656527226265,43.46402327205928,43.543155670166016,2041400,0.0,0.0
2009-12-04,43.89926918608417,44.05753665103324,43.33874087684097,43.43765640258789,2568500,0.0,0.0
2009-12-07,43.15408057225429,43.15408057225429,42.58036545644553,42.989219665527344,2890500,0.0,0.0
2009-12-08,42.857336499677196,42.96944161457099,42.52761464748834,42.80458068847656,2302400,0.0,0.0
2009-12-09,42.40890599932658,42.44847219486883,41.815405194933696,42.28361129760742,3798200,0.0,0.0
2009-12-10,42.38254403503615,42.90350611945074,42.230870068115784,42.606754302978516,2638600,0.0,0.0
2009-12-11,42.85073804473088,43.02219244346206,42.586959019275405,42.67268753051758,2927400,0.0,0.0
2009-12-14,42.863937293348435,43.07496057409538,42.778211381329676,42.88372039794922,1888200,0.0,0.0
2009-12-15,42.96942939403927,43.048564400210914,42.69905692243766,42.870513916015625,2096100,0.0,0.0
2009-12-16,43.01559781174073,43.27937420645248,42.75841490858319,42.837547302246094,2057700,0.0,0.0
2009-12-17,42.83096022568443,42.83096022568443,42.204486602846224,42.26383590698242,2607700,0.0,0.0
2009-12-18,42.395720410761335,42.5144216323905,41.39995881773161,41.76265335083008,3703900,0.0,0.0
2009-12-21,41.881369145118995,42.6858935135881,41.881369145118995,42.527626037597656,1971400,0.0,0.0
2009-12-22,42.63972137818469,42.75182649732663,42.13854246466358,42.35615921020508,1735300,0.0,0.0
2009-12-23,42.52102729363425,42.52102729363425,42.17152226819115,42.362762451171875,1658200,0.0,0.0
2009-12-24,42.46825773869225,42.56058236527918,42.0396204306255,42.21107482910156,684400,0.0,0.0
2009-12-28,42.24405486831824,42.4616716178637,42.118760137632634,42.455078125,991900,0.0,0.0
2009-12-29,42.441884621521744,42.75182336149053,42.37593920392071,42.474857330322266,1288800,0.0,0.0
2009-12-30,42.43529714004775,42.699073600307976,42.369351713105814,42.461673736572266,1088800,0.0,0.0
2009-12-31,42.39572612792599,42.48145465378813,41.98027573182934,42.013248443603516,1264700,0.0,0.0
2010-01-04,42.395717195330676,42.54739111278412,41.93410719901232,42.382530212402344,1634900,0.0,0.0
2010-01-05,42.40891215421398,42.61334190043994,41.98027218487316,42.41550827026367,2465800,0.0,0.0
2010-01-06,42.43529545644586,42.43529545644586,41.86157761132354,41.89455032348633,2453600,0.0,0.0
2010-01-07,41.99346844779106,41.99346844779106,41.294455827230806,41.617584228515625,3246800,0.0,0.0
2010-01-08,41.459317172308396,41.51866648045363,40.74711497955083,41.35380554199219,3069300,0.0,0.0
2010-01-11,41.34061066449983,41.3472041566468,40.35803865192103,41.30104446411133,2993500,0.0,0.0
2010-01-12,41.23510676521848,41.815418142870136,41.14937823249617,41.55823516845703,2557000,0.0,0.0
2010-01-13,41.72308922981012,42.00665137844919,41.545038700374114,41.953895568847656,1904200,0.0,0.0
2010-01-14,41.99346870169577,41.99346870169577,41.48569624625057,41.55823516845703,2019300,0.0,0.0
2010-01-15,41.43953208954434,41.51866712538759,40.97132848634301,41.030677795410156,3690300,0.0,0.0
2010-01-19,41.13618096357508,41.70989608068942,41.090018650184966,41.41314697265625,3347100,0.0,0.0
2010-01-20,41.28785390945919,41.28785390945919,40.37122471062562,40.944942474365234,2783800,0.0,0.0
2010-01-21,41.037269564808426,41.228509717663734,40.22615187994532,40.29869079589844,3530000,0.0,0.0
2010-01-22,39.50075184234332,40.542675597510296,39.28972864541004,39.71836853027344,4369000,0.0,0.0
2010-01-25,40.0613018697793,40.09427459034057,39.401857953571216,39.863468170166016,3075100,0.0,0.0
2010-01-26,40.06128793420217,40.06128793420217,39.42162734809004,39.639244079589844,4167700,0.0,0.0
2010-01-27,39.64583345101597,39.863450159896125,39.032549521671314,39.236976623535156,3959000,0.0,0.0
2010-01-28,39.448007391016354,39.619464443785475,38.95342458265061,38.979801177978516,4408500,0.0,0.0
2010-01-29,39.22379207841547,39.68540211514888,38.96001304045831,39.1644401550293,3816200,0.0,0.0
2010-02-01,39.5205382363756,39.5205382363756,38.913850430204384,39.24357223510742,3415300,0.0,0.0
2010-02-02,39.34908927233945,40.140423812309116,39.08531021776507,40.01512908935547,3314500,0.0,0.0
2010-02-03,39.9557750798748,39.9557750798748,39.41503001399416,39.82388687133789,3479500,0.0,0.0
2010-02-04,39.57330685982911,39.73157432200461,39.025968171528696,39.05894088745117,2623300,0.0,0.0
2010-02-05,39.05232901415626,39.256758720895824,38.41266855359951,38.88087463378906,3210500,0.0,0.0
2010-02-08,39.01276715379662,39.289733163808535,38.630289533184005,38.87428283691406,2844400,0.0,0.0
2010-02-09,39.21059329841448,39.52712806991908,38.94681432216065,39.316104888916016,2375800,0.0,0.0
2010-02-10,39.21718998100606,39.3095145980242,38.68304111827482,38.86109161376953,2625100,0.0,0.0
2010-02-11,38.97321294055321,39.171046615327754,38.72262344425519,39.032562255859375,2349500,0.0,0.0
2010-02-12,38.87429071533341,39.00618156719039,38.6039181422818,38.81494140625,2735300,0.0,0.0
2010-02-16,38.90726303658704,39.07872009277344,38.709429384547036,39.07872009277344,2901700,0.0,0.0
2010-02-17,39.177623902577075,39.32929781062216,39.0721123031769,39.138057708740234,2693600,0.0,0.0
2010-02-18,39.105097106952144,39.922808319713205,39.07212439396714,39.83048629760742,2334900,0.0,0.0
2010-02-19,39.79751280313996,39.95577761392027,39.5007610354199,39.7315673828125,2220100,0.0,0.0
2010-02-22,39.817297823778475,39.98215875879033,39.43481751594694,39.500762939453125,2509100,0.0,0.0
2010-02-23,39.43481479304096,39.97555988194404,39.30292657888885,39.81729507446289,3244100,0.0,0.0
2010-02-24,39.94918182909707,39.98215453736882,39.632646978192305,39.7645378112793,3092300,0.0,0.0
2010-02-25,39.57989682742583,39.856865517496914,39.2831476580682,39.83048629760742,2684800,0.0,0.0
2010-02-26,39.988749710079624,40.25912225601589,39.78432258345826,40.05469512939453,2777000,0.0,0.0
2010-03-01,40.51631119457453,40.51631119457453,39.92281020409198,40.06129455566406,3237300,0.0,0.0
2010-03-02,39.52713622127624,39.962369654035165,39.025957374916295,39.79091262817383,6698900,0.0,0.0
2010-03-03,39.98994398499421,40.2834479662396,39.9565907773016,40.03663635253906,2707500,0.66,0.0
2010-03-04,40.223423453045505,40.32348044614236,39.763155976736655,40.04998779296875,3249500,0.0,0.0
2010-03-05,40.18339368780381,40.33014568825276,39.8765478721293,40.096675872802734,3110600,0.0,0.0
2010-03-08,40.16338578765672,40.19673900268901,39.823189364003284,40.10335159301758,2808000,0.0,0.0
2010-03-09,40.02996826171875,40.23675444146194,40.016626447339185,40.02996826171875,2237600,0.0,0.0
2010-03-10,40.09000210450504,40.09000210450504,39.52300551955251,39.676429748535156,3925800,0.0,0.0
2010-03-11,39.76982268104376,39.85654050480838,39.50967186378138,39.829856872558594,3142100,0.0,0.0
2010-03-12,39.896562560403524,40.17005518872665,39.7431383128868,40.07666778564453,3848600,0.0,0.0
2010-03-15,40.123369649470064,40.25678253173828,39.92992521663241,40.25678253173828,2612800,0.0,0.0
2010-03-16,39.87654848954124,40.383508264557996,39.85653709408211,40.37683868408203,4531100,0.0,0.0
2010-03-17,40.43020687120727,40.703699505415806,40.19006745039539,40.6436653137207,3021600,0.0,0.0
2010-03-18,40.70370289188514,40.91716135215791,40.57029268123051,40.88380813598633,3073300,0.0,0.0
2010-03-19,40.977195739746094,41.08392497037969,40.74372587948906,40.977195739746094,3874400,0.0,0.0
2010-03-22,40.997210805485864,42.064500553247456,40.997210805485864,42.02447509765625,4978600,0.0,0.0
2010-03-23,42.21125579358568,42.42471163608728,41.92442127062249,42.36467742919922,3363800,0.0,0.0
2010-03-24,42.35133272245164,42.35133272245164,41.82435875382932,41.95109939575195,2036300,0.0,0.0
2010-03-25,42.09783601329494,42.2579298161203,41.744297854332686,42.051143646240234,3352600,0.0,0.0
2010-03-26,42.07116744872927,42.22458906291925,41.690945550134195,41.89773178100586,2709900,0.0,0.0
2010-03-29,41.94442886003847,42.30463937668685,41.831030039325285,42.171226501464844,2140300,0.0,0.0
2010-03-30,42.2445995167466,42.31797553128737,41.99112091072261,42.11785888671875,1673200,0.0,0.0
2010-03-31,41.9711084719883,42.11119092478389,41.69761580235946,41.944427490234375,2123000,0.0,0.0
2010-04-01,42.14455028925357,42.14455028925357,41.34408356344293,41.69095230102539,3379800,0.0,0.0
2010-04-05,41.92440930095514,41.94442069753779,41.417446843444374,41.530845642089844,2433000,0.0,0.0
2010-04-06,41.52417504988143,41.65091566117224,41.123941819913746,41.490821838378906,2472000,0.0,0.0
2010-04-07,41.257353831746244,41.34407165467166,40.950510642063364,41.050567626953125,2967400,0.0,0.0
2010-04-08,40.937167945382356,41.103931352631975,40.81042733122762,40.910484313964844,2460000,0.0,0.0
2010-04-09,40.90381581177959,41.14395523071289,40.757063797207486,41.14395523071289,1950400,0.0,0.0
2010-04-12,41.317380431960586,41.35740321599274,40.810418090137944,40.95050048828125,2524500,0.0,0.0
2010-04-13,40.93717371015605,40.970526927109056,40.623658248055,40.730384826660156,2541100,0.0,0.0
2010-04-14,40.770410639623975,40.91716267228831,40.543610354758876,40.85045623779297,2731500,0.0,0.0
2010-04-15,40.75706607926254,41.290709557219614,40.67034825106043,41.08392333984375,2560600,0.0,0.0
2010-04-16,40.897135078837316,41.510823947873305,40.897135078837316,41.23733139038086,2866200,0.0,0.0
2010-04-19,41.14393937598954,41.48413830323518,41.14393937598954,41.457454681396484,3446600,0.0,0.0
2010-04-20,41.63758055796469,41.737640208602414,41.33740691411499,41.71095657348633,3274800,0.0,0.0
2010-04-21,41.81767612934445,42.05114593944287,41.69093552694994,41.991111755371094,2917300,0.0,0.0
2010-04-22,41.81101029879446,41.8577026725829,41.09058940920026,41.43745803833008,3557900,0.0,0.0
2010-04-23,41.544188805273116,41.544188805273116,40.36350044441396,40.6436653137207,4470900,0.0,0.0
2010-04-26,41.05723237050588,41.05723237050588,40.45688256980721,40.65032958984375,4012300,0.0,0.0
2010-04-27,40.603656935236785,41.00388767600076,40.483585855184906,40.503597259521484,3968800,0.0,0.0
2010-04-28,40.71036678527958,40.963848007928085,40.37683997822895,40.703697204589844,2939100,0.0,0.0
2010-04-29,40.89715144479245,41.103937676953436,40.58363332457085,40.877140045166016,2516900,0.0,0.0
2010-04-30,40.977183568643504,41.3840863172975,40.857112556336446,40.86378479003906,3103800,0.0,0.0
2010-05-03,40.91716116066641,41.01054857309077,40.65033808657418,40.79042053222656,2589800,0.0,0.0
2010-05-04,40.543607875837836,40.9705247840546,40.38351403525655,40.817100524902344,4438600,0.0,0.0
2010-05-05,40.77707680433492,41.370757121110344,40.77707680433492,41.037227630615234,3414000,0.0,0.0
2010-05-06,40.93048398706801,41.23732973629335,39.876539236640966,40.75038146972656,6829800,0.0,0.0
2010-05-07,40.63031920819742,40.863789023295055,40.130029022157785,40.69035339355469,9021300,0.0,0.0
2010-05-10,41.63757651027818,42.117855355361364,41.5642005018896,41.97777557373047,6814700,0.0,0.0
2010-05-11,41.77765874844975,42.18456158322085,41.67759910801206,41.8843879699707,3361000,0.0,0.0
2010-05-12,42.017792848845886,42.09116884759549,41.55085322733146,41.89105224609375,3669300,0.0,0.0
2010-05-13,41.924406262717945,41.96442905298281,41.45079705184423,41.47747802734375,2438800,0.0,0.0
2010-05-14,41.3307343591673,41.49082820653239,40.95051512096884,41.097267150878906,2868900,0.0,0.0
2010-05-17,41.230672540698,41.65758676303822,40.99053312475466,41.55085754394531,3102000,0.0,0.0
2010-05-18,41.790993004945214,41.91773094678992,41.25734699387334,41.35740661621094,3724800,0.0,0.0
2010-05-19,41.223996440458464,41.630899201623656,40.88379744015402,41.35740661621094,4402500,0.0,0.0
2010-05-20,40.697020904986964,41.43745040055872,40.65032588577401,40.843772888183594,6159900,0.0,0.0
2010-05-21,40.36350288326194,41.123946640140055,40.036645618675635,41.10393524169922,4779800,0.0,0.0
2010-05-24,40.9505175179707,41.12395053891083,40.65034120483665,40.677024841308594,2834200,0.0,0.0
2010-05-25,40.183403886133654,40.48357754358671,39.736475536954906,40.39019012451172,4659900,0.0,0.0
2010-05-26,40.590312100429884,40.810440185819736,40.16339509552916,40.19007873535156,3250400,0.0,0.0
2010-05-27,40.610319585545675,40.81710583107537,40.37684970276779,40.8104362487793,2442400,0.0,0.0
2010-05-28,40.930498061791866,40.93717029704522,40.42353823008167,40.49024200439453,3144800,0.0,0.0
2010-06-01,40.30346891997903,41.27736848384361,40.096682698878816,40.770408630371094,4903300,0.0,0.0
2010-06-02,40.9109951718612,41.221336364746094,40.485963427158694,41.221336364746094,3235400,0.66,0.0
2010-06-03,41.3157934718651,41.45747163510842,41.09990344868756,41.34278106689453,2612700,0.0,0.0
2010-06-04,40.97171385436929,41.039180149068706,40.465724696916084,40.60065460205078,6540800,0.0,0.0
2010-06-07,40.60738857397196,41.32251923575006,40.60738857397196,41.072898864746094,4374900,0.0,0.0
2010-06-08,41.07290791250782,41.646363289490886,40.97845672286795,41.59913635253906,3921300,0.0,0.0
2010-06-09,41.68683363507035,41.93645669531222,41.443958812620274,41.67333984375,3083100,0.0,0.0
2010-06-10,42.05115581077071,42.26029753982316,41.87574454052248,41.97694396972656,3009100,0.0,0.0
2010-06-11,41.80151846932557,41.96343589037359,41.4304593904215,41.92970275878906,2393500,0.0,0.0
2010-06-14,42.17260456461973,42.40873395271652,42.11188649942842,42.13212585449219,2645500,0.0,0.0
2010-06-15,42.327755272289004,42.54364519688591,42.25354344624172,42.52340316772461,2525400,0.0,0.0
2010-06-16,42.34800625391481,42.62461428921448,42.30077931333312,42.388484954833984,2717000,0.0,0.0
2010-06-17,42.617868937907595,42.66509319445145,42.17259517287238,42.59088134765625,2495200,0.0,0.0
2010-06-18,42.705567620517435,42.766288350372506,42.321014629911474,42.3547477722168,2663700,0.0,0.0
2010-06-21,42.72581418053444,42.8337591804255,42.145613161450214,42.294036865234375,2201200,0.0,0.0
2010-06-22,42.29403789321304,42.6043791043768,42.03766918330664,42.078147888183594,2620000,0.0,0.0
2010-06-23,42.03765748301008,42.18608114909115,41.80827642970787,42.051151275634766,2453700,0.0,0.0
2010-06-24,41.902730469423915,42.09163284200819,41.666601161561736,41.75430679321289,3505000,0.0,0.0
2010-06-25,41.86899401171904,41.922966497363376,41.42372301835088,41.470947265625,4568000,0.0,0.0
2010-06-28,41.70708178662404,41.842014359792884,41.268556292352905,41.666603088378906,2440600,0.0,0.0
2010-06-29,41.24157383645221,41.612633066165664,40.97845959797611,41.133628845214844,3993400,0.0,0.0
2010-06-30,41.16736151940063,41.484448249866745,40.79630229393348,40.90424728393555,3376700,0.0,0.0
2010-07-01,40.87051296967452,40.96496416215799,40.411748117423485,40.91099166870117,3743900,0.0,0.0
2010-07-02,41.09315280145635,41.16061909640775,40.78281160264972,40.80979919433594,2187700,0.0,0.0
2010-07-06,41.14712510577742,41.25507010348299,40.222849753786605,40.60740280151367,4035200,0.0,0.0
2010-07-07,40.69509858107617,41.41698029029315,40.47921130803143,41.34951400756836,3191400,0.0,0.0
2010-07-08,41.55865118286637,41.76779556274414,41.484439353687385,41.76779556274414,2627300,0.0,0.0
2010-07-09,41.66660021645118,41.82176944378352,41.410231566217504,41.626121520996094,2159500,0.0,0.0
2010-07-12,41.61262893619998,41.815025103616655,41.49793840099206,41.78129196166992,2092800,0.0,0.0
2010-07-13,42.12537483338288,42.2333198358976,41.89599103197303,42.078147888183594,1876400,0.0,0.0
2010-07-14,41.92971251053957,42.138856901299995,41.84875512331843,42.051151275634766,2194800,0.0,0.0
2010-07-15,42.10512735318814,42.25355103192888,41.84875869276982,42.18608474731445,2236800,0.0,0.0
2010-07-16,42.01067378245275,42.19957614754216,41.7003326487981,41.868995666503906,2865700,0.0,0.0
2010-07-19,42.0983834045217,42.27379468869031,41.990441096107176,42.24680709838867,2828600,0.0,0.0
2010-07-20,41.97694249362465,42.82026030361523,41.916224448795596,42.806766510009766,3309700,0.0,0.0
2010-07-21,42.95518853181681,42.95518853181681,41.868995900097296,42.07139205932617,2994500,0.0,0.0
2010-07-22,42.35474227060116,42.78652214120182,42.28727867901734,42.47618103027344,2820300,0.0,0.0
2010-07-23,42.334508822619334,43.2857716338331,42.28728457035786,42.93495178222656,3128500,0.0,0.0
2010-07-26,43.08337661961843,43.30601214579526,42.78652925138266,43.265533447265625,2060700,0.0,0.0
2010-07-27,43.332990894816724,43.859221953744886,43.09011605387429,43.79175567626953,3330000,0.0,0.0
2010-07-28,43.81875092310862,43.85248138348095,42.90796675498551,43.454437255859375,2387100,0.0,0.0
2010-07-29,43.54213281908955,43.670317128486154,42.644842653313304,43.1373405456543,2538000,0.0,0.0
2010-07-30,42.941690956539304,43.40045572266886,42.9012122651115,43.2587776184082,3001800,0.0,0.0
2010-08-02,43.54889076834396,43.953683156997805,43.41396086688069,43.940189361572266,3017100,0.0,0.0
2010-08-03,43.72429392510178,43.886211397246136,43.58261848570623,43.71754837036133,2711500,0.0,0.0
2010-08-04,43.83223649725495,44.189804564119335,43.737785314761595,44.08185958862305,2334400,0.0,0.0
2010-08-05,43.933445897039874,44.13584210100001,43.859234045063296,44.06163024902344,2266400,0.0,0.0
2010-08-06,43.86596181318318,44.048118591308594,43.515142047528386,44.048118591308594,2110900,0.0,0.0
2010-08-09,44.10210416161871,44.50014828612866,44.04138611230646,44.439430236816406,2428900,0.0,0.0
2010-08-10,44.2505285157209,44.69579958590958,44.203301576035464,44.54063034057617,2946100,0.0,0.0
2010-08-11,44.068367229039566,44.33148143770538,43.906449760528425,43.93343734741211,2916600,0.0,0.0
2010-08-12,43.643342407103695,44.06837415104215,43.54214565105362,44.00765609741211,3502600,0.0,0.0
2010-08-13,43.89969635632047,43.97390818058544,43.67031533014261,43.72428512573242,2340300,0.0,0.0
2010-08-16,43.616343112860676,43.92668151855469,43.37346560992845,43.92668151855469,2695400,0.0,0.0
2010-08-17,43.96042134089498,44.183056848894644,43.71754648528295,43.79850387573242,3271100,0.0,0.0
2010-08-18,43.872723730628174,44.1695738131485,43.71755447581754,44.04138946533203,3530400,0.0,0.0
2010-08-19,43.86598087936735,44.02789838410712,43.481427812209496,43.710811614990234,2453400,0.0,0.0
2010-08-20,43.43419811413188,43.75128484355754,43.43419811413188,43.65683364868164,2070800,0.0,0.0
2010-08-23,43.87945389080891,44.09534379486489,43.811987624725674,43.82548141479492,2598100,0.0,0.0
2010-08-24,43.440938709619125,43.96042156425783,43.440938709619125,43.66357421875,3215200,0.0,0.0
2010-08-25,43.57586741298719,43.77826356893999,43.326247008394745,43.50165557861328,2920200,0.0,0.0
2010-08-26,43.5286501082811,43.60960750987158,43.14409708219837,43.238548278808594,2505100,0.0,0.0
2010-08-27,43.3262531392523,43.50840997381218,43.00916640971855,43.4881706237793,2071900,0.0,0.0
2010-08-30,43.46792340313979,43.58935948134903,43.17782163142311,43.2857666015625,2129400,0.0,0.0
2010-08-31,43.23855111376322,43.575877221525786,43.110366763331186,43.44769287109375,3027700,0.0,0.0
2010-09-01,43.67032194352182,44.189804792046495,43.54888317439624,44.11559295654297,3338400,0.0,0.0
2010-09-02,44.122346096346014,44.50015089321932,44.122346096346014,44.45292663574219,2431900,0.0,0.0
2010-09-03,44.601355511271024,44.648582458496094,44.22354798626353,44.648582458496094,2260900,0.0,0.0
2010-09-07,44.49340124071475,44.93192673434229,44.49340124071475,44.76326370239258,2908300,0.0,0.0
2010-09-08,44.782615943821284,45.34163181225526,44.65990401877752,45.04848861694336,2861700,0.66,0.0
2010-09-09,45.22574346142913,45.27346552676153,44.9394192066518,45.07576370239258,1882300,0.0,0.0
2010-09-10,45.10984518959028,45.259824930956235,44.99395224624483,45.171199798583984,1451700,0.0,0.0
2010-09-13,45.43024915136683,45.580228869434436,45.21209856025345,45.3279914855957,1529500,0.0,0.0
2010-09-14,45.252994946331505,45.4506939751064,45.21209188606115,45.307533264160156,1858700,0.0,0.0
2010-09-15,45.32116874250182,45.4575159021001,45.17118903686747,45.409793853759766,2259900,0.0,0.0
2010-09-16,45.198461077497534,45.48478523997813,45.17119055969664,45.39616012573242,2902300,0.0,0.0
2010-09-17,45.443887084730676,45.6279536063536,45.232552754766076,45.246185302734375,3352300,0.0,0.0
2010-09-20,45.47796787204608,45.83928188117488,45.47115159896232,45.614315032958984,3176300,0.0,0.0
2010-09-21,45.593869137265386,45.593869137265386,45.13711097407474,45.34162902832031,3807500,0.0,0.0
2010-09-22,45.362077440466834,45.70975621007183,45.34162590769035,45.512054443359375,3092200,0.0,0.0
2010-09-23,45.30753063312812,45.54613542072199,45.06210957335318,45.321163177490234,1474500,0.0,0.0
2010-09-24,45.28026777008145,45.40297967690432,45.00075987736725,45.02803039550781,3635800,0.0,0.0
2010-09-27,45.00076332575354,45.04848537995402,44.50992108565871,44.530372619628906,3539400,0.0,0.0
2010-09-28,44.61899913249143,44.61899913249143,44.11452161655749,44.121337890625,4153100,0.0,0.0
2010-09-29,44.12133035650252,44.428108748042256,43.909996060040676,44.353118896484375,3198500,0.0,0.0
2010-09-30,44.51673327485436,44.584906856769734,44.16223553122302,44.3463020324707,3066700,0.0,0.0
2010-10-01,44.35994645720073,44.67354120144122,44.216782990559224,44.33267593383789,2215700,0.0,0.0
2010-10-04,44.35994284420818,44.69398909756099,44.30540451432985,44.434932708740234,1911900,0.0,0.0
2010-10-05,44.71442753509514,44.83713941947961,44.441735965576484,44.659889221191406,2302700,0.0,0.0
2010-10-06,44.63263924866399,45.13711681948058,44.61900398664046,45.02122116088867,2628600,0.0,0.0
2010-10-07,45.22573616155633,45.22573616155633,44.88487362102007,45.04848861694336,1729000,0.0,0.0
2010-10-08,45.143920424300795,45.40979304091072,45.04847904173325,45.300716400146484,1751700,0.0,0.0
2010-10-11,45.150725211956235,45.49840657690003,45.07573537955698,45.21889877319336,1338000,0.0,0.0
2010-10-12,45.3348082090649,45.60749984116888,45.11665761578668,45.46433639526367,1725100,0.0,0.0
2010-10-13,45.559782243558445,45.83247118992293,45.43707303141599,45.55296325683594,1947300,0.0,0.0
2010-10-14,45.43024397910639,45.5870426653104,45.03484319579977,45.29389953613281,2724300,0.0,0.0
2010-10-15,45.38935045306278,45.48479185443553,45.17801611519493,45.25300598144531,2511400,0.0,0.0
2010-10-18,45.3143540262875,45.58022665679085,45.27345096196465,45.546142578125,3289100,0.0,0.0
2010-10-19,45.32116434684129,45.32798333160267,44.584901148519855,45.041656494140625,4215000,0.0,0.0
2010-10-20,45.130290700931155,45.65522243803783,45.10983916733024,45.389347076416016,1869100,0.0,0.0
2010-10-21,45.55977536592361,45.72339304889118,45.38934412207255,45.58022689819336,1589200,0.0,0.0
2010-10-22,45.375701904296875,45.62112296630095,45.20527068658305,45.375701904296875,1935300,0.0,0.0
2010-10-25,45.58022657288502,45.662032701380134,45.2461803608553,45.314353942871094,2834300,0.0,0.0
2010-10-26,44.23723129392171,44.244050280466745,42.546551190766635,42.68289566040039,11179100,0.0,0.0
2010-10-27,42.81242146963142,42.996487985200396,42.33521178390408,42.505645751953125,5515600,0.0,0.0
2010-10-28,42.72378856055732,42.832865195263004,42.47155121615437,42.63516616821289,4021300,0.0,0.0
2010-10-29,42.573811816138765,43.201001152955996,42.54654401177505,43.18054962158203,3829700,0.0,0.0
2010-11-01,43.180551360947774,43.20100289314555,42.267037835692896,42.382930755615234,4416300,0.0,0.0
2010-11-02,42.614706970105516,42.98965887545411,42.362469655035724,42.914669036865234,3821700,0.0,0.0
2010-11-03,42.93512556451289,42.94875810954996,42.5874441303819,42.928306579589844,2430600,0.0,0.0
2010-11-04,43.091919403020505,43.11918720415218,42.84649834321791,42.935123443603516,2962400,0.0,0.0
2010-11-05,42.94875242172295,43.01010971588208,42.607890017656395,42.96920394897461,2760400,0.0,0.0
2010-11-08,42.90102818941062,42.96919903498538,42.65560717805306,42.8260383605957,1815500,0.0,0.0
2010-11-09,42.751067012458655,42.751067012458655,42.26022206515442,42.37611770629883,3854500,0.0,0.0
2010-11-10,42.43747683606878,42.5397345157493,42.13070108462193,42.17160415649414,3518700,0.0,0.0
2010-11-11,42.10343575928404,42.46474988863183,42.09661948393233,42.36930847167969,2463100,0.0,0.0
2010-11-12,42.048881629821196,42.29430271160001,42.03524637183221,42.280670166015625,2932000,0.0,0.0
2010-11-15,42.51927197393618,42.58744555101371,42.35565972879747,42.38974380493164,1608200,0.0,0.0
2010-11-16,42.348853372400875,42.45793004329058,41.78302119361661,41.94663619995117,3047400,0.0,0.0
2010-11-17,41.91253649899084,42.1852253798658,41.885265983460606,42.04206466674805,2014400,0.0,0.0
2010-11-18,42.30112100231901,42.49200376141265,42.151141304116216,42.335205078125,2383600,0.0,0.0
2010-11-19,42.355660735154395,42.44428313257531,42.01479555407252,42.157958984375,3023400,0.0,0.0
2010-11-22,42.11705299454051,42.348838806152344,41.89208345536273,42.348838806152344,2591300,0.0,0.0
2010-11-23,42.28066728925327,42.28066728925327,41.86481229191822,41.89889907836914,2358700,0.0,0.0
2010-11-24,42.014798232637126,42.06252028324859,41.65348420979684,41.78301239013672,2763000,0.0,0.0
2010-11-26,41.77618919905905,42.382924223019934,41.755734957609135,42.021610260009766,1624700,0.0,0.0
2010-11-29,41.78302119361661,42.04207760887831,41.62622246206064,41.94663619995117,2136100,0.0,0.0
2010-11-30,41.823906559456894,42.382922226783364,41.823906559456894,42.192039489746094,5164200,0.0,0.0
2010-12-01,42.505649018755065,42.866963091497105,42.444291700579754,42.58063888549805,3951600,0.0,0.0
2010-12-02,42.628348801275756,42.77151222881138,42.00116219651958,42.04888153076172,9906600,0.0,0.0
2010-12-03,42.00798446680674,42.423836838423696,42.00798446680674,42.27385711669922,3036100,0.0,0.0
2010-12-06,42.280670066410096,42.39656297803198,42.03524627280485,42.04888153076172,2655700,0.0,0.0
2010-12-07,42.355663434242445,42.3692959809269,42.09660707357006,42.22613525390625,3613600,0.0,0.0
2010-12-08,42.23880983384445,42.7489569573561,42.20433995174835,42.69380569458008,2485300,0.66,0.0
2010-12-09,42.70070103930775,42.81100082125449,42.542140131273605,42.728275299072266,2313800,0.0,0.0
2010-12-10,42.645554153587355,42.90752199123493,42.52146311468994,42.53525161743164,2588900,0.0,0.0
2010-12-13,42.693794471171366,42.76273421724058,42.37667547929615,42.493873596191406,2736500,0.0,0.0
2010-12-14,42.55592673454094,42.94887843315757,42.55592673454094,42.74895477294922,2031200,0.0,0.0
2010-12-15,42.77653014289113,42.94887679510303,42.68690900601664,42.735164642333984,2056500,0.0,0.0
2010-12-16,42.79722022103937,42.941989902306915,42.60419215075664,42.90062713623047,2224600,0.0,0.0
2010-12-17,42.83857563417163,43.27978296807183,42.74895449446285,43.2522087097168,3401600,0.0,0.0
2010-12-20,43.279784330485334,43.60379627652137,43.23842157020646,43.465919494628906,2682100,0.0,0.0
2010-12-21,43.727870304721165,43.7761286682159,43.34870724471812,43.45211410522461,1894200,0.0,0.0
2010-12-22,43.42455456045905,43.56243133544922,43.27978216384186,43.56243133544922,1326400,0.0,0.0
2010-12-23,43.672739588534895,43.707209472531794,43.555544177256486,43.5831184387207,1123400,0.0,0.0
2010-12-27,43.54175158260927,43.59690284324291,43.383193422592925,43.53485870361328,979700,0.0,0.0
2010-12-28,43.465911085654064,43.72787884059113,43.38318558110049,43.69340896606445,1201500,0.0,0.0
2010-12-29,43.762356905520186,43.776145406489086,43.500389101554184,43.541751861572266,1225700,0.0,0.0
2010-12-30,43.438348769545115,43.6520582102991,43.19016944479139,43.45903015136719,1082200,0.0,0.0
2010-12-31,43.431453147011865,43.61069544665496,43.417667387723036,43.45903015136719,923200,0.0,0.0
2011-01-03,43.55553184420451,43.58310609786089,43.155687337414605,43.176368713378906,3064500,0.0,0.0
2011-01-04,43.328040801477584,43.459024698508564,42.969558990059404,43.362510681152344,3215400,0.0,0.0
2011-01-05,43.41075681675679,43.57621055724845,43.12810770533314,43.50727081298828,2980300,0.0,0.0
2011-01-06,43.55552725073176,43.67961549343091,43.2866666486625,43.44522476196289,2584500,0.0,0.0
2011-01-07,43.45902279564596,43.50038555228919,43.20394789153206,43.42455291748047,2002100,0.0,0.0
2011-01-10,43.32114926913086,43.50039156320387,43.16948397855621,43.369407653808594,1916700,0.0,0.0
2011-01-11,43.35560633502746,43.40386470543878,43.162578339158074,43.2797737121582,1722400,0.0,0.0
2011-01-12,43.27978216958479,44.045004168092,43.272889290845335,44.03121566772461,2877400,0.0,0.0
2011-01-13,44.09326062613786,44.09326062613786,43.73477881012951,43.8450813293457,2110400,0.0,0.0
2011-01-14,43.91402817092732,43.94849805660188,43.67274171409437,43.87266540527344,1789200,0.0,0.0
2011-01-18,43.976060878646834,44.09325626513974,43.81060711618658,44.03810501098633,1838100,0.0,0.0
2011-01-19,44.03121294522127,44.23802946639049,43.77614079008261,44.155303955078125,2318100,0.0,0.0
2011-01-20,44.19667296113221,44.74128996866179,44.1759915803793,44.49311065673828,2860500,0.0,0.0
2011-01-21,44.6792365103229,44.72749488690572,44.08636394922262,44.31386184692383,3291300,0.0,0.0
2011-01-24,44.493110409303476,44.493110409303476,43.92781202416473,44.10015869140625,3515800,0.0,0.0
2011-01-25,45.47893032386621,45.95460751778831,45.03772026571019,45.230751037597656,7259600,0.0,0.0
2011-01-26,44.96188544141894,45.15491620391112,44.87915993098535,44.89984130859375,3315800,0.0,0.0
2011-01-27,44.713706167229894,45.04461369474082,44.713706167229894,44.89984130859375,2998500,0.0,0.0
2011-01-28,44.99635583143749,45.16180959707943,44.57582991045816,44.624088287353516,2683100,0.0,0.0
2011-01-31,44.76196505394431,44.84469056532112,44.54825565429533,44.624088287353516,2223400,0.0,0.0
2011-02-01,44.69991790269125,44.75506641129381,44.24491939217108,44.479312896728516,2954500,0.0,0.0
2011-02-02,44.42415939959244,44.47931064829522,43.955375157062775,44.10704040527344,3010800,0.0,0.0
2011-02-03,44.12083223890501,44.844688661384865,44.12083223890501,44.68613052368164,4527800,0.0,0.0
2011-02-04,44.693028579327816,44.82401247721319,44.43106078355707,44.81711959838867,5203600,0.0,0.0
2011-02-07,44.83779962099438,44.88605525708284,44.61030171200715,44.76885986328125,3956800,0.0,0.0
2011-02-08,44.79643822274851,44.954996378833634,44.63787732377489,44.858482360839844,2561800,0.0,0.0
2011-02-09,44.81022425918946,44.98257365977407,44.69302886110275,44.86537551879883,2247200,0.0,0.0
2011-02-10,44.81710652019552,45.141118359501725,44.5896086707111,44.80331802368164,2286000,0.0,0.0
2011-02-11,44.61719060034749,45.49960790002648,44.60340210146033,45.39619827270508,2679800,0.0,0.0
2011-02-14,45.15491207452114,45.15491207452114,44.81021607916411,44.85158157348633,2717800,0.0,0.0
2011-02-15,44.86536022487734,44.97566270649563,44.644758004528356,44.78263473510742,2505700,0.0,0.0
2011-02-16,44.7550648296225,44.899837202530215,44.62408369771022,44.85158157348633,2512500,0.0,0.0
2011-02-17,44.775754136617614,45.099766050914404,44.73438863750217,45.0652961730957,2453000,0.0,0.0
2011-02-18,45.04460422603024,45.28589057125907,44.96187599009846,45.26520919799805,2558000,0.0,0.0
2011-02-22,44.85158157348633,45.27210745121404,44.81021607916411,44.85158157348633,3403700,0.0,0.0
2011-02-23,44.89984675508226,45.182495940534274,44.89984675508226,44.95499801635742,2573800,0.0,0.0
2011-02-24,44.89983991425733,44.934309790163645,44.42416275825948,44.68613052368164,3172800,0.0,0.0
2011-02-25,44.720605862351704,44.872271140555334,44.66545460274234,44.86537551879883,2711000,0.0,0.0
2011-02-28,44.865365830738774,45.49960380784725,44.837791578332634,45.4306640625,3810800,0.0,0.0
2011-03-01,45.230741747361435,45.637479100432124,45.11354363543057,45.13422775268555,2890700,0.0,0.0
2011-03-02,45.21099118617212,45.224935184358344,44.88332525863247,44.932125091552734,3537700,0.7,0.0
2011-03-03,45.217962513136726,45.55957244426259,45.022757630727966,45.475914001464844,2929300,0.0,0.0
2011-03-04,45.52471135099676,45.60139917731706,44.862408909405566,45.155216217041016,3825800,0.0,0.0
2011-03-07,45.22493221824464,45.301620042507714,44.68811744840313,44.82057571411133,3795200,0.0,0.0
2011-03-08,44.89727437306327,45.17614051668946,44.79967191624947,45.03670883178711,2289400,0.0,0.0
2011-03-09,45.03670425364126,45.23190914742556,44.674179690689904,45.14127731323242,2033200,0.0,0.0
2011-03-10,44.9390957747975,45.32950550996333,44.904237168338945,45.231903076171875,3712900,0.0,0.0
2011-03-11,45.04366809706123,45.30161956165581,44.862407229736505,45.071556091308594,2053400,0.0,0.0
2011-03-14,44.94606761765874,44.99487022280162,44.64628692248899,44.87635040283203,2365100,0.0,0.0
2011-03-15,44.325591512715185,44.61142819159165,44.276788910741814,44.45804977416992,3412900,0.0,0.0
2011-03-16,44.36743067485829,44.478977126812715,43.96307686688953,44.102508544921875,3712900,0.0,0.0
2011-03-17,44.4510816978547,44.590513352584,44.3674232597813,44.47199630737305,2765700,0.0,0.0
2011-03-18,44.89029292664897,45.050641960721364,44.534739026056165,44.82057571411133,3775900,0.0,0.0
2011-03-21,45.03670153546836,45.54562835113125,44.98789892805714,45.44105529785156,2767900,0.0,0.0
2011-03-22,45.44803177803804,45.699009912134755,45.252826870831875,45.32254409790039,2307600,0.0,0.0
2011-03-23,45.25282776269319,45.58746713063161,45.02276423741857,45.21099853515625,2381200,0.0,0.0
2011-03-24,45.25283135392863,45.524724128317416,45.02973842426517,45.48289489746094,2603100,0.0,0.0
2011-03-25,45.441061465785275,45.503805306269605,45.16916871653173,45.38528823852539,2370400,0.0,0.0
2011-03-28,45.47591030571314,45.6571711749845,44.89726354398426,45.468936920166016,2199300,0.0,0.0
2011-03-29,45.46197938256586,45.699013535277295,45.39923553752253,45.59444046020508,2275900,0.0,0.0
2011-03-30,45.726896025827976,45.99878876206284,45.726896025827976,45.852386474609375,2261800,0.0,0.0
2011-03-31,45.852390445195525,45.97787813102224,45.427119224147596,45.503807067871094,2709100,0.0,0.0
2011-04-01,45.35042660535818,45.7478097829443,45.35042660535818,45.58049011230469,2542400,0.0,0.0
2011-04-04,45.97091147885395,46.012740711067295,45.60838684330206,45.915138244628906,3646300,0.0,0.0
2011-04-05,45.96392929054886,45.96392929054886,45.545631500860445,45.58049011230469,2855800,0.0,0.0
2011-04-06,45.78267181027214,46.05456456170939,45.67112535485649,45.824501037597656,3202000,0.0,0.0
2011-04-07,45.73386224163279,45.803579459121856,45.47591352980109,45.685062408447266,3153000,0.0,0.0
2011-04-08,45.768720660001854,45.908152320579,45.5107719492431,45.6153450012207,2062700,0.0,0.0
2011-04-11,45.719920827019315,45.852381875404944,45.6153450012207,45.6153450012207,2541300,0.0,0.0
2011-04-12,45.48985550598229,46.117299340209115,45.48985550598229,45.8035774230957,3248100,0.0,0.0
2011-04-13,45.880267764689016,45.880267764689016,45.420140781659335,45.475914001464844,3423300,0.0,0.0
2011-04-14,45.315561561988154,45.699000685808386,45.315561561988154,45.57351303100586,2379900,0.0,0.0
2011-04-15,45.62232235211426,45.817530034340855,45.12036608083768,45.726898193359375,2502100,0.0,0.0
2011-04-18,45.45500455997353,45.97090482147764,45.322543494599415,45.838443756103516,3391800,0.0,0.0
2011-04-19,45.733858088639444,45.977865553872356,45.65019965430623,45.88723373413086,2241800,0.0,0.0
2011-04-20,46.01272020237344,46.263698257609825,45.92208839042624,46.20095443725586,2190600,0.0,0.0
2011-04-21,46.19398679939776,46.361306448311616,45.887235496632805,46.047584533691406,2208000,0.0,0.0
2011-04-25,44.946078573890084,45.24585934213557,44.200114733924714,44.78573226928711,7573900,0.0,0.0
2011-04-26,44.84846133925984,45.489851894022415,44.646283097874495,45.18309783935547,4276300,0.0,0.0
2011-04-27,45.420142848678914,45.461972071981386,45.169164735042905,45.31556701660156,2692400,0.0,0.0
2011-04-28,45.25282452251661,45.80358337584161,45.057619625440246,45.71992492675781,2733300,0.0,0.0
2011-04-29,45.733862481510634,46.28462129062836,45.71294787091842,46.05455780029297,2525500,0.0,0.0
2011-05-02,46.13822216524142,46.221880613319655,45.97787310799652,46.193992614746094,2361300,0.0,0.0
2011-05-03,45.97090547442277,46.68898403764068,45.97090547442277,46.682010650634766,2685600,0.0,0.0
2011-05-04,46.64017461021495,46.919037930355834,46.43102573319879,46.8772087097168,3375300,0.0,0.0
2011-05-05,46.42405378205498,46.88418354476872,46.31251011484371,46.591373443603516,2573600,0.0,0.0
2011-05-06,46.877207464383616,46.96783928924114,46.43102449971884,46.6262321472168,2356300,0.0,0.0
2011-05-09,46.668065155914796,47.02361355076955,46.52166010185934,46.84932327270508,2172500,0.0,0.0
2011-05-10,46.81447250326885,47.25368493915369,46.80053127666595,47.17699432373047,1975700,0.0,0.0
2011-05-11,47.176978542257196,47.34430094373446,46.87720066325362,47.044517517089844,2295100,0.0,0.0
2011-05-12,47.03756594951557,47.74866837192002,46.99573672158842,47.6859245300293,2421600,0.0,0.0
2011-05-13,47.63711803715179,47.7486589244596,47.34430795195366,47.609230041503906,1942700,0.0,0.0
2011-05-16,47.407051398081805,47.70682931903641,47.34430756911283,47.46979522705078,1523000,0.0,0.0
2011-05-17,47.47677173723217,47.7486616806573,47.45585712619947,47.65106201171875,1798900,0.0,0.0
2011-05-18,47.6510592611548,47.65803264697723,47.34430795195366,47.609230041503906,1403400,0.0,0.0
2011-05-19,47.553457220915035,47.74866210818211,47.476772162322575,47.70683288574219,1499400,0.0,0.0
2011-05-20,47.65804022361568,47.71381067613592,47.42797393131813,47.53254699707031,1576200,0.0,0.0
2011-05-23,47.3024867202309,47.49071824044641,47.26065749351634,47.365230560302734,1488800,0.0,0.0
2011-05-24,47.3652252958437,47.7486616806573,47.30248146274559,47.65106201171875,2452000,0.0,0.0
2011-05-25,47.53254926400395,47.595293106447656,46.89813190466027,47.14213943481445,2659800,0.0,0.0
2011-05-26,47.121217502446,47.316422386724206,46.6820051259095,47.20487594604492,1957100,0.0,0.0
2011-05-27,47.31640803021733,47.372184007454784,47.03057140288669,47.170005798339844,1384800,0.0,0.0
2011-05-31,47.469801022636936,47.671979305759905,47.27459612613141,47.61620330810547,2988500,0.0,0.0
2011-06-01,47.50465357266946,47.59527984362793,47.03057987134992,47.058467864990234,2505300,0.0,0.0
2011-06-02,47.11424692079471,47.11424692079471,46.2427955020282,46.64017868041992,2768800,0.0,0.0
2011-06-03,46.193996904369456,46.221884905532725,45.69204062164546,46.02667999267578,3486000,0.0,0.0
2011-06-06,46.03363588243431,46.31947254691627,45.8802602465572,46.11729431152344,2973200,0.0,0.0
2011-06-07,46.23581466104761,46.270670491030536,45.9430046081543,45.9430046081543,2244100,0.0,0.0
2011-06-08,46.10523176210699,46.38722203655982,45.928988892410175,46.14752960205078,2567300,0.7,0.0
2011-06-09,46.35196930778407,46.514111949962526,46.06997905519509,46.12637710571289,2032100,0.0,0.0
2011-06-10,46.01357386050849,46.0840721139341,45.52009450121688,45.55534362792969,2619800,0.0,0.0
2011-06-13,45.766836360508506,45.97832833244257,45.534195471870646,45.75273895263672,2814700,0.0,0.0
2011-06-14,45.858484809844256,46.4929607432686,45.79503805797068,46.246219635009766,2499600,0.0,0.0
2011-06-15,45.98538068469745,46.239170494693894,45.6963417445828,45.936031341552734,2727200,0.0,0.0
2011-06-16,45.92899070058517,46.408372783579466,45.914890485083276,46.33082580566406,2219900,0.0,0.0
2011-06-17,46.500017075946786,46.75380973486936,46.44362182384916,46.683311462402344,4403400,0.0,0.0
2011-06-20,46.70444946219634,47.17677992356897,46.662151630565354,47.078086853027344,2085100,0.0,0.0
2011-06-21,47.254340540077415,47.33893622276683,46.95825004087116,47.12744140625,1618200,0.0,0.0
2011-06-22,47.03578614977918,47.22612919674459,46.76084743967179,46.81724548339844,1729300,0.0,0.0
2011-06-23,46.619855299780234,46.64100421627658,46.10522418531295,46.5846061706543,2183400,0.0,0.0
2011-06-24,46.60576260405993,46.73265892840083,45.94308896723752,46.07703399658203,2364500,0.0,0.0
2011-06-27,46.02767655704692,46.38721374207345,46.02767655704692,46.11932373046875,1408200,0.0,0.0
2011-06-28,46.33082580566406,46.35197472646857,46.04178681480696,46.33082580566406,1780000,0.0,0.0
2011-06-29,46.54231144074149,46.82429888275754,46.46476447345263,46.64805603027344,2057100,0.0,0.0
2011-06-30,46.767898778535475,46.958241836226165,46.59870744271811,46.92299270629883,1903900,0.0,0.0
2011-07-01,46.77495813918738,47.21908827515661,46.711508572708965,47.16269302368164,2255300,0.0,0.0
2011-07-05,47.34599038756857,47.47993542926809,46.88775720254934,46.894805908203125,2476100,0.0,0.0
2011-07-06,46.97938810605253,47.2049802809591,46.78199635545729,46.81724548339844,2599400,0.0,0.0
2011-07-07,47.056937550103335,47.2331831991146,46.96529317849285,47.02873992919922,2425900,0.0,0.0
2011-07-08,46.803152247256726,46.96529769897461,46.605760467240216,46.96529769897461,2310500,0.0,0.0
2011-07-11,46.69740494574528,47.190887172078185,46.58460884801797,46.951194763183594,2626600,0.0,0.0
2011-07-12,47.08513517100745,47.40237453433159,46.90184362289033,47.02873992919922,1975400,0.0,0.0
2011-07-13,47.1838412715954,47.374181553627466,46.93710012909913,47.049896240234375,1634900,0.0,0.0
2011-07-14,47.12038485358458,47.12038485358458,46.69740092596636,46.79609680175781,2408000,0.0,0.0
2011-07-15,46.965299721944106,47.36713480886251,46.85955231780407,47.303688049316406,3560000,0.0,0.0
2011-07-18,47.18383160125851,47.18383160125851,46.69034941740526,46.79609680175781,2376200,0.0,0.0
2011-07-19,46.88774907477792,47.24023197961152,46.72560362877681,47.113338470458984,2137000,0.0,0.0
2011-07-20,47.247286276645326,47.522227839157345,47.11334125026146,47.212039947509766,1845600,0.0,0.0
2011-07-21,47.317779953132295,47.931104167167994,47.310728444072254,47.8042106628418,2214000,0.0,0.0
2011-07-22,47.76193115373857,47.902927730283515,47.44469166140973,47.86767578125,2717100,0.0,0.0
2011-07-25,47.46581917250704,47.888803101516324,46.82429457530484,46.86659240722656,3931600,0.0,0.0
2011-07-26,47.03579645748432,47.86766427863276,47.03579645748432,47.183841705322266,3289600,0.0,0.0
2011-07-27,47.12743115194181,47.21203242601639,46.57755372431338,46.6692008972168,2243900,0.0,0.0
2011-07-28,46.74673751510284,46.90183140190377,46.274407152534714,46.387203216552734,1785500,0.0,0.0
2011-07-29,46.140480756304214,46.52116692443036,45.928988752333744,46.07703399658203,2326900,0.0,0.0
2011-08-01,46.443619509313784,46.49296605366416,45.68224718028266,45.94308853149414,2361300,0.0,0.0
2011-08-02,45.72453847136209,45.89373260968231,45.40025040747235,45.49189758300781,2264100,0.0,0.0
2011-08-03,45.53419432403044,45.53419432403044,44.927918849047224,45.50599670410156,2761500,0.0,0.0
2011-08-04,45.224012403529954,45.400255264632875,44.42739377377788,44.44149398803711,4287800,0.0,0.0
2011-08-05,45.04776537059333,45.40730256908058,44.159499637762394,45.16761016845703,4901200,0.0,0.0
2011-08-08,44.631833638356305,45.25925806353837,44.26524773002299,44.31459426879883,6692000,0.0,0.0
2011-08-09,44.80102679441939,45.40025362245318,43.00334631031805,45.28746032714844,6860400,0.0,0.0
2011-08-10,45.18171438964195,45.477804863450274,43.99736090909784,44.11015701293945,8106600,0.0,0.0
2011-08-11,44.37805499588603,45.978341240068,44.201809299049614,45.541259765625,4644100,0.0,0.0
2011-08-12,45.921932220458984,46.0981750595797,45.33680285309463,45.921932220458984,3268200,0.0,0.0
2011-08-15,46.21802297747219,46.66920456392075,45.999482290974704,46.59870910644531,3081000,0.0,0.0
2011-08-16,46.464762229889914,46.82429662183461,46.23212133925647,46.59165573120117,3149100,0.0,0.0
2011-08-17,46.65511388440775,47.007599637312545,46.189829212501564,46.5070686340332,2902000,0.0,0.0
2011-08-18,46.04882321847729,46.344910835539196,45.58354147528176,46.239166259765625,4121400,0.0,0.0
2011-08-19,45.99948135060633,46.61280556209607,45.90078266334516,46.069976806640625,3386900,0.0,0.0
2011-08-22,46.662161296042136,46.739708271727146,45.92898937958448,46.36607360839844,3032800,0.0,0.0
2011-08-23,46.76085133491543,47.43762791601155,46.54231065032995,47.416473388671875,3534100,0.0,0.0
2011-08-24,47.3177752521774,47.93815091363968,47.12742940480628,47.88880157470703,3140000,0.0,0.0
2011-08-25,47.931098468033724,47.93814997625532,47.26137348073462,47.44466781616211,8226100,0.0,0.0
2011-08-26,47.261373252518005,47.895851915228846,46.66214932584902,47.818302154541016,3832800,0.0,0.0
2011-08-29,48.08620472339389,48.28359651614042,47.89586444067898,48.24129867553711,6176900,0.0,0.0
2011-08-30,47.97340790078204,48.48803910021864,47.62092216111692,48.304744720458984,3473800,0.0,0.0
2011-08-31,48.39639458478732,48.91807732297989,48.389348684263965,48.75593185424805,4427100,0.0,0.0
2011-09-01,48.67838682091878,49.08726782600122,48.45984610288955,48.488040924072266,3060200,0.0,0.0
2011-09-02,47.86765118162259,48.35408182798852,47.761906608454275,48.0297966003418,2312400,0.0,0.0
2011-09-06,47.30368105397353,48.191946775847,47.19793086057546,48.1214485168457,3451500,0.0,0.0
2011-09-07,48.620336508244485,48.933877959322714,48.420810645780385,48.798484802246094,2707200,0.7,0.0
2011-09-08,48.73436171728127,49.2545512093709,48.51345257230347,48.53483581542969,3516400,0.0,0.0
2011-09-09,48.321052645284716,48.349557964630144,47.62983692665147,47.907745361328125,2855600,0.0,0.0
2011-09-12,47.665452968804566,48.01462745389109,47.237898797464695,47.92198944091797,2955600,0.0,0.0
2011-09-13,47.893493613634675,48.23554042071397,47.551449641777005,48.10014724731445,2145100,0.0,0.0
2011-09-14,48.39231481911519,49.06928073722849,47.78660936666282,48.6060905456543,2424700,0.0,0.0
2011-09-15,48.7984790742863,48.99800491333008,48.49918748049968,48.99800491333008,2597200,0.0,0.0
2011-09-16,49.104900296134225,49.79611592886226,49.019390019168746,49.72486114501953,3404800,0.0,0.0
2011-09-19,49.069278504156976,49.88163756892365,49.05502300940733,49.80324935913086,3105100,0.0,0.0
2011-09-20,49.86737816696954,50.53009417804381,49.73198500011674,50.20229721069336,3324500,0.0,0.0
2011-09-21,50.237928503052345,50.515836903332875,49.34005925356816,49.37568664550781,3364700,0.0,0.0
2011-09-22,48.613206814510676,49.43269347044371,48.3352927651889,49.31155014038086,5747800,0.0,0.0
2011-09-23,49.347185009611465,49.881635621660806,48.798490244255376,49.860252380371094,3678000,0.0,0.0
2011-09-26,49.97426597561955,50.487338996226455,49.881633619298576,50.45170593261719,3015900,0.0,0.0
2011-09-27,50.6441173025535,51.150056981528,50.46596896920885,50.72249984741211,3488800,0.0,0.0
2011-09-28,50.0384064017439,50.587101167506376,49.68923185040123,49.75336456298828,3407100,0.0,0.0
2011-09-29,50.30207609872671,50.843648907332664,50.23081562331364,50.75813293457031,4816500,0.0,0.0
2011-09-30,50.62985419372627,51.05741126355156,50.57284923062294,50.601348876953125,4162800,0.0,0.0
2011-10-03,50.65836536087954,50.865019008075436,50.25931356174212,50.351951599121094,4629500,0.0,0.0
2011-10-04,49.81748959435478,50.25930210812686,49.1832846429292,50.152408599853516,5214900,0.0,0.0
2011-10-05,50.38758672740441,50.55148525487159,49.81750859085195,50.12392807006836,4509300,0.0,0.0
2011-10-06,50.08828153368081,50.601348883448416,49.7676179841029,50.57997131347656,3210700,0.0,0.0
2011-10-07,50.66547772982154,50.90775870072568,50.22366524946963,50.565711975097656,2928500,0.0,0.0
2011-10-10,50.950532874610694,51.08592606637032,50.58710844720919,51.06454849243164,2508300,0.0,0.0
2011-10-11,50.84363745933317,51.06454091406374,50.65123365199527,50.91489791870117,2334000,0.0,0.0
2011-10-12,51.014657894979536,51.50634769178497,50.808004264473865,51.2996940612793,3253400,0.0,0.0
2011-10-13,51.01465035345313,51.20704846141343,50.615598645536885,50.87925720214844,1978500,0.0,0.0
2011-10-14,51.15717313728658,51.420831703621104,50.87925907843069,51.24268341064453,1987700,0.0,0.0
2011-10-17,51.02888869282908,51.44932354413537,50.68684768897454,50.750980377197266,1703700,0.0,0.0
2011-10-18,50.594224834208575,51.52059939456627,50.31631076496844,51.150047302246094,2279100,0.0,0.0
2011-10-19,50.98614886484507,51.292568249988584,50.89351084169304,51.000404357910156,1742100,0.0,0.0
2011-10-20,51.11442948354239,51.44222082853421,50.99328612210856,51.09305191040039,2307500,0.0,0.0
2011-10-21,51.52059358453477,52.183303823529066,51.442205392905905,52.019405364990234,3402300,0.0,0.0
2011-10-24,50.51582717878337,50.51582717878337,49.211778694097646,49.6322135925293,7735300,0.0,0.0
2011-10-25,49.71061714036689,50.28781731372167,49.52534105049457,49.56097412109375,3697100,0.0,0.0
2011-10-26,50.0597763020422,50.09540369120594,49.38281054439258,50.081153869628906,3348200,0.0,0.0
2011-10-27,50.55859946844276,50.865018899993714,49.95289402339648,50.608482360839844,3931600,0.0,0.0
2011-10-28,50.572847429352706,50.65122995963337,50.074029920582596,50.14529037475586,2276200,0.0,0.0
2011-10-31,49.881626126654815,50.19516755301636,49.63221740062512,49.67497253417969,2918900,0.0,0.0
2011-11-01,48.9623833071575,49.439823285692405,48.82699013430924,48.95526123046875,3278700,0.0,0.0
2011-11-02,49.425563806453205,49.52532389459639,48.891118966597396,49.24028778076172,1840200,0.0,0.0
2011-11-03,49.525342885667435,49.72487447935075,49.133418787662144,49.660736083984375,1938500,0.0,0.0
2011-11-04,49.411308316670386,49.68922235521717,49.169027336380495,49.67497253417969,1648200,0.0,0.0
2011-11-07,49.525327621201335,50.03840060332963,49.3685568962295,50.01701736450195,1348900,0.0,0.0
2011-11-08,50.35195345218416,50.56572918443105,49.895890996132366,50.508724212646484,1775200,0.0,0.0
2011-11-09,49.988521624851664,50.15954218529103,49.46119877942531,49.717735290527344,2230300,0.0,0.0
2011-11-10,50.17379756431391,50.29493523753401,49.73911274693309,50.20229721069336,1715100,0.0,0.0
2011-11-11,50.53008841596924,50.722486524084275,50.4944553563938,50.66548156738281,1799500,0.0,0.0
2011-11-14,50.487348427263086,50.80801203698866,50.28069476514393,50.71537399291992,2263100,0.0,0.0
2011-11-15,50.75813102233561,50.95053486574682,50.50160012504633,50.86502456665039,1518900,0.0,0.0
2011-11-16,50.45883759646518,50.66549123602363,50.07403563635994,50.09541320800781,2111500,0.0,0.0
2011-11-17,49.988506317266975,50.27354238752924,49.56094937665296,49.90299606323242,3172000,0.0,0.0
2011-11-18,50.15241436580742,50.337690419643664,49.88875577869767,49.95288848876953,3339900,0.0,0.0
2011-11-21,49.28304291023461,49.63221739481214,49.16902733062176,49.48969650268555,9276000,0.0,0.0
2011-11-22,49.56809625250829,49.77474991678617,49.25455471720534,49.45408630371094,1889900,0.0,0.0
2011-11-23,49.16903885391301,49.22604949230155,48.67022128500879,48.82699203491211,2586500,0.0,0.0
2011-11-25,48.67021368632525,49.2545414511401,48.648836117878005,48.94812774658203,1139900,0.0,0.0
2011-11-28,49.575216285863554,49.81037523596754,49.45407860770119,49.64647674560547,2111500,0.0,0.0
2011-11-29,49.61084360270449,49.86024667723883,49.46119495345284,49.70347595214844,2701800,0.0,0.0
2011-11-30,50.551482989359364,50.95766258024133,50.41608979239871,50.92915725708008,3385000,0.0,0.0
2011-12-01,50.76524733200946,51.036033665095765,50.61560434230917,50.80800247192383,2863500,0.0,0.0
2011-12-02,51.12866982943028,51.142919652068386,50.30918311322004,50.40182113647461,2657600,0.0,0.0
2011-12-05,50.929142066836135,50.99327477198741,50.02414510755779,50.18091583251953,2891400,0.0,0.0
2011-12-06,50.25929448534274,50.651218388094485,50.04551317166241,50.44456481933594,2537200,0.0,0.0
2011-12-07,50.35105233039468,50.97746814489389,50.20704619232201,50.84786605834961,2269300,0.7,0.0
2011-12-08,50.71826350332794,50.811861189721895,50.15664300775327,50.271846771240234,2130100,0.0,0.0
2011-12-09,50.32224207705268,50.65344926731474,50.32224207705268,50.50224685668945,2089100,0.0,0.0
2011-12-12,50.372643797234915,50.54544654882807,49.998230196070814,50.336639404296875,1782200,0.0,0.0
2011-12-13,50.372646438927184,50.963063510545965,50.372646438927184,50.487850189208984,2704000,0.0,0.0
2011-12-14,50.55265808105469,50.819064283043424,50.48065501117077,50.55265808105469,2067800,0.0,0.0
2011-12-15,50.79025022758515,51.40946961072599,50.6534461451308,51.30146789550781,2325700,0.0,0.0
2011-12-16,51.50309061499387,51.567891666278996,51.04947752646209,51.32308578491211,3679900,0.0,0.0
2011-12-19,51.3158845479777,51.73349896873434,51.15028376865698,51.25828552246094,1664700,0.0,0.0
2011-12-20,51.625493770128344,52.33831102720645,51.43108489671749,52.27350997924805,3046800,0.0,0.0
2011-12-21,52.431912429476355,52.63351759186457,52.24470558956751,52.59751892089844,2551000,0.0,0.0
2011-12-22,52.604713592707796,52.72711938337594,52.323909071052405,52.50391387939453,1686300,0.0,0.0
2011-12-23,52.705521517768005,53.10873184908107,52.53991502366119,53.08713150024414,1495000,0.0,0.0
2011-12-27,53.0583131106867,53.281524287343814,52.835107663563356,53.15191650390625,1091400,0.0,0.0
2011-12-28,53.20234047989884,53.27434355958401,52.80633213593447,52.83512878417969,1500800,0.0,0.0
2011-12-29,53.04392655458197,53.324736796509086,52.97192348771335,53.28153610229492,1283800,0.0,0.0
2011-12-30,52.95752728324674,53.11593174487626,52.77752247364662,52.96472930908203,1451600,0.0,0.0
2012-01-03,53.25273542553122,53.26713374754946,52.691120653326806,52.71991729736328,2479800,0.0,0.0
2012-01-04,52.770317125775996,52.92151955205161,52.41030752923934,52.55431365966797,2391000,0.0,0.0
2012-01-05,52.561530396454536,52.68393622787543,52.201520659911736,52.41032791137695,2579500,0.0,0.0
2012-01-06,52.35991366064854,52.48231946515572,52.15110645509435,52.29511260986328,2252700,0.0,0.0
2012-01-09,52.439119755951836,52.49671878122675,52.165511494440054,52.352718353271484,2052600,0.0,0.0
2012-01-10,52.69112212857179,52.74872114779263,52.395913547418495,52.47511291503906,2833200,0.0,0.0
2012-01-11,52.467912248998026,52.63351874404534,52.15110331123349,52.223106384277344,2722400,0.0,0.0
2012-01-12,52.22311023316932,52.51831884373141,52.10071015655575,52.44631576538086,2175300,0.0,0.0
2012-01-13,52.33111596504432,52.489520457645796,52.07911376595976,52.34552001953125,2063400,0.0,0.0
2012-01-17,52.74872311701529,53.13033310601384,52.71992074156192,53.02953338623047,2870700,0.0,0.0
2012-01-18,53.06552842728904,53.32473832956119,52.93592634092057,53.25993728637695,2482500,0.0,0.0
2012-01-19,53.28154381136022,53.4255442363972,53.02233387903628,53.39674758911133,2625600,0.0,0.0
2012-01-20,53.38953378641961,53.461536847824355,52.74151196331154,53.15912628173828,3178800,0.0,0.0
2012-01-23,53.151939490709864,53.2167405456865,52.748729106719985,52.935935974121094,2970200,0.0,0.0
2012-01-24,51.81268700106769,52.37430745695827,50.977464071955346,52.035892486572266,6502700,0.0,0.0
2012-01-25,51.51747914392815,51.985496196787004,51.315874001748504,51.747886657714844,4270300,0.0,0.0
2012-01-26,51.73348399961919,52.151092570004515,51.596679907873195,51.82708740234375,2754500,0.0,0.0
2012-01-27,51.82709392406323,51.90629328739055,51.18627407371641,51.2150764465332,2562800,0.0,0.0
2012-01-30,51.09987340595726,51.56068272985372,50.76146414157315,51.36627960205078,3171300,0.0,0.0
2012-01-31,51.45988386234148,51.71908803699899,51.33747807128527,51.52468490600586,2253100,0.0,0.0
2012-02-01,51.57508613562865,52.064697826619536,51.531885441102105,51.87749099731445,2494000,0.0,0.0
2012-02-02,52.02869859708579,52.15830067926897,51.80549310125865,52.064697265625,1876600,0.0,0.0
2012-02-03,52.26629948676128,52.367104920280546,51.88468955757419,52.00709533691406,1970500,0.0,0.0
2012-02-06,51.95670177437692,52.30950939478595,51.8846986991105,51.985504150390625,1911900,0.0,0.0
2012-02-07,51.85588675202511,52.03589154219971,51.65428161621094,51.65428161621094,2729000,0.0,0.0
2012-02-08,51.78390038873368,51.834297386211595,51.48148975618681,51.62549591064453,2013400,0.0,0.0
2012-02-09,51.62547531248033,51.769475679947156,51.409466166979726,51.75507736206055,1771400,0.0,0.0
2012-02-10,51.60389000128582,51.639888671254276,51.38788079286931,51.52468490600586,2159200,0.0,0.0
2012-02-13,51.75508704888535,51.84148843144361,51.589480579292236,51.65428161621094,1543000,0.0,0.0
2012-02-14,51.51747994217264,51.76229151032354,51.29427445021293,51.5750846862793,2438200,0.0,0.0
2012-02-15,51.33028682107441,51.50308962116692,51.150281994466106,51.265480041503906,2633700,0.0,0.0
2012-02-16,51.48148258449433,51.63988704051674,51.30147778126591,51.43107986450195,2207800,0.0,0.0
2012-02-17,51.69748781213465,51.77669290760309,51.33747819345235,51.53188705444336,2334400,0.0,0.0
2012-02-21,51.53187919186064,51.65427923499744,51.25106898195671,51.40947341918945,1920200,0.0,0.0
2012-02-22,51.63989988498374,51.63989988498374,51.07828498840119,51.287086486816406,2621500,0.0,0.0
2012-02-23,51.171872090045916,51.84869056082702,51.16467006497335,51.76948547363281,2001600,0.0,0.0
2012-02-24,51.733487582368724,51.733487582368724,51.34467562471468,51.70468521118164,2228500,0.0,0.0
2012-02-27,51.481489714300864,51.81989902041889,51.467091390681155,51.733497619628906,1825100,0.0,0.0
2012-02-28,51.827090545230824,52.0790983994943,51.66868609936818,52.00709533691406,2135400,0.0,0.0
2012-02-29,51.978299172309775,52.64071940579395,51.95669882391004,52.47511291503906,3791400,0.0,0.0
2012-03-01,52.38870835092066,52.56151112766066,51.74068647907556,51.963897705078125,2765300,0.0,0.0
2012-03-02,52.143897129812736,52.25189885413713,51.94948829649439,52.0934944152832,1876900,0.0,0.0
2012-03-05,52.10071552739322,52.403120466288804,52.09351349995495,52.31671905517578,2080500,0.0,0.0
2012-03-06,52.17270452940011,52.45351480008883,52.129503830761166,52.27350997924805,2722600,0.0,0.0
2012-03-07,52.333046693919094,52.333046693919094,51.86000643398806,51.99100112915039,3671300,0.74,0.0
2012-03-08,52.22389889852491,52.39855854040375,52.09289837601359,52.245731353759766,2126400,0.0,0.0
2012-03-09,52.33305930248259,52.391277250658725,52.13656142129642,52.231170654296875,1773900,0.0,0.0
2012-03-12,52.158392218722526,52.609600073737305,52.158392218722526,52.55137634277344,2154700,0.0,0.0
2012-03-13,52.66054088527388,53.177246059903325,52.66054088527388,53.16269302368164,2402600,0.0,0.0
2012-03-14,53.126303597757584,53.315522030736986,52.79153742418714,52.98802947998047,2092100,0.0,0.0
2012-03-15,52.95891104496698,53.199067945990805,52.769692656154525,53.06807327270508,2153500,0.0,0.0
2012-03-16,53.06079386048933,53.1262911971322,52.86430185056075,53.06807327270508,2436700,0.0,0.0
2012-03-19,53.00259217013704,53.23547552137419,52.81337372336919,53.13358688354492,1508500,0.0,0.0
2012-03-20,52.86432761015368,53.47564217446646,52.86432761015368,53.4101448059082,1832800,0.0,0.0
2012-03-21,53.366475140936785,53.59207909846909,53.3082514022241,53.43197250366211,1509500,0.0,0.0
2012-03-22,53.34464075715836,53.512020969923654,53.21364603644594,53.3883056640625,1930000,0.0,0.0
2012-03-23,53.46835696976433,53.541133746205986,53.12631133248017,53.22092056274414,1676700,0.0,0.0
2012-03-26,53.3373538752981,53.65756700850108,53.25002407371563,53.63573455810547,2346500,0.0,0.0
2012-03-27,53.73035138487347,53.80312816020193,53.59935666394327,53.62118911743164,1698900,0.0,0.0
2012-03-28,53.56294645404335,53.79582973636349,53.47561667094822,53.78127670288086,2161700,0.0,0.0
2012-03-29,53.68666937237018,53.81766405156315,53.30095895623541,53.737613677978516,2552100,0.0,0.0
2012-03-30,53.80312538613784,54.13789158606632,53.73762802904976,53.77401351928711,3153500,0.0,0.0
2012-04-02,53.67938946533508,54.46536911545225,53.64300398514995,54.26887130737305,2537600,0.0,0.0
2012-04-03,54.22522060134058,54.39260659440401,54.04328157061563,54.17428207397461,2016500,0.0,0.0
2012-04-04,54.05784031906007,54.370774061577706,53.963231096647455,54.01417541503906,2818300,0.0,0.0
2012-04-05,53.94139016075832,54.15244102440006,53.72305988389087,54.123329162597656,1625300,0.0,0.0
2012-04-09,53.89773653639495,54.021451840504696,53.759462402788785,53.87590408325195,1492900,0.0,0.0
2012-04-10,53.79584779250732,53.87590398128119,53.36647235410672,53.512020111083984,2092300,0.0,0.0
2012-04-11,53.97051812332979,53.97051812332979,53.584801764905066,53.81040573120117,1929500,0.0,0.0
2012-04-12,53.79584037396964,54.03600311607079,53.533850972878376,53.977779388427734,1611600,0.0,0.0
2012-04-13,53.91957105115056,54.429002698767334,53.861347313141984,54.10878372192383,2083300,0.0,0.0
2012-04-16,54.203375951624004,54.538147862415364,54.137878610234395,54.38531494140625,2021600,0.0,0.0
2012-04-17,54.479938695828096,54.94570541381836,54.34894397805643,54.94570541381836,2546300,0.0,0.0
2012-04-18,54.84380352109499,55.134910545051675,54.81469745157947,55.0621337890625,2075600,0.0,0.0
2012-04-19,55.04030021167447,55.14218303508802,54.56725420300422,54.77830505371094,2367000,0.0,0.0
2012-04-20,55.33142860160569,56.10285562864255,55.2368193534265,55.651641845703125,4053700,0.0,0.0
2012-04-23,55.22954011139295,55.85540770323151,54.952991811333185,55.782630920410156,3519100,0.0,0.0
2012-04-24,55.78261002450908,57.29634569218675,55.724392094721544,57.274513244628906,5798000,0.0,0.0
2012-04-25,57.25996689999378,57.645677379314066,57.07074847165147,57.29635238647461,3693300,0.0,0.0
2012-04-26,57.15081135505606,57.67479601024487,57.107146449715444,57.521968841552734,2447600,0.0,0.0
2012-04-27,57.55107674188107,57.55107674188107,57.15081316653802,57.25997543334961,2693800,0.0,0.0
2012-04-30,56.69232103239999,57.14352889090784,56.626823677884445,57.10714340209961,3567400,0.0,0.0
2012-05-01,56.69960123041904,57.40553075684931,56.65593632234527,56.968875885009766,3496100,0.0,0.0
2012-05-02,56.663191214762776,57.24539938894876,56.57586143640972,57.1580696105957,3710500,0.0,0.0
2012-05-03,56.95430963338212,57.50740611838008,56.95430963338212,57.30363464355469,3140200,0.0,0.0
2012-05-04,57.209014735812346,57.49284233937895,56.93974595772097,56.976131439208984,2481200,0.0,0.0
2012-05-07,56.77236504175175,57.63840096369886,56.77236504175175,57.49284744262695,2860800,0.0,0.0
2012-05-08,57.26724347060137,57.64567451739731,57.20901974580166,57.405517578125,3361200,0.0,0.0
2012-05-09,57.172630796807304,58.07505214771711,57.128965901403625,57.885833740234375,4198800,0.0,0.0
2012-05-10,58.13327595607949,58.1696614422283,57.87856017973545,58.03138732910156,2548800,0.0,0.0
2012-05-11,58.02411253565944,58.06049802107403,57.74756431498645,57.776676177978516,1742400,0.0,0.0
2012-05-14,57.623843340901345,58.03866567263291,57.623843340901345,57.87855911254883,2391200,0.0,0.0
2012-05-15,57.93677718788086,58.104157354075014,57.602005273292335,57.9949951171875,2724600,0.0,0.0
2012-05-16,58.1332892923282,58.22061911200014,57.91495895204623,58.04595947265625,3079500,0.0,0.0
2012-05-17,58.14057524425856,58.176960742845225,57.50014877319335,57.50014877319336,2066200,0.0,0.0
2012-05-18,57.56563850638056,57.907684153896426,57.23814589814762,57.369140625,2565100,0.0,0.0
2012-05-21,57.39096442148769,57.405523249676264,56.9106447043879,57.230857849121094,2618700,0.0,0.0
2012-05-22,57.230863565165954,57.54380311816142,57.12170129835437,57.25997543334961,1945500,0.0,0.0
2012-05-23,57.12168884277344,57.34729274202424,56.801475735881894,57.12168884277344,2024200,0.0,0.0
2012-05-24,57.114434344832745,57.74758721268542,57.08532826140038,57.64569854736328,8068800,0.0,0.0
2012-05-25,57.52195195352548,58.00954518370895,57.52195195352548,57.827606201171875,7587000,0.0,0.0
2012-05-29,57.95135023764427,58.12600987698817,57.740299312702334,58.04595947265625,8443200,0.0,0.0
2012-05-30,57.76214117664888,58.162410636815736,57.64569946775142,57.682090759277344,2193400,0.0,0.0
2012-05-31,57.74757385253907,58.03867515723587,57.59474088991441,57.74757385253906,2420400,0.0,0.0
2012-06-01,57.412804380793695,57.49286057299685,56.888819692806614,56.968875885009766,2431900,0.0,0.0
2012-06-04,57.00523885295785,57.41278169467758,56.619528456648126,57.39094924926758,2584500,0.0,0.0
2012-06-05,57.325468226340014,57.68934628078975,56.9543107576489,57.6747932434082,3960000,0.0,0.0
2012-06-06,57.948045442202094,58.97692303034382,57.81575658596908,58.96222686767578,4527000,0.74,0.0
2012-06-07,59.16064979598395,59.381127318432476,58.93282711642566,59.2341423034668,4522900,0.0,0.0
2012-06-08,59.197405837248645,59.77798911120585,59.087164139215176,59.67509841918945,2440300,0.0,0.0
2012-06-11,59.866181876230435,60.02786308324892,59.54281946219348,59.63100814819336,2616500,0.0,0.0
2012-06-12,59.73391243883281,59.90293884277344,59.40319894302801,59.90293884277344,2552200,0.0,0.0
2012-06-13,59.73389274718548,60.057255128200566,59.49136803739641,60.00580978393555,2330300,0.0,0.0
2012-06-14,60.1748511678887,60.68928714491797,59.888232075840754,60.681941986083984,2570800,0.0,0.0
2012-06-15,60.78483118435381,60.94651241109682,60.527610253436734,60.61579895019531,3402400,0.0,0.0
2012-06-18,60.5863880043032,60.843608856201165,60.410004816914736,60.84360885620117,1763800,0.0,0.0
2012-06-19,60.968546723276155,61.240463763603394,60.69662968294892,61.15227508544922,2397600,0.0,0.0
2012-06-20,60.770127409071165,60.88036326621771,59.85883067786224,59.976417541503906,4618200,0.0,0.0
2012-06-21,60.071955472972455,60.13809698532174,59.24150229338278,59.31499481201172,2975000,0.0,0.0
2012-06-22,59.75594117897319,59.961716712325426,59.43257879112602,59.80738067626953,2081200,0.0,0.0
2012-06-25,59.52809143066407,59.75591990065947,59.38111230092449,59.52809143066406,1681400,0.0,0.0
2012-06-26,59.71919259137032,60.189540014028076,59.46197171010784,60.0205078125,2211600,0.0,0.0
2012-06-27,60.24098451186656,60.49820538950808,60.101350488234175,60.16014099121094,1935500,0.0,0.0
2012-06-28,60.013156642744015,60.69663060493203,59.74859060426272,60.674583435058594,1980500,0.0,0.0
2012-06-29,60.990585673093335,61.563823699951165,60.54963649369373,61.56382369995117,2536300,0.0,0.0
2012-07-02,61.32866664890696,61.65937423706055,61.03469655091749,61.65937423706055,1998200,0.0,0.0
2012-07-03,61.732852935791016,61.86514178948125,61.57852276254999,61.732852935791016,1523400,0.0,0.0
2012-07-05,61.81369026840132,61.88718276909081,61.59321276633281,61.806339263916016,1658500,0.0,0.0
2012-07-06,61.54913067442271,61.90189123904519,61.438894825495574,61.666717529296875,1380200,0.0,0.0
2012-07-09,61.66672715244802,61.99008959179906,61.54914027922431,61.953346252441406,1583200,0.0,0.0
2012-07-10,62.100321436813694,62.298751831054695,61.88720072544873,62.29875183105469,1983300,0.0,0.0
2012-07-11,62.24731033544985,62.39429538857798,61.85045537044915,61.990089416503906,2208500,0.0,0.0
2012-07-12,61.95334421543845,62.15911977479997,61.75491381487302,61.97539138793945,2356400,0.0,0.0
2012-07-13,62.07827230687232,62.72499712329802,62.019481799949986,62.62211227416992,1672400,0.0,0.0
2012-07-16,62.40162719612632,63.011608603234066,62.40162719612632,62.61475372314453,1504000,0.0,0.0
2012-07-17,62.996928814940645,63.30558925341893,62.65886434681726,63.07041549682617,2091600,0.0,0.0
2012-07-18,62.996910461308076,63.38641432366122,62.86462160673042,63.25413131713867,1687300,0.0,0.0
2012-07-19,63.26150407444022,63.37909096978011,62.79850750155741,63.114524841308594,1893500,0.0,0.0
2012-07-20,62.710295002874105,63.0410083860648,62.203204267611255,62.342838287353516,3398300,0.0,0.0
2012-07-23,62.02683130334675,62.54126723263375,62.02683130334675,62.2473030090332,2364100,0.0,0.0
2012-07-24,62.20321418837856,62.276706712815056,61.04204750722842,61.35805892944336,3428800,0.0,0.0
2012-07-25,61.35805359067839,61.77695568026703,61.15962905521549,61.29191207885742,2589800,0.0,0.0
2012-07-26,61.73285672931536,63.38641779358764,61.644668053472664,62.99691390991211,2962200,0.0,0.0
2012-07-27,63.04102945719172,64.4447152814215,62.65887060256028,64.17279815673828,3375800,0.0,0.0
2012-07-30,64.0257856584654,64.67251035262782,63.86410448492478,64.6210708618164,2530300,0.0,0.0
2012-07-31,64.48142211328482,64.59900307801912,63.85674472887277,63.87144088745117,2695000,0.0,0.0
2012-08-01,64.01109280544699,64.47408918306759,63.85676262892519,64.06253814697266,3498300,0.0,0.0
2012-08-02,64.17278487348528,64.3638642612491,63.474614685929936,63.849422454833984,3090300,0.0,0.0
2012-08-03,64.37855190415007,64.85624446226755,62.60740399459596,62.72499084472656,4957600,0.0,0.0
2012-08-06,62.798490734003174,62.93077376291861,61.372758049765004,61.519737243652344,5104200,0.0,0.0
2012-08-07,61.74020762327875,61.872490636803455,59.74123701686909,60.79216766357422,7306500,0.0,0.0
2012-08-08,60.63048607514245,61.48298634787627,60.63048607514245,61.181671142578125,5088400,0.0,0.0
2012-08-09,60.99795024333795,61.18167862160934,60.75542550910829,60.88771438598633,2820300,0.0,0.0
2012-08-10,60.814227710790945,61.04205045390229,60.748086190022164,60.86567306518555,2315000,0.0,0.0
2012-08-13,60.770131107640765,60.917110310096184,60.57905171158664,60.623146057128906,2190400,0.0,0.0
2012-08-14,60.87300627315285,60.99059312523042,60.59373823047558,60.95384979248047,2348300,0.0,0.0
2012-08-15,60.90976459491479,61.291917535476365,60.66723984859087,61.02000045776367,1515700,0.0,0.0
2012-08-16,60.924453146942646,61.42419874283218,60.850960631542215,61.32865905761719,1969800,0.0,0.0
2012-08-17,61.35070403961145,61.769606099205404,61.189022850718466,61.69611358642578,2205700,0.0,0.0
2012-08-20,61.60056190894511,61.87982989429167,61.49767124147878,61.79164123535156,2186700,0.0,0.0
2012-08-21,61.909241059865096,62.100314578329204,61.75490502626591,61.85779571533203,2136700,0.0,0.0
2012-08-22,61.75489499420266,61.95332533429366,61.46093083442682,61.62261199951172,2135800,0.0,0.0
2012-08-23,61.53444812040069,61.71082551769419,61.240477994168934,61.30662536621094,1245700,0.0,0.0
2012-08-24,61.21842976952496,61.73287163355019,61.21842976952496,61.483001708984375,1366300,0.0,0.0
2012-08-27,61.4388980431556,61.63732258161628,61.4388980431556,61.45359420776367,1022100,0.0,0.0
2012-08-28,61.32131659176175,61.703469537787775,61.32131659176175,61.49034881591797,1081300,0.0,0.0
2012-08-29,61.490347812651606,61.56384033708811,61.30661942558854,61.35805892944336,1337300,0.0,0.0
2012-08-30,61.284558875280034,61.424192886811824,60.62313214779049,61.35070037841797,2249000,0.0,0.0
2012-08-31,61.51238869612182,61.65936788191122,61.20372246426924,61.43889617919922,1854000,0.0,0.0
2012-09-04,61.571186240245595,62.019486551088434,61.269870980052715,61.53444290161133,3637300,0.0,0.0
2012-09-05,61.483845070558026,61.8028023717615,61.268741607666016,61.268741607666016,3404400,0.74,0.0
2012-09-06,61.46902784219815,62.03276043194739,61.46902784219815,62.02534103393555,2009300,0.0,0.0
2012-09-07,62.12918728514833,62.30720561281284,61.313260112578604,61.51353073120117,2248000,0.0,0.0
2012-09-10,61.49126839422835,61.49868779082372,60.994292774071425,61.098140716552734,1993900,0.0,0.0
2012-09-11,61.17232978560632,61.39485270543267,60.84595890155119,61.08332061767578,1776300,0.0,0.0
2012-09-12,61.14265790723652,61.4245242064586,60.9349678818831,61.07590103149414,1632300,0.0,0.0
2012-09-13,60.86079538015332,61.8176557966962,60.86079538015332,61.76573181152344,2469700,0.0,0.0
2012-09-14,61.780584826958105,61.85476112249522,60.74212849437134,61.3281135559082,3475200,0.0,0.0
2012-09-17,61.30584104257786,61.64704480658076,60.994303065034714,61.58028793334961,2009800,0.0,0.0
2012-09-18,61.49868080905441,62.03274154663086,61.43933744795547,62.03274154663086,1805000,0.0,0.0
2012-09-19,62.032748463059455,62.581642150878906,62.032748463059455,62.581642150878906,2159100,0.0,0.0
2012-09-20,62.589058052885335,63.167623392259145,62.589058052885335,63.04894256591797,2367100,0.0,0.0
2012-09-21,63.18246243944901,63.41982409308882,63.093453294949875,63.28630447387695,3603400,0.0,0.0
2012-09-24,63.19731932620882,63.60528593002423,62.90803949674337,63.4940185546875,1787700,0.0,0.0
2012-09-25,63.64235320536995,63.931638855869316,63.419830322265625,63.419830322265625,2204200,0.0,0.0
2012-09-26,63.41982694546803,63.67944089690906,63.278893826184714,63.31597900390625,1659600,0.0,0.0
2012-09-27,63.43467549701652,63.73137469942912,63.1083046036232,63.56077575683594,1655500,0.0,0.0
2012-09-28,63.479184211592525,63.694293655882156,63.06380412070133,63.62753677368164,1899000,0.0,0.0
2012-10-01,63.62750529425192,64.26540801021194,63.50140508861717,64.1096420288086,1834800,0.0,0.0
2012-10-02,64.31734960725554,64.46570213662602,63.850045632448854,64.06515502929688,1686400,0.0,0.0
2012-10-03,64.27284899849383,64.28768189136139,63.894554156959984,64.12449645996094,1702500,0.0,0.0
2012-10-04,64.16901132832103,64.53246739935885,64.16901132832103,64.37670135498047,1301000,0.0,0.0
2012-10-05,64.59921332026639,64.64371789682706,64.31734706707302,64.45086669921875,1194000,0.0,0.0
2012-10-08,64.40637142722163,64.47313421028977,64.12450510747664,64.27285766601562,1083400,0.0,0.0
2012-10-09,64.29509747519799,64.42119771571743,63.82037410202364,63.84263229370117,1596800,0.0,0.0
2012-10-10,63.93903394819593,64.39150488356852,63.71651112913534,63.783267974853516,1111200,0.0,0.0
2012-10-11,64.09480582400039,64.10963871111707,63.65716777574449,63.783267974853516,986500,0.0,0.0
2012-10-12,63.879720561609986,64.13933454995542,63.41983596066542,63.531097412109375,1186300,0.0,0.0
2012-10-15,63.508852736020884,64.20609911861632,63.4495093531598,63.990989685058594,1082500,0.0,0.0
2012-10-16,64.06514880276953,64.32476275270388,63.93904857481396,64.28025817871094,1265300,0.0,0.0
2012-10-17,64.34704744008103,64.94045189622003,64.26545174503288,64.85885620117188,1098400,0.0,0.0
2012-10-18,64.75498960585597,65.12586503717155,64.5547130953685,65.03684997558594,1365700,0.0,0.0
2012-10-19,64.90334319688219,64.99235236554867,64.22092973299796,64.4434585571289,2140300,0.0,0.0
2012-10-22,64.3025227477376,64.41378420397129,63.716537874954135,64.1912612915039,1862300,0.0,0.0
2012-10-23,63.76845666565647,64.10966040449297,63.24180931156983,63.7462043762207,2002700,0.0,0.0
2012-10-24,64.10967187327695,64.44346217699037,62.31463189530287,62.47039794921875,3421900,0.0,0.0
2012-10-25,62.6484110524455,63.026699973220765,61.13523175948826,61.44676971435547,3798800,0.0,0.0
2012-10-26,61.46901402909432,61.5728619680653,61.023962395221936,61.3800048828125,2229300,0.0,0.0
2012-10-31,61.38743004477208,61.96599545240707,61.26874920442852,61.89923858642578,2744400,0.0,0.0
2012-11-01,61.85474544060726,62.433310955168125,61.609964317640205,62.12919235229492,2136400,0.0,0.0
2012-11-02,62.50006327400318,62.65582931205024,61.76572586113808,61.817649841308594,1902200,0.0,0.0
2012-11-05,61.595123623298925,61.832485317795516,61.46160398110448,61.66188049316406,1411400,0.0,0.0
2012-11-06,61.795409306017554,62.12178023994265,61.617390942955,61.88441848754883,1192700,0.0,0.0
2012-11-07,61.617376885116116,61.8473191857664,60.93496347829106,61.63220977783203,2042500,0.0,0.0
2012-11-08,61.4096747191956,62.092082088479046,61.268741607666016,61.268741607666016,1816600,0.0,0.0
2012-11-09,61.194576501643944,61.936327370097665,61.194576501643944,61.66188049316406,1888300,0.0,0.0
2012-11-12,61.65448111069971,62.129204653803285,61.39486704196908,62.04019546508789,1508000,0.0,0.0
2012-11-13,61.84732998813393,62.86352792704026,61.84732998813393,62.596500396728516,2266000,0.0,0.0
2012-11-14,62.71515855065376,62.856091663648535,62.00307358948127,62.20335006713867,2540000,0.0,0.0
2012-11-15,62.19595090623452,62.42589323857122,61.86216060318314,62.18111801147461,2072500,0.0,0.0
2012-11-16,62.35912390323718,63.07120895385742,62.16626679755288,63.07120895385742,2984000,0.0,0.0
2012-11-19,63.419857770072824,63.95391882312599,63.35309497378317,63.790733337402344,2462000,0.0,0.0
2012-11-20,63.70911067793725,64.00581572819121,63.434663818669755,63.95389175415039,1978500,0.0,0.0
2012-11-21,64.11706338244592,64.13931566618324,63.620087842362416,63.998382568359375,1151800,0.0,0.0
2012-11-23,64.13932287717003,64.7846450805664,64.05031373221372,64.7846450805664,727000,0.0,0.0
2012-11-26,64.53247840482122,64.53247840482122,63.95391281028162,64.07259368896484,1814800,0.0,0.0
2012-11-27,64.21351297676841,64.40636419826536,63.43467098555346,63.47917556762695,2210100,0.0,0.0
2012-11-28,63.568188090959865,64.02065923590324,63.390169753258746,63.81296920776367,2348100,0.0,0.0
2012-11-29,63.80553910762724,63.96872452397093,63.38273972403718,63.54592514038086,2328000,0.0,0.0
2012-11-30,63.5904594574574,63.80556894834596,63.39018876747142,63.583045959472656,3149300,0.0,0.0
2012-12-03,63.66461782157115,63.86489435760994,63.27890944868126,63.56077575683594,1958900,0.0,0.0
2012-12-04,63.43467846247932,63.79072106349775,63.16023153985612,63.64978790283203,2771000,0.0,0.0
2012-12-05,63.77089301045203,63.995441512225746,63.389164726661704,63.501441955566406,1855300,0.74,0.0
2012-12-06,63.53887805211469,63.75593986595321,63.29936197864025,63.61372756958008,1478600,0.0,0.0
2012-12-07,63.658623808908814,64.31728990588628,63.651137071795375,64.30232238769531,1417000,0.0,0.0
2012-12-10,64.1750802938317,64.29483831242527,63.91311000041049,64.15262603759766,1480500,0.0,0.0
2012-12-11,64.29482646884041,64.44452545351575,64.04034295972035,64.20500946044922,1615600,0.0,0.0
2012-12-12,64.36968682025218,64.41459533202378,63.860713760114,63.995445251464844,1905700,0.0,0.0
2012-12-13,63.99543445552476,64.52685572586267,63.95052595132916,64.20500946044922,1574400,0.0,0.0
2012-12-14,64.05531087251282,64.36218962377347,63.53885711502967,63.65861511230469,2148400,0.0,0.0
2012-12-17,63.75593816516573,64.07029779168249,63.63618013162324,64.01042175292969,1985500,0.0,0.0
2012-12-18,64.0104088801344,64.69152920866006,63.755925343548284,64.48944091796875,2476200,0.0,0.0
2012-12-19,64.48944771055847,64.57177800046291,63.576292047750776,63.62120056152344,1450700,0.0,0.0
2012-12-20,63.6586278891719,63.920598188538634,63.38917085221187,63.583778381347656,1514200,0.0,0.0
2012-12-21,63.41910423900654,63.62119252545754,62.79785995022757,62.91013717651367,4432100,0.0,0.0
2012-12-24,62.625701950567056,62.865217923520646,62.58079345014257,62.715518951416016,755900,0.0,0.0
2012-12-26,62.70058217525671,62.94009230959438,62.326334561522174,62.49100112915039,1405800,0.0,0.0
2012-12-27,62.49098706824035,62.88020211653317,62.25895776915937,62.82032012939453,1555100,0.0,0.0
2012-12-28,62.60327070833402,62.91763032683896,62.21405562023131,62.22154235839844,1256000,0.0,0.0
2012-12-31,61.96704217334995,63.20952470622844,61.907160196131514,63.194557189941406,1773600,0.0,0.0
2013-01-02,63.89815140672768,64.66908891982705,63.621207599776895,64.65412139892578,2701300,0.0,0.0
2013-01-03,64.74392753070067,64.74392753070067,64.14513745495772,64.37716674804688,1875300,0.0,0.0
2013-01-04,64.50441934754252,64.65411837369855,64.06281496322995,64.63914489746094,1776400,0.0,0.0
2013-01-07,64.30979790822927,64.32477138123132,63.157132332806775,63.21701431274414,2791600,0.0,0.0
2013-01-08,63.082277609089594,63.30682608119617,62.81282658980359,62.89515686035156,2512000,0.0,0.0
2013-01-09,63.104732379319465,63.516401603547344,62.89515737725189,63.329280853271484,1923800,0.0,0.0
2013-01-10,63.464015200937475,63.681076969171585,63.20953165985146,63.56880569458008,1996900,0.0,0.0
2013-01-11,63.696044921875,63.830776408340235,63.404139605944614,63.696044921875,1313000,0.0,0.0
2013-01-14,63.80086338503978,64.24995463937807,63.65865105523201,64.10774230957031,1348000,0.0,0.0
2013-01-15,64.11519893703313,64.3696824718931,63.85322866537163,64.14513397216797,1560600,0.0,0.0
2013-01-16,64.1301883858678,64.1301883858678,63.76342749770241,63.98797607421875,1293600,0.0,0.0
2013-01-17,64.16758530758075,64.87115985385003,64.06280077730415,64.6166763305664,1252200,0.0,0.0
2013-01-18,64.72895306311636,65.00589083765011,64.36967905624172,64.98343658447266,1652400,0.0,0.0
2013-01-22,64.99843381283877,65.34274046032706,64.78137196221145,65.26789093017578,1446400,0.0,0.0
2013-01-23,65.01338119094625,65.58223029658274,65.01338119094625,65.11817169189453,1731300,0.0,0.0
2013-01-24,65.1181756857182,65.29780974860546,64.47447703364453,64.8038101196289,2541400,0.0,0.0
2013-01-25,65.57476180979593,65.63463785296673,64.39215486382719,64.5643081665039,3350400,0.0,0.0
2013-01-28,64.71399177253477,65.11068762403694,64.56429870851753,64.96847534179688,2149800,0.0,0.0
2013-01-29,64.81129824197194,66.20348012719515,64.81129824197194,65.97145080566406,3106500,0.0,0.0
2013-01-30,65.94151513347973,66.53281859223937,65.7993028338282,65.97894287109375,2004500,0.0,0.0
2013-01-31,66.01635940606754,67.06424067938593,65.50739224567882,66.99687194824219,4445300,0.0,0.0
2013-02-01,67.2738264365373,67.50585579524552,67.12412738625694,67.37112426757812,3221400,0.0,0.0
2013-02-04,66.92950055462515,67.28877459830231,66.77980750345328,66.83968353271484,1651200,0.0,0.0
2013-02-05,67.14657043105503,67.96241641990562,67.13160291094243,67.54326629638672,2294100,0.0,0.0
2013-02-06,67.25884533986269,68.05972385168018,66.88460371258763,68.03726959228516,2033600,0.0,0.0
2013-02-07,67.94743844892434,68.23186297957322,67.69295490993213,68.09713745117188,1929500,0.0,0.0
2013-02-08,68.09715158802987,68.53875599349,67.83518125772994,68.03726959228516,1723300,0.0,0.0
2013-02-11,67.5432744882031,68.052247662237,67.52082022729259,67.66303253173828,1917000,0.0,0.0
2013-02-12,67.76782767802275,67.79776272392137,67.17652415897712,67.2887954711914,2045600,0.0,0.0
2013-02-13,67.25135311023267,67.42350041761347,66.89955984619615,67.28128814697266,1971100,0.0,0.0
2013-02-14,67.26632805961556,67.76781443085986,67.2064460674484,67.50584411621094,1891800,0.0,0.0
2013-02-15,67.6854895810153,68.31422082448557,67.55825074929314,68.26182556152344,2296700,0.0,0.0
2013-02-19,68.35911794001491,69.02526490065735,68.34414446393167,69.01778411865234,2494400,0.0,0.0
2013-02-20,69.01778006355433,69.3620806526905,68.65850599921467,68.6659927368164,2570600,0.0,0.0
2013-02-21,68.4938432843598,69.06269242894845,68.20941871206546,68.75581359863281,1856000,0.0,0.0
2013-02-22,68.77076569445639,70.73928300098858,68.77076569445639,70.73179626464844,4916200,0.0,0.0
2013-02-25,70.81413704432417,71.77968189676967,70.53719329833984,70.53719329833984,4927200,0.0,0.0
2013-02-26,70.62699367811143,71.13596658528864,70.22281719363369,70.52220916748047,4043800,0.0,0.0
2013-02-27,70.35756507216189,71.45783554201769,70.16295754703322,71.24826049804688,1917600,0.0,0.0
2013-02-28,71.24077230256314,71.7871671356068,70.567138671875,70.567138671875,2935200,0.0,0.0
2013-03-01,70.52222388969541,70.77670741839285,70.17043660907693,70.58209991455078,2423000,0.0,0.0
2013-03-04,70.58209719895984,71.14346543506265,70.4847934507825,71.13597869873047,1634200,0.0,0.0
2013-03-05,71.37550435799123,72.22877799803727,71.37550435799123,71.75723266601562,2001800,0.0,0.0
2013-03-06,71.92701599941763,72.07804594269783,71.28514775396117,71.46638488769531,1732600,0.81,0.0
2013-03-07,71.58718785569062,71.90434827195058,70.9604263305664,70.9604263305664,2118100,0.0,0.0
2013-03-08,71.22473287914914,71.27004065619865,70.69613413491967,71.1265640258789,2415000,0.0,0.0
2013-03-11,71.1567706836229,71.49657900896334,70.82450964840848,70.89247131347656,2316700,0.0,0.0
2013-03-12,70.74144133071155,71.3002472580455,70.69613355403433,71.04349517822266,2002100,0.0,0.0
2013-03-13,70.98307484930379,71.1643059254692,70.45447619850411,70.52999114990234,2203700,0.0,0.0
2013-03-14,70.7112334159209,71.03594715741954,70.68103223777271,70.81695556640625,1953600,0.0,0.0
2013-03-15,70.62059300489017,70.96796051222024,69.97117175947953,70.42425537109375,3452500,0.0,0.0
2013-03-18,69.62381383900579,70.38650452426688,69.40482231382434,70.15241241455078,2265000,0.0,0.0
2013-03-19,70.15243228288615,70.98308484728844,70.14487898398606,70.9075698852539,1942500,0.0,0.0
2013-03-20,71.01328972699496,72.3045733025789,71.00573642834024,72.14599609375,2866300,0.0,0.0
2013-03-21,71.97232468938772,72.00253188022309,71.21718698143088,71.68537139892578,2827300,0.0,0.0
2013-03-22,71.73822647538263,72.4178551628433,71.70801928707593,72.23661804199219,1775300,0.0,0.0
2013-03-25,72.41785952399833,72.45561400491353,71.31535416980513,71.390869140625,2975600,0.0,0.0
2013-03-26,71.73067043267659,73.53545822789282,71.73067043267659,73.49015045166016,3543400,0.0,0.0
2013-03-27,73.05971163794509,73.36931874368251,72.77275841755488,73.18053436279297,2033500,0.0,0.0
2013-03-28,72.9992898076334,73.996072678977,72.8482599147677,73.988525390625,2462300,0.0,0.0
2013-04-01,73.67893611384055,74.08670610689808,73.47504510832279,73.9507827758789,1625200,0.0,0.0
2013-04-02,74.22262513512798,75.43084637508078,73.86015696044569,75.35533142089844,2701800,0.0,0.0
2013-04-03,75.42328266588393,75.51389819479931,73.66380911315673,73.9205551147461,2885200,0.0,0.0
2013-04-04,74.11690556722421,74.46427316670908,73.89036670581092,74.35855102539062,1896200,0.0,0.0
2013-04-05,73.7091302660037,75.29492634601324,73.51279858735482,74.99286651611328,2981700,0.0,0.0
2013-04-08,74.84939588682526,75.09859466552734,74.17732653221225,75.09859466552734,1484900,0.0,0.0
2013-04-09,75.06083418413266,75.18165090530654,74.56998996503944,74.99286651611328,1617900,0.0,0.0
2013-04-10,75.22697869417027,75.8537403390394,75.09104934181,75.74047088623047,1800600,0.0,0.0
2013-04-11,75.78577364096022,76.42764184295915,75.56678204072757,76.35968017578125,2325900,0.0,0.0
2013-04-12,76.17086431997386,76.78252508106523,75.99718056955797,76.44271087646484,1443600,0.0,0.0
2013-04-15,76.19353836109079,76.90336812507043,75.65738638449689,75.67249298095703,1854400,0.0,0.0
2013-04-16,76.1255926479977,77.04686087447891,75.84618665383587,76.70704650878906,1813800,0.0,0.0
2013-04-17,76.48049819372326,76.78255203217586,75.7631150695332,76.01231384277344,1929800,0.0,0.0
2013-04-18,75.9972094846436,77.38666799865258,75.9972094846436,76.54090881347656,2730700,0.0,0.0
2013-04-19,79.28960965332398,80.45252314306494,78.44385056415621,80.1202621459961,4746700,0.0,0.0
2013-04-22,79.46327770531485,79.83329913929973,78.99509345107636,79.7351303100586,3652800,0.0,0.0
2013-04-23,79.893737295013,80.22599837532229,78.73082351393046,79.6596450805664,4658100,0.0,0.0
2013-04-24,79.41044216224289,79.59167327060902,78.0134303356276,78.0813980102539,3560200,0.0,0.0
2013-04-25,78.63264785226369,78.63264785226369,78.02098682750915,78.126708984375,2146900,0.0,0.0
2013-04-26,78.19466307042917,78.60243905038747,77.76423320319478,77.86994934082031,2417600,0.0,0.0
2013-04-29,77.8321890203809,78.23996496971813,77.6283040502064,78.01342010498047,2336700,0.0,0.0
2013-04-30,77.77179711214039,78.02098990617407,77.43198274765042,77.92282104492188,1825400,0.0,0.0
2013-05-01,77.96810672222003,78.94978904745207,77.74912118041938,77.9983139038086,2721900,0.0,0.0
2013-05-02,78.12671445563433,79.28962821765191,77.9832378092625,78.94981384277344,2477400,0.0,0.0
2013-05-03,79.32736983329283,79.80310747736482,78.60243942798677,79.57656860351562,2527100,0.0,0.0
2013-05-06,79.37269697808435,79.57658802329465,78.4816358448391,78.88941192626953,1851200,0.0,0.0
2013-05-07,78.987540201226,79.22918562581287,78.65527924466592,78.9195785522461,1702800,0.0,0.0
2013-05-08,78.8591879127707,79.00266454028302,78.33058917888435,78.73836517333984,1649800,0.0,0.0
2013-05-09,78.70815095258742,78.84408027791802,77.50748297358734,77.75667572021484,2636200,0.0,0.0
2013-05-10,77.73403576146686,78.11915790242581,77.43198189025897,78.10405731201172,2034200,0.0,0.0
2013-05-13,78.12670631383965,78.53448231940044,77.75668478644656,78.31549072265625,1336600,0.0,0.0
2013-05-14,78.4891560960975,79.34246845916512,78.43630103683562,79.33491516113281,1500900,0.0,0.0
2013-05-15,79.01774798568415,79.10836351835016,78.64773255763542,79.00264739990234,2646400,0.0,0.0
2013-05-16,78.74592422928615,78.79877929934779,78.16446437770428,78.34569549560547,2307800,0.0,0.0
2013-05-17,78.42121349906829,78.82898953911504,77.99078356840722,78.79878234863281,2687100,0.0,0.0
2013-05-20,78.63265064151992,78.66285783155156,77.51504470024375,77.6811752319336,1824300,0.0,0.0
2013-05-21,77.7868672412618,77.7868672412618,76.63905455486238,76.95621490478516,3107000,0.0,0.0
2013-05-22,76.83542019374428,77.80199617134366,76.70704414584132,77.1374740600586,2501700,0.0,0.0
2013-05-23,76.5031473345897,77.96811466962608,76.33701683240037,77.43196868896484,7053800,0.0,0.0
2013-05-24,77.40932160835392,78.17955981768284,77.03930008836221,78.16445922851562,6697900,0.0,0.0
2013-05-28,78.73080901788221,79.00266167398574,78.42875518475836,78.93470001220703,7275800,0.0,0.0
2013-05-29,78.39854858081237,78.44385635566789,75.08349166362103,75.12879943847656,4942800,0.0,0.0
2013-05-30,75.33268706139457,76.2388546081915,75.23451820944287,75.74801635742188,2169600,0.0,0.0
2013-05-31,75.5139056891943,75.63472840940166,73.11256388967831,73.1201171875,4217000,0.0,0.0
2013-06-03,73.24851758541202,73.33913315348086,72.12335825791749,73.02197265625,4536900,0.0,0.0
2013-06-04,72.95400908507325,74.07161508320004,72.86339351935834,73.68649291992188,3125200,0.0,0.0
2013-06-05,73.64444401937236,73.64444401937236,72.88271162512339,72.90556335449219,2016100,0.81,0.0
2013-06-06,72.67705260533089,73.39308166503906,72.03719801055358,73.39308166503906,3295600,0.0,0.0
2013-06-07,74.02534825761494,74.64997059664023,73.5530749003172,73.97964477539062,2097900,0.0,0.0
2013-06-10,73.95677674476532,74.35287552395566,73.26359933508088,74.3224105834961,2160200,0.0,0.0
2013-06-11,73.87298287004914,75.03843959235179,73.5530585655283,74.61186981201172,2007700,0.0,0.0
2013-06-12,75.23647858203361,75.3735950462958,73.72824596689237,73.74348449707031,2378800,0.0,0.0
2013-06-13,73.83489879852172,74.68803836075843,73.56067190410653,74.3224105834961,2601400,0.0,0.0
2013-06-14,74.32239114739767,75.22123394673518,74.2462166932323,74.54328918457031,2349300,0.0,0.0
2013-06-17,74.88609520690808,75.8611127730126,74.87847594060867,75.82302856445312,2020600,0.0,0.0
2013-06-18,75.92965371321574,75.92965371321574,75.31264484491466,75.74683380126953,1730600,0.0,0.0
2013-06-19,75.40407306407475,75.71638416271148,73.47688373460375,73.50735473632812,2431000,0.0,0.0
2013-06-20,73.03508038967364,73.03508038967364,71.45829231917169,72.10576629638672,5664500,0.0,0.0
2013-06-21,72.92080099504268,73.4463968692905,72.23524300386161,72.9588851928711,3933500,0.0,0.0
2013-06-24,72.09055817262426,73.16460231984595,71.42022617006715,72.43333435058594,2470000,0.0,0.0
2013-06-25,72.8979670782779,73.17218791717539,71.9153302826247,72.82179260253906,1988000,0.0,0.0
2013-06-26,73.43878409272358,74.1167289411089,73.33214469250325,73.8805923461914,2228700,0.0,0.0
2013-06-27,74.25384514453376,74.79467963714788,74.00247606177996,74.13197326660156,1758200,0.0,0.0
2013-06-28,73.88819552290124,74.2995326889714,73.45400662879754,73.99483489990234,2593200,0.0,0.0
2013-07-01,73.79679607618581,74.68802575578833,73.79679607618581,74.0177001953125,1545700,0.0,0.0
2013-07-02,74.17766502304315,74.58138298166459,73.61397888464303,73.91867065429688,1306900,0.0,0.0
2013-07-03,73.76634209794922,74.2005311361328,73.14933311336459,73.91107177734375,980800,0.0,0.0
2013-07-05,74.21576610731898,74.33002478925276,73.19504511292972,74.18529510498047,969200,0.0,0.0
2013-07-08,74.59662449238111,75.09936870092054,74.29955195092975,74.7032699584961,1611400,0.0,0.0
2013-07-09,75.17553545416325,75.47261402659923,74.89369541044745,75.05365753173828,1186500,0.0,0.0
2013-07-10,75.19838379132243,75.38881689999018,74.64993619590062,75.09935760498047,1928200,0.0,0.0
2013-07-11,75.77730975226493,76.0591498106733,75.35074003227373,75.90680694580078,1807200,0.0,0.0
2013-07-12,75.73161307359344,76.12009862754881,75.60211586845227,76.0820083618164,1198100,0.0,0.0
2013-07-15,76.08961563694251,76.33337147793323,75.46499356745399,76.26481628417969,1445300,0.0,0.0
2013-07-16,76.08962079455709,76.37908011767071,75.80778073619938,76.3181381225586,2252100,0.0,0.0
2013-07-17,76.68377710464783,76.79042257258617,75.8077858726646,75.8991928100586,1464000,0.0,0.0
2013-07-18,75.98296361202138,76.18863523696155,75.25170221376004,75.34310913085938,2338900,0.0,0.0
2013-07-19,75.36597086057782,75.78492736816406,74.77181975912653,75.78492736816406,3047200,0.0,0.0
2013-07-22,74.2386075673818,75.34312214994475,73.23311918261015,74.40618896484375,3378500,0.0,0.0
2013-07-23,74.40618708893851,74.92416979805928,73.56828012275385,74.80229187011719,2453000,0.0,0.0
2013-07-24,74.787051731937,74.87845866056038,74.39856622382014,74.53568267822266,1675600,0.0,0.0
2013-07-25,74.51284770159258,75.25172862273864,74.36811801157137,75.00797271728516,1248100,0.0,0.0
2013-07-26,74.90894647337525,75.09937963791299,74.22338829333316,74.94703674316406,1386000,0.0,0.0
2013-07-29,74.79468969703107,75.175556035833,74.58140478976075,74.75659942626953,975300,0.0,0.0
2013-07-30,75.06128459071213,75.3964473968184,74.42142391616898,74.61947631835938,1154200,0.0,0.0
2013-07-31,74.58139348905713,75.61735292559182,74.58139348905713,75.25933837890625,2022800,0.0,0.0
2013-08-01,75.74683387085534,76.16579036054424,74.84037175895213,75.251708984375,1898000,0.0,0.0
2013-08-02,75.16031366587268,75.8991945082973,74.77182811178781,75.8763427734375,1886900,0.0,0.0
2013-08-05,75.61735707856603,75.9372813778321,75.42692392756108,75.65544128417969,1282500,0.0,0.0
2013-08-06,75.60974607185067,76.11249037279566,75.51071985267633,75.97537994384766,1254600,0.0,0.0
2013-08-07,75.66307178290141,75.8306532231238,75.1222371894973,75.3812255859375,1196400,0.0,0.0
2013-08-08,75.51833364729559,75.53356611780754,74.52045832278318,75.08414459228516,1422100,0.0,0.0
2013-08-09,74.96986986964646,75.35073610417426,74.6575588299576,75.05365753173828,1246000,0.0,0.0
2013-08-12,74.71850160916415,74.96225747635685,74.23098987477877,74.87846374511719,1079800,0.0,0.0
2013-08-13,74.94703865713942,75.38884094310332,74.49761104326049,74.75659942626953,1128600,0.0,0.0
2013-08-14,74.6042449568014,74.83276230005282,73.58351799303037,73.72063446044922,1827100,0.0,0.0
2013-08-15,73.51495710130105,73.65968676131676,72.92842525803088,72.97412872314453,1588400,0.0,0.0
2013-08-16,72.79131158969103,72.82940185305657,72.27333492424884,72.31903839111328,2224600,0.0,0.0
2013-08-19,72.28854534078393,72.31139706724512,71.7629495707103,72.06002807617188,1540800,0.0,0.0
2013-08-20,72.06008977722344,72.86752621883683,71.90774076272346,72.35716247558594,1280000,0.0,0.0
2013-08-21,72.2504706254928,72.31140655022523,71.6106161392021,71.66393280029297,1272600,0.0,0.0
2013-08-22,71.69442858159817,73.36262965467617,71.29832978022024,72.82941436767578,2161200,0.0,0.0
2013-08-23,73.11887620210024,73.30930937363784,72.75324233061922,73.0427017211914,1119700,0.0,0.0
2013-08-26,73.07315180099019,73.18741045890042,71.99148902934976,72.00672149658203,1061700,0.0,0.0
2013-08-27,71.3516498014898,71.64110919590573,70.62800131544999,71.24501037597656,1938500,0.0,0.0
2013-08-28,71.08502543270966,71.10788322723384,70.46040331387425,70.48326110839844,1459400,0.0,0.0
2013-08-29,70.23187756051684,71.07740370514128,70.07952865076581,70.80317687988281,1254900,0.0,0.0
2013-08-30,71.00125117273669,71.29071055375748,70.66608831697249,71.20691680908203,1774500,0.0,0.0
2013-09-03,71.72488439740376,71.77058786244389,70.42231745935774,70.56704711914062,1925800,0.0,0.0
2013-09-04,71.07043722786815,71.2703123586871,70.2940048663822,71.10118865966797,1573300,0.81,0.0
2013-09-05,71.02432369234171,71.07044778826842,70.4170149396345,70.93207550048828,1366000,0.0,0.0
2013-09-06,71.12426754675069,71.94682419209487,70.72451719045014,71.53939056396484,1620400,0.0,0.0
2013-09-09,71.51635076054365,71.96221923828125,71.33953757738988,71.96221923828125,1603100,0.0,0.0
2013-09-10,72.33888596756798,72.66175467114397,71.70851510424667,72.18513488769531,1331700,0.0,0.0
2013-09-11,72.02369931944634,72.71556693267841,71.67007306516281,72.6925048828125,1319800,0.0,0.0
2013-09-12,72.70019557870745,73.37669054327444,72.56181715976987,72.91544342041016,1413700,0.0,0.0
2013-09-13,73.15376169372995,73.73800852411306,73.06151348203902,73.56119537353516,1226100,0.0,0.0
2013-09-16,74.22231412515107,74.5298101881772,73.95325277603256,74.13006591796875,1133200,0.0,0.0
2013-09-17,74.13774493111545,74.46830914420104,73.82255949651345,74.07624816894531,1043000,0.0,0.0
2013-09-18,74.10699876434508,75.12943059715606,73.83793743374983,75.11405181884766,1473400,0.0,0.0
2013-09-19,75.26778918478571,75.32160266455101,74.32223306403077,74.72197723388672,1580700,0.0,0.0
2013-09-20,74.63744681617665,74.72200564459847,73.9455729384247,73.95326232910156,1747600,0.0,0.0
2013-09-23,73.92249551226543,74.01474982943674,73.2306278956358,73.6380615234375,1250000,0.0,0.0
2013-09-24,73.60730126036671,73.80717641439496,73.26137055214924,73.31517791748047,1313300,0.0,0.0
2013-09-25,73.54579739456298,73.87635541175514,72.72324092803551,72.79242706298828,1736300,0.0,0.0
2013-09-26,72.96156413402456,73.43818389586576,72.83856449915352,73.3843765258789,956100,0.0,0.0
2013-09-27,73.16143946989311,73.29212237662507,72.33119346196,72.86931610107422,1031500,0.0,0.0
2013-09-30,72.56950174809522,72.94619003409609,72.09288199565977,72.4311294555664,1851900,0.0,0.0
2013-10-01,71.86995378933955,72.73863459676114,71.81614029641403,72.55413818359375,1424800,0.0,0.0
2013-10-02,72.43882149532305,72.46956681661845,71.64701018550305,72.46188354492188,1519000,0.0,0.0
2013-10-03,72.46186272751132,72.82317214559603,71.73155450459983,72.60023498535156,1844300,0.0,0.0
2013-10-04,72.55413174331714,72.86931716600402,72.2850704198279,72.46188354492188,1233400,0.0,0.0
2013-10-07,72.11595371374113,72.7616972827114,71.91607851956398,72.15438842773438,1027200,0.0,0.0
2013-10-08,71.88531350771324,72.35424996308396,71.58550689029927,71.63932037353516,2100600,0.0,0.0
2013-10-09,71.91605693327509,73.03073671155882,71.64699566431834,72.47724151611328,2147200,0.0,0.0
2013-10-10,73.02304910115178,73.75335740362712,72.70018046434943,73.74567413330078,1299800,0.0,0.0
2013-10-11,73.68417422183133,74.57591687846582,73.26136799855156,74.52979278564453,1237600,0.0,0.0
2013-10-14,74.14541471435301,74.54516497314603,73.96860162932894,74.5374755859375,1548400,0.0,0.0
2013-10-15,74.49907131942363,74.54519542701154,74.060886180083,74.22232055664062,1358800,0.0,0.0
2013-10-16,74.59128656880533,75.64446342203433,74.46059757689417,75.33696746826172,1598800,0.0,0.0
2013-10-17,75.06792632537228,76.29023331547208,74.98336751526409,76.13648223876953,1516100,0.0,0.0
2013-10-18,76.59001634713238,76.59001634713238,75.71364649120264,76.24407958984375,1871800,0.0,0.0
2013-10-21,75.97502899169922,76.01346369268703,75.3369689110796,75.97502899169922,1994800,0.0,0.0
2013-10-22,78.74251558325699,79.54969946916941,77.51252545990512,79.15763854980469,3764700,0.0,0.0
2013-10-23,78.58109373815523,80.9642049510535,78.55803168730809,80.68745422363281,3020000,0.0,0.0
2013-10-24,80.50296954708513,80.75665214336833,80.08015706360545,80.11090850830078,1853200,0.0,0.0
2013-10-25,79.94947097891182,81.14870998496774,79.65734755895491,81.11027526855469,1517500,0.0,0.0
2013-10-28,81.11027548908332,82.90145073010788,80.92577294493465,82.49401092529297,2523200,0.0,0.0
2013-10-29,82.57854833176422,83.1858570241343,82.26336296274313,83.15510559082031,2294200,0.0,0.0
2013-10-30,83.27812126216695,83.45493439124354,82.26337882245329,82.94756317138672,1760700,0.0,0.0
2013-10-31,82.93986440224938,83.32423593892032,82.37099648549766,83.02442932128906,1436800,0.0,0.0
2013-11-01,82.92448365339054,83.24735228703481,82.46323663093104,83.0321044921875,1594100,0.0,0.0
2013-11-04,83.06286593158737,83.70092612274564,82.67080499767695,83.67786407470703,1292200,0.0,0.0
2013-11-05,83.43956066325838,83.82393838391901,83.06287844944252,83.64712524414062,1039700,0.0,0.0
2013-11-06,83.76244327930452,84.3466901282517,83.28582342558681,84.27750396728516,1290500,0.0,0.0
2013-11-07,84.30055097554029,84.3159236361485,82.81687206431396,82.93218231201172,1648100,0.0,0.0
2013-11-08,82.93217662391399,83.10130034802248,82.04043390745599,83.04749298095703,1732600,0.0,0.0
2013-11-11,83.04747344480494,83.60096858284135,82.8937224164188,82.99365997314453,952400,0.0,0.0
2013-11-12,82.93986044031651,83.33192134651388,82.61698567334449,83.18585968017578,1270300,0.0,0.0
2013-11-13,82.82455503203735,83.67786303335475,82.69386601660891,83.67017364501953,1223200,0.0,0.0
2013-11-14,83.87005127125423,84.49273269612155,83.67786549525187,84.33898162841797,1340400,0.0,0.0
2013-11-15,85.74580699312007,85.85343399165122,83.23970187181503,83.99307250976562,3462700,0.0,0.0
2013-11-18,83.79317239463094,84.1314198362817,82.7092439271484,83.02442932128906,2644900,0.0,0.0
2013-11-19,82.82456145324531,83.13974687512223,82.55550013044751,82.93218231201172,2055700,0.0,0.0
2013-11-20,82.90143376994101,83.6932389297088,82.69386921489472,82.88605499267578,1313900,0.0,0.0
2013-11-21,83.06285107589521,83.431849895772,82.80147920578568,82.9629135131836,4902600,0.0,0.0
2013-11-22,82.8245414041634,84.01609665461626,82.8245414041634,83.79315948486328,6736500,0.0,0.0
2013-11-25,83.7854794434924,84.07760277770075,83.14742541134294,83.3011703491211,1075400,0.0,0.0
2013-11-26,83.36269040927,83.70862117854973,83.12437438964844,83.12437438964844,1770000,0.0,0.0
2013-11-27,83.19355773925781,83.32424064344211,82.64774572194543,83.19355773925781,1262200,0.0,0.0
2013-11-29,83.21661131382018,84.20829154626661,83.13204639861748,83.91616821289062,1545200,0.0,0.0
2013-12-02,83.68555123100256,84.10067423222374,82.28643727236205,82.37100219726562,2423000,0.0,0.0
2013-12-03,81.94049294300123,82.0558092952816,81.11025313355643,81.8559341430664,3130300,0.0,0.0
2013-12-04,81.36375982342838,81.46449667984699,80.61985972965026,80.74384307861328,2809800,0.81,0.0
2013-12-05,80.61209700237293,80.82131538853726,80.13941020465455,80.51136016845703,2164100,0.0,0.0
2013-12-06,81.17004477151247,81.82870367826354,81.15454299754579,81.81320190429688,1930200,0.0,0.0
2013-12-09,82.02239874137227,82.31685835285401,81.6581996691991,82.00689697265625,1345200,0.0,0.0
2013-12-10,81.68918898638,81.75118372745756,81.03828120212607,81.29399871826172,1690100,0.0,0.0
2013-12-11,81.48774205208095,82.27038423394704,81.34051221259766,81.65821838378906,1721200,0.0,0.0
2013-12-12,81.4567264476997,81.56521416459348,80.38737571226966,80.45711517333984,1616900,0.0,0.0
2013-12-13,80.60437636196812,80.85234309754436,80.09294728215937,80.52688598632812,1031800,0.0,0.0
2013-12-16,80.89106420371613,81.27850981515952,80.47262121682749,80.61210632324219,1505300,0.0,0.0
2013-12-17,80.41837542722668,80.58110084113255,79.44975532988612,79.62023162841797,1846000,0.0,0.0
2013-12-18,80.00767420565546,81.5032187456781,79.58923127652841,81.47222137451172,1855800,0.0,0.0
2013-12-19,80.84455869258184,81.42572701966478,80.61983854624694,80.88330078125,1619300,0.0,0.0
2013-12-20,81.10803075043222,81.83642896855197,80.72058515212076,81.50322723388672,2106500,0.0,0.0
2013-12-23,81.58848363159164,81.66596783270897,80.9220738722604,81.00730895996094,1124800,0.0,0.0
2013-12-24,81.13127219429704,81.50322216536915,80.93754940718854,81.20101165771484,403400,0.0,0.0
2013-12-26,81.20876536161481,81.46448290253471,80.90656100964632,81.35599517822266,670600,0.0,0.0
2013-12-27,81.53422436004355,81.9836585395984,81.36374805065844,81.44123840332031,698000,0.0,0.0
2013-12-30,81.44124694611438,82.11540136925095,81.32500832183996,82.08440399169922,1049600,0.0,0.0
2013-12-31,81.9294206311376,81.93716535005957,80.712833813219,80.94530487060547,1377800,0.0,0.0
2014-01-02,80.83683342722377,81.06930453143785,80.21692281501032,80.46488952636719,1494500,0.0,0.0
2014-01-03,80.82908569116753,81.30176643626422,80.55012160975399,80.86007690429688,1402000,0.0,0.0
2014-01-06,81.19326245845642,81.6039544978147,80.65858710224964,80.86780548095703,1647400,0.0,0.0
2014-01-07,80.0929250653669,81.25526187901085,79.66673120065754,80.57335662841797,1755300,0.0,0.0
2014-01-08,80.49585784604768,80.50360873050394,79.86044564123647,80.03092193603516,1933700,0.0,0.0
2014-01-09,80.20138862578123,80.66632448011227,80.0541588358068,80.3796157836914,1513700,0.0,0.0
2014-01-10,80.62759530712846,81.26300753760131,80.51136286647542,81.25525665283203,1755100,0.0,0.0
2014-01-13,80.89106348334201,81.81318452365957,80.75158454434717,81.15452575683594,1956400,0.0,0.0
2014-01-14,81.16227738262177,81.89842651099549,80.92206159676881,81.69695281982422,2056300,0.0,0.0
2014-01-15,81.72020697432914,81.89843419217162,81.13128761639598,81.65821838378906,1525800,0.0,0.0
2014-01-16,81.50322905332851,82.19288519348369,80.99955099751523,82.17738342285156,1350300,0.0,0.0
2014-01-17,82.50284169605834,82.51833730074763,81.70470398027165,81.72019958496094,2863000,0.0,0.0
2014-01-21,82.0301580384573,82.7973045747588,81.62721680523468,82.47184753417969,2058000,0.0,0.0
2014-01-22,82.40985509700856,82.77405421689566,82.07665335243757,82.14639282226562,1702800,0.0,0.0
2014-01-23,81.76668407334013,82.30911034144235,81.46447973312902,81.68919372558594,2381700,0.0,0.0
2014-01-24,83.78141741427446,85.56367093860123,82.719811252194,83.22349548339844,3493000,0.0,0.0
2014-01-27,83.55668954561246,83.83565356847878,82.80504487685275,83.2622299194336,2097600,0.0,0.0
2014-01-28,83.26223622917826,84.2850941135732,83.09951080044469,84.19210815429688,1956800,0.0,0.0
2014-01-29,83.23900134863842,83.54895664484796,82.17739505569848,82.92129516601562,2861600,0.0,0.0
2014-01-30,83.37072119785483,84.28509132202473,83.28547996055632,83.99838256835938,2396100,0.0,0.0
2014-01-31,83.11499935565472,85.05223339637779,82.55707748113842,84.7500228881836,3294300,0.0,0.0
2014-02-03,84.46332270068316,84.89726129522064,81.59621652343196,81.74344635009766,2788700,0.0,0.0
2014-02-04,82.24713938819076,82.52609730047293,81.30951646193716,81.79769897460938,2598400,0.0,0.0
2014-02-05,81.51872814343109,82.18513782231067,81.3327562173149,81.82868957519531,1839200,0.0,0.0
2014-02-06,82.19289700856801,82.41761721943806,81.79770045948251,82.40986633300781,1791400,0.0,0.0
2014-02-07,82.54934314459885,83.10726513095818,82.51834576586268,82.83605194091797,1613700,0.0,0.0
2014-02-10,82.83603803600496,83.4094616985663,82.51058719552981,83.38621520996094,1897300,0.0,0.0
2014-02-11,83.38620389685815,84.40906158907679,83.02975573120979,84.14559936523438,1778300,0.0,0.0
2014-02-12,84.20759591199413,84.32383451643565,82.98326445246998,83.65742492675781,1855400,0.0,0.0
2014-02-13,83.40945989302199,84.34708263422252,83.2467344763069,84.26959228515625,1504900,0.0,0.0
2014-02-14,84.25409896695233,85.57916742022122,83.9208972153397,85.42418670654297,1547300,0.0,0.0
2014-02-18,85.23046686399371,85.33895460057998,84.33159225896563,85.02899932861328,1619500,0.0,0.0
2014-02-19,84.79652474659596,85.23821422814339,84.20760543786606,84.2928466796875,1704200,0.0,0.0
2014-02-20,84.55630705555622,85.76514302158361,84.46332109651819,85.2149658203125,1852900,0.0,0.0
2014-02-21,85.50167347631675,86.23782258613792,85.05223929138955,85.12197875976562,1716700,0.0,0.0
2014-02-24,85.53266654943145,86.19907615736189,85.26145340860137,85.36219024658203,1912900,0.0,0.0
2014-02-25,85.44745187679092,85.81165105771112,85.14524129071344,85.23047637939453,1385300,0.0,0.0
2014-02-26,85.39320014431013,85.62566506130166,84.0991289965821,84.12237548828125,1806100,0.0,0.0
2014-02-27,84.02937789869668,84.76552081146674,83.71167177863398,84.38582611083984,1868900,0.0,0.0
2014-02-28,84.46331796944271,85.92011438357751,84.34708552494843,85.5094223022461,2044400,0.0,0.0
2014-03-03,84.98250621198028,84.98250621198028,84.1068719333994,84.49432373046875,1472500,0.0,0.0
2014-03-04,85.08322699478698,86.1603286830816,84.90500597167156,85.90461730957031,1828700,0.0,0.0
2014-03-05,84.84715116810862,85.68289101773952,84.60501564539327,84.8549575805664,1545400,0.84,0.0
2014-03-06,85.0736422735356,85.82346796494677,84.94086491369725,85.44074249267578,1770100,0.0,0.0
2014-03-07,85.84690212926219,85.90938449771818,84.58157356889453,85.09707641601562,1806800,0.0,0.0
2014-03-10,85.11271946638138,85.65165409127484,84.9799358596161,85.26892852783203,1218000,0.0,0.0
2014-03-11,85.21425070976008,85.48762431054702,84.90963281352124,85.1751937866211,1334700,0.0,0.0
2014-03-12,84.87839418981508,85.85473031937963,84.61283319896991,85.7219467163086,2252900,0.0,0.0
2014-03-13,85.89375809512492,86.58890779181233,85.12831340921551,85.1986083984375,2102600,0.0,0.0
2014-03-14,84.81592470850629,85.80788003004491,84.75343610392387,85.65166473388672,1682600,0.0,0.0
2014-03-17,85.9484510704543,86.87010495430256,85.76099151343858,86.7373275756836,1504700,0.0,0.0
2014-03-18,86.80760651665892,86.83885080626311,86.11245681091407,86.54204559326172,1375800,0.0,0.0
2014-03-19,86.495206227446,87.13568015763177,85.53449533216737,85.80786895751953,1460300,0.0,0.0
2014-03-20,85.8078424018819,86.22961232901979,85.40949792206767,85.73754119873047,1421700,0.0,0.0
2014-03-21,86.27649817874658,87.25282799791349,86.0031245863206,86.04217529296875,2408500,0.0,0.0
2014-03-24,86.31555040293381,87.15910286209068,86.20619847792234,86.43270874023438,1662900,0.0,0.0
2014-03-25,86.41711049233304,86.93261351578205,86.08906085366624,86.35462188720703,2073900,0.0,0.0
2014-03-26,86.38585470061587,86.93260195391153,86.21402038231983,86.41709899902344,1987800,0.0,0.0
2014-03-27,86.59675218599807,86.85450680816452,85.62823473373136,85.63604736328125,2156000,0.0,0.0
2014-03-28,86.26867486106156,86.26867486106156,85.44074155893122,85.77660369873047,1907100,0.0,0.0
2014-03-31,86.19839279245552,86.28430683543489,85.58915700276272,86.11247253417969,2109700,0.0,0.0
2014-04-01,85.74538739403489,86.02657367083974,84.79248904898647,85.60479736328125,2113600,0.0,0.0
2014-04-02,86.05780196976586,86.22182986895588,85.21425566587554,85.52667999267578,2011300,0.0,0.0
2014-04-03,85.87816198871018,86.19839894642558,85.565731443907,85.7219467163086,1610800,0.0,0.0
2014-04-04,86.04215902806962,86.78417203648924,85.59695122301784,85.73754119873047,1863600,0.0,0.0
2014-04-07,85.74538870160369,86.854502352379,85.55012269525784,86.00314331054688,2241300,0.0,0.0
2014-04-08,85.87815131205772,86.65140251912956,85.76879939191222,86.49519348144531,1898100,0.0,0.0
2014-04-09,86.70610297618637,87.42468464150171,86.47959265995793,86.87793731689453,2358700,0.0,0.0
2014-04-10,86.93259951737066,88.08076374487325,86.75295257568361,86.7529525756836,2635100,0.0,0.0
2014-04-11,86.65922592012429,87.19034790181462,85.66727074943834,85.7219467163086,2176300,0.0,0.0
2014-04-14,86.04217951054811,86.38584812096437,85.82348186894654,86.19839477539062,1672100,0.0,0.0
2014-04-15,86.48739941588472,86.66704637383788,86.02657240057617,86.34680938720703,2250300,0.0,0.0
2014-04-16,86.87011064733043,87.90892915312862,86.7841965985109,87.7995834350586,1944800,0.0,0.0
2014-04-17,87.54964939048217,88.33071338974523,87.32313909041261,87.90113067626953,3012800,0.0,0.0
2014-04-21,85.15957261663527,87.86987067365672,85.13614094945653,86.65140533447266,2935200,0.0,0.0
2014-04-22,86.87791761174869,86.92478094719456,84.37069808891208,84.6675033569336,4678600,0.0,0.0
2014-04-23,84.77684623225772,85.15957174599292,84.417558600758,84.90962982177734,2451000,0.0,0.0
2014-04-24,84.98774972460632,85.58136032652817,84.8002901467221,85.15958404541016,1952300,0.0,0.0
2014-04-25,85.18300313846626,85.52667172933128,84.9564928819197,85.32359313964844,1910700,0.0,0.0
2014-04-28,85.65947788834502,87.08101596008541,85.53450689371202,86.87793731689453,2943400,0.0,0.0
2014-04-29,86.78418731689453,87.59649545619651,86.64359731642772,86.78418731689453,1941600,0.0,0.0
2014-04-30,86.7842207311044,87.86209024695057,86.72173211886191,87.67463684082031,2106400,0.0,0.0
2014-05-01,87.33095794935143,87.557462050282,86.38586596780763,86.87793731689453,1818600,0.0,0.0
2014-05-02,86.69828616256594,87.08882438650737,86.49521374447349,86.72171783447266,1322500,0.0,0.0
2014-05-05,86.24525780004922,86.48738710897231,86.03436657174443,86.09685516357422,1253200,0.0,0.0
2014-05-06,86.09686162435293,86.4483428877053,85.76099940248179,85.80786895751953,1546200,0.0,0.0
2014-05-07,86.19839090377096,86.9560230951644,86.00312493913653,86.65921783447266,1694400,0.0,0.0
2014-05-08,86.4092750222315,86.81543220229699,86.30773572721513,86.47176361083984,1316500,0.0,0.0
2014-05-09,86.47957834457434,86.75295196162507,86.40928333709789,86.54987335205078,1338000,0.0,0.0
2014-05-12,86.69828161731606,86.80763355734629,85.92503026963499,86.07343292236328,1523500,0.0,0.0
2014-05-13,86.3780347203171,86.96383885058711,86.21401304440757,86.9169692993164,1237700,0.0,0.0
2014-05-14,86.83886103352316,87.29968794445256,86.60453815683795,86.7138900756836,919500,0.0,0.0
2014-05-15,86.58892014711509,87.00288373068739,86.31554656204747,86.49519348144531,1252700,0.0,0.0
2014-05-16,86.13589530542154,86.94039698093549,86.01092435238915,86.74512481689453,1275500,0.0,0.0
2014-05-19,85.88596255819921,86.14371711859529,85.30797727717217,85.6985092163086,2122800,0.0,0.0
2014-05-20,85.58915877421629,86.2843086212761,85.55010806574406,85.57353973388672,1385700,0.0,0.0
2014-05-21,85.70632674790117,86.06561441218128,85.40170883460293,85.93283081054688,1129100,0.0,0.0
2014-05-22,85.84691873614318,86.20620640868397,85.69070346184007,86.01875305175781,927200,0.0,0.0
2014-05-23,85.99531735664587,86.54206457581621,85.9406413916695,86.48738861083984,873100,0.0,0.0
2014-05-27,86.62018913604571,86.71391582843682,86.29213949737893,86.35462188720703,1302100,0.0,0.0
2014-05-28,86.52644261309824,86.63579454721287,86.11247897664428,86.3389892578125,1053500,0.0,0.0
2014-05-29,86.62797071468435,86.96383288652744,86.37022238450314,86.9013442993164,1036700,0.0,0.0
2014-05-30,86.7529332299658,87.86985912616136,86.7529332299658,87.75270080566406,1618800,0.0,0.0
2014-06-02,87.7449029407103,87.76833460875172,87.3387457409303,87.54182434082031,959100,0.0,0.0
2014-06-03,87.40903603521988,87.65897795772516,86.74513052275732,86.77637481689453,1246300,0.0,0.0
2014-06-04,86.88353477672979,87.74166062272506,86.60798828597758,87.67080688476562,1629100,0.84,0.0
2014-06-05,87.71804644772041,87.82826755459713,87.12759234153441,87.46611785888672,1287500,0.0,0.0
2014-06-06,87.63144220707197,88.15104252892309,87.40313155094844,87.906982421875,1178500,0.0,0.0
2014-06-09,87.82039476327546,88.37148778040313,87.52123034053179,88.15892028808594,1157100,0.0,0.0
2014-06-10,87.90702002189822,88.22193399870919,87.62360496040924,87.80467987060547,1000400,0.0,0.0
2014-06-11,87.61568734096367,87.83612325800064,87.2377945126013,87.45823669433594,847700,0.0,0.0
2014-06-12,87.19845902663872,87.31654861246595,86.33245828940653,86.70247650146484,1236700,0.0,0.0
2014-06-13,86.73397429294587,87.38740754976602,86.47417092400903,87.11973571777344,1073700,0.0,0.0
2014-06-16,86.907182143072,87.70232924637475,86.69461459245419,87.34017944335938,1121600,0.0,0.0
2014-06-17,87.26142509737203,87.71017172160106,86.90715639247956,87.46611785888672,1022500,0.0,0.0
2014-06-18,87.35590760733345,88.19041562008788,87.05674317545942,88.18254089355469,1262900,0.0,0.0
2014-06-19,88.14318403633278,89.12727431242998,88.0408376452668,89.04854583740234,1468100,0.0,0.0
2014-06-20,89.69412377362723,89.69412377362723,88.3163971841577,88.69429016113281,2596900,0.0,0.0
2014-06-23,88.74936249982963,88.74936249982963,87.92272934974574,88.10379791259766,1045800,0.0,0.0
2014-06-24,87.84403109481003,88.08808501406948,87.5527413372875,87.8519058227539,1060900,0.0,0.0
2014-06-25,87.71018474676896,87.90700281139223,87.4267697407672,87.70231628417969,1080700,0.0,0.0
2014-06-26,87.59208470738821,87.59208470738821,86.79693781650194,87.26930236816406,1136100,0.0,0.0
2014-06-27,87.26931010743893,87.88338219964761,86.91503509609957,87.67869567871094,1298700,0.0,0.0
2014-06-30,87.80465278752631,88.26126788953948,87.39526724982608,87.56059265136719,1254500,0.0,0.0
2014-07-01,87.25354995122692,88.03294730697722,86.94651083247794,87.79676818847656,1197300,0.0,0.0
2014-07-02,87.84400864086126,88.11168041083224,87.58420533212283,87.7337875366211,950500,0.0,0.0
2014-07-03,87.48974601996828,88.22191395856659,87.48974601996828,88.0802001953125,896300,0.0,0.0
2014-07-07,88.0723355934366,88.37150005774281,87.89913544382246,88.28489685058594,837300,0.0,0.0
2014-07-08,88.15106834879047,88.7493910417237,87.92275762579365,88.5604476928711,1172700,0.0,0.0
2014-07-09,88.5683138432558,89.13515009961834,88.5683138432558,89.00918579101562,1110000,0.0,0.0
2014-07-10,88.53681615308065,89.00918071723986,88.50532351155032,88.81236267089844,955800,0.0,0.0
2014-07-11,88.71790014550274,88.78875389771696,88.47384624408721,88.65491485595703,841000,0.0,0.0
2014-07-14,89.01705902005985,89.52090998129269,88.93045581854689,88.97769165039062,1278500,0.0,0.0
2014-07-15,89.2847359895359,89.72560795539283,89.056425279278,89.58390045166016,1684200,0.0,0.0
2014-07-16,89.82794264787132,90.10348915680484,89.36345282524566,89.93816375732422,1495100,0.0,0.0
2014-07-17,89.544523542854,89.764965767004,88.65490497855872,88.70214080810547,1360100,0.0,0.0
2014-07-18,89.00919458407927,89.2060126610832,88.45023299950407,89.19026947021484,1432300,0.0,0.0
2014-07-21,88.97767786400769,89.08789896436463,88.20614895560374,88.41871643066406,2419700,0.0,0.0
2014-07-22,87.31653687855842,87.54484755694287,85.64752091728988,85.68688201904297,4394000,0.0,0.0
2014-07-23,86.17500454675415,86.63950070950266,85.86797161214893,86.20649719238281,2444100,0.0,0.0
2014-07-24,86.2773674127629,86.56865721249702,86.14353460652336,86.19863891601562,2126700,0.0,0.0
2014-07-25,86.15926678437977,86.30097430158676,85.4113555579537,85.4428482055664,1542000,0.0,0.0
2014-07-28,85.31687389506438,85.61603835062317,84.85238402211233,85.26963806152344,1165000,0.0,0.0
2014-07-29,85.26176995594467,85.30900579315401,84.30129749152155,84.30916595458984,1732800,0.0,0.0
2014-07-30,84.53746277457714,84.67130180112576,83.00227952364934,83.52975463867188,2641700,0.0,0.0
2014-07-31,82.54568383325966,83.97852103585357,81.75840520643524,81.77415466308594,2242200,0.0,0.0
2014-08-01,81.54583630698234,83.09676296608701,81.4828510156635,82.58503723144531,2809300,0.0,0.0
2014-08-04,82.90780339422528,82.98653186061466,82.33309248075126,82.84481811523438,2279700,0.0,0.0
2014-08-05,82.44331434357704,82.86056832810328,82.02605409435222,82.36458587646484,1459900,0.0,0.0
2014-08-06,82.22289011046146,84.072981160075,82.15203009467459,84.01000213623047,2733500,0.0,0.0
2014-08-07,84.12024112600743,84.41153094116322,83.38807922336699,83.59276580810547,1600500,0.0,0.0
2014-08-08,83.69508858255706,84.49023556712045,83.2699598095064,84.48236083984375,1445900,0.0,0.0
2014-08-11,85.08068340339558,85.42708367189684,84.47448606586788,85.07281494140625,1431100,0.0,0.0
2014-08-12,84.93111170786604,85.02558964573548,84.46662180498214,84.72642517089844,1082500,0.0,0.0
2014-08-13,85.11216390124686,85.49793148344776,84.78150686860297,84.97832489013672,1146800,0.0,0.0
2014-08-14,84.82875732474065,85.21451868029463,84.81300787205763,85.08855438232422,964400,0.0,0.0
2014-08-15,85.39559805307118,85.41134124188869,84.482355278275,84.80513763427734,1268200,0.0,0.0
2014-08-18,85.2696371224875,85.6711479678631,85.12005489635538,85.52943420410156,1345100,0.0,0.0
2014-08-19,85.71052351201548,85.75775935299325,85.17517980446726,85.38774108886719,910600,0.0,0.0
2014-08-20,85.14366104317507,85.54517183304851,85.0570578514756,85.47431182861328,871100,0.0,0.0
2014-08-21,85.62390224432932,86.20648793474724,85.53730530902476,85.95455932617188,1086900,0.0,0.0
2014-08-22,86.06479369844938,86.17500856624083,85.59242905078587,85.63179016113281,880700,0.0,0.0
2014-08-25,85.99392938560625,86.33245494007747,85.66327229341859,85.97817993164062,1071200,0.0,0.0
2014-08-26,85.9703125468284,86.27735174898915,85.12006122454446,85.1279296875,1388800,0.0,0.0
2014-08-27,85.02557578487126,85.74986267089845,85.02557578487126,85.74986267089844,1769000,0.0,0.0
2014-08-28,85.62391103645452,85.62391103645452,85.05707474130497,85.13580322265625,1124600,0.0,0.0
2014-08-29,85.41135040662198,85.41135040662198,85.01771426165455,85.02558898925781,1418500,0.0,0.0
2014-09-02,85.15942177031488,85.46646097044535,84.66343922530395,85.02558898925781,1886500,0.0,0.0
2014-09-03,85.49080220951289,85.67335171654436,85.3003072546094,85.36380767822266,1344600,0.84,0.0
2014-09-04,85.44316934166302,86.03051344882759,85.18918031091354,85.3558578491211,1447300,0.0,0.0
2014-09-05,85.43523451350174,85.63366226953028,85.15743439187462,85.32411193847656,1801800,0.0,0.0
2014-09-08,85.08600126067358,85.48285677321135,84.72882877301527,84.91138458251953,1245900,0.0,0.0
2014-09-09,84.9113880989616,85.07806565266806,84.34784870034628,84.8082046508789,2064000,0.0,0.0
2014-09-10,84.97488553913927,85.00663575116513,84.4589745944167,84.83995819091797,1548700,0.0,0.0
2014-09-11,84.84788950328665,85.03838445612949,84.53040633646357,84.97488403320312,1484800,0.0,0.0
2014-09-12,84.97487526380145,84.97487526380145,83.77636964309858,84.1494140625,1277500,0.0,0.0
2014-09-15,84.14940637080221,84.58595116667426,84.00653992092482,84.44308471679688,1664500,0.0,0.0
2014-09-16,85.2368103906316,85.2368103906316,84.2684826473006,84.8082046508789,1705000,0.0,0.0
2014-09-17,84.91931545858516,85.2288594439862,84.6097651572489,84.70500946044922,1428100,0.0,0.0
2014-09-18,84.84787591524969,84.93518740380681,84.5224536686918,84.70500946044922,1038300,0.0,0.0
2014-09-19,84.99868467054743,85.08599616236071,84.68914067360235,84.87169647216797,1896100,0.0,0.0
2014-09-22,84.94314209210084,85.78447534571123,84.9272638280358,85.45905303955078,1899900,0.0,0.0
2014-09-23,85.3558564221371,85.46697898970805,84.50658416748047,84.50658416748047,1399100,0.0,0.0
2014-09-24,84.50657710093212,86.48292154797292,84.49863797078797,86.40354919433594,2372700,0.0,0.0
2014-09-25,85.84794254914165,85.91937576198238,85.02248156309221,85.08597564697266,1685200,0.0,0.0
2014-09-26,84.9589928732467,85.75270376878679,84.82405924199357,85.60189819335938,1255600,0.0,0.0
2014-09-29,85.13361763534239,85.73683999453345,84.99075117635569,85.64952850341797,1201200,0.0,0.0
2014-09-30,85.6495225134724,85.68921184881663,85.09392866206807,85.3796615600586,1530900,0.0,0.0
2014-10-01,84.95105961425425,85.55428195765322,84.63357649728357,84.72882080078125,1632200,0.0,0.0
2014-10-02,84.92724142526976,85.58602499584414,84.66531961258849,84.77643585205078,1472800,0.0,0.0
2014-10-03,85.26855704751175,85.75271774102991,84.97487866292578,85.48285675048828,1761000,0.0,0.0
2014-10-06,85.49078689043489,85.72096483189891,84.27640308681525,84.79232025146484,1907000,0.0,0.0
2014-10-07,84.54627622399778,85.64159840956748,84.40340344453628,84.9034423828125,1713500,0.0,0.0
2014-10-08,85.12567276198014,86.71310091317481,85.00661738752267,86.68135070800781,2227300,0.0,0.0
2014-10-09,86.57024640096127,87.14171859309221,85.79240732069151,86.07814025878906,1685800,0.0,0.0
2014-10-10,86.22100821166215,86.88772467912729,86.06226348876953,86.06226348876953,1474300,0.0,0.0
2014-10-13,86.0225756320413,86.1495638240968,84.57008107859565,84.6097640991211,1735900,0.0,0.0
2014-10-14,84.8082177999176,84.94315147970094,84.10181181717246,84.458984375,1782900,0.0,0.0
2014-10-15,84.00655455441179,85.21299940602599,82.73661559710344,83.6652603149414,2833200,0.0,0.0
2014-10-16,82.68898728715513,83.98273722734156,82.4508701976606,83.37158203125,1955100,0.0,0.0
2014-10-17,84.07002860891605,84.48275595632354,83.1651952539909,84.33988952636719,2464100,0.0,0.0
2014-10-20,84.30020638009212,85.7765118790701,84.23671228965422,85.75270080566406,1723200,0.0,0.0
2014-10-21,86.5940623749493,88.37991228683407,85.45111161013196,88.28466796875,2134900,0.0,0.0
2014-10-22,88.657699966508,90.0784443541072,88.53070545492986,89.41172790527344,2379500,0.0,0.0
2014-10-23,89.80064963756462,89.80064963756462,88.32434387842008,88.90375518798828,1841200,0.0,0.0
2014-10-24,89.4196646915541,90.03875897180644,89.18154762011234,89.7688980102539,1273100,0.0,0.0
2014-10-27,89.7689178935404,90.34039014926915,89.72129573189105,89.91972351074219,1132300,0.0,0.0
2014-10-28,90.22130638115425,90.37211195094542,89.59427302865066,90.26892852783203,1408300,0.0,0.0
2014-10-29,90.38799063652804,90.49911319768785,89.41172392494501,90.03875732421875,1292600,0.0,0.0
2014-10-30,89.33236070311261,90.41975008703649,89.33236070311261,90.18163299560547,1155700,0.0,0.0
2014-10-31,90.46738517820394,91.13410176086138,90.29276847922675,90.69756317138672,1923300,0.0,0.0
2014-11-03,90.59905908384542,92.20506877568461,90.29275517347482,92.18851470947266,2298700,0.0,1.043
2014-11-04,91.99810952399291,93.80280593175542,91.99810952399291,93.67863464355469,3057400,0.0,0.0
2014-11-05,94.49820943925093,94.49820943925093,92.20508249761625,92.95014190673828,2539800,0.0,0.0
2014-11-06,93.28954647101014,93.86903352769522,92.92529385484511,93.58757019042969,1808100,0.0,0.0
2014-11-07,93.28954832476741,93.76969204587519,92.90046144357508,93.74485778808594,2038200,0.0,0.0
2014-11-10,93.57101352682251,94.31607285498028,93.25643572868277,94.30779266357422,1327400,0.0,0.0
2014-11-11,94.200154940724,94.28293788896421,93.58755354462556,93.85246276855469,1308600,0.0,0.0
2014-11-12,93.52962405943772,94.1173913233798,93.21503994920435,93.86075592041016,1401000,0.0,0.0
2014-11-13,94.12568758536942,94.7548496395391,93.60414909595457,94.43199157714844,2142400,0.0,0.0
2014-11-14,94.44852786258971,94.57270547457286,93.16537604792579,93.25643920898438,1641600,0.0,0.0
2014-11-17,93.25644715493792,94.37403312613915,93.25644715493792,94.08428955078125,1766200,0.0,0.0
2014-11-18,94.22501878894806,94.22501878894806,93.59585681602624,94.04289245605469,1454300,0.0,0.0
2014-11-19,93.81938206580062,94.37403496600416,93.41373473645501,94.2415771484375,1227300,0.0,0.0
2014-11-20,93.69520417024648,93.9269990343824,93.22333424941657,93.32267761230469,1903700,0.0,0.0
2014-11-21,94.2498507456315,94.43197707407269,93.71175195231052,94.0511703491211,1885100,0.0,0.0
2014-11-24,94.21672502120339,94.21672502120339,93.30609980388314,93.56272888183594,1903200,0.0,0.0
2014-11-25,93.7531531570173,94.42370348962348,93.57102681583133,94.2415771484375,1592900,0.0,0.0
2014-11-26,94.08428362161632,94.531319245112,93.6951967095403,94.50648498535156,1299500,0.0,0.0
2014-11-28,94.9203979200657,96.67541949415389,94.87072308891968,96.51812744140625,1328800,0.0,0.0
2014-12-01,95.70683737920173,96.62574272774317,95.67372293324391,95.95519256591797,1564900,0.0,0.0
2014-12-02,95.78964400259345,96.51814304584924,95.36744260723768,96.21184539794922,1720400,0.0,0.0
2014-12-03,95.95333218465876,96.05339878269817,94.93601070463548,95.6447982788086,2856300,0.84,0.0
2014-12-04,95.89496560481162,96.17014398949435,95.1027923467563,95.56141662597656,1726200,0.0,0.0
2014-12-05,95.46133344083542,95.64477929128039,94.81091022557816,95.09442901611328,2018800,0.0,0.0
2014-12-08,95.11111159703592,95.7448539216039,94.90264431307824,95.16114807128906,1936800,0.0,0.0
2014-12-09,94.31895614546572,95.16116591188694,94.25224507523244,94.8109359741211,1691800,0.0,0.0
2014-12-10,94.95268501655049,95.48636077829886,94.28558713340655,94.36897277832031,1482900,0.0,0.0
2014-12-11,94.47736768883013,95.66980070726098,94.34394558459805,95.09442901611328,1415300,0.0,0.0
2014-12-12,94.35230009128298,95.48636269828057,93.9353654964138,93.96038055419922,1679500,0.0,0.0
2014-12-15,93.93537450732632,94.97771109448725,93.3349876152148,93.68521118164062,1722400,0.0,0.0
2014-12-16,93.57678625038554,95.29455446567655,93.276592882016,93.72688293457031,1812100,0.0,0.0
2014-12-17,94.11048196488791,95.25288510219774,93.61016169843069,94.94435119628906,1863800,0.0,0.0
2014-12-18,95.77823150752421,96.23686218261719,95.01107325274877,96.23686218261719,2320800,0.0,0.0
2014-12-19,96.59539794921876,97.03735393662961,95.76986928344812,96.59539794921875,3060600,0.0,0.0
2014-12-22,96.82888533510835,97.31252459379957,96.33689924189243,97.10405731201172,1509700,0.0,0.0
2014-12-23,97.53769590162783,98.87188554840257,97.26251749769108,98.3799057006836,2016700,0.0,0.0
2014-12-24,98.78015240750429,98.95526418979338,98.2047805786133,98.20478057861328,999200,0.0,0.0
2014-12-26,98.24647158010502,99.0886812765066,98.24647158010502,98.63005065917969,990300,0.0,0.0
2014-12-29,98.39656063991285,98.60502792940419,97.70444771194157,97.92959594726562,1366800,0.0,0.0
2014-12-30,97.5627002634823,98.47161467375508,97.5627002634823,97.85455322265625,1357100,0.0,0.0
2014-12-31,97.57104952091595,97.92961357787125,96.19516389018432,96.34526062011719,1486100,0.0,0.0
2015-01-02,96.10343621516014,96.70382312525716,95.894968891483,96.35359954833984,1280300,0.0,0.0
2015-01-05,96.64543994497366,97.21247124601948,95.68648910853955,95.80323028564453,1605200,0.0,0.0
2015-01-06,95.80323512280044,96.29522127565525,94.71086846962802,94.87763977050781,1755200,0.0,0.0
2015-01-07,95.64477763950443,95.76151879773334,94.77755942463703,95.536376953125,1449400,0.0,0.0
2015-01-08,95.95331703293346,97.5543441772461,95.95331703293346,97.5543441772461,2103900,0.0,0.0
2015-01-09,97.57104232965305,97.72113904852337,96.328572571592,96.67880249023438,1220000,0.0,0.0
2015-01-12,96.81222191244704,97.1207558356262,96.0117081689225,96.5287094116211,1180700,0.0,0.0
2015-01-13,97.0456891538121,97.89623924744426,96.2618564807966,96.7955322265625,1295200,0.0,0.0
2015-01-14,96.4202895598062,96.92895026099823,95.81990910314121,96.92061614990234,1427400,0.0,0.0
2015-01-15,97.23748414330194,97.51266249547145,96.63709732472007,96.92061614990234,1094800,0.0,0.0
2015-01-16,97.06237693157381,98.22979509332895,96.64544232822678,98.1047134399414,1308000,0.0,0.0
2015-01-20,98.36321031263591,98.38822537079125,97.08739145137699,98.00464630126953,1688800,0.0,0.0
2015-01-21,97.67109318802673,98.18809436157947,96.77885343429202,98.05467224121094,1526000,0.0,0.0
2015-01-22,98.39656575940911,99.23877543411034,97.69611868399456,99.21376037597656,1851700,0.0,0.0
2015-01-23,94.6441582789453,95.88662165915581,92.69290732057108,93.10150146484375,5315300,0.0,0.0
2015-01-26,92.69289781551034,92.71791287211656,91.20860538373502,91.60052490234375,4299600,0.0,0.0
2015-01-27,91.01681604527839,92.78461451436219,90.32470314634786,92.3176498413086,3566300,0.0,0.0
2015-01-28,92.85967259460355,93.2015556509462,91.15857870029416,91.41707611083984,2368200,0.0,0.0
2015-01-29,91.60051614135311,92.38435510360152,91.03348491881692,91.90904998779297,2693800,0.0,0.0
2015-01-30,91.15857580481381,91.72560708490627,89.98282360401309,90.0245132446289,2895400,0.0,0.0
2015-02-02,90.00782746229633,91.9340629356103,89.69095315107344,91.81732177734375,2171900,0.0,0.0
2015-02-03,92.12588204109932,92.12588204109932,90.97513834823948,91.86737823486328,1823300,0.0,0.0
2015-02-04,92.18425092510066,92.50945943349984,91.40875224462928,91.60887908935547,1764500,0.0,0.0
2015-02-05,91.81734585404136,92.28431060955683,91.60887853648372,91.74229431152344,2018800,0.0,0.0
2015-02-06,91.58385045309885,91.62554009353154,90.49147753832777,90.93343353271484,1605700,0.0,0.0
2015-02-09,90.67494222700111,90.8417198973949,89.79104284062569,90.2413330078125,2009100,0.0,0.0
2015-02-10,90.74998683248714,91.25864755495178,90.20797057849333,91.0751953125,1349600,0.0,0.0
2015-02-11,91.42541921453169,91.59219051092406,90.44979377061037,91.14190673828125,1366000,0.0,0.0
2015-02-12,91.11690820031653,92.10087436473637,90.95847733753213,91.875732421875,1369100,0.0,0.0
2015-02-13,91.73395005486663,92.62618982086697,91.58385334834709,92.55947875976562,1664100,0.0,0.0
2015-02-17,92.39272421049992,93.12652692982894,91.82569281222628,92.78463745117188,1537100,0.0,0.0
2015-02-18,92.72626146562256,93.25993729629728,92.4260680156283,93.14319610595703,862800,0.0,0.0
2015-02-19,93.01810586121597,93.01810586121597,92.00078448431272,92.27596282958984,1059600,0.0,0.0
2015-02-20,92.02578763715523,92.55112284134509,91.23361459500792,92.52610778808594,1460600,0.0,0.0
2015-02-23,92.5594803047991,92.76794760278287,92.12587112423633,92.55113983154297,1832200,0.0,0.0
2015-02-24,92.35936859756907,92.54282086772923,91.72562612662983,92.05083465576172,1550200,0.0,0.0
2015-02-25,92.02580296803401,92.32599638098581,91.64222390968824,91.8590316772461,1187200,0.0,0.0
2015-02-26,92.02581235397153,92.20926460969916,91.46712147474112,91.65057373046875,1357700,0.0,0.0
2015-02-27,91.42540432204095,91.89236896540835,91.09185542167161,91.44208526611328,1439400,0.0,0.0
2015-03-02,91.35871851732254,92.15089816986465,91.35871851732254,92.06751251220703,1272800,0.0,0.0
2015-03-03,92.01747377034238,92.0424888308341,91.12523389527023,91.94242858886719,1398400,0.0,0.0
2015-03-04,92.10212819665341,92.4383606682968,90.89169386397761,91.09343719482422,1748500,0.88,0.0
2015-03-05,91.463291292121,91.59778685212167,90.92532187832082,91.1690902709961,1275300,0.0,0.0
2015-03-06,90.84125739438667,90.84125739438667,89.57198291385797,89.79053497314453,2022700,0.0,0.0
2015-03-09,89.69809439326167,90.22765632362817,89.68968681602026,89.95867156982422,1310000,0.0,0.0
2015-03-10,89.29460952708298,89.62243445520095,88.03374244567493,88.0673599243164,2095000,0.0,0.0
2015-03-11,88.21025334312758,88.42039783352908,87.14271574055144,87.54619598388672,1688400,0.0,0.0
2015-03-12,87.9496584687329,88.8827003988025,87.86560196603567,88.8406753540039,1320200,0.0,0.0
2015-03-13,88.58012640801661,89.02563823096763,87.99172424653801,88.92476654052734,1405500,0.0,0.0
2015-03-16,89.06761968299747,89.73167689044719,88.95834688168274,89.46269226074219,1789600,0.0,0.0
2015-03-17,88.63895231493758,88.8238805110067,87.9328698351481,88.4876480102539,2852400,0.0,0.0
2015-03-18,88.81546863098507,90.38734528169752,88.00850816131037,89.98387145996094,2058500,0.0,0.0
2015-03-19,89.79894485835322,90.48821852789632,89.68126445719471,89.73169708251953,2233400,0.0,0.0
2015-03-20,89.9922722774208,91.55574776014082,89.7485039050504,91.18589782714844,3863800,0.0,0.0
2015-03-23,91.26996746482155,92.28706614975357,91.13547189668094,91.6146011352539,1768600,0.0,0.0
2015-03-24,92.39634769220626,92.59809106342014,91.17751195335822,91.20272827148438,1626600,0.0,0.0
2015-03-25,91.58095035935071,91.7070383141936,90.32008363712137,90.3284912109375,1597100,0.0,0.0
2015-03-26,90.05952823406136,90.4125694620795,89.34503820218616,89.37025451660156,1705500,0.0,0.0
2015-03-27,89.23576423929924,89.8325738542817,89.10126867998424,89.41228485107422,1203900,0.0,0.0
2015-03-30,89.7905430584897,90.95053840727857,89.42068668071589,90.56387329101562,1258400,0.0,0.0
2015-03-31,89.96705398489391,90.8412557935338,89.96705398489391,90.0343017578125,1350000,0.0,0.0
2015-04-01,89.68126098870528,89.84096643375746,88.68097120444399,89.81575012207031,1464000,0.0,0.0
2015-04-02,89.37026942497255,90.27809537397431,89.05085203392484,89.95867156982422,1556000,0.0,0.0
2015-04-06,90.18559452156214,90.92530068988742,89.82414580466573,90.3284912109375,1482100,0.0,0.0
2015-04-07,90.17719542389585,90.72357233750488,89.83256182223809,89.90821075439453,1062800,0.0,0.0
2015-04-08,89.94184416613341,90.51343745100297,89.6224268413626,90.07633972167969,1307100,0.0,0.0
2015-04-09,90.2024025449912,90.3284904988401,89.46269638249733,90.1603775024414,1159500,0.0,0.0
2015-04-10,90.29488697074201,90.42097495301299,89.63082958300929,89.82416534423828,1299300,0.0,0.0
2015-04-13,89.56359119175912,90.30329754556102,89.52155972523911,89.93344116210938,1017600,0.0,0.0
2015-04-14,89.71489001764199,90.92531793970964,89.64764224055463,90.48822021484375,1144900,0.0,0.0
2015-04-15,90.73198974732115,91.39604712500103,90.45459747314453,90.45459747314453,1251800,0.0,0.0
2015-04-16,90.54704398742335,90.92530144198102,90.00907469453698,90.51342010498047,1026600,0.0,0.0
2015-04-17,89.99226538131043,90.13516849423259,89.34502323834639,89.75690460205078,1422600,0.0,0.0
2015-04-20,89.82416443559154,90.74879894105663,89.79054054645266,90.24445343017578,2051400,0.0,0.0
2015-04-21,94.55660467666108,95.36355867829924,93.23689765110173,95.11138916015625,5008500,0.0,0.0
2015-04-22,94.9853276202571,94.9853276202571,93.2621399079231,94.01866149902344,2620700,0.0,0.0
2015-04-23,93.58993905442615,94.4389245177253,93.17805768460987,93.89254760742188,1607300,0.0,0.0
2015-04-24,93.80009347482977,94.0018368069569,93.45545983870602,93.84212493896484,1291900,0.0,0.0
2015-04-27,93.96820871969972,94.14472931759812,93.54791974953187,93.74124908447266,1577900,0.0,0.0
2015-04-28,93.8168994242183,94.54820450197592,93.53950717957572,94.08588409423828,1496200,0.0,0.0
2015-04-29,93.97662000099761,94.04386136491975,92.81661829320201,93.06879425048828,1606700,0.0,0.0
2015-04-30,92.71576369487794,93.00155716041573,91.88358678806716,92.20301055908203,1743600,0.0,0.0
2015-05-01,92.2282060097314,93.36298486498873,92.21139086079705,93.3377685546875,1232400,0.0,0.0
2015-05-04,93.44705339857435,93.94299774636933,92.79981116949739,92.83343505859375,1422400,0.0,0.0
2015-05-05,92.9511184594744,93.29575211089191,91.75749921704096,91.95923614501953,1716000,0.0,0.0
2015-05-06,92.13575698494276,92.58126230799446,91.65662777162848,92.34590148925781,1333000,0.0,0.0
2015-05-07,92.16097907393923,92.53923664016648,91.9844584488264,92.1946029663086,1524700,0.0,0.0
2015-05-08,93.01836923285815,93.5731474059255,92.85865735263957,93.06039428710938,903100,0.0,0.0
2015-05-11,92.79980438426891,93.1528455743158,92.38792299588086,92.39632415771484,818900,0.0,0.0
2015-05-12,92.1945854009841,92.51400269798359,91.66502362654009,92.25342559814453,935800,0.0,0.0
2015-05-13,93.0519742184572,93.76647058892095,92.66530914050895,92.7998046875,1481700,0.0,0.0
2015-05-14,93.30416430825514,93.9934380583326,93.10242737028412,93.82532501220703,1183000,0.0,0.0
2015-05-15,93.82534208904777,94.14475950006312,93.70766165272092,93.97664642333984,897500,0.0,0.0
2015-05-18,93.7076155832812,94.23717728640382,93.48065598687175,94.17833709716797,1003300,0.0,0.0
2015-05-19,94.14473104959947,94.6827004282634,93.6992257591216,94.51458740234375,948700,0.0,0.0
2015-05-20,94.59863249310786,94.92645734323898,94.20355987548828,94.20355987548828,1046500,0.0,0.0
2015-05-21,94.27923096147033,94.42212768142146,93.74966272043791,94.00183868408203,1065200,0.0,0.0
2015-05-22,93.8505376067677,93.92618655059434,93.48908880013721,93.5143051147461,1021800,0.0,0.0
2015-05-26,93.55634246624392,93.77488814866923,92.24503630618318,92.387939453125,1423900,0.0,0.0
2015-05-27,92.75777553411685,92.93429613410991,91.95922904656243,92.740966796875,1689000,0.0,0.0
2015-05-28,92.55605065470957,92.74097885391603,91.90040079432417,92.23663330078125,1151600,0.0,0.0
2015-05-29,92.32908819957392,92.3543109276055,91.39605248165176,91.50532531738281,1856200,0.0,0.0
2015-06-01,91.59778780203156,92.0937257551993,91.10184343576249,91.74909210205078,1344300,0.0,0.0
2015-06-02,91.69024678576827,91.75749456271714,90.95053406553262,91.09343719482422,1246700,0.0,0.0
2015-06-03,91.55104371488987,91.88155238446255,91.0256229917756,91.50867462158203,1269200,0.88,0.0
2015-06-04,90.82225183841848,91.44937665329446,90.41547481506541,90.53411865234375,1149200,0.0,0.0
2015-06-05,90.33072918419613,90.46632584398645,89.42394753506325,89.61038970947266,1403800,0.0,0.0
2015-06-08,89.40697625217217,89.61884112480764,88.58493951185005,89.39002990722656,1257000,0.0,0.0
2015-06-09,89.32223618895542,90.23749403754553,89.18663956000734,89.7035903930664,1021000,0.0,0.0
2015-06-10,90.16122849052013,90.89852068783163,89.97478633954914,90.77140045166016,1396400,0.0,0.0
2015-06-11,90.79680198934176,91.29680641061948,90.517138828234,91.01714324951172,1927100,0.0,0.0
2015-06-12,90.6866423914722,90.76291064255064,90.2544362385526,90.45782470703125,844100,0.0,0.0
2015-06-15,90.0001837063837,90.29679966231555,89.42391106848481,89.58493041992188,1270900,0.0,0.0
2015-06-16,89.91546689369616,90.6019136016294,89.4493679690741,90.59343719482422,1001400,0.0,0.0
2015-06-17,90.67817661587114,91.44936795039304,90.610378296563,91.23750305175781,1538500,0.0,0.0
2015-06-18,91.50020048867331,92.77986610543094,91.15273900066785,92.54257202148438,1613000,0.0,0.0
2015-06-19,92.19512030515952,92.50020624414269,91.89003436617635,92.21206665039062,1696600,0.0,0.0
2015-06-22,92.20362016685351,92.83921495716103,92.12734542990223,92.34768676757812,754800,0.0,0.0
2015-06-23,92.63580299476756,92.72902406417953,91.70359876625128,91.83071899414062,1014300,0.0,0.0
2015-06-24,91.8815603814937,92.11037807456101,91.58495084011298,91.7629165649414,1035200,0.0,0.0
2015-06-25,91.83919784271707,91.90698969587146,91.07648292069916,91.11038208007812,1413000,0.0,0.0
2015-06-26,91.21206213984667,91.91545506488869,91.14427029483274,91.44087982177734,1505800,0.0,0.0
2015-06-29,91.03412019259675,91.51717196706021,89.8815744735954,89.93242645263672,1015100,0.0,0.0
2015-06-30,90.6358046666149,90.94936705672464,89.63580204652865,89.8052978515625,1243800,0.0,0.0
2015-07-01,90.44087925315839,91.48325082178502,89.8646065321215,91.39850616455078,1239400,0.0,0.0
2015-07-02,91.81377453701474,92.0425922611583,90.97479130156421,91.144287109375,1159500,0.0,0.0
2015-07-06,91.00018053252295,91.71204973187285,90.89001314723379,91.1866226196289,976400,0.0,0.0
2015-07-07,91.17817263225486,93.13580864843551,90.98326055061133,93.025634765625,1513900,0.0,0.0
2015-07-08,92.46631974475022,92.99174703727503,92.27987759367356,92.39852142333984,1475100,0.0,0.0
2015-07-09,93.27987262176225,93.3646172838341,92.09342795594658,92.11885070800781,1680800,0.0,0.0
2015-07-10,92.86460967122267,93.36460765178609,92.51714818729003,92.9832534790039,900600,0.0,0.0
2015-07-13,93.50021878646857,94.02563959804746,93.17818000197455,93.94937133789062,809200,0.0,0.0
2015-07-14,94.05105635184938,94.31376672282015,93.35613983379547,94.02562713623047,1019300,0.0,0.0
2015-07-15,93.90700193424344,94.43242924590571,93.55107043228062,94.23751068115234,874500,0.0,0.0
2015-07-16,94.69513102813086,95.32225576838852,94.41547428245212,94.9408950805664,1042300,0.0,0.0
2015-07-17,94.59345329888224,95.31379274510535,94.3731119682431,95.25447082519531,1800400,0.0,0.0
2015-07-20,95.19513107581213,95.76292741226399,94.99173613226864,95.71208190917969,1060400,0.0,0.0
2015-07-21,95.63582789810017,95.6782034702486,94.71209990882623,95.33074188232422,2033300,0.0,0.0
2015-07-22,95.34767014969981,96.11038499277502,94.69512271400099,95.08495330810547,2196100,0.0,0.0
2015-07-23,95.37308172202108,95.37308172202108,93.66121011202479,94.60189056396484,1476300,0.0,0.0
2015-07-24,94.68663923748727,95.48324665694405,94.50019713965634,94.77985382080078,1222900,0.0,0.0
2015-07-27,94.67817697094083,95.37309350669447,94.22902446760776,95.22055053710938,1694500,0.0,0.0
2015-07-28,95.39004916559968,96.11886492859911,95.1612379216829,96.00869750976562,1270700,0.0,0.0
2015-07-29,95.83918403729075,96.52563057364773,95.75443938723252,96.1866455078125,1309300,0.0,0.0
2015-07-30,95.70360409573611,97.26292651301426,95.26292798908017,97.09343719482422,1746900,0.0,0.0
2015-07-31,97.31379025182669,97.99175407219501,97.12734809990417,97.43243408203125,2062000,0.0,0.0
2015-08-03,97.24598845138264,98.05107247977139,96.93242607385675,98.0426025390625,1220900,0.0,0.0
2015-08-04,97.84769934051518,98.51719330097067,97.74600184561909,98.30532836914062,1605600,0.0,0.0
2015-08-05,98.72905040019128,99.85617329985261,98.22905230422964,99.66973114013672,1432500,0.0,0.0
2015-08-06,99.70361477529231,99.95784875436354,98.79683333883847,98.86463165283203,1368800,0.0,0.0
2015-08-07,98.75448518222495,98.94940377264888,98.27143337577122,98.90702819824219,1354000,0.0,0.0
2015-08-10,99.39004833205823,99.55106770476571,98.90699667953862,99.0680160522461,946700,0.0,0.0
2015-08-11,98.45783333134311,98.87308662689321,98.17817017765337,98.84766387939453,1156200,0.0,0.0
2015-08-12,98.09344217100437,98.30530705690288,96.77987729219241,98.00869750976562,1599400,0.0,0.0
2015-08-13,98.22056344072736,98.56801849518413,97.8985246727491,98.11886596679688,949200,0.0,0.0
2015-08-14,98.06802604598401,98.59344686053072,97.84768473939147,98.44091033935547,994600,0.0,0.0
2015-08-17,98.0849690363914,98.5256516344951,97.6697156565503,98.50022888183594,704400,0.0,0.0
2015-08-18,97.65277031895015,98.66971922944487,97.65277031895015,98.3392105102539,878100,0.0,0.0
2015-08-19,97.96631250716896,98.3985186431272,97.36461706506373,97.77140045166016,1201000,0.0,0.0
2015-08-20,97.00869482265102,97.59344397571695,96.57648864579345,96.65276336669922,1042800,0.0,0.0
2015-08-21,96.16972276302899,96.36463485943193,94.37310599915402,94.41548156738281,2150900,0.0,0.0
2015-08-24,89.6781576319795,92.11036855103497,88.23747917102686,90.1527328491211,3547000,0.0,0.0
2015-08-25,92.44089993492601,92.75445586662937,87.44936312656985,87.58495330810547,2627500,0.0,0.0
2015-08-26,89.11885515625171,90.21207235685961,87.38156037993643,89.98326110839844,2331700,0.0,0.0
2015-08-27,90.51716144642597,91.61886155696344,89.66970181235222,91.29682922363281,2122000,0.0,0.0
2015-08-28,90.8222257247964,91.22053269210956,90.23748311365371,90.85612487792969,1610500,0.0,0.0
2015-08-31,90.59343911137034,90.72055935372164,90.02564268988588,90.27987670898438,1368900,0.0,0.0
2015-09-01,88.89852426491053,89.51716622824648,87.67818022185251,88.1612319946289,1930300,0.0,0.0
2015-09-02,89.25523085398157,89.69112435462554,88.54583695545124,89.56291961669922,1741500,0.88,0.0
2015-09-03,89.92186625111411,90.81074396274683,89.75947318703092,90.28938293457031,1149700,0.0,0.0
2015-09-04,89.08429811079498,89.35779851654151,88.16978051775837,88.47746276855469,1209100,0.0,0.0
2015-09-08,90.10137124654207,90.77657677690989,89.75949412067986,90.58000183105469,1437600,0.0,0.0
2015-09-09,91.5201641686995,91.62272274767459,88.56293892757468,88.776611328125,1251200,0.0,0.0
2015-09-10,88.38344980413659,89.37488629480191,88.0672123220572,88.59712219238281,1336000,0.0,0.0
2015-09-11,88.54583622883034,88.95609008267522,88.16977726029998,88.93045043945312,932900,0.0,0.0
2015-09-14,88.93044633354369,88.9988165387247,88.34070848360851,88.69967651367188,1011400,0.0,0.0
2015-09-15,89.93896368983987,90.66544833738938,89.10136525285984,90.28938293457031,1381500,0.0,0.0
2015-09-16,90.5116328159274,91.95605385163671,90.43470735868934,91.67401123046875,1408100,0.0,0.0
2015-09-17,91.73382132222916,93.2209791570659,91.4261325949163,92.16970825195312,1494200,0.0,0.0
2015-09-18,92.05859717599989,92.99021203996298,91.52868738507281,92.17825317382812,2907100,0.0,0.0
2015-09-21,92.69107633415118,93.22953490793547,92.31501737744809,92.9645767211914,1259600,0.0,0.0
2015-09-22,92.0244126087118,92.3833806169891,91.45177223539852,92.16970825195312,1473100,0.0,0.0
2015-09-23,92.0329613613873,92.43466645111785,91.57142827025623,92.18680572509766,1499600,0.0,0.0
2015-09-24,91.69107865743811,92.7167098596134,91.46031538638722,92.45175170898438,2118800,0.0,0.0
2015-09-25,93.1526115895828,93.97311276946184,92.63979916725387,92.91329956054688,2106500,0.0,0.0
2015-09-28,92.67399000996984,92.98167877574872,91.23811127658968,91.28939056396484,1388400,0.0,0.0
2015-09-29,91.28084765122071,92.28083287181988,91.16119163443605,92.0842514038086,1967000,0.0,0.0
2015-09-30,92.99875395192296,93.33208230495215,92.62269504023733,93.1953353881836,1649600,0.0,0.0
2015-10-01,92.5885378241484,93.04152232700302,92.28939772988261,92.93895721435547,2569500,0.0,0.0
2015-10-02,92.4688626763405,93.69106896955174,92.12698555893445,93.28081512451172,2897100,0.0,0.0
2015-10-05,94.06714151413408,95.86199500951764,93.86201782237423,95.7423324584961,2491300,0.0,0.0
2015-10-06,95.51153640481196,95.96452072430475,95.05855208531916,95.27222442626953,1117200,0.0,0.0
2015-10-07,95.41753374353486,96.23803486801737,95.07565664480967,95.75086212158203,1456200,0.0,0.0
2015-10-08,95.725213083352,97.28074753512597,95.725213083352,97.26365661621094,1035100,0.0,0.0
2015-10-09,97.43459890751969,98.20382072936326,97.23801746164067,98.05852508544922,1412600,0.0,0.0
2015-10-12,97.89613383019577,99.04141460352889,97.87903638896685,98.65680694580078,1031600,0.0,0.0
2015-10-13,98.27218799531128,98.8277308769098,98.1439832838799,98.33201599121094,986300,0.0,0.0
2015-10-14,98.39183810910923,98.63969879753252,97.74227239188824,98.04141235351562,1377600,0.0,0.0
2015-10-15,98.64825246383728,99.37473717531888,98.49440810557834,99.25508117675781,1507300,0.0,0.0
2015-10-16,99.86191823626766,100.4089255163901,99.46876184802606,100.23798370361328,1223100,0.0,0.0
2015-10-19,99.9986854315782,100.44312116436004,99.57134062204155,100.38329315185547,1372400,0.0,0.0
2015-10-20,100.16960147285457,100.39182255686875,99.5884123828842,100.18669891357422,1931300,0.0,0.0
2015-10-21,100.52002007679022,102.56272720530147,100.00720774491623,100.93026733398438,2285900,0.0,0.0
2015-10-22,101.63967761393222,103.55418686119259,100.93883245829194,103.24649810791016,2533500,0.0,0.0
2015-10-23,104.00718045911043,104.896058433708,103.10120504072898,103.62256622314453,2277500,0.0,0.0
2015-10-26,103.67382597505244,104.10971287051592,103.2293838390832,103.7080078125,1439700,0.0,0.0
2015-10-27,103.30631873475728,103.74220567013388,102.8704252786175,103.45161437988281,1167400,0.0,0.0
2015-10-28,103.83621964617846,103.84476836650788,102.16102910358067,103.29776763916016,1147000,0.0,0.0
2015-10-29,103.03282291178074,104.38322738013564,102.70803672509253,104.0755386352539,1194100,0.0,0.0
2015-10-30,104.0328003530247,104.24647271440678,102.31487274169922,102.31487274169922,2422200,0.0,0.0
2015-11-02,103.0841046841122,103.92169677147142,102.92171158684795,103.89605712890625,1678900,0.0,0.0
2015-11-03,103.2977738075467,103.77639784236607,102.57983123455426,103.44306945800781,1157500,0.0,0.0
2015-11-04,103.65675768996653,103.65675768996653,102.17814827589052,102.44309997558594,1429600,0.0,0.0
2015-11-05,102.5541832904898,102.69093672980351,101.72513349674841,102.46016693115234,1769700,0.0,0.0
2015-11-06,101.94737066568914,102.26360815344194,100.12688423264609,101.34909057617188,1424200,0.0,0.0
2015-11-09,100.84480561148223,101.34907577393763,100.36618160977241,100.87044525146484,1152200,0.0,0.0
2015-11-10,100.69095036552127,101.87896804187837,100.42599875332662,101.63965606689453,992900,0.0,0.0
2015-11-11,101.89607581189945,102.55418380983141,101.63966637226923,102.01573181152344,896000,0.0,0.0
2015-11-12,101.4516488194524,101.94737033243995,100.37474466184153,100.58841705322266,1043700,0.0,0.0
2015-11-13,100.52856517880963,101.12684512433852,99.97301578895431,100.27215576171875,1302800,0.0,0.0
2015-11-16,100.2721706411831,102.29778707864912,100.10977755154376,102.1610336303711,1612000,0.0,0.0
2015-11-17,102.29778616172035,102.69949126148232,101.54565524445938,101.86189270019531,1558200,0.0,0.0
2015-11-18,101.99862643297206,103.5285211899705,101.68239553890382,103.36613464355469,1409700,0.0,0.0
2015-11-19,103.63965212663742,104.68237437536123,103.58836632176077,103.98152923583984,1233800,0.0,0.0
2015-11-20,104.61399780020281,105.10117056227054,102.631118388886,102.75932312011719,2110900,0.0,0.0
2015-11-23,102.87896864197691,104.12681442249918,102.83623156233568,103.92168426513672,963700,0.0,0.0
2015-11-24,103.22083106003109,103.86184807954649,102.88750273154406,103.51142883300781,1088400,0.0,0.0
2015-11-25,103.51999651095961,103.87041582167372,102.78496300564103,102.96444702148438,1085000,0.0,0.0
2015-11-27,103.22085361800531,103.48581181142758,102.82769720927327,103.28923034667969,526800,0.0,0.0
2015-11-30,103.46870378044659,103.52853178172325,101.750782663461,101.83625030517578,2565600,0.0,0.0
2015-12-01,102.56275229107013,104.22085220642029,101.98156310059015,103.52854919433594,1835000,0.0,0.0
2015-12-02,103.53713220194284,104.36363769302203,102.93446743219972,103.11526489257812,1327400,0.88,0.0
2015-12-03,103.55437163151328,103.795434966581,101.17816370151972,101.80665588378906,2191300,0.0,0.0
2015-12-04,102.59009822657205,104.49278382735119,102.24571928590788,104.4325180053711,2473100,0.0,0.0
2015-12-07,104.30339241741402,105.16433662792757,104.00206325743088,105.12989807128906,1987600,0.0,0.0
2015-12-08,104.24312254363926,105.01797361675507,103.39939435991698,104.6563720703125,1452500,0.0,0.0
2015-12-09,103.8556809177876,105.69810070420843,103.17553431349474,103.55435180664062,1301700,0.0,0.0
2015-12-10,103.64905902374232,104.56165766210691,103.11527132043507,103.59740447998047,1592800,0.0,0.0
2015-12-11,102.60733387120878,103.03780598737117,102.08215736401199,102.62454986572266,1224300,0.0,0.0
2015-12-14,103.81264870260499,105.75837778077086,103.81264870260499,105.59480285644531,2286500,0.0,0.0
2015-12-15,106.05971456129672,107.68689851952809,105.74116285327113,107.13589477539062,2148600,0.0,0.0
2015-12-16,107.40277693121172,108.57366143766383,106.59348737185981,108.41007995605469,1671800,0.0,0.0
2015-12-17,108.30678505262406,108.6769913284226,107.74716999825654,108.34121704101562,2017000,0.0,0.0
2015-12-18,107.85046786895049,108.01404935494905,106.34381564712248,106.36103820800781,2676600,0.0,0.0
2015-12-21,107.02394170025337,107.61799513531427,106.69678535969523,107.54911804199219,1758100,0.0,0.0
2015-12-22,108.05711094349934,108.98692570950068,106.98953538087652,108.79752349853516,1873800,0.0,0.0
2015-12-23,108.90083309977756,110.312787670728,108.79752399668389,109.39157104492188,1353400,0.0,0.0
2015-12-24,109.39155772867315,109.66705958419128,109.02996277489605,109.23658752441406,689500,0.0,0.0
2015-12-28,109.08165140016868,110.63135392692797,108.67701305508348,110.39889526367188,1863700,0.0,0.0
2015-12-29,110.82072790601504,111.71610400835826,110.57966460396246,111.52669525146484,1564700,0.0,0.0
2015-12-30,111.50087631756112,111.82803931065591,111.12207191240981,111.43199920654297,1585400,0.0,0.0
2015-12-31,110.6313206355759,111.3028560055973,109.58957902714751,109.59819030761719,1438200,0.0,0.0
2016-01-04,108.40147404315505,108.96969372966161,107.23919426131124,108.8922119140625,2743300,0.0,0.0
2016-01-05,109.3398957867751,111.96577780117309,109.0299553992238,111.13066101074219,3237200,0.0,0.0
2016-01-06,110.06308915381108,111.69027295608305,109.85646441168441,111.07901000976562,3930200,0.0,0.0
2016-01-07,109.27103015753922,111.0015231731521,108.99552829173399,109.21937561035156,3168800,0.0,0.0
2016-01-08,109.51210226602582,109.77038815967714,107.57497776909034,107.81604766845703,2660600,0.0,0.0
2016-01-11,108.06571232449225,108.85778597490014,106.99814336326806,108.22929382324219,1929100,0.0,0.0
2016-01-12,108.75447047605502,109.48627172828604,107.83326044992077,108.59088897705078,1586200,0.0,0.0
2016-01-13,109.01275942146384,109.79621524548061,107.94518386013543,108.0140609741211,1925500,0.0,0.0
2016-01-14,108.41869869917822,110.0544939224216,108.09154228192263,109.52070617675781,2384600,0.0,0.0
2016-01-15,107.97101309335932,108.72864160939785,107.01536452518918,107.92796325683594,3039500,0.0,0.0
2016-01-19,108.60810710009058,109.65846002627096,107.66106983776623,108.37564849853516,2618000,0.0,0.0
2016-01-20,107.0756309085689,107.52331899570456,104.78551621813328,106.49018859863281,2929600,0.0,0.0
2016-01-21,106.74845328319273,107.91072646272318,105.90473177386684,107.57495880126953,2244700,0.0,0.0
2016-01-22,108.29816052011498,109.580965406439,107.26502364573777,109.09883880615234,2373100,0.0,0.0
2016-01-25,106.08554130087852,108.082931505432,104.60471628279042,105.62924194335938,5126300,0.0,0.0
2016-01-26,105.6981189488979,108.90944377810014,105.51732145100203,107.52332305908203,2220000,0.0,0.0
2016-01-27,107.47165160135715,108.69419062441987,106.58488024563586,106.92925262451172,2468300,0.0,0.0
2016-01-28,107.30807397951556,109.15910514065857,106.49878440941528,108.71141052246094,1506100,0.0,0.0
2016-01-29,109.31408019930244,111.34590892664049,108.34982038291878,110.56244659423828,3453200,0.0,0.0
2016-02-01,109.66705986946924,111.53531360580888,109.66705986946924,111.07039642333984,2001500,0.0,0.0
2016-02-02,110.58825961924326,111.26841276944103,109.58095666606765,110.20944213867188,2067600,0.0,0.0
2016-02-03,111.20815685490861,112.6803771657734,110.07171081332513,112.24128723144531,2470400,0.0,0.0
2016-02-04,111.56113514861599,112.13796610415561,110.26111432078467,110.84654998779297,2591400,0.0,0.0
2016-02-05,110.84653800035302,111.57834564193652,110.36441147096454,111.19091033935547,1832100,0.0,0.0
2016-02-08,110.08032367158812,111.77638476163371,109.09884782926943,111.43199920654297,2007800,0.0,0.0
2016-02-09,110.48498205232505,113.29165570181678,109.89092839170722,112.60289764404297,2391400,0.0,0.0
2016-02-10,112.87840155921577,114.0148411421837,111.60420774286789,111.88832092285156,1508400,0.0,0.0
2016-02-11,110.15780444849928,110.44191760238762,107.31669261506417,108.84056091308594,2486600,0.0,0.0
2016-02-12,109.46904777939429,111.41478335834506,108.76307385336543,110.74324798583984,2123900,0.0,0.0
2016-02-16,111.85386891461349,111.87109147696812,109.68429242022133,110.8121337890625,1715800,0.0,0.0
2016-02-17,110.92404002166742,113.01614111642643,110.85516291392175,112.35321044921875,1756000,0.0,0.0
2016-02-18,112.23265007219541,112.77504894627808,111.4061381277343,111.70747375488281,1505700,0.0,0.0
2016-02-19,111.65587073277682,112.47376520769895,110.68299944935062,112.29296112060547,1208900,0.0,0.0
2016-02-22,113.47243141041577,114.21284383842392,112.55983279525866,113.10221862792969,1614900,0.0,0.0
2016-02-23,113.03336651133718,113.56716088754568,112.70621662452793,113.23999786376953,999500,0.0,0.0
2016-02-24,112.37905142324914,114.16121231890814,111.68168868563184,113.94597625732422,1431900,0.0,0.0
2016-02-25,114.0751062171736,114.96187769001774,113.5413250183261,114.93605041503906,1279800,0.0,0.0
2016-02-26,114.77247005428244,115.1340650445377,112.5340229998023,113.04197692871094,1584200,0.0,0.0
2016-02-29,112.95588246959484,113.74794959963162,112.12938334997673,112.18103790283203,2242700,0.0,0.0
2016-03-01,112.77507025029726,113.5929645023986,112.22406656222186,113.33467864990234,1697700,0.0,0.0
2016-03-02,112.73644741316963,114.0976490574571,111.64402792694098,114.07164001464844,1660600,0.92,0.0
2016-03-03,113.67282697080381,114.19303435139147,112.85784158161398,114.12367248535156,1526400,0.0,0.0
2016-03-04,114.12366511112829,115.21608466446663,113.4734125421221,114.91262817382812,1810300,0.0,0.0
2016-03-07,114.14099971908328,114.93865454069423,113.40405471895329,114.08898162841797,1799000,0.0,0.0
2016-03-08,113.6901718593048,116.15245859545745,113.41272439242505,114.74791717529297,2914000,0.0,0.0
2016-03-09,114.87796784427317,115.74497137517334,114.02830808822972,114.41845703125,1942300,0.0,0.0
2016-03-10,115.04268661232987,115.37215214733774,113.1092726782741,114.34041595458984,1840500,0.0,0.0
2016-03-11,114.66121518755534,115.54556247962996,114.18436060705315,115.44151306152344,1707700,0.0,0.0
2016-03-14,115.50219870452253,116.85472194683025,115.17273316570613,116.80270385742188,1883800,0.0,0.0
2016-03-15,116.38655483245445,117.08882555213366,115.7536327510195,116.72468566894531,1456100,0.0,0.0
2016-03-16,116.42988768572421,117.6523657274504,115.64958987111159,117.244873046875,1448100,0.0,0.0
2016-03-17,117.20153566046214,118.44135763870607,117.01947232014402,117.92115020751953,1314800,0.0,0.0
2016-03-18,117.83444927896485,118.34597817072171,116.9501020015824,117.5136489868164,4559700,0.0,0.0
2016-03-21,117.98186153314053,117.98186153314053,116.35189039277424,117.27091217041016,1774500,0.0,0.0
2016-03-22,116.97611169835987,117.01946451963961,115.18142131630682,115.86634826660156,1934000,0.0,0.0
2016-03-23,115.94436669302661,117.3749303111968,115.88368333133477,116.16111755371094,2226800,0.0,0.0
2016-03-24,115.88367045783015,116.06573375210291,115.15539082189672,115.78829956054688,1097300,0.0,0.0
2016-03-28,116.07441390619543,117.08880624843147,116.03972636336847,116.38653564453125,1286300,0.0,0.0
2016-03-29,116.19580219305413,117.19285083549009,115.95304229351456,117.03679656982422,1326400,0.0,0.0
2016-03-30,117.47894948341508,118.18989855365807,117.13215344829507,117.66102600097656,1129300,0.0,0.0
2016-03-31,117.2795517679509,117.799745862073,116.52524982587008,116.62062072753906,1216100,0.0,0.0
2016-04-01,115.59757313383206,118.25060160987681,115.32880417741774,118.08586883544922,1392000,0.0,0.0
2016-04-04,118.0685470581593,118.69279072522212,117.57436187223271,118.13790893554688,1155900,0.0,0.0
2016-04-05,118.06850721312158,118.75344725278369,117.83442583903842,118.12920379638672,1369500,0.0,0.0
2016-04-06,117.96450021190533,119.04825464311779,117.67838745453433,119.01358032226562,1309100,0.0,0.0
2016-04-07,118.38931315460667,118.77079675519428,117.91245865387212,118.47600555419922,1016300,0.0,0.0
2016-04-08,119.04825529668942,119.29969373458864,118.36332831334957,119.2043228149414,1048000,0.0,0.0
2016-04-11,119.31700284266081,120.30538618259256,118.8488268308708,118.9962158203125,1688200,0.0,0.0
2016-04-12,119.23897085467175,119.81986151742642,118.57137456428508,119.7591781616211,1471900,0.0,0.0
2016-04-13,119.98461453396719,119.98461453396719,117.47030966110682,117.6176986694336,1990500,0.0,0.0
2016-04-14,117.89512546437854,119.25632723143578,117.68705310314272,117.9471435546875,2040400,0.0,0.0
2016-04-15,118.02517594035322,118.6320756686322,117.70437568943143,118.31995391845703,1420700,0.0,0.0
2016-04-18,118.31995129727967,118.83148011196691,117.70437308189118,118.47600555419922,1276100,0.0,0.0
2016-04-19,118.64072231130132,119.50772556682867,117.94711706099548,118.87481689453125,1656300,0.0,0.0
2016-04-20,118.77947640472541,119.19563436964218,117.55699832652033,117.60901641845703,1558800,0.0,0.0
2016-04-21,117.37492589183873,117.47029679612587,114.2190340082762,114.22769927978516,2984000,0.0,0.0
2016-04-22,108.82626877547114,110.3175157492155,107.31768464341611,110.0053939819336,5725600,0.0,0.0
2016-04-25,109.17305250548772,109.51985514384594,107.81185760706757,109.42448425292969,3741200,0.0,0.0
2016-04-26,109.80598986781997,109.98805980121152,107.09226479630382,107.34369659423828,3306900,0.0,0.0
2016-04-27,107.75118701866849,109.34647679611787,107.4997552260108,108.98233032226562,3312300,0.0,0.0
2016-04-28,108.51414946640735,109.96204356684848,108.37542574639068,109.45050811767578,2388300,0.0,0.0
2016-04-29,109.01702437461701,109.45919803662693,107.43041290748513,108.54017639160156,3109600,0.0,0.0
2016-05-02,108.27138513515757,109.23375946432857,107.36103550939526,108.56616973876953,1990700,0.0,0.0
2016-05-03,108.20201604877019,110.27415343652363,108.11531042574961,109.3551254272461,1849200,0.0,0.0
2016-05-04,109.19909392419153,111.26256659616847,108.86963495815459,110.91576385498047,2424100,0.0,0.0
2016-05-05,110.88974486122976,112.01684540061062,110.17880228217948,110.42156219482422,2166200,0.0,0.0
2016-05-06,110.54294173640298,111.08047965103916,110.03141286735094,110.9070816040039,1455600,0.0,0.0
2016-05-09,110.9764500433958,111.80877923966773,110.77703632425084,111.08916473388672,1388900,0.0,0.0
2016-05-10,111.06314938761656,112.10355090188041,110.99378752274256,112.04285430908203,1156800,0.0,0.0
2016-05-11,112.17289941774679,112.3896502586502,111.36657941028696,111.696044921875,1304800,0.0,0.0
2016-05-12,112.32895710621351,113.20463899705669,112.051522900677,112.76245880126953,1038700,0.0,0.0
2016-05-13,112.56306039416332,113.31734916823294,111.93015157487986,112.0081787109375,1429700,0.0,0.0
2016-05-16,111.68738041948399,112.66708523110333,111.6526928762247,112.34629821777344,922800,0.0,0.0
2016-05-17,112.04285260001815,112.7104489635019,109.17307328542434,109.60657501220703,1637100,0.0,0.0
2016-05-18,109.51987937342787,109.91002829370144,108.38410693087496,109.34648132324219,1647000,0.0,0.0
2016-05-19,109.00834933611988,109.99673276403543,108.73090848994553,109.93604278564453,1359700,0.0,0.0
2016-05-20,110.21349236152746,110.46492418183686,109.00835797037308,109.29446411132812,1843000,0.0,0.0
2016-05-23,109.36380655150717,109.50253026829115,108.94764863057698,109.1990737915039,1421400,0.0,0.0
2016-05-24,109.2771084275113,110.34351889646824,108.89562481795352,109.90135192871094,1573200,0.0,0.0
2016-05-25,110.42157101855155,110.89842560986001,109.77131836570112,110.29151916503906,2527300,0.0,0.0
2016-05-26,110.34352802907209,111.08047965103916,110.2134828011514,110.9070816040039,1312300,0.0,0.0
2016-05-27,110.91575351600544,111.95616164258814,110.66432171744907,111.36659240722656,1293000,0.0,0.0
2016-05-31,111.46193843635302,111.79140391284587,109.85798370746583,110.14409637451172,4531100,0.0,0.0
2016-06-01,110.00541246895774,111.01981169045504,109.97940341976518,110.95912170410156,1333300,0.0,0.0
2016-06-02,110.8723976354886,110.9764404296875,110.1441179202302,110.9764404296875,1298700,0.0,0.0
2016-06-03,111.07180271085053,112.85782754359471,110.98509708172988,112.77980041503906,1872100,0.0,0.0
2016-06-06,112.53703922184808,113.35202450019962,112.09485903965825,112.85782623291016,1415600,0.0,0.0
2016-06-07,112.91851475000816,113.38669071187337,112.6497326138298,112.88382720947266,1088300,0.0,0.0
2016-06-08,112.62189323624342,113.51253377027068,112.43853429673555,113.3204345703125,1019100,0.92,0.0
2016-06-09,112.91877759404196,114.19360315132673,112.8925701373502,114.11502075195312,794900,0.0,0.0
2016-06-10,113.36409634475088,114.5079512885185,112.89257527989584,114.36824035644531,1238400,0.0,0.0
2016-06-13,114.05389720322331,114.85721507575809,113.61731053400433,113.73082733154297,1077600,0.0,0.0
2016-06-14,113.6959186930976,115.95743468929386,112.91879486985154,115.61689758300781,1951400,0.0,0.0
2016-06-15,115.9661552209746,115.99234935665966,114.94454395855207,115.29380798339844,1413800,0.0,0.0
2016-06-16,114.89216937784032,116.21939681283345,114.63894160461862,116.17573547363281,1050200,0.0,0.0
2016-06-17,116.13206367294742,116.13206367294742,114.46429926013803,115.608154296875,1964400,0.0,0.0
2016-06-20,116.3765314318433,116.72579540763192,115.86136240430676,116.02726745605469,1464300,0.0,0.0
2016-06-21,116.40273746443319,116.75201479949726,116.13205585698853,116.16697692871094,984400,0.0,0.0
2016-06-22,116.00108505545194,117.02269627769604,115.95742372317116,116.27176666259766,1092300,0.0,0.0
2016-06-23,116.47260639162657,117.01396966907863,116.30670130374428,116.97032165527344,937600,0.0,0.0
2016-06-24,114.95326829658038,116.39401234452238,114.27219413703259,114.45556640625,2260700,0.0,0.0
2016-06-27,114.22855559898538,114.5516255076291,113.32917469981115,114.16742706298828,1631100,0.0,0.0
2016-06-28,114.67387615803263,116.60358211171071,114.12377259522651,116.58612823486328,1781500,0.0,0.0
2016-06-29,116.92664636537194,117.75615838223051,116.59483622920132,117.61644744873047,1455400,0.0,0.0
2016-06-30,117.66885138587186,120.04388427734374,117.23226465322732,120.04388427734375,1767200,0.0,0.0
2016-07-01,119.62476348876953,120.29711078058327,119.38027598694082,119.62476348876953,1470000,0.0,0.0
2016-07-05,119.62475625097069,121.25758625158426,119.4151898376959,120.44554138183594,1542900,0.0,0.0
2016-07-06,120.30579273370172,120.32325992689229,118.66422298646803,119.40642547607422,1984400,0.0,0.0
2016-07-07,119.44137521377608,119.45011547425199,116.6035618612103,117.19732666015625,3703500,0.0,0.0
2016-07-08,117.72996178917016,118.83015538948052,117.02269352300154,118.7166519165039,1519600,0.0,0.0
2016-07-11,118.57695692791131,119.05720498912564,117.60773386748585,118.87383270263672,1002600,0.0,0.0
2016-07-12,118.40230828493037,118.69044375764896,117.30210136755261,117.71249389648438,1420700,0.0,0.0
2016-07-13,117.71248918594239,118.68171207154928,117.69502198952985,118.507080078125,1086400,0.0,0.0
2016-07-14,118.69917890724015,119.51122366980047,118.43722425611627,118.655517578125,1040700,0.0,0.0
2016-07-15,118.9786068251388,119.33661112924533,118.33246701375249,118.9000244140625,1094900,0.0,0.0
2016-07-18,119.00477959584998,119.04844092424307,117.92205326367532,117.97444152832031,1105600,0.0,0.0
2016-07-19,117.87839362978313,118.07049281862074,117.46800111940891,118.01810455322266,1577000,0.0,0.0
2016-07-20,118.11413978380408,118.51579198538913,116.71705736644174,116.72578430175781,2081200,0.0,0.0
2016-07-21,116.82183104879756,117.01393020961106,116.14949730951535,116.44637298583984,1476200,0.0,0.0
2016-07-22,116.83060807922065,117.57279750363165,116.62978192009405,117.55534362792969,1768100,0.0,0.0
2016-07-25,116.13207507108072,116.786955193662,114.82231482591816,115.7740707397461,2448700,0.0,0.0
2016-07-26,115.77406145229216,117.54660244266574,115.30255366422912,115.50337982177734,2819700,0.0,0.0
2016-07-27,115.4247923555759,115.4247923555759,113.33790849004,113.94912719726562,1683800,0.0,0.0
2016-07-28,114.09755513479436,114.39443086336021,113.06721702145381,113.64350128173828,2267900,0.0,0.0
2016-07-29,113.73084768784298,114.43811608679846,113.11962890624999,113.11962890625,1827800,0.0,0.0
2016-08-01,112.83146043884844,114.60400125910382,112.56077883431209,114.21980285644531,2611500,0.0,0.0
2016-08-02,114.24599699084767,114.77863326297555,113.58239004670796,114.21980285644531,1730800,0.0,0.0
2016-08-03,114.47303103046546,114.56908063150212,112.1765808661325,112.5433120727539,2278500,0.0,0.0
2016-08-04,112.90132495429424,113.81815970256609,112.69175853871043,113.62606048583984,1291700,0.0,0.0
2016-08-05,113.72210030235809,114.09755844226919,112.50838989585696,112.9886245727539,1560200,0.0,0.0
2016-08-08,112.96242136340456,113.55618611361429,112.23768595248438,113.12832641601562,1476700,0.0,0.0
2016-08-09,113.1807390879563,113.9229418548843,112.87513637253915,113.50382232666016,864000,0.0,0.0
2016-08-10,113.41648439676258,113.9927819977879,113.30296759922396,113.73082733154297,971600,0.0,0.0
2016-08-11,114.17614368357728,114.27219328605814,112.49092549517539,112.58697509765625,1608900,0.0,0.0
2016-08-12,112.90132011218206,112.95370838293896,112.1416502155021,112.4822006225586,2333300,0.0,0.0
2016-08-15,112.56077854041408,113.0584804163274,112.30755081042858,112.61316680908203,1221500,0.0,0.0
2016-08-16,112.46473070458435,112.68302404317106,111.34706321512185,111.35579681396484,1443700,0.0,0.0
2016-08-17,111.50423880600623,111.73999935099144,110.72711502486173,111.3732681274414,2158500,0.0,0.0
2016-08-18,111.39943596645847,111.68758471484988,111.10255362096296,111.28591918945312,1350700,0.0,0.0
2016-08-19,110.86680989737596,111.2335410677787,110.3079795438718,110.7009048461914,1785400,0.0,0.0
2016-08-22,110.70090716326024,111.52169217667944,110.34290958326434,111.2335433959961,1213000,0.0,0.0
2016-08-23,111.46931476115036,112.41234359238159,111.29467609141268,112.33374786376953,1726200,0.0,0.0
2016-08-24,112.3337467734899,112.43853663609953,111.32960274482652,112.32501983642578,1416600,0.0,0.0
2016-08-25,112.15910169602066,113.0410152087345,112.01939077786865,112.11544036865234,1556100,0.0,0.0
2016-08-26,112.21150863818598,113.37283085695128,111.67014539468963,111.97576141357422,1454800,0.0,0.0
2016-08-29,112.11544509527535,112.78779225910637,111.8273096343434,112.39486694335938,1486900,0.0,0.0
2016-08-30,112.39487095002339,112.68301974479435,111.70506322698854,111.89715576171875,989000,0.0,0.0
2016-08-31,111.79239411960062,112.3075632499877,111.58283435993337,111.81858825683594,1073600,0.0,0.0
2016-09-01,111.7749068271121,112.06305560847109,111.22481005870415,111.87095642089844,1726100,0.0,0.0
2016-09-02,111.7749189966355,113.04103104991268,111.7749189966355,112.4822006225586,816600,0.0,0.0
2016-09-06,112.48220131779298,113.18946962451923,112.0892626375509,112.86638641357422,917200,0.0,0.0
2016-09-07,112.54979149405686,112.93673729067692,111.63518074920655,111.75830078125,1434500,0.92,0.0
2016-09-08,111.64398187718905,111.76710192206073,110.43036713079421,110.72937774658203,1650400,0.0,0.0
2016-09-09,110.07858567849154,110.07858567849154,108.09107267543246,108.13504028320312,2305100,0.0,0.0
2016-09-12,107.60738188572871,108.97929470193543,107.31716749474998,108.72425842285156,1820600,0.0,0.0
2016-09-13,108.43405314117406,108.66270080924286,107.59858806164299,107.6337661743164,1585500,0.0,0.0
2016-09-14,107.57220227773396,108.15263105161893,106.80709345112345,107.17646026611328,1686400,0.0,0.0
2016-09-15,107.1764732273304,108.13505171828805,107.07093888035087,107.67774963378906,1158100,0.0,0.0
2016-09-16,107.24680777699224,108.00312038424565,106.58723329691347,107.12368774414062,2134500,0.0,0.0
2016-09-19,107.20283325429716,107.76566957088875,106.79829507109311,107.44027709960938,1025500,0.0,0.0
2016-09-20,107.96795020985839,109.38383740126768,107.82724446605884,108.58355712890625,1360600,0.0,0.0
2016-09-21,108.46922977797466,110.23689144525513,108.32852403003083,109.87632751464844,1733600,0.0,0.0
2016-09-22,110.23688294189373,112.05730828553826,110.23688294189373,111.89022064208984,1785100,0.0,0.0
2016-09-23,112.00454829874023,112.00454829874023,111.17787942040432,111.45050811767578,1367600,0.0,0.0
2016-09-26,111.23063705146234,111.80226286792825,110.30723014718352,110.3775863647461,1336900,0.0,0.0
2016-09-27,110.57984864492833,111.01077543186824,110.2544628905697,110.53588104248047,1134900,0.0,0.0
2016-09-28,110.84368411120579,111.32736800850998,110.10495724889549,111.23063659667969,1422400,0.0,0.0
2016-09-29,110.90525312321432,111.24823132333741,109.97305665206326,110.12255859375,1229700,0.0,0.0
2016-09-30,110.55348429431022,111.56483324471674,110.54468808860886,110.931640625,1920000,0.0,0.0
2016-10-03,110.38638155081276,110.59745021438226,109.32226886608612,109.718017578125,1512300,0.0,0.0
2016-10-04,109.99942603779614,109.99942603779614,107.96793226498461,108.19658660888672,1701900,0.0,0.0
2016-10-05,108.5044002461379,108.68029080559691,107.24681126154589,107.8448257446289,1954600,0.0,0.0
2016-10-06,107.6249819521392,109.01448736452681,107.34356372895661,108.37250518798828,1521300,0.0,0.0
2016-10-07,108.95292214213733,109.12880600716153,107.39632913710119,108.17902374267578,1397800,0.0,0.0
2016-10-10,108.2757502047457,108.77702654649987,107.21163750416368,107.4314956665039,1036100,0.0,0.0
2016-10-11,107.26440606559767,107.43150042342732,106.29703145037438,106.75433349609375,1753000,0.0,0.0
2016-10-12,107.05333217829337,107.73928852525815,106.78949971736621,107.18524169921875,1532900,0.0,0.0
2016-10-13,106.55205774826315,107.32595602599842,106.12992714524681,106.96538543701172,1688700,0.0,0.0
2016-10-14,107.1325155880961,107.28201757077633,105.96286822104135,105.97166442871094,1894800,0.0,0.0
2016-10-17,106.28824249647258,106.67519505277781,105.98923187308961,106.13874053955078,1235500,0.0,0.0
2016-10-18,106.7191513528844,106.96539142278253,105.75177677419657,106.0068130493164,1869900,0.0,0.0
2016-10-19,106.094754820267,106.10355102547605,105.42638412469181,105.71659851074219,1947400,0.0,0.0
2016-10-20,105.54071360509583,105.7957498772904,104.65248475497523,104.80198669433594,2158800,0.0,0.0
2016-10-21,104.65247936177991,105.9364501521664,104.23034876173723,105.16255187988281,2216600,0.0,0.0
2016-10-24,103.14865796745204,104.13362496658267,99.8683711784794,100.17617797851562,5582900,0.0,0.0
2016-10-25,100.20257100496929,101.13476758522393,99.73647271484197,100.01789093017578,3420800,0.0,0.0
2016-10-26,99.34069964923603,100.4927541381191,99.0592815027326,99.95630645751953,2294100,0.0,0.0
2016-10-27,100.14979445511993,100.4927726747628,99.4990161293282,100.09703063964844,2046800,0.0,0.0
2016-10-28,100.47518119062242,101.12595947896305,100.12340678546524,100.739013671875,2581200,0.0,0.0
2016-10-31,100.75659623488721,100.93248007721874,99.94751982490057,100.61589050292969,2435900,0.0,0.0
2016-11-01,100.52796260086133,101.10839147740779,99.62214787795388,100.25534057617188,1787900,0.0,0.0
2016-11-02,100.27290104590145,101.01162791109708,99.83318475052302,99.85957336425781,1586100,0.0,0.0
2016-11-03,100.23774706949116,100.37845281950916,99.79803069768342,99.9475326538086,1443800,0.0,0.0
2016-11-04,100.01788164638428,100.2992998355965,98.72511453328666,98.80426025390625,1536800,0.0,0.0
2016-11-07,99.66610698053819,100.41362341472423,99.43745260565038,100.23773956298828,1575600,0.0,0.0
2016-11-08,100.21135471148747,102.09334017582964,100.15859089589217,101.55689239501953,1869500,0.0,0.0
2016-11-09,99.2527737458906,102.32199194962138,98.56681732249037,101.46015167236328,2439400,0.0,0.0
2016-11-10,100.61589184298472,100.64227374873197,97.88085578821024,98.62837219238281,2987200,0.0,0.0
2016-11-11,98.62838217510716,100.06185511195226,98.25022583219796,99.2967529296875,1530700,0.0,0.0
2016-11-14,98.971340838277,99.88595150333322,98.76906839783061,99.45502471923828,2241200,0.0,0.0
2016-11-15,99.4374651841034,100.34327988324937,99.40228706739855,100.1410140991211,2587100,0.0,0.0
2016-11-16,100.25531735293524,100.61588794294087,99.39347044454648,99.67488861083984,1758000,0.0,0.0
2016-11-17,99.72766004261555,100.10581633605268,98.41730732283786,98.81304931640625,2098000,0.0,0.0
2016-11-18,98.71631313069312,99.73645820634158,98.6635493197246,99.47262573242188,1603800,0.0,0.0
2016-11-21,99.47262658635792,100.42241544917624,99.47262658635792,100.07943725585938,1710100,0.0,0.0
2016-11-22,100.16738820502842,101.12596664977711,100.06185386313624,100.730224609375,1426900,0.0,0.0
2016-11-23,100.42241694637319,101.13475524933789,100.25532259499582,100.747802734375,1620800,0.0,0.0
2016-11-25,100.94127766678066,102.2780190411746,100.82695383865087,101.87347412109375,996900,0.0,0.0
2016-11-28,101.72398743468896,103.05193280309739,101.46016162801457,103.04313659667969,2108100,0.0,0.0
2016-11-29,103.03432429221942,103.25418243721694,101.93503356723178,102.45389556884766,2011500,0.0,0.0
2016-11-30,102.11972378184326,102.7529096665318,100.83575289223286,101.67121124267578,5053900,0.0,0.0
2016-12-01,101.19631850566357,101.4073804707901,99.63092940435881,100.26412200927734,1985000,0.0,0.0
2016-12-02,100.44001560430483,101.0204444516261,99.86838296333254,100.3520736694336,1433200,0.0,0.0
2016-12-05,100.53673465282112,100.78297470751347,99.45502960166452,99.92992401123047,2130200,0.0,0.0
2016-12-06,99.92994160499195,100.6598724024411,99.84199967133843,100.59831237792969,1458900,0.0,0.0
2016-12-07,100.8819928537214,101.3962009572879,100.55396214683833,101.36959838867188,1870500,0.92,0.0
2016-12-08,101.0238451869053,101.36960419540029,100.49190877106213,100.53623962402344,1470600,0.0,0.0
2016-12-09,100.62490043044403,101.69764084802983,100.49191462774817,101.6089859008789,1854100,0.0,0.0
2016-12-12,101.7065053465287,102.46008252080384,101.4937321269079,101.75969696044922,1450900,0.0,0.0
2016-12-13,101.58238917675571,102.53101130698494,101.23663015122891,102.25617218017578,2545800,0.0,0.0
2016-12-14,102.53101223191423,103.0274853471106,101.44053676653489,101.6089859008789,2334900,0.0,0.0
2016-12-15,101.51147361369358,102.51328746848733,101.22777369598582,102.3005142211914,1354000,0.0,0.0
2016-12-16,102.51328078807825,103.36438048573854,102.25617669754455,103.05408477783203,3166900,0.0,0.0
2016-12-19,103.24025717735276,103.27572050852149,101.76856613551412,101.83949279785156,1437500,0.0,0.0
2016-12-20,101.87495723761354,102.22957702528211,101.09477747128938,101.44053649902344,1821200,0.0,0.0
2016-12-21,101.51146342983121,102.27390815041929,101.51146342983121,101.6089859008789,1225200,0.0,0.0
2016-12-22,101.51144817148905,102.08771538725888,101.06816673842579,101.97245788574219,950100,0.0,0.0
2016-12-23,102.2384551896789,102.26505100012812,101.61786373273162,101.79517364501953,779200,0.0,0.0
2016-12-27,101.83950336617418,102.39803567118058,101.80404003132527,102.05227661132812,747000,0.0,0.0
2016-12-28,101.95473373012423,102.1675069327018,101.08589911003038,101.20115661621094,929000,0.0,0.0
2016-12-29,101.81287769299023,102.20296752388595,101.36959625385892,102.0256576538086,968500,0.0,0.0
2016-12-30,101.85721100349836,102.0877192513187,100.89086068953388,101.174560546875,1417500,0.0,0.0
2017-01-03,101.21003171307035,101.87495393932984,100.81107431895144,101.56465148925781,1645800,0.0,0.0
2017-01-04,101.87496505500711,102.33597487271525,101.74197924245728,102.11433410644531,1846000,0.0,0.0
2017-01-05,102.17639176601506,102.92110148317194,101.6001244292974,102.85018157958984,1660300,0.0,0.0
2017-01-06,102.85017932925608,103.38211579614942,102.33597114688556,103.2225341796875,1829300,0.0,0.0
2017-01-09,102.41575497666553,102.84130819359974,101.63558197021484,101.63558197021484,1883900,0.0,0.0
2017-01-10,101.5114626381827,101.62671339218625,101.04158533440213,101.38734436035156,2521100,0.0,0.0
2017-01-11,101.16569954994067,101.8040259611197,101.16569954994067,101.43167114257812,1489200,0.0,0.0
2017-01-12,101.298695650364,101.59125631529818,101.05045907941899,101.47600555419922,1236800,0.0,0.0
2017-01-13,101.23662017872695,101.85721150599157,101.23662017872695,101.59123992919922,1032400,0.0,0.0
2017-01-17,101.84833319048766,102.89447757697566,101.57350088381337,102.86788177490234,1567900,0.0,0.0
2017-01-18,102.69945821375752,103.53282962694752,102.69945821375752,103.19593811035156,2015200,0.0,0.0
2017-01-19,103.1959212132072,103.24024529911432,102.50440324482624,102.75263977050781,2200200,0.0,0.0
2017-01-20,103.46189286086809,103.87857852678486,102.39802003362658,103.03634643554688,2056100,0.0,0.0
2017-01-23,102.77039777199002,103.77221845112494,102.77039777199002,103.71015930175781,2626700,0.0,0.0
2017-01-24,105.01337137110924,108.18726813328537,104.84492902187822,107.97449493408203,4207100,0.0,0.0
2017-01-25,107.63762136347609,108.9054000105854,107.62875383922002,108.16069030761719,3447500,0.0,0.0
2017-01-26,108.0631471565286,108.72806930578804,107.6641965725481,108.29365539550781,2675500,0.0,0.0
2017-01-27,108.1606693182249,108.2404567292285,106.96381080560589,107.25637817382812,1634000,0.0,0.0
2017-01-30,107.64646282439655,107.64646282439655,106.56485503300617,106.91061401367188,2031900,0.0,0.0
2017-01-31,106.98155561087721,107.91244946666355,106.83970904809333,107.38937377929688,2862800,0.0,0.0
2017-02-01,106.8485535690536,107.7883148059185,106.7244353090043,107.28297424316406,1952600,0.0,0.0
2017-02-02,107.66419193296532,108.27591568444518,107.43368370391941,107.6375961303711,1347900,0.0,0.0
2017-02-03,107.9479135960595,108.44438671538029,107.30071962499719,107.75286865234375,1591800,0.0,0.0
2017-02-06,107.32731109487251,108.00110084667303,107.14113368265238,107.48689270019531,1400000,0.0,0.0
2017-02-07,107.71739167412161,108.95858107912133,107.17658776739987,108.55962371826172,2243100,0.0,0.0
2017-02-08,108.55963052368048,109.06497113463112,108.26706989076904,108.98518371582031,1840300,0.0,0.0
2017-02-09,108.82560587565852,110.22637700844204,108.70148759948164,109.56145477294922,2439500,0.0,0.0
2017-02-10,109.33095385760859,109.79196366242446,109.09158481286441,109.53486633300781,1036000,0.0,0.0
2017-02-13,109.77422581134012,109.8096891415338,109.21569357965154,109.428466796875,1255100,0.0,0.0
2017-02-14,109.57031583995263,109.57031583995263,107.96563900492421,108.94085693359375,1872300,0.0,0.0
2017-02-15,109.45507093811702,110.53667891759937,109.01178942284976,110.29730987548828,1710100,0.0,0.0
2017-02-16,110.29728868744735,112.34524673011006,109.67669062692623,112.256591796875,2741600,0.0,0.0
2017-02-17,113.21408361640512,117.19475604780091,112.39844734299056,116.96424102783203,6657000,0.0,0.0
2017-02-21,116.00677629200065,119.66827235661182,116.00677629200065,119.3668441772461,3755000,0.0,0.0
2017-02-22,118.70191459985189,120.75874716782437,118.02813161786636,119.53528594970703,3160200,0.0,0.0
2017-02-23,119.63280376407755,120.29772596060722,118.73736654824317,119.10086059570312,1755600,0.0,0.0
2017-02-24,118.68417937440535,119.2959099825446,117.78875565296912,118.49800872802734,2785200,0.0,0.0
2017-02-27,117.69122208365356,118.30295263408524,116.42344366117996,117.5848388671875,1771500,0.0,0.0
2017-02-28,117.6291752683196,118.18771430111363,117.18589375730927,117.51393127441406,2388700,0.0,0.0
2017-03-01,117.77101521330574,118.3295541826192,117.45185202053757,118.12564849853516,1581900,0.0,0.0
2017-03-02,117.94833364643564,119.46436230400681,117.25681559993023,119.24272155761719,1609200,0.0,0.0
2017-03-03,118.84379200423795,118.99450611517636,117.84197132389906,118.4891586303711,1439400,0.0,0.0
2017-03-06,118.01040701394075,118.62213767713355,117.98381120492179,118.20545196533203,1820700,0.0,0.0
2017-03-07,118.27636692455047,118.87922323981158,118.0547261860791,118.24977111816406,2143500,0.0,0.0
2017-03-08,117.8211012666841,118.60699643964776,117.8211012666841,118.19619750976562,2152500,0.97,0.0
2017-03-09,118.08008178892361,118.75880068695572,117.95505426489196,118.51768493652344,1471900,0.0,0.0
2017-03-10,118.51770107195145,119.59829332813118,118.16940909137567,119.57150268554688,2159500,0.0,0.0
2017-03-13,119.26785500870902,119.79475576554341,118.81238687400584,119.43753814697266,2032000,0.0,0.0
2017-03-14,119.41074292320442,119.93764365981312,119.04458602068864,119.2589111328125,1139100,0.0,0.0
2017-03-15,119.38394720796495,120.75926370183005,119.22320336235894,120.56278991699219,1523000,0.0,0.0
2017-03-16,120.27700435150945,120.60744496646086,119.67865732846101,120.14305114746094,1847900,0.0,0.0
2017-03-17,120.22344750713626,120.67891574744014,118.8570700401882,119.0088882446289,5274800,0.0,0.0
2017-03-20,119.1874830885774,119.81262073456556,119.0713812304015,119.43753814697266,2100100,0.0,0.0
2017-03-21,119.75903785996803,119.81261913934237,119.09817028473459,119.38394165039062,2189100,0.0,0.0
2017-03-22,119.8126241364216,119.97336798124887,118.24083386533341,118.63378143310547,1968700,0.0,0.0
2017-03-23,118.59806733787447,119.45539511360326,118.38372858045263,118.803466796875,1575800,0.0,0.0
2017-03-24,118.95529290400052,118.99994851814633,118.01757951485924,118.2854995727539,1557400,0.0,0.0
2017-03-27,117.96396403887296,118.64269647241807,117.41919840893736,118.20509338378906,1953500,0.0,0.0
2017-03-28,117.80324511717365,118.991013499861,117.7317988655482,118.5355453491211,1257400,0.0,0.0
2017-03-29,118.21404109404831,118.87490868493455,118.11580420387575,118.35693359375,834500,0.0,0.0
2017-03-30,118.48195440782094,118.68735384763683,117.83002615198387,118.09794616699219,854700,0.0,0.0
2017-03-31,118.0175723420198,118.37480360649441,117.52640149720871,117.55319213867188,1059300,0.0,0.0
2017-04-03,117.91932623976443,118.19618555823057,117.11557980467215,117.44600677490234,1259700,0.0,0.0
2017-04-04,117.6246540500934,118.15155490498418,117.07988822285581,118.08010864257812,1944300,0.0,0.0
2017-04-05,118.25869474972711,118.74095352150782,117.47279964133102,117.61569213867188,1170900,0.0,0.0
2017-04-06,117.68716089845356,117.98187162047414,116.99057687439807,117.08881378173828,1060700,0.0,0.0
2017-04-07,117.2406150800216,118.10688214889014,117.08879690455731,117.28527069091797,1336300,0.0,0.0
2017-04-10,117.41923956965259,118.24979043685282,117.20491441190882,117.81218719482422,1336700,0.0,0.0
2017-04-11,117.79430896216535,118.55341348233556,117.5889095001231,118.44625091552734,1127000,0.0,0.0
2017-04-12,118.5980544154296,119.12495513966216,118.11579567052219,118.86597442626953,1905800,0.0,0.0
2017-04-13,118.80345778017609,118.86597835646297,118.0086370188236,118.4819564819336,1284500,0.0,0.0
2017-04-17,118.63378954726504,119.26786655262582,118.63378954726504,119.10710906982422,1200200,0.0,0.0
2017-04-18,118.70523104562143,119.88407378231888,118.43731100301025,119.58936309814453,2158900,0.0,0.0
2017-04-19,119.50901143741967,119.84836416375374,118.73204181940622,118.94638061523438,1423000,0.0,0.0
2017-04-20,118.90171225782777,118.94636787221394,117.08880605498707,117.19596862792969,2697400,0.0,0.0
2017-04-21,116.61548957303405,117.35672918490192,115.5706135785641,116.06179809570312,3230700,0.0,0.0
2017-04-24,113.85591769993171,116.94589634613506,113.57907200921215,116.4547119140625,3495900,0.0,0.0
2017-04-25,117.41030287227272,118.66057826498093,116.72264459279333,118.61593627929688,2725500,0.0,0.0
2017-04-26,118.39268639367499,118.39268639367499,116.16004175588508,116.213623046875,2147000,0.0,0.0
2017-04-27,116.32969376372102,116.9101894582192,115.82065794907797,116.09750366210938,1348900,0.0,0.0
2017-04-28,115.66883760424032,116.09750148648241,114.53465050493361,115.87423706054688,2340400,0.0,0.0
2017-05-01,115.51702483072633,116.62440771387458,115.39199729143606,115.70455932617188,1286900,0.0,0.0
2017-05-02,115.73135529692738,116.21361413280835,113.04325626492998,113.18614196777344,2568500,0.0,0.0
2017-05-03,112.90929240529576,113.34688879812009,112.12340403258206,113.21292877197266,3076500,0.0,0.0
2017-05-04,113.2129092399254,114.53463748919779,112.97178668525162,114.4810562133789,1845600,0.0,0.0
2017-05-05,114.8293540533503,115.13299038329671,114.40069019772135,114.8382797241211,1202700,0.0,0.0
2017-05-08,114.6150269414974,115.10621142329497,114.1417074300324,114.59717559814453,1197300,0.0,0.0
2017-05-09,114.65968336735457,115.02584031338152,114.38283764664435,114.49893951416016,2234600,0.0,0.0
2017-05-10,114.53464770213141,115.57952355470287,114.33817392195776,115.33839416503906,1397600,0.0,0.0
2017-05-11,115.03477519751299,115.16874204621664,113.76663473294076,114.40963745117188,1497200,0.0,0.0
2017-05-12,113.80234196021604,114.5257233238842,113.80234196021604,114.30245208740234,1365200,0.0,0.0
2017-05-15,114.39175803128093,114.74004999075079,114.21314921588238,114.31138610839844,997400,0.0,0.0
2017-05-16,114.46321220863487,114.84723413396281,113.78449321233207,113.79341888427734,1408900,0.0,0.0
2017-05-17,113.79341329573096,114.96331673116977,113.18613377226482,114.27566528320312,1748900,0.0,0.0
2017-05-18,114.17743438108727,114.57037516619535,112.7217526707652,113.16828155517578,1832400,0.0,0.0
2017-05-19,113.45405339494467,114.07919107260396,113.11469391471385,113.59693908691406,1496700,0.0,0.0
2017-05-22,113.61480414695914,114.09705613303156,113.42726284351261,113.48977661132812,1102600,0.0,0.0
2017-05-23,113.60585802474709,114.21313747355273,113.15039673477065,113.23970794677734,1179600,0.0,0.0
2017-05-24,113.88270399207535,114.44532783629987,113.52548639710106,114.33816528320312,1120500,0.0,0.0
2017-05-25,114.3470942020222,116.09749317186845,114.25779661423073,115.56165313720703,1641900,0.0,0.0
2017-05-26,115.31160489558822,115.92781688373317,115.3026792243756,115.65989685058594,1070800,0.0,0.0
2017-05-30,115.51700907991491,115.57951602754731,114.65966776526645,115.17764282226562,2555600,0.0,0.0
2017-05-31,115.51702397352508,117.22275389826075,115.2848202401521,115.85637664794922,5187200,0.0,0.0
2017-06-01,116.35649133040727,116.35649133040727,114.4632132109449,116.08858489990234,1667900,0.0,0.0
2017-06-02,116.43685442399112,116.76728137585594,115.9545956881574,116.6690444946289,1084000,0.0,0.0
2017-06-05,116.37436270351735,116.91912852048009,115.8742525030888,116.81196594238281,831000,0.0,0.0
2017-06-06,116.57975299543627,117.1423837400481,116.19574470287762,116.95484924316406,1237500,0.0,0.0
2017-06-07,116.87384904164286,117.36869874652282,116.65792460945109,117.14376831054688,1153800,0.97,0.0
2017-06-08,117.14376975591601,117.14376975591601,114.75951259661859,115.2093734741211,1365400,0.0,0.0
2017-06-09,115.13740514489982,115.91116647766825,114.75952361894302,115.85718536376953,1499900,0.0,0.0
2017-06-12,115.85718706485557,116.90985998733387,115.85718706485557,115.90217590332031,1222200,0.0,0.0
2017-06-13,116.01912167078372,116.73890184601042,115.57826678156441,116.39700317382812,855000,0.0,0.0
2017-06-14,116.76589745913842,117.74659095442358,116.76589745913842,117.2967300415039,1202600,0.0,0.0
2017-06-15,116.98182659970583,117.94452174005407,116.73889788147554,117.70160675048828,994800,0.0,0.0
2017-06-16,117.5036695693768,118.1154737879866,116.6399306228317,117.15277862548828,1772500,0.0,0.0
2017-06-19,117.73759319532495,119.48305565275183,117.0808001370761,119.46505737304688,1595700,0.0,0.0
2017-06-20,119.4650674956834,120.42777647582989,118.47536795802496,119.63601684570312,1545600,0.0,0.0
2017-06-21,119.60001443491404,120.03189079131906,118.31341882753749,118.6103286743164,1403600,0.0,0.0
2017-06-22,118.57432053604055,118.95221574316366,118.04348801120503,118.53833770751953,958000,0.0,0.0
2017-06-23,118.53836096100612,119.33911290715581,118.53836096100612,119.03321075439453,1464500,0.0,0.0
2017-06-26,119.34810722769116,120.82365062772969,119.0512110752406,120.13087463378906,1555400,0.0,0.0
2017-06-27,119.9329124037473,120.14883683809164,118.26842166946587,118.27742767333984,1199400,0.0,0.0
2017-06-28,118.96120864404863,119.26711073841108,118.1874474044668,118.31340789794922,963400,0.0,0.0
2017-06-29,117.85456883666546,118.25944091918221,115.86617752842518,116.06411743164062,1381600,0.0,0.0
2017-06-30,116.29803108217939,117.00881896874125,116.15408603272212,116.16307830810547,1351900,0.0,0.0
2017-07-03,116.61294074379093,116.96383168971347,115.53327735084962,115.55126190185547,800700,0.0,0.0
2017-07-05,115.83019625356275,116.24406061773267,115.23637653592836,115.75821685791016,1161100,0.0,0.0
2017-07-06,115.3893227804441,115.6322515145345,113.64386026265637,113.70684051513672,1654700,0.0,0.0
2017-07-07,113.75183250371026,114.61556464637465,113.16701193485429,114.08473205566406,1694100,0.0,0.0
2017-07-10,114.26465961313608,115.11040023520538,113.93176010215873,114.2736587524414,1105000,0.0,0.0
2017-07-11,114.38163277476372,114.4446130277387,113.1400191314,113.19400024414062,1375200,0.0,0.0
2017-07-12,111.97036680819782,113.02304645159158,111.31357378782546,112.19529724121094,2487300,0.0,0.0
2017-07-13,112.12333332683849,112.45622600008035,110.98968193541312,111.47553253173828,1793600,0.0,0.0
2017-07-14,111.73644996195078,112.37525160150014,111.52951093241644,112.02436065673828,1205900,0.0,0.0
2017-07-17,111.88941520101035,112.65417743745604,111.33158515599901,112.18632507324219,1186000,0.0,0.0
2017-07-18,112.2942699219974,112.78012049288525,111.7004571338004,112.07833862304688,1053200,0.0,0.0
2017-07-19,111.8624064695865,112.3842467303685,111.3405662088045,111.5205078125,1745100,0.0,0.0
2017-07-20,111.8444123841358,112.15932049890841,111.25059957821036,111.30458068847656,1521000,0.0,0.0
2017-07-21,111.00766749297102,112.74413075206995,110.66577569774735,112.7171401977539,1879000,0.0,0.0
2017-07-24,112.72613770520339,112.81610850639832,111.34056540093852,111.39454650878906,1728100,0.0,0.0
2017-07-25,111.07064636533072,112.3752470105484,109.85602338582828,112.17730712890625,2192400,0.0,0.0
2017-07-26,112.09633178146841,112.14132061560183,109.6220969194413,109.98198699951172,2400200,0.0,0.0
2017-07-27,110.10793278592475,111.75442504882811,108.83032969349617,111.75442504882812,2733000,0.0,0.0
2017-07-28,111.6374721152334,111.70045236074995,109.15423825825019,110.1709213256836,2226800,0.0,0.0
2017-07-31,110.19793465905032,111.58350026053128,110.19793465905032,110.80974578857422,2298500,0.0,0.0
2017-08-01,110.80973657140254,111.32257770611487,109.34318569202706,109.48714447021484,1664600,0.0,0.0
2017-08-02,109.2802021247117,109.74806127528458,108.67739020410063,109.19023132324219,1511900,0.0,0.0
2017-08-03,109.18124717992791,110.07196990618219,108.96531585387632,109.47815704345703,1441500,0.0,0.0
2017-08-04,109.12727579729984,109.68510587571217,108.803375347168,109.15426635742188,1046800,0.0,0.0
2017-08-07,109.15426136000217,109.58613089518354,108.66841070704815,109.24423217773438,1063900,0.0,0.0
2017-08-08,109.0732662952261,109.57710825795651,108.80334703557371,109.26220703125,1612300,0.0,0.0
2017-08-09,109.26222532221544,109.63110771687217,108.83035580734119,109.41517639160156,1461900,0.0,0.0
2017-08-10,109.27120545872401,109.4241633754499,108.92931365966797,108.92931365966797,1362000,0.0,0.0
2017-08-11,109.40617446520002,109.40617446520002,108.45247151056655,108.54244232177734,1074100,0.0,0.0
2017-08-14,108.90232394640861,109.54112557986907,108.54243386527152,109.48714447021484,923400,0.0,0.0
2017-08-15,109.49614124864529,110.29689310833184,109.27121079672585,109.9729995727539,1114100,0.0,0.0
2017-08-16,109.92801337520336,110.46784509990087,109.67609236130005,110.06297302246094,1005400,0.0,0.0
2017-08-17,109.96399374492441,111.41254631633474,109.87402294249496,110.01797485351562,1358800,0.0,0.0
2017-08-18,109.93702731532667,110.00899985446463,109.17225816602412,109.21724700927734,1085900,0.0,0.0
2017-08-21,109.38818362454388,110.48584537435934,109.13626260609436,110.37787628173828,1103700,0.0,0.0
2017-08-22,110.31488903927989,110.64778857219108,109.86502814502113,110.15293884277344,855200,0.0,0.0
2017-08-23,110.05397626492866,110.4408569344659,109.25322436868488,110.00898742675781,911700,0.0,0.0
2017-08-24,110.0899747123678,110.20693609084177,108.83036265113472,108.85735321044922,1170900,0.0,0.0
2017-08-25,108.92931830344865,109.97299888874298,108.92931830344865,109.33419036865234,997400,0.0,0.0
2017-08-28,109.6580846463365,110.1439352160643,109.23522118899828,110.09895324707031,1127000,0.0,0.0
2017-08-29,109.9819954245933,110.65678680229253,109.95500486777858,110.10795593261719,1693100,0.0,0.0
2017-08-30,109.81106499947025,110.13496544547351,109.17225638450064,110.03599548339844,1089800,0.0,0.0
2017-08-31,110.13495167347716,111.04366577259522,109.61311136857805,110.92670440673828,1520500,0.0,0.0
2017-09-01,111.11564121250221,111.70046174964504,110.67477945683008,110.85472106933594,1073500,0.0,0.0
2017-09-05,110.44985632851451,110.76475760343446,109.55912675388429,110.5848159790039,1297400,0.0,0.0
2017-09-06,110.63880029143299,110.97169299268491,107.9936157769816,108.24553680419922,2521100,0.0,0.0
2017-09-07,108.76254594670048,108.8260381057536,107.35663924179055,108.49043273925781,1888400,0.97,0.0
2017-09-08,107.71037427822523,108.09132720431592,106.56750857982736,107.14801025390625,1813000,0.0,0.0
2017-09-11,107.59246358787128,108.59020042005153,107.16615615190882,108.48135375976562,1832300,0.0,0.0
2017-09-12,108.52670934199622,109.54258383424329,108.29087836909916,109.38838958740234,1631800,0.0,0.0
2017-09-13,109.38838400454652,109.94167572803242,108.67182575740696,108.8260269165039,1437300,0.0,0.0
2017-09-14,108.84417484402456,109.72399969790062,108.76254503455215,109.59701538085938,1206500,0.0,0.0
2017-09-15,109.48816069779234,109.96888799426661,108.84416687420173,109.84190368652344,2548500,0.0,0.0
2017-09-18,109.88725525905568,110.74893545577044,109.56072221353469,110.54032135009766,1005700,0.0,0.0
2017-09-19,110.73079494804078,110.88498918218795,110.04144665638961,110.44054412841797,1130100,0.0,0.0
2017-09-20,110.54938213613492,110.77614080168172,108.20923796698708,108.98928833007812,1996600,0.0,0.0
2017-09-21,108.8622992598846,109.27046901800162,106.96660010015081,107.1389389038086,1454400,0.0,0.0
2017-09-22,107.22057511423048,107.71944698615998,106.27725816011662,106.59471893310547,1547000,0.0,0.0
2017-09-25,106.92124786192842,107.10265895386324,106.37702842637512,106.5675048828125,1548700,0.0,0.0
2017-09-26,106.7580058173519,107.01198140429366,106.3589151638406,106.7398681640625,1147200,0.0,0.0
2017-09-27,106.53122733379037,106.74892065365385,105.13439992535865,105.67861938476562,2109500,0.0,0.0
2017-09-28,105.4700004511437,106.40424514376113,105.19789417608214,106.08678436279297,1372300,0.0,0.0
2017-09-29,105.98702753019982,106.78522267747675,105.80562331679717,106.7398681640625,1665300,0.0,0.0
2017-10-02,106.8486962154983,107.13894705841467,106.00515362200288,106.09585571289062,1454300,0.0,0.0
2017-10-03,106.36796710188781,106.57658814907775,104.80787307124996,104.8350830078125,1765800,0.0,0.0
2017-10-04,104.66275226455885,106.69450841958907,104.58112244856797,106.29541778564453,1670700,0.0,0.0
2017-10-05,106.30446656200483,107.6105987750396,106.30446656200483,106.54936981201172,1528400,0.0,0.0
2017-10-06,106.45866676204795,106.84869196546494,104.46318624126022,104.66273498535156,3332300,0.0,0.0
2017-10-09,104.91669974670039,105.91443651040836,104.01873735137575,104.75343322753906,2659300,0.0,0.0
2017-10-10,105.12533392932632,105.98701421492581,104.44505783433947,105.62419891357422,1654800,0.0,0.0
2017-10-11,106.20470313698712,107.29314906675859,106.0505088793106,106.88497924804688,1963200,0.0,0.0
2017-10-12,106.95752974844548,107.18428842256624,105.79652644416733,106.63099670410156,1870800,0.0,0.0
2017-10-13,106.83055414746106,107.72851663249628,106.5856578043155,107.53804016113281,1310700,0.0,0.0
2017-10-16,107.52897554191553,107.8010818228399,106.98474913981444,107.22965240478516,1216100,0.0,0.0
2017-10-17,107.10266868768076,107.32942738311363,105.93259298883204,107.28407287597656,1579500,0.0,0.0
2017-10-18,107.68317516420954,107.68317516420954,105.8237510112463,106.39518737792969,1688700,0.0,0.0
2017-10-19,105.93259011875868,105.94166240396554,104.70809458062219,104.80786895751953,2112900,0.0,0.0
2017-10-20,103.03007739092916,103.47452941584602,100.07314898911646,102.89402770996094,4934600,0.0,0.0
2017-10-23,102.96658123456444,105.0709015667116,101.72394806246895,102.06861877441406,4556800,0.0,0.0
2017-10-24,102.4132987631518,102.63098516938292,101.50626399704171,101.62417602539062,3063500,0.0,0.0
2017-10-25,101.85093972853649,102.54028812233514,101.070889237689,101.95071411132812,3326600,0.0,0.0
2017-10-26,102.53121010728633,103.76477793457427,102.51306553681461,103.03007507324219,2142900,0.0,0.0
2017-10-27,102.47678735391771,102.62190931297971,101.12530061695284,101.95977783203125,2461300,0.0,0.0
2017-10-30,101.42463026596533,102.0414142019466,100.74435417128569,100.9257583618164,1923800,0.0,0.0
2017-10-31,101.15251430064147,102.34979991781111,100.75342370833566,102.05048370361328,2299000,0.0,0.0
2017-11-01,101.4971907777985,102.91216278546975,100.77156020353702,101.63324737548828,2595800,0.0,0.0
2017-11-02,101.64230070678013,102.00511595095587,100.24546651478488,101.17971801757812,2148600,0.0,0.0
2017-11-03,101.13437316629235,101.86000372387663,100.3180405190415,100.4903793334961,1900400,0.0,0.0
2017-11-06,100.80784543858996,100.80784543858996,99.49264776855615,99.65591430664062,1982800,0.0,0.0
2017-11-07,99.68311938730363,101.7148752688435,99.47449835208651,101.52439880371094,2205800,0.0,0.0
2017-11-08,102.10490596344385,103.76478128883538,102.10490596344385,102.70355224609375,2005300,0.0,0.0
2017-11-09,102.42236735201601,103.51081325768209,102.26817309775437,102.75797271728516,1572400,0.0,0.0
2017-11-10,102.54934673096668,103.81919676635903,102.53120908080257,103.52894592285156,1690800,0.0,0.0
2017-11-13,103.32939853563937,104.871361784748,103.32939853563937,104.6808853149414,1751600,0.0,0.0
2017-11-14,104.40877804090923,104.74438341348825,103.43825106629033,103.90084075927734,1881500,0.0,0.0
2017-11-15,103.87361325518495,104.30899296633454,102.75796442307632,102.88494873046875,1753400,0.0,0.0
2017-11-16,103.22962833562032,104.60832510638437,103.06636179487528,104.21829986572266,1453800,0.0,0.0
2017-11-17,103.52894842988587,104.63553196009418,103.28405208604727,103.69221496582031,1488000,0.0,0.0
2017-11-20,103.99152049008613,104.98018490349467,103.6014953269697,104.6264419555664,2127700,0.0,0.0
2017-11-21,105.0527684409037,106.96661238938832,104.83508203030688,106.1230697631836,3337400,0.0,0.0
2017-11-22,105.70582813616534,106.14120093076583,104.91670543077895,105.26138305664062,1482700,0.0,0.0
2017-11-24,105.51535636445863,106.1865601560478,105.28859767215305,105.65141296386719,1013000,0.0,0.0
2017-11-27,105.76025136612776,106.21376874498776,105.47907280567487,105.90538024902344,1424500,0.0,0.0
2017-11-28,106.12307218526651,106.64008174731275,105.80561138754099,106.46774291992188,1809400,0.0,0.0
2017-11-29,106.31354012183633,108.61740917184633,106.15934587820544,108.06411743164062,2129000,0.0,0.0
2017-11-30,108.37252671104477,109.11629500978603,107.48362951492633,108.62649536132812,5125700,0.0,0.0
2017-12-01,108.4813501564497,109.33396500005418,107.74665425426964,109.30675506591797,2058500,0.0,0.0
2017-12-04,109.66050075953156,111.94622524508377,109.30675776676902,111.66504669189453,2648800,0.0,0.0
2017-12-05,110.73080836637573,112.2636924494544,110.43148522608253,111.4292221069336,2056700,0.0,0.0
2017-12-06,110.8487228323736,111.80111214690913,110.48590752587786,110.80337524414062,1931800,0.0,0.0
2017-12-07,110.93137591050727,111.12337695747779,109.00221356528426,109.49593353271484,1953600,0.97,0.0
2017-12-08,109.38621361712097,109.9256510989803,108.62734736789392,109.81593322753906,1520600,0.0,0.0
2017-12-11,108.7462146353108,108.80107008554207,107.39305540031442,108.33477783203125,2048900,0.0,0.0
2017-12-12,108.14276819023466,108.14276819023466,106.35075154470947,106.42389678955078,2040500,0.0,0.0
2017-12-13,106.46047103145693,108.11534211195732,106.18617984688672,107.32904815673828,2334800,0.0,0.0
2017-12-14,107.34733265998369,107.98733609172004,106.69817735356136,107.20104217529297,2162600,0.0,0.0
2017-12-15,107.63990159139227,109.02962625302229,107.63990159139227,108.3530502319336,4036000,0.0,0.0
2017-12-18,108.51763320603949,109.98050323698932,108.36219781563034,109.39535522460938,2563800,0.0,0.0
2017-12-19,109.85250913222785,111.51652520012,109.52336248358853,110.23651123046875,2413800,0.0,0.0
2017-12-20,110.1724951674166,110.49249687031046,109.11191012295245,110.12677764892578,1908800,0.0,0.0
2017-12-21,110.15421472593643,110.8125009680387,109.83420604061271,109.97135162353516,1894200,0.0,0.0
2017-12-22,110.35536752943946,110.76680432985897,109.89822017931665,110.31880187988281,980600,0.0,0.0
2017-12-26,110.12677680022341,111.17821693778359,109.66049159767753,110.91307067871094,621800,0.0,0.0
2017-12-27,111.16908832123379,111.80909879134113,110.93137672353656,111.43423461914062,1139100,0.0,0.0
2017-12-28,111.47994970342744,111.75424089539929,109.42278669018283,109.92565155029297,1569700,0.0,0.0
2017-12-29,110.2639394545179,111.07766117969528,109.85250962961337,110.31880187988281,1326900,0.0,0.0
2018-01-02,110.45593730755859,110.62051062786011,108.74621073191385,108.86506652832031,2058700,0.0,0.0
2018-01-03,109.24905477793298,109.36791753479716,106.67988930221956,107.04560852050781,2496000,0.0,0.0
2018-01-04,107.58503381322292,109.29476706598457,107.14617635268868,108.27989959716797,2007200,0.0,0.0
2018-01-05,108.35306199248356,108.70049145172229,107.62162347506926,108.04219818115234,1421400,0.0,0.0
2018-01-08,107.89590955755439,109.3039241028679,107.85933693586276,109.19420623779297,2139900,0.0,0.0
2018-01-09,109.21249472272913,109.21249472272913,106.74390192243753,106.78961944580078,2322700,0.0,0.0
2018-01-10,106.47875707679256,106.59761287342795,103.24215308830502,105.10731506347656,2700000,0.0,0.0
2018-01-11,105.14388855695043,105.3633173277512,102.69357852721133,103.04100799560547,3252100,0.0,0.0
2018-01-12,103.2055620386704,103.94614533699288,102.40098537902011,103.2969970703125,3392600,0.0,0.0
2018-01-16,103.91872506344892,104.8147298434262,103.50728831812077,104.46730041503906,3243800,0.0,0.0
2018-01-17,104.79644411093804,107.09131841517232,104.67758135479302,106.66160583496094,2679900,0.0,0.0
2018-01-18,106.3873268884359,106.76218407068582,105.03416772631684,105.45474243164062,2567700,0.0,0.0
2018-01-19,105.82045444703559,106.30502946618829,105.10730577918714,105.59188079833984,2590400,0.0,0.0
2018-01-22,105.32674766340718,107.03648128004622,105.20789186244876,106.89019775390625,2452100,0.0,0.0
2018-01-23,106.25016569532664,108.0787547415772,105.3084434525898,107.74046325683594,3630500,0.0,0.0
2018-01-24,107.82276722736917,109.76107437630984,106.84447224110752,109.45021057128906,5303500,0.0,0.0
2018-01-25,109.85249698397293,112.9153824821095,109.4136325091482,112.86052703857422,3703700,0.0,0.0
2018-01-26,112.09252651104681,112.09252651104681,110.03536347851143,111.75424194335938,3265000,0.0,0.0
2018-01-29,111.41594544336091,112.22052221577229,109.40450002457524,109.45021057128906,3037400,0.0,0.0
2018-01-30,109.2581971244973,109.70619949429071,108.13361177524504,108.34390258789062,2401000,0.0,0.0
2018-01-31,109.01135326599956,109.05706381280389,106.34160760920653,106.97247314453125,3683000,0.0,0.0
2018-02-01,106.83532174987204,107.96904509154851,106.42389197340898,107.79533386230469,2205100,0.0,0.0
2018-02-02,107.24676022528742,107.42961635653965,105.89360113727238,106.25017547607422,2614100,0.0,0.0
2018-02-05,106.08560683613644,106.9907565840412,102.05357106782284,102.2912826538086,3468400,0.0,0.0
2018-02-06,101.03870268743485,104.90616511094538,100.82841185086717,104.35758972167969,4998600,0.0,0.0
2018-02-07,104.33930111751009,105.16216066806349,102.62956772309833,102.73014068603516,2418900,0.0,0.0
2018-02-08,102.73015236994209,103.6627298885416,101.61471172724418,102.1175765991211,2809000,0.0,0.0
2018-02-09,102.72099676710586,102.72099676710586,100.12440345508857,101.88899230957031,3402800,0.0,0.0
2018-02-12,102.63871986850917,105.0433122986869,102.4010013051923,103.92787170410156,2695200,0.0,0.0
2018-02-13,103.47987812880184,104.13817145244607,102.82158480515763,103.00444793701172,1909700,0.0,0.0
2018-02-14,102.6112883585589,103.81815697895843,102.38271470336569,103.06843566894531,1678600,0.0,0.0
2018-02-15,103.42500783008914,105.99417342807062,102.87642548879248,105.89360046386719,2087600,0.0,0.0
2018-02-16,105.92101591468602,107.1918847054633,105.70158718889711,106.14958953857422,2013700,0.0,0.0
2018-02-20,105.61017881777953,105.61017881777953,103.72672706255912,104.64102172851562,1845600,0.0,0.0
2018-02-21,104.62272956229097,105.0433042340146,102.29127558207975,102.34613800048828,2168400,0.0,0.0
2018-02-22,102.75757659007877,104.18387403182695,102.51072010035878,103.1415786743164,1217100,0.0,0.0
2018-02-23,103.52558198250651,103.90958404541017,102.89471646808313,103.90958404541016,1290500,0.0,0.0
2018-02-26,104.13815139422626,104.80558251427176,103.50728591799337,104.65015411376953,1249000,0.0,0.0
2018-02-27,104.44901417955558,104.71416045322867,102.71185302734375,102.71185302734375,1960300,0.0,0.0
2018-02-28,103.53472222828148,103.7541579624458,101.3678484136459,101.41355895996094,2309600,0.0,0.0
2018-03-01,101.48670795252505,102.99529554692228,101.11184379112001,101.94385528564453,1830900,0.0,0.0
2018-03-02,101.67871112323905,103.06844295129393,101.67871112323905,102.90386962890625,1871600,0.0,0.0
2018-03-05,102.54729613937263,103.9004483790442,102.41928846484863,103.47987365722656,1842100,0.0,0.0
2018-03-06,103.43415359209394,103.76330023160936,101.51413617859717,103.36101531982422,2015200,0.0,0.0
2018-03-07,102.7301396845806,103.05014139284454,101.79755530562389,102.18156433105469,1263700,0.0,0.0
2018-03-08,102.3937587772715,103.38088638113057,102.18157635093843,103.37166595458984,1704000,1.0,0.0
2018-03-09,103.71299184683679,104.39568340464842,102.69818901249937,103.27017211914062,1692300,0.0,0.0
2018-03-12,103.14101397674395,104.90307946984207,103.0026301748218,104.30342102050781,3153000,0.0,0.0
2018-03-13,104.61709031952569,105.23519665119512,103.97130159697448,104.21116638183594,1572000,0.0,0.0
2018-03-14,104.4510388034712,104.88463812525221,102.1723407769152,102.4767837524414,2500500,0.0,0.0
2018-03-15,102.58749113967959,103.12257148443908,101.90480654996531,102.3476333618164,1704800,0.0,0.0
2018-03-16,102.75354025344616,103.59306350924756,102.3107205234461,103.3439712524414,3850100,0.0,0.0
2018-03-19,103.39933664830788,104.0174430463516,102.10776610300488,102.48600769042969,1434000,0.0,0.0
2018-03-20,102.76276765097373,103.251717661842,101.31436550773506,101.59113311767578,1505900,0.0,0.0
2018-03-21,101.30513192121107,101.45274318118965,99.26629890258,100.00434112548828,3038400,0.0,0.0
2018-03-22,99.7644803772413,100.83464093983805,99.10024375749057,99.15560150146484,2225400,0.0,0.0
2018-03-23,99.47851205684586,99.58921348974206,96.48022624867815,96.6278305053711,2961400,0.0,0.0
2018-03-26,97.67952337399423,98.27918186367341,97.04296910391318,97.38430786132812,2219600,0.0,0.0
2018-03-27,97.33818573627816,100.37337399999026,97.20902938790685,99.17405700683594,2527400,0.0,0.0
2018-03-28,99.54307173090787,101.45274851673649,99.37701257394482,100.98224639892578,2641800,0.0,0.0
2018-03-29,101.7940992178658,103.78680933558593,101.31437661831845,101.6003646850586,3391200,0.0,0.0
2018-04-02,101.24979936237665,101.59114518337856,98.29764401868883,98.79581451416016,1998600,0.0,0.0
2018-04-03,98.96186439685576,99.83829049110933,98.25150450348573,99.52462005615234,2441600,0.0,0.0
2018-04-04,99.13716461439154,101.41586291795383,98.69434481297094,100.82543182373047,2358600,0.0,0.0
2018-04-05,100.88076133717644,101.40661413990358,99.70912686039573,100.93611907958984,2476700,0.0,0.0
2018-04-06,100.67780806171373,102.52290676226484,99.22940586332084,100.18885803222656,1832600,0.0,0.0
2018-04-09,100.35491440061648,101.16676231087386,99.29398126966188,99.96744537353516,1987600,0.0,0.0
2018-04-10,100.3364717422831,101.04683166230143,99.79216395239183,100.06893157958984,1382600,0.0,0.0
2018-04-11,99.64455132653326,100.3180083703464,99.07256822975984,99.44158935546875,1598600,0.0,0.0
2018-04-12,99.48771948880723,99.92131881366441,97.91938839401915,97.9378433227539,1512500,0.0,0.0
2018-04-13,98.13158098961155,98.40834158306843,97.43966894822942,97.64262390136719,1989200,0.0,0.0
2018-04-16,98.10389153716513,99.23863030032574,97.89170913463043,98.53749084472656,2248000,0.0,0.0
2018-04-17,98.77735694267753,98.88806539665175,97.32895476935575,98.34375762939453,2410800,0.0,0.0
2018-04-18,98.68509874488244,99.24785437524633,98.2330515632515,98.2791748046875,2768600,0.0,0.0
2018-04-19,96.65550394552422,96.86769341852111,94.24765632739243,95.33625793457031,4086200,0.0,0.0
2018-04-20,94.80116295367387,95.00412491494588,91.25857017168127,92.28260040283203,5161800,0.0,0.0
2018-04-23,92.5040182120898,93.78636825606355,89.97623501894306,90.88955688476562,7658100,0.0,0.0
2018-04-24,90.11462687473625,93.63876534817204,89.5795465263654,92.62396240234375,6222300,0.0,0.0
2018-04-25,92.31029240488363,95.2163244758862,92.31029240488363,94.3768081665039,4023300,0.0,0.0
2018-04-26,94.413697250003,95.42850716740406,94.16461202204555,94.7365951538086,2649800,0.0,0.0
2018-04-27,94.46905447144684,96.75697290877845,94.42292418873338,96.41563415527344,2214600,0.0,0.0
2018-04-30,96.6093603697626,96.86767303837281,95.05947731960893,95.520751953125,2979300,0.0,0.0
2018-05-01,94.99490635305186,95.5945648297752,94.10925983418826,95.21631622314453,2001900,0.0,0.0
2018-05-02,94.81960850579527,95.07792116341692,92.95606216260191,93.24205017089844,2563900,0.0,0.0
2018-05-03,93.39888993251488,95.28089136467565,93.19592795868,94.42292022705078,1959800,0.0,0.0
2018-05-04,94.52439579738832,96.12040910504786,94.32143383518387,95.69603729248047,1521100,0.0,0.0
2018-05-07,96.0097051044754,96.16653679580433,94.55207552526021,95.1701889038086,1437800,0.0,0.0
2018-05-08,95.18863932113338,95.57610834711734,93.83249069169675,93.9616470336914,1832000,0.0,0.0
2018-05-09,94.59820410661841,95.4192724035271,93.74946045744193,95.07792663574219,1511000,0.0,0.0
2018-05-10,95.17940603741393,96.22189121211896,95.17940603741393,95.78829193115234,1232600,0.0,0.0
2018-05-11,96.09273664430157,97.11675987247017,95.70526059639478,96.77542114257812,2677300,0.0,0.0
2018-05-14,96.84924093937354,96.95994236483004,96.07429576871066,96.68318176269531,1455700,0.0,0.0
2018-05-15,96.0004953690715,96.44332221056258,94.67202892158596,95.94514465332031,2170200,0.0,0.0
2018-05-16,96.02815493629797,96.9138084736453,95.83442042453221,96.76619720458984,1675800,0.0,0.0
2018-05-17,96.8676858447199,97.38431125024056,96.1480984474609,96.74775695800781,1784700,0.0,0.0
2018-05-18,96.75697758291109,96.75697758291109,95.10561332859494,95.64069366455078,2499500,0.0,0.0
2018-05-21,96.06505960359699,96.65549061420403,95.47462859298996,96.60936737060547,2081800,0.0,0.0
2018-05-22,96.65549116376037,97.71642431145898,96.04661225995058,96.66471862792969,1749400,0.0,0.0
2018-05-23,96.60013413180823,96.82154398792694,96.04660597226523,96.45252990722656,1856400,0.0,0.0
2018-05-24,96.48022182899763,96.72930708009768,95.63147803603512,96.27725982666016,1562600,0.0,0.0
2018-05-25,96.22190718636915,97.72566020500128,96.00049025816455,97.29206085205078,1758300,0.0,0.0
2018-05-29,96.83077482382076,97.95628610923546,96.37872763227463,96.71084594726562,2011400,0.0,0.0
2018-05-30,96.86768080731761,97.71642451181962,95.60378567625993,97.2551498413086,2165400,0.0,0.0
2018-05-31,96.89535721595438,96.89535721595438,92.55015061706831,93.03910064697266,6930200,0.0,0.0
2018-06-01,93.6572076034569,94.06313157275824,92.66085964738825,93.05755615234375,1853300,0.0,0.0
2018-06-04,93.23283368814576,93.85094709281405,93.17748298027718,93.50037384033203,1423800,0.0,0.0
2018-06-05,93.91551848104706,93.91551848104706,92.65162344756368,93.00218963623047,1425500,0.0,0.0
2018-06-06,93.14980798926686,93.2974122236558,91.9966213142259,92.94684600830078,2044800,0.0,0.0
2018-06-07,93.02138789043488,95.63041779625297,92.83502404134177,94.87566375732422,3113800,1.0,0.0
2018-06-08,94.81975122894377,96.3572191036178,94.74520569475332,96.22676086425781,1799200,0.0,0.0
2018-06-11,96.13358705532548,96.9535737521599,96.02177585779624,96.571533203125,2223700,0.0,0.0
2018-06-12,96.6740289563271,96.83243288796221,95.31360492000402,96.46903228759766,1982700,0.0,0.0
2018-06-13,96.77654112286059,96.98153782089001,95.75156474176808,95.87269592285156,1942300,0.0,0.0
2018-06-14,95.75155358012806,95.95655025426127,94.66134464124269,95.08065795898438,2381900,0.0,0.0
2018-06-15,95.12724475273465,96.55290151964377,94.80111690764585,96.38517761230469,3448800,0.0,0.0
2018-06-18,95.83541018948577,96.14290519494622,93.3661443946081,93.86931610107422,2222500,0.0,0.0
2018-06-19,93.72023219977697,95.82609028383884,93.54318832820269,95.36019134521484,2225300,0.0,0.0
2018-06-20,95.15520843844905,95.35088515326923,94.15818492442958,94.7172622680664,1787200,0.0,0.0
2018-06-21,93.63636954437203,94.66134581873399,92.58344047029034,93.31024169921875,2918300,0.0,0.0
2018-06-22,93.27296670504711,95.05270407465859,93.17978833851933,94.08363342285156,2224900,0.0,0.0
2018-06-25,93.86932849482363,97.01881028345629,93.86932849482363,96.79517364501953,2535300,0.0,0.0
2018-06-26,96.8044857382773,97.01880238874261,94.83839155026551,96.27336120605469,2068200,0.0,0.0
2018-06-27,96.03109302501943,97.20516041510722,94.89429840546426,96.34790802001953,2237300,0.0,0.0
2018-06-28,96.33859164119151,97.79219420087647,96.15223489063602,97.40084075927734,2178100,0.0,0.0
2018-06-29,97.34493419519481,98.88240225379404,96.83244247264365,98.15559387207031,2044500,0.0,0.0
2018-07-02,97.60583248198876,98.19286261450644,97.08402791975081,97.81082916259766,1653200,0.0,0.0
2018-07-03,98.44444744132724,98.54694577684894,97.25174729240591,97.46605682373047,1201200,0.0,0.0
2018-07-05,98.07173029842959,99.58124547605912,97.79218808103579,99.4880599975586,2661300,0.0,0.0
2018-07-06,99.59056724334648,100.25214296735435,99.14330818638136,99.56261444091797,1990900,0.0,0.0
2018-07-09,99.03149058511181,99.506709557003,97.83879027915748,97.97856140136719,1747500,0.0,0.0
2018-07-10,97.97855106563763,98.07172943426322,96.13358808701412,97.61515045166016,2978900,0.0,0.0
2018-07-11,97.68969028184212,98.37922585947675,97.37288240216184,97.95059967041016,1895000,0.0,0.0
2018-07-12,98.24877735753942,98.57490521568806,97.47538335889116,97.95991516113281,2023300,0.0,0.0
2018-07-13,97.77355345409667,99.42283260106231,97.60582954855323,98.41649627685547,1947200,0.0,0.0
2018-07-16,98.47241965436676,98.71468914145971,97.4753960105883,98.21151733398438,1669100,0.0,0.0
2018-07-17,98.23013594252033,99.3017049823922,98.1835503115153,99.20852661132812,1669500,0.0,0.0
2018-07-18,98.66808048364159,98.67740045331092,96.72062625693331,96.81380462646484,2088900,0.0,0.0
2018-07-19,95.97519441140788,96.95358515922369,95.18316752982369,96.48768615722656,4612100,0.0,0.0
2018-07-20,96.40380907178792,98.11832089010585,96.17085959874308,97.54060363769531,2120300,0.0,0.0
2018-07-23,97.65242158738788,98.31399723533266,96.76720932761806,98.24877166748047,3735900,0.0,0.0
2018-07-24,96.18950934749262,98.9569433978954,95.97519268245075,98.919677734375,4215200,0.0,0.0
2018-07-25,98.83580345039718,99.54397184838409,98.2860460990633,99.10602569580078,2457300,0.0,0.0
2018-07-26,99.45080046750964,101.2864364968303,99.18989106430024,100.6900863647461,2379300,0.0,0.0
2018-07-27,100.2335167881027,101.74303220092199,99.73034498382961,100.67146301269531,2207200,0.0,0.0
2018-07-30,100.06577639231296,100.99757429678299,99.84214688577522,100.64349365234375,2099500,0.0,0.0
2018-07-31,100.74599480871666,106.87721978875668,100.74599480871666,106.09451293945312,6699000,0.0,0.0
2018-08-01,105.70316029831223,105.70316029831223,103.77433885216955,104.67817687988281,4284300,0.0,0.0
2018-08-02,104.76203778828777,107.56675144729935,104.72476501934116,107.50152587890625,2880100,0.0,0.0
2018-08-03,107.62266710172302,111.34053906561094,107.62266710172302,108.7408218383789,3247200,0.0,0.0
2018-08-06,108.1537846517711,109.45830316594501,107.99538071101425,108.64763641357422,2160100,0.0,0.0
2018-08-07,108.09788385578562,108.18174226024736,105.88952012058743,106.22496795654297,1733700,0.0,0.0
2018-08-08,105.91746781826326,106.15973726790237,104.44522539907359,104.48249816894531,1703300,0.0,0.0
2018-08-09,104.3147802798089,104.86454478083002,103.56934616651222,103.62525177001953,1601900,0.0,0.0
2018-08-10,103.28047531363882,103.98864370467683,102.38595018714258,102.58162689208984,2372700,0.0,0.0
2018-08-13,102.99162817704509,103.84888060069504,101.74302231334464,103.45752716064453,3184400,0.0,0.0
2018-08-14,103.53207212479889,104.18432785456618,103.1966242897602,103.55070495605469,1478300,0.0,0.0
2018-08-15,103.21526364173117,108.75946613123014,102.88913575624412,108.51719665527344,6018500,0.0,0.0
2018-08-16,109.253309570774,110.5578281217881,108.05128936292162,110.19442749023438,3645400,0.0,0.0
2018-08-17,109.99874438594358,111.58279796436314,109.83102048042414,111.40575408935547,3429800,0.0,0.0
2018-08-20,111.60143015366886,112.26301291151452,109.8310198499697,110.05464935302734,2211300,0.0,0.0
2018-08-21,109.83103471962964,109.9521659024659,108.05129709648924,108.96446228027344,2175900,0.0,0.0
2018-08-22,108.96445942973479,108.96445942973479,107.82766474235532,108.03266143798828,1283200,0.0,0.0
2018-08-23,107.8276559539413,108.64763556058678,107.20335305652756,108.2656021118164,1119800,0.0,0.0
2018-08-24,108.15378268355504,108.88058391291072,107.74378932994769,108.40536499023438,1198700,0.0,0.0
2018-08-27,108.70354981409965,108.97376495755358,107.07290343828043,107.37107849121094,1335900,0.0,0.0
2018-08-28,107.81833827182041,108.50786675360773,107.21266819188853,107.44561767578125,1217500,0.0,0.0
2018-08-29,107.70650895967299,108.2190006155152,107.19402441288413,107.26856994628906,1924700,0.0,0.0
2018-08-30,107.15676545147534,107.60403160047406,106.11314917651447,106.57904815673828,2841900,0.0,0.0
2018-08-31,106.81199545857709,107.85561171215723,106.4113220594311,107.6599349975586,1679000,0.0,0.0
2018-09-04,107.21266690648976,107.3897107870229,105.62861327863249,105.92678833007812,1902000,0.0,0.0
2018-09-05,105.4608861139962,108.88990265434927,105.45156614450464,108.73149871826172,3171900,0.0,0.0
2018-09-06,107.998423762104,109.61496358302735,107.24653910592757,109.06985473632812,2511000,1.0,0.0
2018-09-07,108.56232944546689,108.87247522135799,108.02661397919634,108.52473449707031,1312500,0.0,0.0
2018-09-10,109.07923784937552,109.63375434457949,108.61871230524203,108.74089050292969,1152700,0.0,0.0
2018-09-11,108.63751386243992,108.84428249658733,108.08300449859308,108.22398376464844,967400,0.0,0.0
2018-09-12,108.1394012613887,109.49279084189264,107.64128069925985,109.31421661376953,1104100,0.0,0.0
2018-09-13,109.22022736526131,109.22022736526131,107.998423762104,109.06985473632812,1358200,0.0,0.0
2018-09-14,109.1920209724711,109.5209677845401,108.261569369618,109.4457778930664,1175300,0.0,0.0
2018-09-17,109.44578976069165,110.21646830560782,108.59992848665216,110.04729461669922,1394100,0.0,0.0
2018-09-18,110.49842188439465,110.49842188439465,109.13563907471668,110.02849578857422,1525600,0.0,0.0
2018-09-19,110.00030149604181,110.31984779972402,108.91006951064873,109.16383361816406,889200,0.0,0.0
2018-09-20,108.87247343786478,109.88751551643472,108.81608460144525,109.74653625488281,1166600,0.0,0.0
2018-09-21,110.09429066267458,110.35744814221806,109.57736906321166,109.69955444335938,2131900,0.0,0.0
2018-09-24,109.34241155932247,109.47399747628373,107.05857738702522,107.1243667602539,1817900,0.0,0.0
2018-09-25,107.74465760460465,107.74465760460465,105.61119622661309,105.7427749633789,1507400,0.0,0.0
2018-09-26,105.99653074466156,107.19014706288117,105.54540570084093,106.26908874511719,1231900,0.0,0.0
2018-09-27,106.2409052801988,107.37812570731691,105.77097912830683,106.12812042236328,1062000,0.0,0.0
2018-09-28,105.85554922445037,106.82360300013688,105.85554922445037,106.80480194091797,1865600,0.0,0.0
2018-10-01,106.90818354322116,107.40630404233987,106.20329442095817,106.76720428466797,1130300,0.0,0.0
2018-10-02,106.8330053861786,107.81985313396534,106.54165347819557,107.71646881103516,1433600,0.0,0.0
2018-10-03,108.4307489760109,108.88187400854358,105.60179189634634,105.77096557617188,2107300,0.0,0.0
2018-10-04,104.85931109633974,105.78976277928025,104.07923203878703,105.62998962402344,1838700,0.0,0.0
2018-10-05,105.78976045513606,107.27472863967198,105.78976045513606,106.62622833251953,2227900,0.0,0.0
2018-10-08,105.21644725059957,107.96082102842568,105.1506578857152,107.39690399169922,1451000,0.0,0.0
2018-10-09,107.50029319655695,108.63751351017686,107.0303670915651,107.24653625488281,1481500,0.0,0.0
2018-10-10,104.97210389547759,108.26158688950756,104.32360352495044,106.14691925048828,2526800,0.0,0.0
2018-10-11,106.32547394745244,107.05856466697563,101.55103034933322,101.62621307373047,3433300,0.0,0.0
2018-10-12,102.30290435930404,102.97959904972873,101.05289928785302,102.5754623413086,2237100,0.0,0.0
2018-10-15,102.52847642638682,104.69013942564445,102.39689768770194,103.65630340576172,1389800,0.0,0.0
2018-10-16,103.77848604532726,103.9852546922327,102.97021251860805,103.44953918457031,1529100,0.0,0.0
2018-10-17,102.9232118928617,103.64689489994016,101.22207460990603,102.27471160888672,2733400,0.0,0.0
2018-10-18,102.35930407698089,103.39314003796478,101.86117639976305,102.89501953125,1856500,0.0,0.0
2018-10-19,105.31983868347422,106.51345503201082,103.5059235913033,103.59991455078125,4250700,0.0,0.0
2018-10-22,104.44577947923061,105.63939586956177,98.55290894109976,100.00028228759766,4258300,0.0,0.0
2018-10-23,99.05102066924923,99.4645579229797,97.48146924968582,97.87620544433594,4400100,0.0,0.0
2018-10-24,98.14876761203966,101.2502828059446,98.03598276426922,98.88185119628906,3426400,0.0,0.0
2018-10-25,99.12621049751684,100.26343077400334,98.0265851686625,98.28034210205078,2931500,0.0,0.0
2018-10-26,97.65064930998058,97.99839005015644,94.28597656504,96.15628051757812,3785900,0.0,0.0
2018-10-29,96.66380317181607,97.55666711802319,95.18823541555125,96.14688873291016,2380400,0.0,0.0
2018-10-30,96.88935744646335,100.14125228762965,96.81417472191565,99.84049987792969,2894400,0.0,0.0
2018-10-31,99.44576011527421,99.62433432986049,97.19951390543932,98.0265884399414,2501300,0.0,0.0
2018-11-01,97.84801236621053,99.83110106666206,97.84801236621053,99.65252685546875,1828700,0.0,0.0
2018-11-02,100.24465379201085,100.43262139136993,98.24276372336571,99.13562774658203,1666900,0.0,0.0
2018-11-05,99.48334813915095,100.70515879615913,98.88184333984,100.44200134277344,1567800,0.0,0.0
2018-11-06,100.1412657497578,101.09051141299558,99.96269151763204,100.54540252685547,1632400,0.0,0.0
2018-11-07,100.77095466830401,101.1750914036789,99.62433382977514,101.02471160888672,1639300,0.0,0.0
2018-11-08,100.72395595582935,101.31606741568334,100.0378678830025,100.76155090332031,1187700,0.0,0.0
2018-11-09,101.20329354207273,103.16758136047865,100.9401360516168,102.86682891845703,2234200,0.0,0.0
2018-11-12,102.80103067698762,104.58675128452857,102.64125752449532,103.74088287353516,2141500,0.0,0.0
2018-11-13,103.73149500596219,104.58675682143704,102.6318624282037,103.35555267333984,1423200,0.0,0.0
2018-11-14,103.4025450681743,105.16007141957365,103.34615622572962,104.3048095703125,1452400,0.0,0.0
2018-11-15,104.00405774572177,104.2672152393691,102.8292423844363,104.12623596191406,1610200,0.0,0.0
2018-11-16,104.4645767527241,105.42322287188158,103.70329157081606,104.57735443115234,1394900,0.0,0.0
2018-11-19,104.1356251442932,105.71457710461364,103.23336073510741,103.80667114257812,1672100,0.0,0.0
2018-11-20,104.19201595411701,105.92134056838294,103.45893238196066,104.88750457763672,1790300,0.0,0.0
2018-11-21,104.60554680536586,105.2352460227911,103.65629412937227,104.01343536376953,1432100,0.0,0.0
2018-11-23,104.17320825127088,106.97397079681426,103.75967818364576,106.03411865234375,1111000,0.0,0.0
2018-11-26,105.8555574963221,106.44766900943412,104.7935270235633,106.22209930419922,1865200,0.0,0.0
2018-11-27,106.26908997212462,108.6375144057875,106.22209449303668,108.50593566894531,2311700,0.0,0.0
2018-11-28,108.13938752247543,108.82548275612037,106.93637790175828,107.17134094238281,1921100,0.0,0.0
2018-11-29,107.19014947337625,108.44014748705432,106.81420714806933,108.0360107421875,1329000,0.0,0.0
2018-11-30,107.678863377814,108.61871555259478,107.33111549176401,108.43074798583984,2237000,0.0,0.0
2018-12-03,108.46833936166902,108.46833936166902,105.40441936503093,106.38186645507812,2177900,0.0,0.0
2018-12-04,106.98337960324477,107.40631023277729,105.34803158257807,105.7427749633789,2532000,0.0,0.0
2018-12-06,105.68587739533322,107.11778322760037,104.46260170208802,107.07037353515625,2123100,1.0,0.0
2018-12-07,107.193651668571,107.95227189102962,106.57726776389312,107.6298599243164,2327100,0.0,0.0
2018-12-10,107.97123404831825,108.16088728204258,105.51518343318772,107.81002807617188,2570700,0.0,0.0
2018-12-11,108.06605650057186,110.2281351148591,107.96174505560127,109.77296447753906,2033500,0.0,0.0
2018-12-12,109.75400006590826,110.26607248350186,107.73416489218393,108.02812957763672,2667400,0.0,0.0
2018-12-13,108.76778554503156,112.4471190257278,108.33157732269473,112.27642822265625,2746000,0.0,0.0
2018-12-14,111.84022456300414,112.26694797068829,110.59797196532341,111.34711456298828,2226200,0.0,0.0
2018-12-17,111.2712519181666,111.82125645089593,107.59192547108154,108.27468872070312,1742400,0.0,0.0
2018-12-18,108.64451443633422,109.87728218269183,106.83330214601068,107.57295989990234,1711900,0.0,0.0
2018-12-19,107.71519397539807,110.16175975274228,107.10829494711523,107.99019622802734,2855600,0.0,0.0
2018-12-20,107.99020398973549,108.92900709595472,106.6815792224706,108.17037963867188,3202800,0.0,0.0
2018-12-21,107.77208411314751,110.99623937502328,106.42552749150732,109.953125,5489600,0.0,0.0
2018-12-24,109.2229714834115,109.2229714834115,101.31430667114554,101.32379150390625,2668900,0.0,0.0
2018-12-26,102.0539637090161,105.04104189700331,101.07722858571222,105.02207946777344,2265500,0.0,0.0
2018-12-27,104.39621388614854,107.08933470973575,102.88845111668525,107.03244018554688,1922800,0.0,0.0
2018-12-28,107.39278286295509,108.91951527758388,106.5298440047705,107.35485076904297,1695700,0.0,0.0
2018-12-31,107.57295594202671,108.37899302277032,106.2738088869599,108.0470962524414,1876200,0.0,0.0
2019-01-02,106.96607401647752,107.20314420956828,105.26865056577064,106.00830841064453,2634400,0.0,0.0
2019-01-03,105.51517691701187,106.93759778652289,104.51000181769557,104.91776275634766,3264800,0.0,0.0
2019-01-04,105.07897556214017,106.54881345028541,104.0548379678451,106.09363555908203,2257400,0.0,0.0
2019-01-07,106.28329032501588,108.18932910295727,106.0651826058748,107.5255355834961,1729700,0.0,0.0
2019-01-08,108.43589297031274,109.22296766133495,106.77640180083107,109.0048599243164,2753800,0.0,0.0
2019-01-09,108.99538860534228,109.49797623091041,107.59192995213387,108.11348724365234,1982200,0.0,0.0
2019-01-10,108.31261207153993,110.69279842046977,107.75312275140111,110.62641906738281,2358400,0.0,0.0
2019-01-11,110.78763716624745,111.19539816123638,110.18073809019057,111.13849639892578,1688900,0.0,0.0
2019-01-14,110.32297454282282,110.90142635583017,109.53590705044898,110.23763275146484,3143400,0.0,0.0
2019-01-15,110.218666574812,111.54625373842521,110.0005588351856,110.66435241699219,2000800,0.0,0.0
2019-01-16,110.18074417436368,110.88246991327726,108.56866253628732,108.80573272705078,2878700,0.0,0.0
2019-01-17,108.65400257754172,109.02383146575018,107.53503108032432,108.45486450195312,2400100,0.0,0.0
2019-01-18,110.52211961510484,111.8686764865938,110.14280588424393,110.82556915283203,2683200,0.0,0.0
2019-01-22,110.83503533487226,111.05314305896471,108.12295220555133,109.27037811279297,2886400,0.0,0.0
2019-01-23,105.32552562894973,108.58761319806375,103.75138359988652,106.34967041015625,4922000,0.0,0.0
2019-01-24,106.3212303701587,106.91864458236323,104.95570390248287,105.67639923095703,3128000,0.0,0.0
2019-01-25,105.66692119511121,106.41606383404573,102.48069738880065,102.52811431884766,3053800,0.0,0.0
2019-01-28,102.41431402883566,103.84621988961455,102.20569112046698,102.46173095703125,2571400,0.0,0.0
2019-01-29,102.63242089220142,103.43845802098191,101.88327828892318,102.55655670166016,2460200,0.0,0.0
2019-01-30,102.91689999350251,103.33414580358671,101.93068722818093,102.2910385131836,2305300,0.0,0.0
2019-01-31,102.1203410512219,106.04622219188563,102.06343929503947,105.61949157714844,4330900,0.0,0.0
2019-02-01,105.8186329221817,106.7005342049179,105.5626003332357,105.96087646484375,2203000,0.0,0.0
2019-02-04,106.30226050587541,106.9565764762096,106.05570550860628,106.93760681152344,1895000,0.0,0.0
2019-02-05,106.89968658452142,107.11778709421321,105.74278297197597,106.41606140136719,2021900,0.0,0.0
2019-02-06,106.18847743143644,108.4453829239813,105.81864129732115,108.25572967529297,2173200,0.0,0.0
2019-02-07,107.95225619160757,108.19881116458393,106.73845822434947,107.49708557128906,1735800,0.0,0.0
2019-02-08,107.41175158464398,109.72555880517501,107.2126135060453,109.70659637451172,2204600,0.0,0.0
2019-02-11,109.52641949754175,110.7876345493218,109.52641949754175,110.74970245361328,1955200,0.0,0.0
2019-02-12,110.94883760912664,111.1290132502969,109.6971074229288,110.00055694580078,2118900,0.0,0.0
2019-02-13,109.74453257406535,110.66435880918333,109.71607807479509,110.08590698242188,1765400,0.0,0.0
2019-02-14,109.57383431844941,111.40401630104238,109.06176188844437,110.80659484863281,1511900,0.0,0.0
2019-02-15,111.4134981895311,112.59884907274751,111.00573719631235,112.31436920166016,1854000,0.0,0.0
2019-02-19,112.28591586553816,113.68936718387458,111.63159989825009,113.38591766357422,1964800,0.0,0.0
2019-02-20,113.42384087802047,113.58504684044516,112.07728418928491,112.44711303710938,2270900,0.0,0.0
2019-02-21,112.49453650721865,113.65144011540183,111.79281081701859,113.53765106201172,1540300,0.0,0.0
2019-02-22,112.72213081103047,113.42385651198416,111.84022945970459,112.94023132324219,1571600,0.0,0.0
2019-02-25,113.36696033760296,113.36696033760296,111.3566026533516,111.6884994506836,1696200,0.0,0.0
2019-02-26,111.86866895395028,112.18160330344976,111.44193832241265,111.67900848388672,1192700,0.0,0.0
2019-02-27,111.09108030300347,111.62211515525212,110.52211335633602,110.63590240478516,1349800,0.0,0.0
2019-02-28,110.83504549728926,111.13849503158434,110.20918399803395,110.78763580322266,1663600,0.0,0.0
2019-03-01,110.78762959746736,110.94883557091754,109.11865363492807,109.69710540771484,1790700,0.0,0.0
2019-03-04,110.09538172109019,110.65487106518088,109.17554833550201,110.41780090332031,1644300,0.0,0.0
2019-03-05,110.61693848045955,111.31866413070831,110.33245139356585,110.6453857421875,1389100,0.0,0.0
2019-03-06,110.40831980040151,110.4746991585723,109.45055428838799,110.12383270263672,1139600,0.0,0.0
2019-03-07,110.50654344114838,111.65466045318449,109.6645914522919,110.20037841796875,1456500,1.03,0.0
2019-03-08,110.03772729849379,110.93708292726446,109.95161450983238,110.87010955810547,1255300,0.0,0.0
2019-03-11,110.9179510660032,112.56359076866175,110.70746124828412,112.50617980957031,1248000,0.0,0.0
2019-03-12,112.56358074588971,113.49164542344273,112.4296340191861,112.68795776367188,1021700,0.0,0.0
2019-03-13,112.90803275465,113.63517014231081,112.62099984403905,113.34814453125,1043400,0.0,0.0
2019-03-14,113.52992214976682,114.03700725254825,112.93672426185393,113.32899475097656,1296700,0.0,0.0
2019-03-15,113.1472146736161,115.05117807142317,113.1472146736161,114.9937744140625,2872100,0.0,0.0
2019-03-18,114.72587049543158,115.17554460304059,113.97002411099267,114.40056610107422,988800,0.0,0.0
2019-03-19,114.33360563753342,114.87896229294385,113.91262600895355,114.75458526611328,1387100,0.0,0.0
2019-03-20,115.06073729877822,115.06073729877822,113.38639598249614,114.40056610107422,1487800,0.0,0.0
2019-03-21,114.16137501160621,116.34280139725013,114.16137501160621,116.20885467529297,1220700,0.0,0.0
2019-03-22,116.15146148407143,117.5770416101811,115.75918369190293,116.77336120605469,1393400,0.0,0.0
2019-03-25,116.72551741073967,117.08908606664026,116.18016077711408,116.63941192626953,1555300,0.0,0.0
2019-03-26,116.99341863931389,118.73473355872525,116.93601497918985,117.75883483886719,1064000,0.0,0.0
2019-03-27,117.30914568540088,118.03629029739389,116.90730549175319,118.01715087890625,1245800,0.0,0.0
2019-03-28,118.44770036250385,119.11743401950056,118.24677296585544,118.53380584716797,999100,0.0,0.0
2019-03-29,118.48596215310384,118.91651146617963,117.73012302705487,118.54337310791016,1872300,0.0,0.0
2019-04-01,118.43814053531966,118.59121939845583,116.25671381389172,117.46223449707031,1776200,0.0,0.0
2019-04-02,117.21346538399587,117.91190083782287,116.79248579020486,117.347412109375,1167400,0.0,0.0
2019-04-03,117.06995872159972,117.12736238025394,115.76875559540638,116.50546264648438,1115200,0.0,0.0
2019-04-04,116.87860587423089,117.01255260798027,116.3906528872584,116.71595001220703,673400,0.0,0.0
2019-04-05,116.53416424772483,116.91686501343162,115.74004628973974,116.64897155761719,1259400,0.0,0.0
2019-04-08,116.35237879934544,116.63941167940378,115.89312765116199,116.3810806274414,1171100,0.0,0.0
2019-04-09,116.09404754638672,116.37151071674957,115.54869091485958,116.09404754638672,1314300,0.0,0.0
2019-04-10,115.87399825237691,116.62027499858787,115.87399825237691,116.40022277832031,895600,0.0,0.0
2019-04-11,117.07952363606069,117.3952510452775,116.20886258453258,117.2708740234375,1307000,0.0,0.0
2019-04-12,117.29957348532704,117.93104289012092,116.76378657184077,117.85449981689453,928000,0.0,0.0
2019-04-15,117.74926249202998,118.15110270299891,117.41439564955589,117.68228912353516,1004600,0.0,0.0
2019-04-16,118.01715855612338,118.16067500591909,116.67768385727992,117.98845672607422,1225100,0.0,0.0
2019-04-17,118.06498954025525,118.50510126169151,117.60573840075047,118.11282348632812,1174500,0.0,0.0
2019-04-18,118.34245808691244,119.36619801365171,117.11779805861309,118.20851135253906,1405000,0.0,0.0
2019-04-22,122.39913748214362,126.74285822710642,122.39913748214362,124.61883544921875,6569300,0.0,0.0
2019-04-23,124.37964527142442,124.85802852246836,119.98809053062463,120.18901062011719,5403900,0.0,0.0
2019-04-24,120.1316044238122,120.30382269299027,118.99305720493169,119.02175903320312,2602200,0.0,0.0
2019-04-25,118.31374616869692,118.95477795704045,117.5100585314425,118.64861297607422,1875300,0.0,0.0
2019-04-26,119.2418139113719,120.30382537841798,118.87824524590236,120.30382537841797,1722100,0.0,0.0
2019-04-29,119.94025925119983,120.72480755611585,119.4905777899279,119.83501434326172,1124300,0.0,0.0
2019-04-30,119.9785216189112,123.00189998983178,119.9019785463438,122.8296890258789,1934200,0.0,0.0
2019-05-01,122.37044474676031,122.70531158356968,120.04550170898438,120.04550170898438,1526800,0.0,0.0
2019-05-02,119.99765584417268,121.83464582074875,119.63408719241782,121.75811004638672,1013800,0.0,0.0
2019-05-03,121.71983847453022,122.18865202789141,121.43280559721968,121.98773193359375,1073900,0.0,0.0
2019-05-06,121.53805571120591,122.76271574775953,120.70567347049662,122.37044525146484,1821000,0.0,0.0
2019-05-07,121.71983816928197,122.7148689291514,119.96895368108707,120.72480010986328,1174300,0.0,0.0
2019-05-08,120.80134584547328,122.23649566095243,120.09333334749462,121.40410614013672,1047100,0.0,0.0
2019-05-09,121.52848570273031,121.70070397616888,120.27512384020768,120.93529510498047,1184200,0.0,0.0
2019-05-10,120.46647675277059,122.16952000056185,119.76803397721892,121.93032836914062,942100,0.0,0.0
2019-05-13,120.90658618305439,122.83925131644179,120.55257994743454,122.4852523803711,1538500,0.0,0.0
2019-05-14,122.09297952360555,123.37504319150992,121.50935134655968,122.03557586669922,1272300,0.0,0.0
2019-05-15,122.46611539591322,123.30807461097167,121.80594415675134,123.10714721679688,1138200,0.0,0.0
2019-05-16,123.42288461524784,123.98737337443306,122.54266114352708,123.15499114990234,1248100,0.0,0.0
2019-05-17,122.57137023107917,123.99695772681599,122.29390703995355,123.35591125488281,1028100,0.0,0.0
2019-05-20,123.2315319804185,124.95371465419069,122.96363851995379,124.48489379882812,1495100,0.0,0.0
2019-05-21,124.69538364918289,124.97283951937379,124.1404573097024,124.45619201660156,1427600,0.0,0.0
2019-05-22,124.87717917530999,125.77654210404295,124.26484914284707,125.3172836303711,1049600,0.0,0.0
2019-05-23,124.85804262063722,125.6904248997295,124.43706297632852,125.25032043457031,1187400,0.0,0.0
2019-05-24,125.3555679059985,126.05400345790335,124.8867470017883,124.98242950439453,871900,0.0,0.0
2019-05-28,125.25986916648282,125.99658346357305,122.89665472962442,123.0593032836914,1720900,0.0,0.0
2019-05-29,123.1262891239805,123.15499095242872,122.01643642698653,122.86795806884766,1243400,0.0,0.0
2019-05-30,123.13585959312516,125.00155155986496,122.92536977132889,124.59014892578125,889300,0.0,0.0
2019-05-31,124.30310524015091,124.30310524015091,122.23649334085181,122.36087036132812,1474900,0.0,0.0
2019-06-03,122.85840372052562,125.45123305447109,122.46612590719516,125.36512756347656,1793700,0.0,0.0
2019-06-04,125.5182033694551,126.53237355509954,125.16420442517129,125.74781799316406,2108000,0.0,0.0
2019-06-05,126.18793781304711,128.19715337771294,125.4225216646459,127.72833251953125,1504700,0.0,0.0
2019-06-06,128.04653514344471,129.3000056451631,127.81512045136014,128.79861450195312,1193500,1.03,0.0
2019-06-07,129.4446143635521,130.91984789772556,129.20356294015627,130.08099365234375,1813600,0.0,0.0
2019-06-10,130.11955302232064,130.17740300885782,128.6636077482277,129.88815307617188,899000,0.0,0.0
2019-06-11,129.87850777201317,130.85236496701324,129.2421284646568,129.79173278808594,1148300,0.0,0.0
2019-06-12,130.82343856981916,131.61409440411802,130.22563566957294,131.43089294433594,1244900,0.0,0.0
2019-06-13,131.69122183519806,132.4722261311761,130.89092930487396,132.4047393798828,1464900,0.0,0.0
2019-06-14,132.40474069890018,133.46535819670814,132.02868633215945,132.72291564941406,1374700,0.0,0.0
2019-06-17,132.5493563774924,132.96395775899913,131.14160960720451,132.2890167236328,2083200,0.0,0.0
2019-06-18,133.48464788824882,134.0053125255668,130.15814095578503,131.20912170410156,1780100,0.0,0.0
2019-06-19,130.94879491476198,131.36341108329165,129.38678613649085,131.01629638671875,2401000,0.0,0.0
2019-06-20,131.54659293467697,131.97084584941163,130.4377621269403,131.43089294433594,1853000,0.0,0.0
2019-06-21,131.7876292514121,131.89369246791247,130.27383393875573,130.7366485595703,2792500,0.0,0.0
2019-06-24,131.59480291751797,133.04111161150664,131.22841471961758,132.85791015625,1468400,0.0,0.0
2019-06-25,132.4529461530433,132.9447005275428,131.76836827351175,131.93228149414062,1212800,0.0,0.0
2019-06-26,131.47910887409196,131.5080338722704,128.49971636080662,128.63470458984375,1306200,0.0,0.0
2019-06-27,128.75037945184877,129.8302850733597,128.4514780539385,129.1264190673828,1286700,0.0,0.0
2019-06-28,129.5217573368376,130.37989984710836,128.50933837890625,128.50933837890625,5526900,0.0,0.0
2019-07-01,129.41569470993923,130.82342684159687,128.7696786340947,130.57273864746094,1950000,0.0,0.0
2019-07-02,130.50523368248096,131.71049068097963,130.2159690603193,131.199462890625,1182600,0.0,0.0
2019-07-03,132.1926157235058,133.68712288302657,132.1154774971092,133.3978729248047,1358900,0.0,0.0
2019-07-05,132.90611678206662,133.06039323278372,130.75594208341607,132.15403747558594,872500,0.0,0.0
2019-07-08,132.02869401498552,133.7257056504078,132.02869401498552,133.53286743164062,1443800,0.0,0.0
2019-07-09,133.29182778933708,133.29182778933708,131.0934395328713,131.97085571289062,1175700,0.0,0.0
2019-07-10,132.57828904685832,133.78354622001157,132.32760085138275,132.8675537109375,1291000,0.0,0.0
2019-07-11,132.81934934843682,132.97362580792674,131.28626565286493,132.50115966796875,921700,0.0,0.0
2019-07-12,133.060376136423,133.92815531313818,132.5686365646324,133.7931671142578,1079100,0.0,0.0
2019-07-15,133.97639083964967,134.6513319464076,133.35929972595488,134.26565551757812,975200,0.0,0.0
2019-07-16,134.77667676924975,135.58660605747355,133.4075063879347,133.56178283691406,1421700,0.0,0.0
2019-07-17,133.69676398273904,133.71603750338343,132.4432936481266,133.0893096923828,1604400,0.0,0.0
2019-07-18,132.19261363707363,132.68435327090188,131.53694607935722,132.61685180664062,2152600,0.0,0.0
2019-07-19,133.05074943957206,133.1664494151886,130.78486016633906,130.88128662109375,1496900,0.0,0.0
2019-07-22,131.0452024095637,131.35374058816564,128.92395277661123,129.45425415039062,2559300,0.0,0.0
2019-07-23,131.61406811735696,132.47221053709026,128.2682734138483,130.21597290039062,4423100,0.0,0.0
2019-07-24,131.11268709582546,131.7008531619102,129.2132006879425,129.83029174804688,1833800,0.0,0.0
2019-07-25,129.02036122531837,131.4790886811603,128.48040839209733,130.54380798339844,1518300,0.0,0.0
2019-07-26,130.92949267173816,132.61685273878473,129.93636192357116,132.26010131835938,1834300,0.0,0.0
2019-07-29,132.72292326825922,134.02460699098668,132.38546006383532,133.30145263671875,1186300,0.0,0.0
2019-07-30,133.6581933338302,134.98880194676988,133.021828734809,133.3496551513672,1493100,0.0,0.0
2019-07-31,133.05074710206932,133.36893674203606,129.3481861086635,130.79449462890625,1838700,0.0,0.0
2019-08-01,130.32206220831227,132.20226061545452,129.80138282626476,130.39920043945312,1480900,0.0,0.0
2019-08-02,130.60167290202844,132.03834484314925,129.89780678629597,131.0066375732422,1407800,0.0,0.0
2019-08-05,130.93914169507218,131.4212445623496,127.99831126215749,128.84681701660156,1614000,0.0,0.0
2019-08-06,128.86608708353728,130.25454565809204,128.162221035713,129.7049560546875,1498400,0.0,0.0
2019-08-07,129.261426421414,132.14440704272369,127.58371775551358,131.25733947753906,1751900,0.0,0.0
2019-08-08,131.54661007173516,133.90892640810878,130.94880709361098,133.58108520507812,1329800,0.0,0.0
2019-08-09,133.95708232024666,134.74773800602017,132.24079746039885,133.41712951660156,1380900,0.0,0.0
2019-08-12,133.40749315850283,134.63203844284948,132.75182567166613,133.18572998046875,798700,0.0,0.0
2019-08-13,133.45570775939225,135.61551900275023,132.80004026579385,134.42955017089844,2010700,0.0,0.0
2019-08-14,133.4171444545166,135.58660738445622,131.6815858806546,131.8165740966797,1888500,0.0,0.0
2019-08-15,132.7518291759865,134.9405801596979,132.35651603408445,134.28492736816406,1307600,0.0,0.0
2019-08-16,135.00808811790648,136.63759812766818,134.87309990652685,135.6830291748047,1660500,0.0,0.0
2019-08-19,135.90478566489048,138.03568666005958,135.75050922732123,137.63072204589844,1678200,0.0,0.0
2019-08-20,137.97785701413034,137.98749377566995,134.92131165557595,135.13343811035156,2087600,0.0,0.0
2019-08-21,135.9144517970657,137.22577223261888,135.634823884735,136.8304443359375,1144300,0.0,0.0
2019-08-22,137.11970951693428,137.69822415344126,135.97230229250192,136.70509338378906,989200,0.0,0.0
2019-08-23,136.4544150129906,136.9750796946305,132.64580487588384,133.4557342529297,1427500,0.0,0.0
2019-08-26,134.40064085290874,135.779462745961,133.93782620572895,135.2298583984375,1111500,0.0,0.0
2019-08-27,136.12655919254055,136.51225031577172,135.31662990267313,136.08799743652344,1346500,0.0,0.0
2019-08-28,136.12656074872643,137.0811297379476,135.56733436071923,136.86900329589844,860400,0.0,0.0
2019-08-29,137.67893196911177,137.87178488836128,135.4034058205213,136.762939453125,1057800,0.0,0.0
2019-08-30,137.43788927337778,137.46682898319537,135.5480541304853,136.05908203125,1316700,0.0,0.0
2019-09-03,135.97228132594418,136.77257376002444,134.68988607947415,136.44473266601562,1526900,0.0,0.0
2019-09-04,136.6857932489341,137.61143718441627,136.47366682023218,137.57286071777344,1295100,0.0,0.0
2019-09-05,137.66999859205177,138.55380954712308,135.27109161091198,135.46533203125,2360100,1.03,0.0
2019-09-06,135.64985890188902,136.0092044027042,133.42577878287562,134.0764923095703,2134500,0.0,0.0
2019-09-09,134.86318101344636,134.86318101344636,128.25890304693138,129.43408203125,3430900,0.0,0.0
2019-09-10,128.31717313903505,128.60854117534555,126.7826486460875,127.37509155273438,3040400,0.0,0.0
2019-09-11,127.2682666231467,128.16179928658408,125.49095258980932,128.1132354736328,2624700,0.0,0.0
2019-09-12,129.00675570804927,130.8423552427,128.5891246924434,129.73516845703125,1728600,0.0,0.0
2019-09-13,128.28804988236143,130.01681495556838,128.006403473183,128.59884643554688,1672000,0.0,0.0
2019-09-16,127.75386415361628,128.1326381507896,124.59740923730739,125.07331085205078,2265600,0.0,0.0
2019-09-17,124.95677809710286,128.26863149977765,124.95677809710286,128.12294006347656,1925700,0.0,0.0
2019-09-18,128.62796180240588,129.49234420489424,127.80242155324143,129.25924682617188,1547900,0.0,0.0
2019-09-19,129.50206499908677,131.05601805223782,129.21069694917162,130.25961303710938,1501400,0.0,0.0
2019-09-20,130.68694199179643,131.43478314454853,130.14306290601075,131.1531219482422,2773500,0.0,0.0
2019-09-23,132.96930068779795,133.73655546827683,132.09519664289064,132.8916015625,2271100,0.0,0.0
2019-09-24,133.52291315374706,134.8340620722703,132.6973875698881,133.83370971679688,1518800,0.0,0.0
2019-09-25,133.9793711529031,134.89231742885738,132.94988358881648,133.62002563476562,1894100,0.0,0.0
2019-09-26,134.1639108672518,136.30058522497808,133.99880576165782,136.07720947265625,1684000,0.0,0.0
2019-09-27,137.94193401473876,138.2915726887174,136.74734138680913,137.9710693359375,1546000,0.0,0.0
2019-09-30,137.54373376946256,139.36962629878286,137.46603463847086,137.96136474609375,1399800,0.0,0.0
2019-10-01,137.59230265958,138.24301623362095,136.1646125665249,137.5825958251953,1169600,0.0,0.0
2019-10-02,137.43689744280135,138.24300924380555,133.93080385992462,135.7664031982422,1864000,0.0,0.0
2019-10-03,136.08689081933633,136.6696268166633,134.83402769055294,135.6984100341797,1098900,0.0,0.0
2019-10-04,135.72756527065275,137.54373617815807,135.72756527065275,137.52432250976562,1294500,0.0,0.0
2019-10-07,137.4174831822668,137.65056575146446,135.9897931675566,136.12576293945312,1212500,0.0,0.0
2019-10-08,135.7081426716473,136.0966383502678,133.0470176661722,133.16355895996094,1593200,0.0,0.0
2019-10-09,133.74629091177533,134.1639070812703,132.44484895333392,133.3966522216797,1409400,0.0,0.0
2019-10-10,132.97901522984824,134.5135396993546,132.4642714620536,133.9210968017578,1140500,0.0,0.0
2019-10-11,133.77542881826642,134.60095433888605,133.0761514245682,133.66859436035156,1154600,0.0,0.0
2019-10-14,133.93080601589713,133.93080601589713,130.71608041361836,131.21141052246094,1275600,0.0,0.0
2019-10-15,131.65814338558363,131.8718122612253,129.2980937404393,130.01678466796875,1621500,0.0,0.0
2019-10-16,130.39558391872538,130.85205707620773,129.2786903408144,130.8229217529297,1513900,0.0,0.0
2019-10-17,130.76464225567966,131.98837020931475,130.76464225567966,131.7164306640625,1082000,0.0,0.0
2019-10-18,131.56106437658545,133.81428016239212,130.5898473541732,133.27040100097656,1765800,0.0,0.0
2019-10-21,133.04699602761966,135.5333086880417,132.74590636830942,135.1836700439453,2447100,0.0,0.0
2019-10-22,133.05671185019827,133.29951606890302,125.65604400634766,125.65604400634766,4576800,0.0,0.0
2019-10-23,126.80209302237819,130.73552495645458,126.170807880932,130.4247283935547,2992700,0.0,0.0
2019-10-24,130.82291125818892,132.15348846605664,130.6383776791683,131.29881286621094,1761100,0.0,0.0
2019-10-25,131.308512361557,132.30886451019992,130.317867046154,130.33729553222656,1891900,0.0,0.0
2019-10-28,130.5606824581825,131.1142832118153,127.47221978926487,128.08409118652344,1940600,0.0,0.0
2019-10-29,127.89956521269032,129.80314217584376,127.29741543326759,129.11358642578125,1252300,0.0,0.0
2019-10-30,130.33729929081377,130.95887748672624,128.80277487786887,129.8225555419922,1122200,0.0,0.0
2019-10-31,129.48265093965915,130.19163516395878,128.2686297516692,129.05531311035156,1477900,0.0,0.0
2019-11-01,129.08444020585648,129.83226653988606,127.84128377415729,128.23947143554688,1008400,0.0,0.0
2019-11-04,128.10350398878288,128.75423235712282,125.29668772289314,125.6366195678711,1697800,0.0,0.0
2019-11-05,125.58805094228249,127.2779736291677,125.4715096602881,126.61753845214844,1557600,0.0,0.0
2019-11-06,127.20997463973173,128.6085292284301,127.06429804490588,127.92868041992188,1602300,0.0,0.0
2019-11-07,127.80241658798069,128.54055084879434,127.03516182800026,127.96752166748047,1224600,0.0,0.0
2019-11-08,127.99666650871026,129.21068761263822,126.87977302093397,127.67617797851562,1092500,0.0,0.0
2019-11-11,127.69559219180033,128.31717040688412,127.11287095118068,127.42365264892578,610400,0.0,0.0
2019-11-12,127.48191516032811,128.27832007051924,127.12256967721845,127.5693359375,1271100,0.0,0.0
2019-11-13,128.13263416665578,129.3272415833291,127.9578222439777,128.60853576660156,1164600,0.0,0.0
2019-11-14,128.3657225980573,129.5894504302453,128.14234688368165,128.5793914794922,936400,0.0,0.0
2019-11-15,127.94812015769804,128.43372860927934,127.42365473101766,127.8412857055664,1190300,0.0,0.0
2019-11-18,127.6470203555238,130.52182868172952,127.6470203555238,128.70565795898438,1810900,0.0,0.0
2019-11-19,128.81251153606988,129.27869153241022,128.34631672013464,129.11358642578125,1697900,0.0,0.0
2019-11-20,129.46322974873817,130.9686190706203,129.07473405492595,130.72581481933594,1200100,0.0,0.0
2019-11-21,130.4344306180252,131.01715185726283,129.30781547473478,129.521484375,1148800,0.0,0.0
2019-11-22,129.78371208525212,130.69665829311828,128.00638347581767,129.68658447265625,1136900,0.0,0.0
2019-11-25,130.29846310449312,130.32759842598014,128.80278077672216,129.51177978515625,1382000,0.0,0.0
2019-11-26,129.89054353021436,130.73549742582262,129.18154457775032,130.6966552734375,2000600,0.0,0.0
2019-11-27,130.85206707499574,132.60026070323667,130.85206707499574,132.33802795410156,1179800,0.0,0.0
2019-11-29,132.60025931399932,132.82363508039109,131.93011719522832,132.4157257080078,1107400,0.0,0.0
2019-12-02,132.10492203582032,133.30922146305136,131.66787741078994,132.37686157226562,1523100,0.0,0.0
2019-12-03,132.12434611658136,132.7847813425683,131.2696852859319,132.11463928222656,1280800,0.0,0.0
2019-12-04,131.62903155551524,133.6491645823094,131.53190393304075,133.53262329101562,1502800,0.0,0.0
2019-12-05,133.29775658334864,133.73810002140846,132.9356987458364,133.59132385253906,1689700,1.03,0.0
2019-12-06,133.74789083717377,135.35272337978958,133.74789083717377,134.0414581298828,1046700,0.0,0.0
2019-12-09,134.07081336600845,134.3448055241495,133.10206071095715,134.0414581298828,1617300,0.0,0.0
2019-12-10,134.02189679443885,134.26653371438738,133.05312921611974,133.1999053955078,976700,0.0,0.0
2019-12-11,133.21947445579102,134.47201423430192,133.15098388568362,133.96316528320312,1324400,0.0,0.0
2019-12-12,134.23716084337656,134.5405231604229,132.73020401668455,133.0041961669922,1011100,0.0,0.0
2019-12-13,132.37792814496703,133.7478889159939,132.00607525078007,133.02377319335938,1168100,0.0,0.0
2019-12-16,133.5619666497717,134.1686613807567,132.81826092125965,132.90634155273438,2118900,0.0,0.0
2019-12-17,132.54429014675796,132.95527841121,131.70273848198838,132.3094482421875,1132700,0.0,0.0
2019-12-18,132.33880158905782,133.08249249532608,131.73209183752897,132.2898712158203,1057700,0.0,0.0
2019-12-19,132.65191612408276,133.86532057698196,132.1332870676993,133.80661010742188,1139100,0.0,0.0
2019-12-20,134.4230770662535,135.68541181338827,133.58152554531407,135.04934692382812,2433800,0.0,0.0
2019-12-23,134.8536537157197,135.37228279284938,133.8261756629609,134.03167724609375,1310900,0.0,0.0
2019-12-24,133.86531872247997,134.57965431131834,133.53261611194725,134.2860870361328,342000,0.0,0.0
2019-12-26,134.1588859976655,134.83407131970478,133.93380929220055,134.2860870361328,889600,0.0,0.0
2019-12-27,134.5503138843369,135.2450893476883,134.32525208555555,135.10809326171875,1121300,0.0,0.0
2019-12-30,134.83408665245577,134.8536617880813,133.37606007460522,133.95339965820312,729800,0.0,0.0
2019-12-31,134.0610389266066,134.70688401155368,133.04335585787916,134.5992431640625,972500,0.0,0.0
2020-01-02,134.4524344057493,134.61880063759773,132.1137062366012,132.91612243652344,1421300,0.0,0.0
2020-01-03,132.08436240636527,133.83597112500235,131.7320846423315,132.87698364257812,1352900,0.0,0.0
2020-01-06,132.92589533955737,133.55216517303248,132.42684146538915,133.1705322265625,1181300,0.0,0.0
2020-01-07,132.58343239135837,133.79682197538565,132.3877109074611,133.05313110351562,1608500,0.0,0.0
2020-01-08,133.424995744669,135.09830408646695,133.01399253748454,134.34481811523438,1741300,0.0,0.0
2020-01-09,134.59921707553707,136.59544748673892,133.9827273474458,136.46824645996094,1727500,0.0,0.0
2020-01-10,136.30190348937322,137.7599449476041,135.67563355437565,137.22174072265625,1270000,0.0,0.0
2020-01-13,137.26089021400017,138.54278531340773,137.09453889658764,137.8773651123047,1216100,0.0,0.0
2020-01-14,137.78930774035052,138.02416457814851,137.15325766872994,137.9654541015625,2187500,0.0,0.0
2020-01-15,138.14156876327172,139.39410854991627,138.14156876327172,139.11033630371094,1245100,0.0,0.0
2020-01-16,139.40389569844814,140.3530731201172,139.16903890244012,140.3530731201172,1610800,0.0,0.0
2020-01-17,140.44117389317717,141.6350033140667,140.33353304600013,141.400146484375,1640000,0.0,0.0
2020-01-21,141.49799998894898,141.73284187517015,139.99102820558446,141.4882049560547,1493600,0.0,0.0
2020-01-22,141.78175424486335,142.6918112327885,141.24355010484854,141.29248046875,2088200,0.0,0.0
2020-01-23,137.10430594731778,146.02865535376935,135.33313716595814,141.54690551757812,3703300,0.0,0.0
2020-01-24,142.3884685776514,143.45509690451735,140.04974020269034,140.3433074951172,2107600,0.0,0.0
2020-01-27,139.80510626947375,141.96770327407938,139.06141538668717,140.87173461914062,2425900,0.0,0.0
2020-01-28,141.03807795811787,142.33954812794994,140.88150675014134,141.78176879882812,1203300,0.0,0.0
2020-01-29,141.7328387975259,142.0557613155205,139.9323146954822,140.12802124023438,1107800,0.0,0.0
2020-01-30,140.3139544822104,141.72306556302357,139.81490052919446,141.52735900878906,990300,0.0,0.0
2020-01-31,142.0361900169909,144.4923542540288,140.1280250240898,140.16717529296875,1712000,0.0,0.0
2020-02-03,140.61730155040277,141.45885316994034,140.06931722725326,140.69558715820312,1240200,0.0,0.0
2020-02-04,141.1163650532487,142.34932973332488,140.03995665135113,140.30416870117188,1334600,0.0,0.0
2020-02-05,140.4607246024339,141.9774764623277,140.167172249479,141.95791625976562,1214300,0.0,0.0
2020-02-06,142.04597892666274,142.946240963186,141.40991400214654,141.4294891357422,1063400,0.0,0.0
2020-02-07,141.62519146189388,142.11446526705762,141.33162419250533,141.71327209472656,1005200,0.0,0.0
2020-02-10,141.95792724740642,143.38659858054154,141.8992018408177,143.07347106933594,1241700,0.0,0.0
2020-02-11,142.92666968220456,143.50400922149612,141.75241546949817,142.13404846191406,1070700,0.0,0.0
2020-02-12,141.43927803836812,142.11447834064026,140.8130081074039,141.19464111328125,954200,0.0,0.0
2020-02-13,141.39035759041423,142.4667510637983,141.08699527163128,141.63499450683594,1100100,0.0,0.0
2020-02-14,141.77198795523898,142.50589869090214,141.16527826036994,142.43739318847656,941400,0.0,0.0
2020-02-18,141.86006669995626,141.96770754833943,140.4411754668713,140.75430297851562,1381800,0.0,0.0
2020-02-19,140.79344711810953,141.8796356566899,140.30417327066706,140.68580627441406,1047800,0.0,0.0
2020-02-20,140.2943713776542,140.76408499887756,138.7776344699083,139.1201171875,1364300,0.0,0.0
2020-02-21,138.6014907590458,139.5506831891989,138.09264179212448,138.31771850585938,1562200,0.0,0.0
2020-02-24,137.71100462098426,138.9537642993981,136.68352661698705,137.1140899658203,2669800,0.0,0.0
2020-02-25,136.94774284540193,138.356853873217,135.66584779220838,135.99855041503906,1387500,0.0,0.0
2020-02-26,136.2627586260556,138.33727484107703,134.9123581072085,135.2939910888672,1703300,0.0,0.0
2020-02-27,134.69709079815948,136.27255326102528,131.07646713678045,131.1351776123047,2804200,0.0,0.0
2020-02-28,128.29738578124056,129.7945625238115,124.13855817822076,128.37567138671875,4069200,0.0,0.0
2020-03-02,129.29551533539473,138.15136027772044,129.29551533539473,138.07308959960938,3094700,0.0,0.0
2020-03-03,138.6210609475592,140.65644181117543,135.24507460795772,137.76971435546875,2939600,0.0,0.0
2020-03-04,140.25523431719284,145.90145835198436,139.86380630431927,145.06968688964844,3070500,0.0,0.0
2020-03-05,142.48724982753046,144.87254928453214,139.81611510138552,141.2551727294922,2588300,1.07,0.0
2020-03-06,137.1449651723937,145.2273879179272,136.65213433376357,144.36001586914062,3375700,0.0,0.0
2020-03-09,137.59837713063587,145.41466706715795,136.95768801190218,139.29371643066406,3688100,0.0,0.0
2020-03-10,141.36359840801322,142.1619819740877,132.60106654627552,138.99801635742188,3858200,0.0,0.0
2020-03-11,136.02131112301544,137.29280806591163,129.94963159661913,132.2363739013672,2985600,0.0,0.0
2020-03-12,125.25789263864826,129.75250765593617,120.03388253732516,120.55628204345703,3817000,0.0,0.0
2020-03-13,126.08583648250335,133.01503667986395,123.4344117571985,132.25607299804688,4477400,0.0,0.0
2020-03-16,120.53657854115633,137.67722856934483,120.53657854115633,132.77850341796875,4316200,0.0,0.0
2020-03-17,135.44962841927187,144.74442603059202,131.64497367224223,142.00428771972656,5317100,0.0,0.0
2020-03-18,136.84927184838403,142.93080295611423,130.27490987253952,132.4236602783203,4329400,0.0,0.0
2020-03-19,133.83314931597988,134.6118305098521,121.78836169840052,124.59750366210938,4362300,0.0,0.0
2020-03-20,124.05538602148391,125.60287463780776,115.96310411522977,116.58406829833984,3866100,0.0,0.0
2020-03-23,116.2785130229896,120.02402300548019,109.55630046788595,110.72923278808594,3541000,0.0,0.0
2020-03-24,114.56347068995385,116.43622203456604,109.07333493884806,115.69697570800781,3076800,0.0,0.0
2020-03-25,115.90395667492902,119.94517569515358,111.9810272869089,114.69159698486328,3060600,0.0,0.0
2020-03-26,115.51954935000253,122.87259232076737,115.00700856984302,122.2319107055664,3381700,0.0,0.0
2020-03-27,120.26058595557302,128.02759743358487,119.79732375401612,123.09928894042969,2288300,0.0,0.0
2020-03-30,127.110941391604,131.0535882518398,124.54821491644906,130.5311737060547,2413500,0.0,0.0
2020-03-31,129.3878112301841,130.265049512159,125.45501576469928,126.03656005859375,2394600,0.0,0.0
2020-04-01,123.08943103218364,124.9523310533208,120.99983303006265,123.8582534790039,1951000,0.0,0.0
2020-04-02,122.64589533536727,128.402164029196,122.4093386142518,127.42635345458984,2494100,0.0,0.0
2020-04-03,126.76596017708357,129.5159498833722,125.38603220231349,128.0571746826172,1398400,0.0,0.0
2020-04-06,130.41290769978843,132.41379990990194,127.7910437555,131.24085998535156,2270100,0.0,0.0
2020-04-07,132.99532400592022,133.4980210911299,129.04282606144852,129.50608825683594,2132700,0.0,0.0
2020-04-08,130.85644903614553,131.48727195705476,128.5795727909889,130.73817443847656,1929800,0.0,0.0
2020-04-09,130.2749027590151,134.3752589674317,128.648566999044,129.6046600341797,2256900,0.0,0.0
2020-04-13,129.2695297516627,131.60555827676401,128.4810124004094,130.8071746826172,1858100,0.0,0.0
2020-04-14,134.27668982267645,138.61361034744274,133.28117691531165,138.0813446044922,2554000,0.0,0.0
2020-04-15,136.72114151596128,137.99263849592916,134.77938675678254,135.696044921875,1857200,0.0,0.0
2020-04-16,136.79997708509828,138.60373975289994,134.9469433656109,137.72650146484375,1577000,0.0,0.0
2020-04-17,138.70230726909017,140.0329564999077,135.29191137499663,139.90481567382812,1949200,0.0,0.0
2020-04-20,139.09657996619617,139.41199894226685,137.3125346228096,137.71665954589844,1814600,0.0,0.0
2020-04-21,135.96218408828318,138.80089473872295,135.70590240789338,137.47024536132812,2020200,0.0,0.0
2020-04-22,138.92902216803876,141.2847531746027,135.33136275734654,140.75250244140625,3091100,0.0,0.0
2020-04-23,140.65391785176183,142.52668405609717,137.60822688913657,138.34747314453125,2415000,0.0,0.0
2020-04-24,138.1700550158883,139.91468050085265,137.48009480827668,139.62884521484375,1511900,0.0,0.0
2020-04-27,139.98367513273902,140.21037310652574,137.76593636655497,138.34747314453125,1318900,0.0,0.0
2020-04-28,139.0768741895874,139.82597167959355,136.7802805857475,138.97830200195312,1513800,0.0,0.0
2020-04-29,138.39675088855438,138.61359764692423,135.55804062625998,136.96754455566406,2495800,0.0,0.0
2020-04-30,136.80983421700725,138.26860918584492,135.6270432952469,136.49441528320312,3357900,0.0,0.0
2020-05-01,136.0015928746581,137.54908891415835,134.21754766020487,134.8188018798828,1454200,0.0,0.0
2020-05-04,135.30178670380585,135.62705687185075,133.50787517822565,133.7838592529297,2393300,0.0,0.0
2020-05-05,134.2569809221265,136.52399070130076,133.75428385143732,135.16378784179688,1992300,0.0,0.0
2020-05-06,135.04550380308663,135.755181428713,132.62078444886654,132.83763122558594,1729100,0.0,0.0
2020-05-07,134.40483832766776,136.2874559007244,133.9809959496475,134.73995971679688,1861600,0.0,0.0
2020-05-08,136.79998615895678,137.09568768870255,135.45948559211328,136.5240020751953,1138100,0.0,0.0
2020-05-11,136.46485551373027,137.59837546080925,135.57776602471503,136.58314514160156,1428700,0.0,0.0
2020-05-12,137.0069761736158,137.86449703902352,135.5482010701626,135.84390258789062,1231900,0.0,0.0
2020-05-13,135.47919525569802,137.4800872680329,134.5428196652956,135.04550170898438,1398600,0.0,0.0
2020-05-14,134.97651837981402,135.6861960216069,132.29551729748644,134.63153076171875,1396200,0.0,0.0
2020-05-15,134.69067307495547,136.71128268476005,133.99086164990425,136.6521453857422,1928100,0.0,0.0
2020-05-18,137.17454330811591,137.6378055316732,134.35555011455668,135.75518798828125,1740600,0.0,0.0
2020-05-19,134.78925009489507,135.20322624285387,133.18261656066974,133.33047485351562,1104900,0.0,0.0
2020-05-20,133.7345798925906,135.47920541266484,132.32509080010465,134.8878173828125,1523300,0.0,0.0
2020-05-21,134.76951560207922,135.952306595219,133.86270867267197,135.4890594482422,1597500,0.0,0.0
2020-05-22,135.40034540227288,138.229204760416,134.38511503583263,137.7363739013672,1442500,0.0,0.0
2020-05-26,138.34748904531142,138.88960603624238,133.82330505191587,134.0500030517578,2003200,0.0,0.0
2020-05-27,134.22739990551304,136.44513867795104,132.60106415505993,136.43528747558594,1904200,0.0,0.0
2020-05-28,137.7955119823469,139.34299306776586,136.80985025863916,138.7811737060547,1961600,0.0,0.0
2020-05-29,138.9980112131553,139.77667730532227,137.56880481715064,139.4119873046875,1945500,0.0,0.0
2020-06-01,139.47113450307305,140.64407436571867,138.6333160183249,139.25428771972656,846400,0.0,0.0
2020-06-02,138.63330925313164,140.05266447849812,138.18976450520555,140.01324462890625,1215700,0.0,0.0
2020-06-03,141.30446715904466,141.30446715904466,139.313426239933,139.62884521484375,1417800,0.0,0.0
2020-06-04,139.1024562412731,139.81753506493666,136.48050560599674,136.77845764160156,1515600,1.07,0.0
2020-06-05,136.94729286499197,139.70828574828926,134.52397188150053,138.32778930664062,2427300,0.0,0.0
2020-06-08,136.28187076332935,138.3277847595077,136.14282850595225,137.97024536132812,1959700,0.0,0.0
2020-06-09,138.22847255607616,138.34766246723504,135.96406125217496,137.63258361816406,1595200,0.0,0.0
2020-06-10,137.8808688606193,138.5959476806287,136.90757302678927,137.56304931640625,1470500,0.0,0.0
2020-06-11,138.76478379383232,139.48978879252516,135.58666412031235,136.03358459472656,2108200,0.0,0.0
2020-06-12,136.3513968768221,137.4140889917644,134.29555651373727,135.01063537597656,1634400,0.0,0.0
2020-06-15,133.93800667261962,138.5661514061599,132.85546228498214,138.15895080566406,1893700,0.0,0.0
2020-06-16,139.77781971435329,140.4432373611668,138.20861975364818,139.67849731445312,1450700,0.0,0.0
2020-06-17,140.11548775644275,142.12168197413845,139.67849345610605,141.078857421875,1381300,0.0,0.0
2020-06-18,141.08878812047166,141.8932480380174,140.6220001169255,141.4364013671875,1137300,0.0,0.0
2020-06-19,143.5518209556339,143.86964049516996,140.71137322752693,142.97579956054688,5321200,0.0,0.0
2020-06-22,141.73434087089828,142.44940450307084,140.08568615978132,141.08877563476562,1098900,0.0,0.0
2020-06-23,141.55557790624533,142.36003783391945,139.21171168075895,139.5990447998047,1775800,0.0,0.0
2020-06-24,139.04287087840657,139.75794971242456,136.87778202030282,136.9671630859375,1622300,0.0,0.0
2020-06-25,137.56305620918508,137.92059563710475,135.94421018245407,137.8411407470703,1306200,0.0,0.0
2020-06-26,138.03978120301855,138.99320954447055,135.07021729367335,135.95413208007812,2516200,0.0,0.0
2020-06-29,137.15586636152565,139.08259055415655,136.21234904399762,138.4966278076172,1073300,0.0,0.0
2020-06-30,138.9038328214699,140.84049840790607,138.80451042033135,140.38365173339844,1504600,0.0,0.0
2020-07-01,140.19494736323074,141.76414733342017,140.04596376248006,140.91995239257812,954600,0.0,0.0
2020-07-02,142.15147948568904,143.05524664445295,141.42645930678026,142.2209930419922,1049900,0.0,0.0
2020-07-06,142.80694685959548,143.44257077708065,140.81069404557243,141.7541961669922,1076400,0.0,0.0
2020-07-07,141.33706807523504,142.90626792194874,140.76103153749438,141.54563903808594,1313200,0.0,0.0
2020-07-08,141.4165211671064,142.5189330322805,141.1384366564741,142.36996459960938,1210100,0.0,0.0
2020-07-09,142.03228831845718,142.87648324611453,140.9894789018421,141.24769592285156,1209600,0.0,0.0
2020-07-10,141.70454271037065,142.79702848187966,140.83056924763386,142.26072692871094,1073400,0.0,0.0
2020-07-13,142.1216869289478,143.69087174654342,140.73124909263143,141.16824340820312,1473600,0.0,0.0
2020-07-14,141.25761608956094,143.32339763313598,141.19802871451535,142.97579956054688,1408700,0.0,0.0
2020-07-15,143.23402154335236,144.00868775477906,141.75420267564223,142.30044555664062,1281800,0.0,0.0
2020-07-16,142.7275169735974,143.63128413811555,141.4364015399664,142.6977081298828,1048900,0.0,0.0
2020-07-17,143.4028478558722,143.91929701359322,142.71756275618785,143.3829803466797,1212200,0.0,0.0
2020-07-20,143.48230704857426,143.6511429956097,141.3172031156235,141.7144775390625,1884600,0.0,0.0
2020-07-21,142.96586297380858,143.79019038306336,141.62510152737056,142.81689453125,1128800,0.0,0.0
2020-07-22,142.79702736958487,143.81005824486869,141.43639840932514,143.3134765625,1259600,0.0,0.0
2020-07-23,144.44567583567743,148.33887423558835,144.008681549708,146.32275390625,3576600,0.0,0.0
2020-07-24,146.75975550758545,147.88201981125303,145.65734356010995,146.3326873779297,1759300,0.0,0.0
2020-07-27,146.12413042393868,147.20667485236035,145.10117337257208,146.37242126464844,1652500,0.0,0.0
2020-07-28,146.6902159921348,149.75908694396642,146.49158636355264,149.74916076660156,2568200,0.0,0.0
2020-07-29,149.7392427710333,151.6858344537577,148.97450274701367,151.00054931640625,1860900,0.0,0.0
2020-07-30,150.97075810536774,150.97075810536774,149.18307616664706,150.92111206054688,1193500,0.0,0.0
2020-07-31,150.05704716323584,151.47727863641515,149.39162953616892,151.00054931640625,1908200,0.0,0.0
2020-08-03,150.55362678299284,151.43754154770826,150.03719275840777,150.56356811523438,1067400,0.0,0.0
2020-08-04,150.96082474387836,155.2413562313087,150.4046557090108,155.23143005371094,1895900,0.0,0.0
2020-08-05,154.6653180800716,155.49958677817594,154.0793553640282,154.77456665039062,1352200,0.0,0.0
2020-08-06,154.60573485418362,155.80746915993535,154.15881438342203,155.4002685546875,1093900,0.0,0.0
2020-08-07,155.43006155232325,157.227684759619,155.38040035479915,156.1848602294922,1648400,0.0,0.0
2020-08-10,156.53247164015312,157.84343934364242,156.0954773541668,157.00918579101562,1841100,0.0,0.0
2020-08-11,156.80063750888215,157.29721919326093,154.10915811158205,154.72491455078125,1643400,0.0,0.0
2020-08-12,155.51944135760436,159.06504170047066,155.0824470700777,157.75405883789062,1096900,0.0,0.0
2020-08-13,157.63488021043503,158.05200697795715,156.74103930209756,157.3766632080078,837100,0.0,0.0
2020-08-14,157.34686878307465,157.62496847470496,156.6615987729482,157.1482391357422,1174000,0.0,0.0
2020-08-17,156.87015188531552,157.7938017034184,156.48281877565185,156.73110961914062,1201700,0.0,0.0
2020-08-18,156.6318003947283,157.4163927822692,155.10232033166537,156.5424041748047,2209100,0.0,0.0
2020-08-19,156.87015040066055,157.34686457239556,155.95644192380584,156.27426147460938,1065400,0.0,0.0
2020-08-20,155.92664170695454,156.83042396793383,155.28109160880916,156.4927520751953,746700,0.0,0.0
2020-08-21,156.30404900077923,156.54239850001449,155.07252102167496,156.22459411621094,1354600,0.0,0.0
2020-08-24,156.25438419863795,157.0191241848035,155.74787636997914,156.34376525878906,1003800,0.0,0.0
2020-08-25,156.60198494382342,156.60198494382342,154.7249068761567,154.98313903808594,1169600,0.0,0.0
2020-08-26,154.77457716095392,155.68828565000334,154.41703773876324,154.93348693847656,1238500,0.0,0.0
2020-08-27,155.49959133634982,156.5126070313999,155.07252322004956,155.13211059570312,899300,0.0,0.0
2020-08-28,155.05266203589667,155.5095238586629,153.59271065494158,155.43006896972656,897600,0.0,0.0
2020-08-31,155.3506070290275,156.8304258536615,155.3406808512875,156.6814422607422,1147900,0.0,0.0
2020-09-01,156.31397407803914,156.62185228203046,152.87762232838122,153.2053680419922,1418800,0.0,0.0
2020-09-02,152.99681387952188,156.2742558964624,152.99681387952188,155.4399871826172,1365500,0.0,0.0
2020-09-03,155.72999572753906,156.42999267578125,151.0,152.25,1543100,1.07,0.0
2020-09-04,152.33999633789062,154.27999877929688,150.08999633789062,152.22999572753906,1592800,0.0,0.0
2020-09-08,152.3000030517578,153.0,148.3300018310547,148.97000122070312,2038600,0.0,0.0
2020-09-09,150.82000732421875,153.07000732421875,150.5399932861328,151.4499969482422,1730900,0.0,0.0
2020-09-10,151.10000610351562,151.61000061035156,148.02999877929688,148.14999389648438,1723600,0.0,0.0
2020-09-11,148.60000610351562,149.0399932861328,147.25,148.5,2101200,0.0,0.0
2020-09-14,149.25999450683594,149.66000366210938,148.14999389648438,148.5,1583500,0.0,0.0
2020-09-15,148.5,149.5500030517578,146.38999938964844,146.47999572753906,1811500,0.0,0.0
2020-09-16,146.75999450683594,148.9199981689453,146.5800018310547,147.75,1476600,0.0,0.0
2020-09-17,146.77000427246094,147.82000732421875,145.38999938964844,146.6199951171875,1450400,0.0,0.0
2020-09-18,146.0399932861328,147.33999633789062,144.67999267578125,145.97000122070312,1949400,0.0,0.0
2020-09-21,145.85000610351562,146.80999755859375,144.36000061035156,145.8699951171875,1238800,0.0,0.0
2020-09-22,145.55999755859375,147.8800048828125,145.5500030517578,146.9600067138672,1075400,0.0,0.0
2020-09-23,147.1199951171875,147.27999877929688,144.6199951171875,144.82000732421875,1446100,0.0,0.0
2020-09-24,144.72000122070312,147.1699981689453,144.5399932861328,146.47999572753906,1110900,0.0,0.0
2020-09-25,146.00999450683594,146.86000061035156,145.39999389648438,146.4199981689453,1013700,0.0,0.0
2020-09-28,146.97000122070312,148.42999267578125,146.3000030517578,147.55999755859375,1483300,0.0,0.0
2020-09-29,147.60000610351562,147.94000244140625,146.02000427246094,146.33999633789062,965800,0.0,0.0
2020-09-30,146.94000244140625,148.32000732421875,146.67999267578125,147.66000366210938,1578800,0.0,0.0
2020-10-01,148.0800018310547,148.64999389648438,146.5,147.6300048828125,1181700,0.0,0.0
2020-10-02,146.6199951171875,148.50999450683594,145.8300018310547,147.42999267578125,1101800,0.0,0.0
2020-10-05,147.33999633789062,149.6199951171875,147.33999633789062,149.52999877929688,1345900,0.0,0.0
2020-10-06,149.52999877929688,151.4600067138672,149.22000122070312,150.0,1626400,0.0,0.0
2020-10-07,150.47999572753906,151.69000244140625,149.57000732421875,150.85000610351562,1139300,0.0,0.0
2020-10-08,151.1999969482422,151.1999969482422,149.77000427246094,150.30999755859375,1342300,0.0,0.0
2020-10-09,150.60000610351562,152.75,150.5,152.49000549316406,1221300,0.0,0.0
2020-10-12,153.07000732421875,154.3300018310547,152.52999877929688,153.38999938964844,1131100,0.0,0.0
2020-10-13,154.02999877929688,155.4499969482422,153.3000030517578,154.22000122070312,1856200,0.0,0.0
2020-10-14,153.72000122070312,155.25999450683594,151.25999450683594,152.63999938964844,1790900,0.0,0.0
2020-10-15,152.89999389648438,155.0,152.25,154.32000732421875,1080500,0.0,0.0
2020-10-16,154.0500030517578,154.19000244140625,152.67999267578125,153.3300018310547,1357300,0.0,0.0
2020-10-19,153.3300018310547,154.14999389648438,150.4199981689453,150.80999755859375,1132700,0.0,0.0
2020-10-20,152.2899932861328,152.74000549316406,148.00999450683594,148.52000427246094,1637300,0.0,0.0
2020-10-21,147.8000030517578,149.52000427246094,147.08999633789062,148.3800048828125,2179200,0.0,0.0
2020-10-22,140.75,142.42999267578125,136.0399932861328,138.08999633789062,6301600,0.0,0.0
2020-10-23,138.55999755859375,139.25999450683594,136.7100067138672,136.8800048828125,2661600,0.0,0.0
2020-10-26,136.02000427246094,137.39999389648438,134.57000732421875,135.69000244140625,2295100,0.0,0.0
2020-10-27,136.60000610351562,137.8300018310547,134.75999450683594,134.75999450683594,1899700,0.0,0.0
2020-10-28,133.0500030517578,134.0800018310547,131.1300048828125,132.99000549316406,2728000,0.0,0.0
2020-10-29,132.38999938964844,134.13999938964844,130.5500030517578,132.8300018310547,2613300,0.0,0.0
2020-10-30,133.35000610351562,134.55999755859375,131.0500030517578,132.58999633789062,2140000,0.0,0.0
2020-11-02,134.27000427246094,136.33999633789062,133.6999969482422,134.35000610351562,1965100,0.0,0.0
2020-11-03,135.05999755859375,137.11000061035156,134.60000610351562,135.35000610351562,1821900,0.0,0.0
2020-11-04,136.1699981689453,137.75,134.88999938964844,135.1199951171875,2240900,0.0,0.0
2020-11-05,136.58999633789062,136.72999572753906,134.1999969482422,134.32000732421875,1962500,0.0,0.0
2020-11-06,134.39999389648438,136.9499969482422,134.35000610351562,136.17999267578125,1681900,0.0,0.0
2020-11-09,135.16000366210938,136.5,132.36000061035156,132.66000366210938,3282900,0.0,0.0
