Date,Open,High,Low,Close,Volume,Dividends,Stock Splits
2000-10-12,3.141389846801758,3.141389846801758,3.141389846801758,3.141389846801758,200,0,0.0
2000-10-13,3.4145541191101074,3.4145541191101074,1.7755681276321411,1.7755681276321411,900,0,0.0
2000-10-16,2.32189679145813,2.5950613021850586,1.7755681276321411,2.185314655303955,9600,0,0.0
2000-10-17,2.7316434383392334,3.004807710647583,2.5950613021850586,2.7316434383392334,9400,0,0.0
2000-10-18,2.868225574493408,2.868225574493408,2.7316434383392334,2.7316434383392334,900,0,0.0
2000-10-19,3.2779719829559326,3.2779719829559326,3.004807710647583,3.2779719829559326,2700,0,0.0
2000-10-20,3.5511362552642822,3.687718629837036,3.5511362552642822,3.687718629837036,1000,0,0.0
2000-10-23,3.4145541191101074,3.5511362552642822,2.5950613021850586,3.141389846801758,4300,0,0.0
2000-10-24,3.141389846801758,3.2779719829559326,2.868225574493408,3.2779719829559326,11200,0,0.0
2000-10-25,3.141389846801758,3.141389846801758,3.004807710647583,3.004807710647583,2600,0,0.0
2000-10-26,2.7316434383392334,3.004807710647583,2.7316434383392334,3.004807710647583,2600,0,0.0
2000-10-27,3.004807710647583,3.004807710647583,3.004807710647583,3.004807710647583,900,0,0.0
2000-10-30,3.004807710647583,3.004807710647583,3.004807710647583,3.004807710647583,0,0,0.0
2000-10-31,2.7316434383392334,3.004807710647583,2.7316434383392334,3.004807710647583,2400,0,0.0
2000-11-01,2.5950613021850586,2.5950613021850586,2.5950613021850586,2.5950613021850586,400,0,0.0
2000-11-02,2.7316434383392334,2.7316434383392334,2.5950613021850586,2.5950613021850586,1400,0,0.0
2000-11-03,2.7316434383392334,3.004807710647583,2.7316434383392334,3.004807710647583,1000,0,0.0
2000-11-06,3.5511362552642822,3.5511362552642822,2.868225574493408,2.868225574493408,2700,0,0.0
2000-11-07,3.9608829021453857,3.9608829021453857,3.824300765991211,3.824300765991211,1600,0,0.0
2000-11-08,2.868225574493408,2.868225574493408,2.868225574493408,2.868225574493408,800,0,0.0
2000-11-09,2.7316434383392334,2.7316434383392334,2.7316434383392334,2.7316434383392334,1000,0,0.0
2000-11-10,3.004807710647583,3.9608829021453857,3.004807710647583,3.9608829021453857,1600,0,0.0
2000-11-13,3.9608829021453857,3.9608829021453857,3.9608829021453857,3.9608829021453857,0,0,0.0
2000-11-14,3.9608829021453857,3.9608829021453857,3.9608829021453857,3.9608829021453857,0,0,0.0
2000-11-15,2.7316434383392334,3.2779719829559326,2.185314655303955,3.141389846801758,5100,0,0.0
2000-11-16,2.5950613021850586,2.5950613021850586,2.185314655303955,2.185314655303955,3100,0,0.0
2000-11-17,3.2779719829559326,3.2779719829559326,2.5950613021850586,3.004807710647583,2300,0,0.0
2000-11-20,2.5950613021850586,3.5511362552642822,2.5950613021850586,3.5511362552642822,2300,0,0.0
2000-11-21,2.5950613021850586,2.7316434383392334,2.4584789276123047,2.4584789276123047,2000,0,0.0
2000-11-22,2.32189679145813,2.32189679145813,2.32189679145813,2.32189679145813,400,0,0.0
2000-11-24,2.7316434383392334,2.7316434383392334,2.7316434383392334,2.7316434383392334,700,0,0.0
2000-11-27,2.185314655303955,3.004807710647583,2.185314655303955,3.004807710647583,1100,0,0.0
2000-11-28,2.185314655303955,3.2779719829559326,2.185314655303955,3.2779719829559326,800,0,0.0
2000-11-29,3.2779719829559326,3.2779719829559326,3.2779719829559326,3.2779719829559326,200,0,0.0
2000-11-30,2.32189679145813,2.32189679145813,2.32189679145813,2.32189679145813,400,0,0.0
2000-12-01,3.2779719829559326,4.0974650382995605,3.004807710647583,4.0974650382995605,6800,0,0.0
2000-12-04,3.2779719829559326,3.2779719829559326,3.2779719829559326,3.2779719829559326,800,0,0.0
2000-12-05,3.141389846801758,3.4145541191101074,3.141389846801758,3.4145541191101074,700,0,0.0
2000-12-06,2.868225574493408,3.5511362552642822,2.868225574493408,3.5511362552642822,600,0,0.0
2000-12-07,3.2779719829559326,3.2779719829559326,2.868225574493408,2.868225574493408,3000,0,0.0
2000-12-08,3.687718629837036,3.687718629837036,3.004807710647583,3.004807710647583,800,0,0.0
2000-12-11,2.7316434383392334,2.868225574493408,2.7316434383392334,2.868225574493408,1300,0,0.0
2000-12-12,2.5950613021850586,3.141389846801758,2.5950613021850586,3.004807710647583,2200,0,0.0
2000-12-13,3.004807710647583,3.004807710647583,3.004807710647583,3.004807710647583,0,0,0.0
2000-12-14,2.4584789276123047,2.7316434383392334,2.4584789276123047,2.7316434383392334,2100,0,0.0
2000-12-15,2.185314655303955,2.185314655303955,2.185314655303955,2.185314655303955,100,0,0.0
2000-12-18,2.32189679145813,3.004807710647583,2.32189679145813,3.004807710647583,1600,0,0.0
2000-12-19,2.4584789276123047,2.4584789276123047,2.4584789276123047,2.4584789276123047,100,0,0.0
2000-12-20,2.32189679145813,2.7316434383392334,2.32189679145813,2.32189679145813,6400,0,0.0
2000-12-21,2.5950613021850586,2.7316434383392334,2.0487325191497803,2.4584789276123047,9900,0,0.0
2000-12-22,2.32189679145813,2.7316434383392334,2.32189679145813,2.7316434383392334,4700,0,0.0
2000-12-26,2.7316434383392334,2.868225574493408,2.32189679145813,2.868225574493408,800,0,0.0
2000-12-27,2.32189679145813,2.868225574493408,2.32189679145813,2.32189679145813,4700,0,0.0
2000-12-28,2.5950613021850586,2.7316434383392334,2.32189679145813,2.5950613021850586,6600,0,0.0
2000-12-29,2.5950613021850586,2.5950613021850586,2.32189679145813,2.5950613021850586,2500,0,0.0
2001-01-02,2.5950613021850586,2.5950613021850586,2.5950613021850586,2.5950613021850586,0,0,0.0
2001-01-03,3.2779719829559326,3.2779719829559326,2.185314655303955,2.32189679145813,2500,0,0.0
2001-01-04,3.004807710647583,3.004807710647583,2.5950613021850586,2.5950613021850586,400,0,0.0
2001-01-05,2.5950613021850586,3.2779719829559326,2.4584789276123047,2.7316434383392334,3600,0,0.0
2001-01-08,2.4584789276123047,3.824300765991211,2.4584789276123047,3.004807710647583,1300,0,0.0
2001-01-09,3.004807710647583,3.824300765991211,3.004807710647583,3.824300765991211,400,0,0.0
2001-01-10,3.824300765991211,3.824300765991211,3.824300765991211,3.824300765991211,0,0,0.0
2001-01-11,2.5950613021850586,3.824300765991211,2.5950613021850586,3.5511362552642822,900,0,0.0
2001-01-12,3.004807710647583,3.004807710647583,3.004807710647583,3.004807710647583,100,0,0.0
2001-01-16,3.141389846801758,3.141389846801758,3.141389846801758,3.141389846801758,200,0,0.0
2001-01-17,3.004807710647583,3.2779719829559326,3.004807710647583,3.2779719829559326,1400,0,0.0
2001-01-18,3.2779719829559326,3.2779719829559326,3.2779719829559326,3.2779719829559326,0,0,0.0
2001-01-19,3.2779719829559326,3.5511362552642822,3.2779719829559326,3.2779719829559326,2800,0,0.0
2001-01-22,3.004807710647583,3.141389846801758,2.4584789276123047,2.5950613021850586,15600,0,0.0
2001-01-23,3.004807710647583,3.2779719829559326,2.7316434383392334,2.7316434383392334,700,0,0.0
2001-01-24,3.004807710647583,3.004807710647583,3.004807710647583,3.004807710647583,1700,0,0.0
2001-01-25,1.6389859914779663,1.9121503829956055,1.6389859914779663,1.9121503829956055,1400,0,0.0
2001-01-26,3.004807710647583,3.004807710647583,3.004807710647583,3.004807710647583,400,0,0.0
2001-01-29,2.5950613021850586,3.004807710647583,2.32189679145813,3.004807710647583,3900,0,0.0
2001-01-30,3.004807710647583,3.004807710647583,3.004807710647583,3.004807710647583,0,0,0.0
2001-01-31,3.004807710647583,3.004807710647583,3.004807710647583,3.004807710647583,0,0,0.0
2001-02-01,3.004807710647583,3.004807710647583,2.5950613021850586,2.5950613021850586,500,0,0.0
2001-02-02,2.7316434383392334,2.7316434383392334,1.6389859914779663,1.6389859914779663,500,0,0.0
2001-02-05,2.5950613021850586,2.7316434383392334,2.5950613021850586,2.7316434383392334,800,0,0.0
2001-02-06,3.141389846801758,3.2779719829559326,2.7316434383392334,2.7316434383392334,1700,0,0.0
2001-02-07,2.868225574493408,3.2779719829559326,2.868225574493408,3.2779719829559326,2400,0,0.0
2001-02-08,3.004807710647583,3.004807710647583,2.5950613021850586,3.004807710647583,600,0,0.0
2001-02-09,3.004807710647583,3.004807710647583,3.004807710647583,3.004807710647583,1800,0,0.0
2001-02-12,3.004807710647583,3.004807710647583,3.004807710647583,3.004807710647583,900,0,0.0
2001-02-13,2.7316434383392334,2.7316434383392334,2.4584789276123047,2.5950613021850586,7900,0,0.0
2001-02-14,3.004807710647583,3.004807710647583,3.004807710647583,3.004807710647583,1100,0,0.0
2001-02-15,2.4584789276123047,3.004807710647583,2.4584789276123047,2.7316434383392334,1400,0,0.0
2001-02-16,2.4584789276123047,2.4584789276123047,2.4584789276123047,2.4584789276123047,0,0,0.0
2001-02-20,2.4584789276123047,2.7316434383392334,2.4584789276123047,2.7316434383392334,800,0,0.0
2001-02-21,2.868225574493408,2.868225574493408,2.4584789276123047,2.4584789276123047,500,0,0.0
2001-02-22,2.4584789276123047,2.4584789276123047,2.4584789276123047,2.4584789276123047,900,0,0.0
2001-02-23,2.4584789276123047,2.7316434383392334,2.4584789276123047,2.7316434383392334,1000,0,0.0
2001-02-26,2.7316434383392334,2.868225574493408,2.7316434383392334,2.868225574493408,1900,0,0.0
2001-02-27,2.5950613021850586,2.5950613021850586,2.4584789276123047,2.4584789276123047,1700,0,0.0
2001-02-28,2.32189679145813,2.4584789276123047,2.32189679145813,2.4584789276123047,1300,0,0.0
2001-03-01,2.4584789276123047,2.4584789276123047,2.4584789276123047,2.4584789276123047,300,0,0.0
2001-03-02,3.004807710647583,3.004807710647583,2.868225574493408,2.868225574493408,2600,0,0.0
2001-03-05,2.4584789276123047,3.004807710647583,2.4584789276123047,2.4584789276123047,1500,0,0.0
2001-03-06,2.4584789276123047,2.4584789276123047,2.4584789276123047,2.4584789276123047,100,0,0.0
2001-03-07,2.5950613021850586,2.5950613021850586,2.5950613021850586,2.5950613021850586,1300,0,0.0
2001-03-08,2.7316434383392334,2.7316434383392334,2.5950613021850586,2.5950613021850586,900,0,0.0
2001-03-09,2.4584789276123047,2.4584789276123047,2.4584789276123047,2.4584789276123047,800,0,0.0
2001-03-12,2.4584789276123047,2.868225574493408,2.4584789276123047,2.4584789276123047,2800,0,0.0
2001-03-13,2.4584789276123047,2.4584789276123047,2.4584789276123047,2.4584789276123047,0,0,0.0
2001-03-14,2.4584789276123047,2.4584789276123047,2.4584789276123047,2.4584789276123047,0,0,0.0
2001-03-15,2.32189679145813,2.7316434383392334,2.32189679145813,2.32189679145813,1700,0,0.0
2001-03-16,2.7316434383392334,2.7316434383392334,2.7316434383392334,2.7316434383392334,100,0,0.0
2001-03-19,2.32189679145813,2.868225574493408,2.32189679145813,2.5950613021850586,1600,0,0.0
2001-03-20,2.7316434383392334,2.7316434383392334,2.7316434383392334,2.7316434383392334,200,0,0.0
2001-03-21,2.32189679145813,2.32189679145813,2.32189679145813,2.32189679145813,400,0,0.0
2001-03-22,2.32189679145813,2.32189679145813,2.32189679145813,2.32189679145813,0,0,0.0
2001-03-23,2.4584789276123047,2.7316434383392334,2.4584789276123047,2.7316434383392334,500,0,0.0
2001-03-26,2.32189679145813,2.32189679145813,2.32189679145813,2.32189679145813,1500,0,0.0
2001-03-27,2.32189679145813,2.32189679145813,2.32189679145813,2.32189679145813,300,0,0.0
2001-03-28,2.32189679145813,2.32189679145813,2.185314655303955,2.185314655303955,500,0,0.0
2001-03-29,2.32189679145813,2.7316434383392334,2.32189679145813,2.7316434383392334,500,0,0.0
2001-03-30,2.32189679145813,2.5950613021850586,2.32189679145813,2.5950613021850586,400,0,0.0
2001-04-02,2.7316434383392334,2.7316434383392334,2.185314655303955,2.185314655303955,600,0,0.0
2001-04-03,2.32189679145813,2.32189679145813,2.0487325191497803,2.0487325191497803,1900,0,0.0
2001-04-04,2.32189679145813,2.32189679145813,2.32189679145813,2.32189679145813,1400,0,0.0
2001-04-05,2.32189679145813,2.32189679145813,2.32189679145813,2.32189679145813,400,0,0.0
2001-04-06,2.4584789276123047,2.4584789276123047,2.4584789276123047,2.4584789276123047,300,0,0.0
2001-04-09,2.447552442550659,2.447552442550659,2.447552442550659,2.447552442550659,0,0,0.0
2001-04-10,2.2727272510528564,2.447552442550659,2.2727272510528564,2.447552442550659,1000,0,0.0
2001-04-11,2.2727272510528564,2.2727272510528564,2.2727272510528564,2.2727272510528564,1900,0,0.0
2001-04-12,2.2727272510528564,2.2727272510528564,2.2727272510528564,2.2727272510528564,0,0,0.0
2001-04-16,2.185314655303955,2.5349650382995605,2.185314655303955,2.5349650382995605,1500,0,0.0
2001-04-17,2.185314655303955,2.185314655303955,2.185314655303955,2.185314655303955,400,0,0.0
2001-04-18,2.185314655303955,2.2727272510528564,2.185314655303955,2.2727272510528564,100,0,0.0
2001-04-19,2.5349650382995605,2.5349650382995605,2.185314655303955,2.185314655303955,1400,0,0.0
2001-04-20,2.5349650382995605,3.0594406127929688,2.5349650382995605,3.0594406127929688,9800,0,0.0
2001-04-23,3.0594406127929688,3.0594406127929688,2.7097902297973633,3.0594406127929688,700,0,0.0
2001-04-24,3.0594406127929688,3.0594406127929688,3.0594406127929688,3.0594406127929688,0,0,0.0
2001-04-25,2.884615421295166,2.884615421295166,2.884615421295166,2.884615421295166,0,0,0.0
2001-04-26,2.9720280170440674,3.0594406127929688,2.884615421295166,2.884615421295166,2400,0,0.0
2001-04-27,2.7972028255462646,2.7972028255462646,2.7972028255462646,2.7972028255462646,500,0,0.0
2001-04-30,3.0594406127929688,3.0594406127929688,2.7972028255462646,2.884615421295166,3300,0,0.0
2001-05-01,2.884615421295166,2.9720280170440674,2.884615421295166,2.9720280170440674,1800,0,0.0
2001-05-02,2.884615421295166,3.2342658042907715,2.7097902297973633,3.2342658042907715,7500,0,0.0
2001-05-03,3.2342658042907715,3.2342658042907715,3.2342658042907715,3.2342658042907715,0,0,0.0
2001-05-04,3.2342658042907715,3.2342658042907715,2.884615421295166,3.0594406127929688,4000,0,0.0
2001-05-07,3.0594406127929688,3.0594406127929688,3.0594406127929688,3.0594406127929688,0,0,0.0
2001-05-08,3.2342658042907715,3.2342658042907715,3.2342658042907715,3.2342658042907715,2800,0,0.0
2001-05-09,2.7972028255462646,2.7972028255462646,2.7972028255462646,2.7972028255462646,100,0,0.0
2001-05-10,3.2342658042907715,3.321678400039673,2.9720280170440674,3.0594406127929688,10400,0,0.0
2001-05-11,3.0594406127929688,3.0594406127929688,3.0594406127929688,3.0594406127929688,0,0,0.0
2001-05-14,2.9720280170440674,2.9720280170440674,2.7097902297973633,2.7097902297973633,300,0,0.0
2001-05-15,2.7097902297973633,2.7097902297973633,2.7097902297973633,2.7097902297973633,0,0,0.0
2001-05-16,2.7097902297973633,3.14685320854187,2.7097902297973633,3.14685320854187,2900,0,0.0
2001-05-17,2.7097902297973633,3.14685320854187,2.7097902297973633,3.14685320854187,100,0,0.0
2001-05-18,2.7097902297973633,4.283216953277588,2.7097902297973633,3.9335663318634033,17800,0,0.0
2001-05-21,4.37062931060791,4.37062931060791,3.583916187286377,3.583916187286377,8500,0,0.0
2001-05-22,3.2342658042907715,4.37062931060791,3.2342658042907715,3.846153736114502,2300,0,0.0
2001-05-23,3.846153736114502,3.846153736114502,3.846153736114502,3.846153736114502,0,0,0.0
2001-05-24,2.884615421295166,2.884615421295166,2.884615421295166,2.884615421295166,3300,0,0.0
2001-05-25,3.14685320854187,3.14685320854187,3.14685320854187,3.14685320854187,100,0,0.0
2001-05-29,3.583916187286377,3.583916187286377,3.583916187286377,3.583916187286377,800,0,0.0
2001-05-30,3.583916187286377,3.583916187286377,3.583916187286377,3.583916187286377,0,0,0.0
2001-05-31,3.4965035915374756,3.4965035915374756,3.4965035915374756,3.4965035915374756,300,0,0.0
2001-06-01,2.884615421295166,3.0594406127929688,2.5349650382995605,3.0594406127929688,800,0,0.0
2001-06-04,3.0594406127929688,3.2342658042907715,3.0594406127929688,3.0594406127929688,3300,0,0.0
2001-06-05,2.7097902297973633,3.0594406127929688,2.7097902297973633,3.0594406127929688,200,0,0.0
2001-06-06,3.0594406127929688,3.0594406127929688,3.0594406127929688,3.0594406127929688,0,0,0.0
2001-06-07,3.0594406127929688,3.2342658042907715,3.0594406127929688,3.2342658042907715,1100,0,0.0
2001-06-08,3.2342658042907715,3.2342658042907715,3.2342658042907715,3.2342658042907715,500,0,0.0
2001-06-11,3.2342658042907715,3.2342658042907715,2.7097902297973633,2.7097902297973633,1000,0,0.0
2001-06-12,3.0594406127929688,3.2342658042907715,3.0594406127929688,3.2342658042907715,1000,0,0.0
2001-06-13,2.7097902297973633,2.7097902297973633,2.7097902297973633,2.7097902297973633,1300,0,0.0
2001-06-14,2.7097902297973633,2.7097902297973633,2.7097902297973633,2.7097902297973633,0,0,0.0
2001-06-15,2.7097902297973633,2.884615421295166,2.622377634048462,2.884615421295166,1000,0,0.0
2001-06-18,2.7097902297973633,2.884615421295166,2.447552442550659,2.884615421295166,3300,0,0.0
2001-06-19,2.447552442550659,2.884615421295166,2.447552442550659,2.884615421295166,600,0,0.0
2001-06-20,2.5349650382995605,2.7097902297973633,2.447552442550659,2.447552442550659,800,0,0.0
2001-06-21,2.7972028255462646,2.7972028255462646,2.447552442550659,2.7097902297973633,1000,0,0.0
2001-06-22,2.447552442550659,2.447552442550659,2.447552442550659,2.447552442550659,1000,0,0.0
2001-06-25,2.447552442550659,2.447552442550659,2.447552442550659,2.447552442550659,0,0,0.0
2001-06-26,2.447552442550659,2.447552442550659,2.447552442550659,2.447552442550659,0,0,0.0
2001-06-27,2.5349650382995605,2.5349650382995605,2.5349650382995605,2.5349650382995605,100,0,0.0
2001-06-28,2.622377634048462,2.622377634048462,2.2727272510528564,2.2727272510528564,200,0,0.0
2001-06-29,2.447552442550659,2.447552442550659,2.2727272510528564,2.2727272510528564,500,0,0.0
2001-07-02,2.7972028255462646,2.7972028255462646,2.7972028255462646,2.7972028255462646,600,0,0.0
2001-07-03,2.185314655303955,2.9720280170440674,2.185314655303955,2.9720280170440674,2900,0,0.0
2001-07-05,2.5349650382995605,2.5349650382995605,2.5349650382995605,2.5349650382995605,200,0,0.0
2001-07-06,2.185314655303955,2.360139846801758,2.185314655303955,2.360139846801758,1100,0,0.0
2001-07-09,2.360139846801758,2.360139846801758,2.360139846801758,2.360139846801758,0,0,0.0
2001-07-10,2.5349650382995605,2.5349650382995605,2.185314655303955,2.185314655303955,300,0,0.0
2001-07-11,2.185314655303955,2.185314655303955,2.185314655303955,2.185314655303955,100,0,0.0
2001-07-12,2.7097902297973633,2.7097902297973633,2.185314655303955,2.622377634048462,1100,0,0.0
2001-07-13,2.5349650382995605,2.5349650382995605,2.5349650382995605,2.5349650382995605,100,0,0.0
2001-07-16,2.185314655303955,2.185314655303955,2.185314655303955,2.185314655303955,1100,0,0.0
2001-07-17,2.5349650382995605,2.5349650382995605,2.5349650382995605,2.5349650382995605,0,0,0.0
2001-07-18,2.185314655303955,2.360139846801758,2.185314655303955,2.185314655303955,5600,0,0.0
2001-07-19,3.0594406127929688,3.0594406127929688,2.7097902297973633,2.7972028255462646,4400,0,0.0
2001-07-20,3.0594406127929688,3.0594406127929688,2.185314655303955,2.7097902297973633,1200,0,0.0
2001-07-23,2.185314655303955,2.185314655303955,2.185314655303955,2.185314655303955,800,0,0.0
2001-07-24,2.185314655303955,2.622377634048462,2.185314655303955,2.622377634048462,1500,0,0.0
2001-07-25,2.185314655303955,2.5349650382995605,2.185314655303955,2.5349650382995605,300,0,0.0
2001-07-26,2.185314655303955,2.5349650382995605,2.0979020595550537,2.185314655303955,1500,0,0.0
2001-07-27,2.2727272510528564,2.2727272510528564,2.2727272510528564,2.2727272510528564,500,0,0.0
2001-07-30,2.2727272510528564,2.2727272510528564,2.2727272510528564,2.2727272510528564,0,0,0.0
2001-07-31,2.0979020595550537,2.447552442550659,2.0979020595550537,2.2727272510528564,4500,0,0.0
2001-08-01,2.2727272510528564,2.2727272510528564,2.0979020595550537,2.185314655303955,3100,0,0.0
2001-08-02,2.0979020595550537,2.0979020595550537,2.0979020595550537,2.0979020595550537,300,0,0.0
2001-08-03,2.0979020595550537,2.5349650382995605,2.0979020595550537,2.5349650382995605,1200,0,0.0
2001-08-06,2.0979020595550537,2.0979020595550537,2.0979020595550537,2.0979020595550537,700,0,0.0
2001-08-07,2.0979020595550537,2.0979020595550537,1.923076868057251,1.923076868057251,4900,0,0.0
2001-08-08,1.923076868057251,2.185314655303955,1.923076868057251,2.185314655303955,3700,0,0.0
2001-08-09,2.0104894638061523,2.0104894638061523,2.0104894638061523,2.0104894638061523,1100,0,0.0
2001-08-10,2.0104894638061523,2.185314655303955,1.8356643915176392,2.0979020595550537,8400,0,0.0
2001-08-13,1.923076868057251,2.0104894638061523,1.923076868057251,2.0104894638061523,9300,0,0.0
2001-08-14,1.923076868057251,2.0104894638061523,1.923076868057251,2.0104894638061523,300,0,0.0
2001-08-15,1.923076868057251,1.923076868057251,1.923076868057251,1.923076868057251,100,0,0.0
2001-08-16,1.923076868057251,1.923076868057251,1.7482517957687378,1.923076868057251,4900,0,0.0
2001-08-17,2.0104894638061523,2.0104894638061523,1.923076868057251,2.0104894638061523,1100,0,0.0
2001-08-20,2.0104894638061523,2.0104894638061523,2.0104894638061523,2.0104894638061523,100,0,0.0
2001-08-21,2.0104894638061523,2.0104894638061523,2.0104894638061523,2.0104894638061523,1700,0,0.0
2001-08-22,1.923076868057251,2.0104894638061523,1.923076868057251,1.923076868057251,900,0,0.0
2001-08-23,1.923076868057251,1.923076868057251,1.6608392000198364,1.7482517957687378,5300,0,0.0
2001-08-24,1.8356643915176392,1.8356643915176392,1.6608392000198364,1.8356643915176392,2000,0,0.0
2001-08-27,1.6608392000198364,1.6608392000198364,1.573426604270935,1.573426604270935,1300,0,0.0
2001-08-28,1.573426604270935,1.573426604270935,1.573426604270935,1.573426604270935,0,0,0.0
2001-08-29,1.4860140085220337,1.7482517957687378,1.4860140085220337,1.7482517957687378,3700,0,0.0
2001-08-30,1.4860140085220337,1.6608392000198364,1.4860140085220337,1.6608392000198364,2500,0,0.0
2001-08-31,1.4860140085220337,1.4860140085220337,1.4860140085220337,1.4860140085220337,1800,0,0.0
2001-09-04,1.2237762212753296,1.2237762212753296,1.2237762212753296,1.2237762212753296,2200,0,0.0
2001-09-05,1.2237762212753296,1.2237762212753296,1.0489510297775269,1.1363636255264282,7700,0,0.0
2001-09-06,0.8741258978843689,1.1363636255264282,0.8741258978843689,1.1363636255264282,7500,0,0.0
2001-09-07,1.1363636255264282,1.1363636255264282,1.0489510297775269,1.1363636255264282,3100,0,0.0
2001-09-10,1.0489510297775269,1.1363636255264282,1.0489510297775269,1.0489510297775269,1900,0,0.0
2001-09-17,1.0489510297775269,1.1363636255264282,0.9615384340286255,0.9615384340286255,1400,0,0.0
2001-09-18,0.9615384340286255,0.9615384340286255,0.9615384340286255,0.9615384340286255,0,0,0.0
2001-09-19,0.9615384340286255,1.0489510297775269,0.9615384340286255,1.0489510297775269,100,0,0.0
2001-09-20,1.311188817024231,1.311188817024231,1.311188817024231,1.311188817024231,600,0,0.0
2001-09-21,1.311188817024231,1.311188817024231,1.1363636255264282,1.1363636255264282,1500,0,0.0
2001-09-24,1.311188817024231,1.311188817024231,1.311188817024231,1.311188817024231,200,0,0.0
2001-09-25,1.311188817024231,1.311188817024231,1.311188817024231,1.311188817024231,0,0,0.0
2001-09-26,1.311188817024231,1.311188817024231,1.0489510297775269,1.0489510297775269,6500,0,0.0
2001-09-27,1.0489510297775269,1.1363636255264282,0.9615384340286255,0.9615384340286255,5200,0,0.0
2001-09-28,0.8741258978843689,0.8741258978843689,0.8741258978843689,0.8741258978843689,0,0,0.0
2001-10-01,0.8741258978843689,0.8741258978843689,0.8741258978843689,0.8741258978843689,100,0,0.0
2001-10-02,1.573426604270935,1.6608392000198364,0.9615384340286255,0.9615384340286255,3500,0,0.0
2001-10-03,1.4860140085220337,1.4860140085220337,1.4860140085220337,1.4860140085220337,1000,0,0.0
2001-10-04,0.9615384340286255,0.9615384340286255,0.9615384340286255,0.9615384340286255,100,0,0.0
2001-10-05,0.9615384340286255,1.1363636255264282,0.9615384340286255,1.1363636255264282,800,0,0.0
2001-10-08,1.1363636255264282,1.1363636255264282,0.9615384340286255,0.9615384340286255,400,0,0.0
2001-10-09,0.9615384340286255,0.9615384340286255,0.9615384340286255,0.9615384340286255,100,0,0.0
2001-10-10,0.9615384340286255,0.9615384340286255,0.9615384340286255,0.9615384340286255,0,0,0.0
2001-10-11,0.9615384340286255,0.9615384340286255,0.9615384340286255,0.9615384340286255,0,0,0.0
2001-10-12,0.9615384340286255,1.1363636255264282,0.9615384340286255,1.0489510297775269,1600,0,0.0
2001-10-15,1.0489510297775269,1.2237762212753296,1.0489510297775269,1.0489510297775269,6800,0,0.0
2001-10-16,1.0489510297775269,1.2237762212753296,1.0489510297775269,1.1363636255264282,3200,0,0.0
2001-10-17,1.1363636255264282,1.311188817024231,1.1363636255264282,1.311188817024231,300,0,0.0
2001-10-18,1.311188817024231,1.311188817024231,1.311188817024231,1.311188817024231,0,0,0.0
2001-10-19,1.311188817024231,1.4860140085220337,1.2237762212753296,1.4860140085220337,2700,0,0.0
2001-10-22,1.4860140085220337,1.4860140085220337,1.4860140085220337,1.4860140085220337,0,0,0.0
2001-10-23,1.1363636255264282,1.311188817024231,1.1363636255264282,1.311188817024231,9500,0,0.0
2001-10-24,1.2237762212753296,1.2237762212753296,1.2237762212753296,1.2237762212753296,4100,0,0.0
2001-10-25,1.311188817024231,1.3986014127731323,1.2237762212753296,1.311188817024231,3600,0,0.0
2001-10-26,1.311188817024231,1.311188817024231,1.311188817024231,1.311188817024231,0,0,0.0
2001-10-29,1.2237762212753296,1.2237762212753296,1.1363636255264282,1.1363636255264282,2600,0,0.0
2001-10-30,1.1363636255264282,1.2237762212753296,1.1363636255264282,1.1363636255264282,2100,0,0.0
2001-10-31,1.1363636255264282,1.1363636255264282,1.1363636255264282,1.1363636255264282,0,0,0.0
2001-11-01,1.1363636255264282,1.1363636255264282,1.1363636255264282,1.1363636255264282,0,0,0.0
2001-11-02,0.9615384340286255,0.9615384340286255,0.9615384340286255,0.9615384340286255,200,0,0.0
2001-11-05,0.9615384340286255,0.9615384340286255,0.9615384340286255,0.9615384340286255,300,0,0.0
2001-11-06,0.9615384340286255,1.311188817024231,0.9615384340286255,0.9615384340286255,2500,0,0.0
2001-11-07,0.9615384340286255,1.311188817024231,0.8741258978843689,0.8741258978843689,8000,0,0.0
2001-11-08,0.8741258978843689,0.8741258978843689,0.8741258978843689,0.8741258978843689,1100,0,0.0
2001-11-09,0.8741258978843689,0.8741258978843689,0.7867133021354675,0.8741258978843689,3700,0,0.0
2001-11-12,0.8741258978843689,0.8741258978843689,0.8741258978843689,0.8741258978843689,0,0,0.0
2001-11-13,0.7867133021354675,0.7867133021354675,0.6993007063865662,0.6993007063865662,5700,0,0.0
2001-11-14,0.7867133021354675,0.7867133021354675,0.6993007063865662,0.6993007063865662,2900,0,0.0
2001-11-15,0.6993007063865662,0.8741258978843689,0.6993007063865662,0.7867133021354675,6500,0,0.0
2001-11-16,0.6118881106376648,0.7867133021354675,0.6118881106376648,0.6118881106376648,2500,0,0.0
2001-11-19,0.7867133021354675,0.7867133021354675,0.7867133021354675,0.7867133021354675,1100,0,0.0
2001-11-20,0.6993007063865662,0.7867133021354675,0.6993007063865662,0.7867133021354675,2900,0,0.0
2001-11-21,0.6993007063865662,0.7867133021354675,0.6993007063865662,0.7867133021354675,6000,0,0.0
2001-11-23,0.7867133021354675,0.7867133021354675,0.7867133021354675,0.7867133021354675,1600,0,0.0
2001-11-26,0.6993007063865662,0.7867133021354675,0.6993007063865662,0.7867133021354675,3600,0,0.0
2001-11-27,0.9615384340286255,0.9615384340286255,0.7867133021354675,0.8741258978843689,2000,0,0.0
2001-11-28,0.7867133021354675,0.7867133021354675,0.6118881106376648,0.6118881106376648,700,0,0.0
2001-11-29,0.9615384340286255,0.9615384340286255,0.7867133021354675,0.7867133021354675,2600,0,0.0
2001-11-30,0.6118881106376648,0.6118881106376648,0.6118881106376648,0.6118881106376648,200,0,0.0
2001-12-03,0.7867133021354675,0.7867133021354675,0.7867133021354675,0.7867133021354675,700,0,0.0
2001-12-04,0.7867133021354675,0.7867133021354675,0.6993007063865662,0.7867133021354675,8000,0,0.0
2001-12-05,0.6993007063865662,0.7867133021354675,0.6993007063865662,0.6993007063865662,6000,0,0.0
2001-12-06,0.6993007063865662,0.6993007063865662,0.6993007063865662,0.6993007063865662,4800,0,0.0
2001-12-07,0.6993007063865662,0.6993007063865662,0.6993007063865662,0.6993007063865662,300,0,0.0
2001-12-10,0.6993007063865662,0.8741258978843689,0.6118881106376648,0.8741258978843689,1200,0,0.0
2001-12-11,0.6993007063865662,0.6993007063865662,0.6118881106376648,0.6118881106376648,1900,0,0.0
2001-12-12,0.7867133021354675,0.7867133021354675,0.6993007063865662,0.6993007063865662,400,0,0.0
2001-12-13,0.6993007063865662,0.6993007063865662,0.6993007063865662,0.6993007063865662,0,0,0.0
2001-12-14,0.6993007063865662,0.7867133021354675,0.5244755148887634,0.7867133021354675,3200,0,0.0
2001-12-17,0.6993007063865662,0.6993007063865662,0.6118881106376648,0.6118881106376648,22200,0,0.0
2001-12-18,0.5244755148887634,0.5244755148887634,0.5244755148887634,0.5244755148887634,1000,0,0.0
2001-12-19,0.5244755148887634,0.6118881106376648,0.5244755148887634,0.5244755148887634,33900,0,0.0
2001-12-20,0.6118881106376648,0.6118881106376648,0.43706294894218445,0.5244755148887634,24900,0,0.0
2001-12-21,0.5244755148887634,0.6993007063865662,0.5244755148887634,0.6993007063865662,58900,0,0.0
2001-12-24,0.5244755148887634,0.6993007063865662,0.43706294894218445,0.43706294894218445,1500,0,0.0
2001-12-26,0.5244755148887634,0.5244755148887634,0.43706294894218445,0.5244755148887634,4100,0,0.0
2001-12-27,0.5244755148887634,0.6993007063865662,0.5244755148887634,0.6993007063865662,4100,0,0.0
2001-12-28,0.6993007063865662,0.6993007063865662,0.43706294894218445,0.6118881106376648,8000,0,0.0
2001-12-31,0.43706294894218445,0.6118881106376648,0.43706294894218445,0.6118881106376648,1300,0,0.0
2002-01-02,0.5244755148887634,0.5244755148887634,0.5244755148887634,0.5244755148887634,200,0,0.0
2002-01-03,0.5244755148887634,0.5244755148887634,0.5244755148887634,0.5244755148887634,1100,0,0.0
2002-01-04,0.5244755148887634,0.5244755148887634,0.5244755148887634,0.5244755148887634,100,0,0.0
2002-01-07,0.6993007063865662,0.6993007063865662,0.5244755148887634,0.5244755148887634,300,0,0.0
2002-01-08,0.5244755148887634,0.5244755148887634,0.5244755148887634,0.5244755148887634,400,0,0.0
2002-01-09,0.5244755148887634,0.5244755148887634,0.43706294894218445,0.5244755148887634,11600,0,0.0
2002-01-10,0.7867133021354675,0.7867133021354675,0.7867133021354675,0.7867133021354675,900,0,0.0
2002-01-11,0.6118881106376648,0.6118881106376648,0.6118881106376648,0.6118881106376648,2100,0,0.0
2002-01-14,0.7867133021354675,0.8741258978843689,0.7867133021354675,0.8741258978843689,7400,0,0.0
2002-01-15,0.8741258978843689,0.8741258978843689,0.6118881106376648,0.6993007063865662,6200,0,0.0
2002-01-16,0.7867133021354675,0.7867133021354675,0.6993007063865662,0.6993007063865662,3200,0,0.0
2002-01-17,0.6993007063865662,0.6993007063865662,0.6993007063865662,0.6993007063865662,3300,0,0.0
2002-01-18,0.6993007063865662,0.7867133021354675,0.6993007063865662,0.7867133021354675,900,0,0.0
2002-01-22,0.6993007063865662,0.8741258978843689,0.6993007063865662,0.6993007063865662,5900,0,0.0
2002-01-23,0.6993007063865662,0.7867133021354675,0.5244755148887634,0.6993007063865662,13700,0,0.0
2002-01-24,0.7867133021354675,0.7867133021354675,0.7867133021354675,0.7867133021354675,200,0,0.0
2002-01-25,0.7867133021354675,0.7867133021354675,0.7867133021354675,0.7867133021354675,2000,0,0.0
2002-01-28,0.7867133021354675,0.7867133021354675,0.6993007063865662,0.6993007063865662,3600,0,0.0
2002-01-29,0.7867133021354675,0.7867133021354675,0.7867133021354675,0.7867133021354675,500,0,0.0
2002-01-30,0.7867133021354675,0.7867133021354675,0.7867133021354675,0.7867133021354675,5700,0,0.0
2002-01-31,0.7867133021354675,0.7867133021354675,0.7867133021354675,0.7867133021354675,0,0,0.0
2002-02-01,0.7867133021354675,0.8741258978843689,0.7867133021354675,0.8741258978843689,1200,0,0.0
2002-02-04,0.7867133021354675,0.7867133021354675,0.7867133021354675,0.7867133021354675,2400,0,0.0
2002-02-05,0.7867133021354675,0.7867133021354675,0.7867133021354675,0.7867133021354675,1000,0,0.0
2002-02-06,0.7867133021354675,0.7867133021354675,0.7867133021354675,0.7867133021354675,1100,0,0.0
2002-02-07,0.7867133021354675,0.7867133021354675,0.7867133021354675,0.7867133021354675,2000,0,0.0
2002-02-08,0.7867133021354675,0.7867133021354675,0.7867133021354675,0.7867133021354675,0,0,0.0
2002-02-11,0.7867133021354675,0.8741258978843689,0.7867133021354675,0.7867133021354675,1900,0,0.0
2002-02-12,0.7867133021354675,0.8741258978843689,0.7867133021354675,0.8741258978843689,6800,0,0.0
2002-02-13,0.7867133021354675,0.7867133021354675,0.7867133021354675,0.7867133021354675,2400,0,0.0
2002-02-14,0.7867133021354675,0.7867133021354675,0.7867133021354675,0.7867133021354675,3000,0,0.0
2002-02-15,0.8741258978843689,1.0489510297775269,0.8741258978843689,0.9615384340286255,4100,0,0.0
2002-02-19,0.7867133021354675,0.7867133021354675,0.7867133021354675,0.7867133021354675,1500,0,0.0
2002-02-20,0.7867133021354675,0.7867133021354675,0.7867133021354675,0.7867133021354675,0,0,0.0
2002-02-21,0.7867133021354675,0.8741258978843689,0.7867133021354675,0.8741258978843689,1300,0,0.0
2002-02-22,0.7867133021354675,0.7867133021354675,0.6993007063865662,0.6993007063865662,800,0,0.0
2002-02-25,0.6993007063865662,0.6993007063865662,0.6993007063865662,0.6993007063865662,0,0,0.0
2002-02-26,0.6993007063865662,0.6993007063865662,0.6993007063865662,0.6993007063865662,200,0,0.0
2002-02-27,0.8741258978843689,0.8741258978843689,0.7867133021354675,0.7867133021354675,600,0,0.0
2002-02-28,0.7867133021354675,0.7867133021354675,0.7867133021354675,0.7867133021354675,100,0,0.0
2002-03-01,0.7867133021354675,0.7867133021354675,0.7867133021354675,0.7867133021354675,0,0,0.0
2002-03-04,0.7867133021354675,0.7867133021354675,0.7867133021354675,0.7867133021354675,100,0,0.0
2002-03-05,0.8741258978843689,0.8741258978843689,0.7867133021354675,0.7867133021354675,1200,0,0.0
2002-03-06,0.7867133021354675,0.7867133021354675,0.7867133021354675,0.7867133021354675,100,0,0.0
2002-03-07,0.7867133021354675,0.7867133021354675,0.7867133021354675,0.7867133021354675,0,0,0.0
2002-03-08,0.7867133021354675,0.7867133021354675,0.7867133021354675,0.7867133021354675,0,0,0.0
2002-03-11,0.7867133021354675,0.7867133021354675,0.7867133021354675,0.7867133021354675,0,0,0.0
2002-03-12,0.7867133021354675,0.7867133021354675,0.7867133021354675,0.7867133021354675,0,0,0.0
2002-03-13,0.7867133021354675,0.7867133021354675,0.6993007063865662,0.6993007063865662,1100,0,0.0
2002-03-14,0.8741258978843689,0.8741258978843689,0.8741258978843689,0.8741258978843689,500,0,0.0
2002-03-15,0.8741258978843689,0.8741258978843689,0.8741258978843689,0.8741258978843689,0,0,0.0
2002-03-18,0.8741258978843689,0.8741258978843689,0.8741258978843689,0.8741258978843689,800,0,0.0
2002-03-19,0.7867133021354675,0.7867133021354675,0.7867133021354675,0.7867133021354675,900,0,0.0
2002-03-20,0.7867133021354675,0.7867133021354675,0.7867133021354675,0.7867133021354675,100,0,0.0
2002-03-21,0.7867133021354675,0.7867133021354675,0.7867133021354675,0.7867133021354675,0,0,0.0
2002-03-22,0.7867133021354675,0.8741258978843689,0.7867133021354675,0.7867133021354675,2200,0,0.0
2002-03-25,0.7867133021354675,0.7867133021354675,0.7867133021354675,0.7867133021354675,0,0,0.0
2002-03-26,0.7867133021354675,0.7867133021354675,0.6993007063865662,0.6993007063865662,4300,0,0.0
2002-03-27,0.6993007063865662,0.6993007063865662,0.6993007063865662,0.6993007063865662,300,0,0.0
2002-03-28,0.6993007063865662,0.6993007063865662,0.6993007063865662,0.6993007063865662,0,0,0.0
2002-04-01,0.6993007063865662,0.7867133021354675,0.6993007063865662,0.7867133021354675,600,0,0.0
2002-04-02,0.6993007063865662,0.6993007063865662,0.6993007063865662,0.6993007063865662,0,0,0.0
2002-04-03,0.6993007063865662,0.6993007063865662,0.6993007063865662,0.6993007063865662,800,0,0.0
2002-04-04,0.6993007063865662,0.6993007063865662,0.6118881106376648,0.6118881106376648,10300,0,0.0
2002-04-05,0.5244755148887634,0.5244755148887634,0.5244755148887634,0.5244755148887634,0,0,0.0
2002-04-08,0.6993007063865662,0.6993007063865662,0.6993007063865662,0.6993007063865662,2600,0,0.0
2002-04-09,0.6993007063865662,0.6993007063865662,0.6993007063865662,0.6993007063865662,0,0,0.0
2002-04-10,0.5244755148887634,0.6118881106376648,0.5244755148887634,0.6118881106376648,5700,0,0.0
2002-04-11,0.6118881106376648,0.6118881106376648,0.6118881106376648,0.6118881106376648,0,0,0.0
2002-04-12,0.6118881106376648,0.6118881106376648,0.6118881106376648,0.6118881106376648,100,0,0.0
2002-04-15,0.6118881106376648,0.6118881106376648,0.6118881106376648,0.6118881106376648,0,0,0.0
2002-04-16,0.6118881106376648,0.7867133021354675,0.6118881106376648,0.7867133021354675,1500,0,0.0
2002-04-17,0.7867133021354675,0.7867133021354675,0.7867133021354675,0.7867133021354675,400,0,0.0
2002-04-18,0.7867133021354675,0.7867133021354675,0.7867133021354675,0.7867133021354675,800,0,0.0
2002-04-19,0.7867133021354675,0.7867133021354675,0.7867133021354675,0.7867133021354675,0,0,0.0
2002-04-22,0.7867133021354675,0.7867133021354675,0.7867133021354675,0.7867133021354675,0,0,0.0
2002-04-23,0.7867133021354675,0.7867133021354675,0.7867133021354675,0.7867133021354675,0,0,0.0
2002-04-24,0.6993007063865662,0.6993007063865662,0.6118881106376648,0.6118881106376648,2200,0,0.0
2002-04-25,0.6993007063865662,0.7867133021354675,0.6993007063865662,0.6993007063865662,4100,0,0.0
2002-04-26,0.6993007063865662,0.6993007063865662,0.6993007063865662,0.6993007063865662,0,0,0.0
2002-04-29,0.6993007063865662,0.7867133021354675,0.6118881106376648,0.6118881106376648,9400,0,0.0
2002-04-30,0.5244755148887634,0.7867133021354675,0.5244755148887634,0.7867133021354675,1200,0,0.0
2002-05-01,0.7867133021354675,0.7867133021354675,0.7867133021354675,0.7867133021354675,500,0,0.0
2002-05-02,0.6118881106376648,0.6118881106376648,0.6118881106376648,0.6118881106376648,5200,0,0.0
2002-05-03,0.6993007063865662,0.8741258978843689,0.6993007063865662,0.7867133021354675,6300,0,0.0
2002-05-06,0.6118881106376648,0.7867133021354675,0.6118881106376648,0.6118881106376648,1500,0,0.0
2002-05-07,0.6993007063865662,0.6993007063865662,0.6118881106376648,0.6993007063865662,400,0,0.0
2002-05-08,0.6118881106376648,0.6993007063865662,0.6118881106376648,0.6118881106376648,2800,0,0.0
2002-05-09,0.6118881106376648,0.6118881106376648,0.6118881106376648,0.6118881106376648,0,0,0.0
2002-05-10,0.6993007063865662,0.6993007063865662,0.5244755148887634,0.6993007063865662,8100,0,0.0
2002-05-13,0.6993007063865662,0.6993007063865662,0.6993007063865662,0.6993007063865662,0,0,0.0
2002-05-14,0.6993007063865662,0.6993007063865662,0.6993007063865662,0.6993007063865662,0,0,0.0
2002-05-15,0.6118881106376648,0.7867133021354675,0.6118881106376648,0.7867133021354675,300,0,0.0
2002-05-16,0.6118881106376648,0.6993007063865662,0.6118881106376648,0.6993007063865662,1500,0,0.0
2002-05-17,0.6993007063865662,0.6993007063865662,0.6993007063865662,0.6993007063865662,0,0,0.0
2002-05-20,0.7867133021354675,1.3986014127731323,0.7867133021354675,1.311188817024231,14000,0,0.0
2002-05-21,1.0489510297775269,1.0489510297775269,0.7867133021354675,0.7867133021354675,6200,0,0.0
2002-05-22,0.6993007063865662,0.7867133021354675,0.6993007063865662,0.7867133021354675,300,0,0.0
2002-05-23,0.7867133021354675,0.8741258978843689,0.6993007063865662,0.7867133021354675,4600,0,0.0
2002-05-24,0.6118881106376648,0.7867133021354675,0.6118881106376648,0.6993007063865662,15200,0,0.0
2002-05-28,0.6118881106376648,0.6993007063865662,0.6118881106376648,0.6993007063865662,4300,0,0.0
2002-05-29,0.9615384340286255,0.9615384340286255,0.7867133021354675,0.7867133021354675,1700,0,0.0
2002-05-30,0.6993007063865662,0.6993007063865662,0.6993007063865662,0.6993007063865662,1100,0,0.0
2002-05-31,0.6993007063865662,0.8741258978843689,0.6993007063865662,0.8741258978843689,7400,0,0.0
2002-06-03,0.8741258978843689,0.8741258978843689,0.8741258978843689,0.8741258978843689,1300,0,0.0
2002-06-04,0.8741258978843689,1.4860140085220337,0.8741258978843689,1.1363636255264282,83400,0,0.0
2002-06-05,1.1363636255264282,1.4860140085220337,0.9615384340286255,1.2237762212753296,6300,0,0.0
2002-06-06,1.2237762212753296,1.2237762212753296,1.2237762212753296,1.2237762212753296,0,0,0.0
2002-06-07,1.2237762212753296,1.2237762212753296,1.2237762212753296,1.2237762212753296,200,0,0.0
2002-06-10,1.2237762212753296,1.2237762212753296,0.7867133021354675,0.9615384340286255,29300,0,0.0
2002-06-11,0.8741258978843689,1.0489510297775269,0.8741258978843689,0.9615384340286255,7300,0,0.0
2002-06-12,1.0489510297775269,1.0489510297775269,1.0489510297775269,1.0489510297775269,500,0,0.0
2002-06-13,1.0489510297775269,1.0489510297775269,1.0489510297775269,1.0489510297775269,800,0,0.0
2002-06-14,1.0489510297775269,1.0489510297775269,1.0489510297775269,1.0489510297775269,600,0,0.0
2002-06-17,1.0489510297775269,1.0489510297775269,0.8741258978843689,1.0489510297775269,4100,0,0.0
2002-06-18,1.0489510297775269,1.0489510297775269,0.9615384340286255,0.9615384340286255,5200,0,0.0
2002-06-19,1.0489510297775269,1.923076868057251,0.9615384340286255,1.573426604270935,68000,0,0.0
2002-06-20,1.4860140085220337,1.573426604270935,1.311188817024231,1.311188817024231,24100,0,0.0
2002-06-21,1.573426604270935,1.573426604270935,1.573426604270935,1.573426604270935,0,0,0.0
2002-06-24,1.573426604270935,1.573426604270935,1.311188817024231,1.311188817024231,4400,0,0.0
2002-06-25,1.1363636255264282,1.311188817024231,1.1363636255264282,1.1363636255264282,3700,0,0.0
2002-06-26,1.1363636255264282,1.1363636255264282,1.1363636255264282,1.1363636255264282,4900,0,0.0
2002-06-27,1.2237762212753296,1.2237762212753296,1.2237762212753296,1.2237762212753296,1500,0,0.0
2002-06-28,0.8741258978843689,1.0489510297775269,0.8741258978843689,1.0489510297775269,3200,0,0.0
2002-07-01,0.8741258978843689,0.8741258978843689,0.8741258978843689,0.8741258978843689,100,0,0.0
2002-07-02,0.8741258978843689,1.0489510297775269,0.7867133021354675,0.7867133021354675,43400,0,0.0
2002-07-03,0.8741258978843689,0.8741258978843689,0.7867133021354675,0.7867133021354675,15900,0,0.0
2002-07-05,0.7867133021354675,0.7867133021354675,0.7867133021354675,0.7867133021354675,0,0,0.0
2002-07-08,0.7867133021354675,0.7867133021354675,0.7867133021354675,0.7867133021354675,800,0,0.0
2002-07-09,0.7867133021354675,0.7867133021354675,0.7867133021354675,0.7867133021354675,11600,0,0.0
2002-07-10,0.7867133021354675,0.7867133021354675,0.6993007063865662,0.6993007063865662,3700,0,0.0
2002-07-11,0.6118881106376648,0.6118881106376648,0.6118881106376648,0.6118881106376648,1300,0,0.0
2002-07-12,0.6993007063865662,0.7867133021354675,0.5244755148887634,0.5244755148887634,13800,0,0.0
2002-07-15,0.6993007063865662,0.6993007063865662,0.5244755148887634,0.5244755148887634,8600,0,0.0
2002-07-16,0.5244755148887634,0.5244755148887634,0.5244755148887634,0.5244755148887634,2800,0,0.0
2002-07-17,0.6118881106376648,0.6118881106376648,0.6118881106376648,0.6118881106376648,3900,0,0.0
2002-07-18,0.6118881106376648,0.6118881106376648,0.5244755148887634,0.6118881106376648,14500,0,0.0
2002-07-19,0.5244755148887634,0.6118881106376648,0.5244755148887634,0.5244755148887634,5100,0,0.0
2002-07-22,0.6993007063865662,0.6993007063865662,0.6993007063865662,0.6993007063865662,8100,0,0.0
2002-07-23,0.6993007063865662,0.6993007063865662,0.6993007063865662,0.6993007063865662,500,0,0.0
2002-07-24,0.5244755148887634,0.5244755148887634,0.5244755148887634,0.5244755148887634,1000,0,0.0
2002-07-25,0.5244755148887634,0.5244755148887634,0.2622377574443817,0.2622377574443817,1400,0,0.0
2002-07-26,0.5244755148887634,0.6118881106376648,0.43706294894218445,0.6118881106376648,26900,0,0.0
2002-07-29,0.43706294894218445,0.5244755148887634,0.43706294894218445,0.5244755148887634,3200,0,0.0
2002-07-30,0.6118881106376648,0.6118881106376648,0.43706294894218445,0.43706294894218445,300,0,0.0
2002-07-31,0.6118881106376648,0.6118881106376648,0.43706294894218445,0.43706294894218445,7900,0,0.0
2002-08-01,0.43706294894218445,0.43706294894218445,0.43706294894218445,0.43706294894218445,1000,0,0.0
2002-08-02,0.6118881106376648,0.6118881106376648,0.43706294894218445,0.43706294894218445,5400,0,0.0
2002-08-05,0.5244755148887634,0.5244755148887634,0.5244755148887634,0.5244755148887634,400,0,0.0
2002-08-06,0.43706294894218445,0.43706294894218445,0.43706294894218445,0.43706294894218445,800,0,0.0
2002-08-07,0.43706294894218445,0.43706294894218445,0.43706294894218445,0.43706294894218445,100,0,0.0
2002-08-08,0.43706294894218445,0.43706294894218445,0.43706294894218445,0.43706294894218445,0,0,0.0
2002-08-09,0.5244755148887634,0.5244755148887634,0.5244755148887634,0.5244755148887634,3400,0,0.0
2002-08-12,0.5244755148887634,0.5244755148887634,0.2622377574443817,0.2622377574443817,1200,0,0.0
2002-08-13,0.43706294894218445,0.43706294894218445,0.43706294894218445,0.43706294894218445,100,0,0.0
2002-08-14,0.43706294894218445,0.5244755148887634,0.43706294894218445,0.5244755148887634,2200,0,0.0
2002-08-15,0.5244755148887634,0.5244755148887634,0.43706294894218445,0.5244755148887634,14500,0,0.0
2002-08-16,0.43706294894218445,0.5244755148887634,0.43706294894218445,0.5244755148887634,5600,0,0.0
2002-08-19,0.5244755148887634,0.5244755148887634,0.5244755148887634,0.5244755148887634,2500,0,0.0
2002-08-20,0.43706294894218445,0.43706294894218445,0.43706294894218445,0.43706294894218445,100,0,0.0
2002-08-21,0.43706294894218445,0.43706294894218445,0.43706294894218445,0.43706294894218445,0,0,0.0
2002-08-22,0.43706294894218445,0.43706294894218445,0.43706294894218445,0.43706294894218445,500,0,0.0
2002-08-23,0.43706294894218445,0.43706294894218445,0.43706294894218445,0.43706294894218445,300,0,0.0
2002-08-26,0.5244755148887634,0.6118881106376648,0.5244755148887634,0.5244755148887634,6300,0,0.0
2002-08-27,0.6993007063865662,0.6993007063865662,0.6993007063865662,0.6993007063865662,400,0,0.0
2002-08-28,0.6993007063865662,0.6993007063865662,0.43706294894218445,0.43706294894218445,600,0,0.0
2002-08-29,0.5244755148887634,0.5244755148887634,0.5244755148887634,0.5244755148887634,600,0,0.0
2002-08-30,0.43706294894218445,0.43706294894218445,0.43706294894218445,0.43706294894218445,200,0,0.0
2002-09-03,0.43706294894218445,0.43706294894218445,0.43706294894218445,0.43706294894218445,0,0,0.0
2002-09-04,0.43706294894218445,0.43706294894218445,0.43706294894218445,0.43706294894218445,400,0,0.0
2002-09-05,0.43706294894218445,0.6993007063865662,0.43706294894218445,0.6118881106376648,9700,0,0.0
2002-09-06,0.6118881106376648,0.6118881106376648,0.5244755148887634,0.5244755148887634,4000,0,0.0
2002-09-09,0.6993007063865662,0.6993007063865662,0.6118881106376648,0.6118881106376648,6700,0,0.0
2002-09-10,0.5244755148887634,0.6993007063865662,0.5244755148887634,0.6993007063865662,31000,0,0.0
2002-09-11,0.5244755148887634,0.5244755148887634,0.5244755148887634,0.5244755148887634,1400,0,0.0
2002-09-12,0.43706294894218445,0.6993007063865662,0.43706294894218445,0.6993007063865662,1800,0,0.0
2002-09-13,0.6118881106376648,0.6993007063865662,0.6118881106376648,0.6118881106376648,13000,0,0.0
2002-09-16,0.5244755148887634,0.6118881106376648,0.5244755148887634,0.6118881106376648,14000,0,0.0
2002-09-17,0.5244755148887634,0.5244755148887634,0.43706294894218445,0.5244755148887634,16500,0,0.0
2002-09-18,0.5244755148887634,0.5244755148887634,0.43706294894218445,0.43706294894218445,9000,0,0.0
2002-09-19,0.6118881106376648,0.6118881106376648,0.6118881106376648,0.6118881106376648,0,0,0.0
2002-09-20,0.5244755148887634,0.5244755148887634,0.5244755148887634,0.5244755148887634,600,0,0.0
2002-09-23,0.5244755148887634,0.6118881106376648,0.5244755148887634,0.5244755148887634,19200,0,0.0
2002-09-24,0.5244755148887634,0.5244755148887634,0.5244755148887634,0.5244755148887634,10800,0,0.0
2002-09-25,0.5244755148887634,0.5244755148887634,0.5244755148887634,0.5244755148887634,0,0,0.0
2002-09-26,0.5244755148887634,0.5244755148887634,0.5244755148887634,0.5244755148887634,0,0,0.0
2002-09-27,0.5244755148887634,0.5244755148887634,0.43706294894218445,0.5244755148887634,7400,0,0.0
2002-09-30,0.5244755148887634,0.5244755148887634,0.5244755148887634,0.5244755148887634,0,0,0.0
2002-10-01,0.43706294894218445,0.43706294894218445,0.43706294894218445,0.43706294894218445,300,0,0.0
2002-10-02,0.43706294894218445,0.43706294894218445,0.43706294894218445,0.43706294894218445,4500,0,0.0
2002-10-03,0.43706294894218445,0.43706294894218445,0.43706294894218445,0.43706294894218445,10300,0,0.0
2002-10-04,0.43706294894218445,0.43706294894218445,0.43706294894218445,0.43706294894218445,200,0,0.0
2002-10-07,0.43706294894218445,0.43706294894218445,0.43706294894218445,0.43706294894218445,0,0,0.0
2002-10-08,0.43706294894218445,0.43706294894218445,0.43706294894218445,0.43706294894218445,2000,0,0.0
2002-10-09,0.43706294894218445,0.43706294894218445,0.43706294894218445,0.43706294894218445,8500,0,0.0
2002-10-10,0.43706294894218445,0.43706294894218445,0.43706294894218445,0.43706294894218445,0,0,0.0
2002-10-11,0.43706294894218445,0.43706294894218445,0.43706294894218445,0.43706294894218445,0,0,0.0
2002-10-14,0.43706294894218445,0.43706294894218445,0.43706294894218445,0.43706294894218445,800,0,0.0
2002-10-15,0.43706294894218445,0.43706294894218445,0.43706294894218445,0.43706294894218445,0,0,0.0
2002-10-16,0.43706294894218445,0.43706294894218445,0.43706294894218445,0.43706294894218445,0,0,0.0
2002-10-17,0.43706294894218445,0.43706294894218445,0.43706294894218445,0.43706294894218445,1100,0,0.0
2002-10-18,0.43706294894218445,0.43706294894218445,0.43706294894218445,0.43706294894218445,9800,0,0.0
2002-10-21,0.43706294894218445,0.43706294894218445,0.43706294894218445,0.43706294894218445,1600,0,0.0
2002-10-22,0.43706294894218445,0.43706294894218445,0.43706294894218445,0.43706294894218445,1200,0,0.0
2002-10-23,0.43706294894218445,0.43706294894218445,0.43706294894218445,0.43706294894218445,600,0,0.0
2002-10-24,0.43706294894218445,0.43706294894218445,0.43706294894218445,0.43706294894218445,0,0,0.0
2002-10-25,0.43706294894218445,0.43706294894218445,0.43706294894218445,0.43706294894218445,2200,0,0.0
2002-10-28,0.43706294894218445,0.43706294894218445,0.43706294894218445,0.43706294894218445,200,0,0.0
2002-10-29,0.43706294894218445,0.43706294894218445,0.43706294894218445,0.43706294894218445,400,0,0.0
2002-10-30,0.43706294894218445,0.43706294894218445,0.43706294894218445,0.43706294894218445,0,0,0.0
2002-10-31,0.43706294894218445,0.43706294894218445,0.43706294894218445,0.43706294894218445,200,0,0.0
2002-11-01,0.43706294894218445,0.43706294894218445,0.43706294894218445,0.43706294894218445,2200,0,0.0
2002-11-04,0.43706294894218445,0.43706294894218445,0.43706294894218445,0.43706294894218445,800,0,0.0
2002-11-05,0.43706294894218445,0.43706294894218445,0.43706294894218445,0.43706294894218445,0,0,0.0
2002-11-06,0.43706294894218445,0.43706294894218445,0.43706294894218445,0.43706294894218445,500,0,0.0
2002-11-07,0.43706294894218445,0.5244755148887634,0.43706294894218445,0.5244755148887634,10400,0,0.0
2002-11-08,0.43706294894218445,0.43706294894218445,0.43706294894218445,0.43706294894218445,300,0,0.0
2002-11-11,0.5244755148887634,0.5244755148887634,0.43706294894218445,0.43706294894218445,2000,0,0.0
2002-11-12,0.43706294894218445,0.43706294894218445,0.43706294894218445,0.43706294894218445,0,0,0.0
2002-11-13,0.43706294894218445,0.43706294894218445,0.43706294894218445,0.43706294894218445,500,0,0.0
2002-11-14,0.43706294894218445,0.43706294894218445,0.43706294894218445,0.43706294894218445,200,0,0.0
2002-11-15,0.43706294894218445,0.43706294894218445,0.43706294894218445,0.43706294894218445,6600,0,0.0
2002-11-18,0.3496503531932831,0.3496503531932831,0.3496503531932831,0.3496503531932831,500,0,0.0
2002-11-19,0.3496503531932831,0.3496503531932831,0.3496503531932831,0.3496503531932831,0,0,0.0
2002-11-20,0.3496503531932831,0.3496503531932831,0.3496503531932831,0.3496503531932831,0,0,0.0
2002-11-21,0.3496503531932831,0.3496503531932831,0.3496503531932831,0.3496503531932831,0,0,0.0
2002-11-22,0.3496503531932831,0.3496503531932831,0.3496503531932831,0.3496503531932831,0,0,0.0
2002-11-25,0.3496503531932831,0.3496503531932831,0.3496503531932831,0.3496503531932831,0,0,0.0
2002-11-26,0.3496503531932831,0.3496503531932831,0.3496503531932831,0.3496503531932831,100,0,0.0
2002-11-27,0.3496503531932831,0.3496503531932831,0.3496503531932831,0.3496503531932831,1400,0,0.0
2002-11-29,0.3496503531932831,0.3496503531932831,0.3496503531932831,0.3496503531932831,0,0,0.0
2002-12-02,0.3496503531932831,0.3496503531932831,0.3496503531932831,0.3496503531932831,500,0,0.0
2002-12-03,0.3496503531932831,0.3496503531932831,0.3496503531932831,0.3496503531932831,0,0,0.0
2002-12-04,0.43706294894218445,0.43706294894218445,0.3496503531932831,0.3496503531932831,4100,0,0.0
2002-12-05,0.6118881106376648,0.6118881106376648,0.6118881106376648,0.6118881106376648,1100,0,0.0
2002-12-06,0.43706294894218445,0.43706294894218445,0.3496503531932831,0.3496503531932831,15900,0,0.0
2002-12-09,0.3496503531932831,0.3496503531932831,0.3496503531932831,0.3496503531932831,1100,0,0.0
2002-12-10,0.3496503531932831,0.3496503531932831,0.17482517659664154,0.3496503531932831,11700,0,0.0
2002-12-11,0.3496503531932831,0.3496503531932831,0.2622377574443817,0.3496503531932831,26800,0,0.0
2002-12-12,0.3496503531932831,0.43706294894218445,0.3496503531932831,0.43706294894218445,9600,0,0.0
2002-12-13,0.3496503531932831,0.3496503531932831,0.3496503531932831,0.3496503531932831,3500,0,0.0
2002-12-16,0.3496503531932831,0.3496503531932831,0.3496503531932831,0.3496503531932831,4800,0,0.0
2002-12-17,0.3496503531932831,0.3496503531932831,0.3496503531932831,0.3496503531932831,0,0,0.0
2002-12-18,0.3496503531932831,0.3496503531932831,0.3496503531932831,0.3496503531932831,300,0,0.0
2002-12-19,0.3496503531932831,0.3496503531932831,0.3496503531932831,0.3496503531932831,0,0,0.0
2002-12-20,0.3496503531932831,0.3496503531932831,0.3496503531932831,0.3496503531932831,200,0,0.0
2002-12-23,0.3496503531932831,0.43706294894218445,0.3496503531932831,0.43706294894218445,17200,0,0.0
2002-12-24,0.3496503531932831,0.3496503531932831,0.3496503531932831,0.3496503531932831,1300,0,0.0
2002-12-26,0.3496503531932831,0.3496503531932831,0.3496503531932831,0.3496503531932831,800,0,0.0
2002-12-27,0.3496503531932831,0.43706294894218445,0.3496503531932831,0.3496503531932831,2800,0,0.0
2002-12-30,0.3496503531932831,0.3496503531932831,0.3496503531932831,0.3496503531932831,1000,0,0.0
2002-12-31,0.3496503531932831,0.3496503531932831,0.3496503531932831,0.3496503531932831,200,0,0.0
2003-01-02,0.3496503531932831,0.3496503531932831,0.3496503531932831,0.3496503531932831,0,0,0.0
2003-01-03,0.3496503531932831,0.3496503531932831,0.3496503531932831,0.3496503531932831,0,0,0.0
2003-01-06,0.6118881106376648,0.6118881106376648,0.3496503531932831,0.3496503531932831,4000,0,0.0
2003-01-07,0.3496503531932831,0.3496503531932831,0.3496503531932831,0.3496503531932831,0,0,0.0
2003-01-08,0.3496503531932831,0.3496503531932831,0.3496503531932831,0.3496503531932831,0,0,0.0
2003-01-09,0.3496503531932831,0.3496503531932831,0.3496503531932831,0.3496503531932831,1000,0,0.0
2003-01-10,0.3496503531932831,0.3496503531932831,0.3496503531932831,0.3496503531932831,0,0,0.0
2003-01-13,0.3496503531932831,0.3496503531932831,0.3496503531932831,0.3496503531932831,200,0,0.0
2003-01-14,0.3496503531932831,0.3496503531932831,0.3496503531932831,0.3496503531932831,0,0,0.0
2003-01-15,0.3496503531932831,0.3496503531932831,0.3496503531932831,0.3496503531932831,1700,0,0.0
2003-01-16,0.43706294894218445,0.43706294894218445,0.43706294894218445,0.43706294894218445,5700,0,0.0
2003-01-17,0.5244755148887634,0.5244755148887634,0.43706294894218445,0.5244755148887634,6800,0,0.0
2003-01-21,0.5244755148887634,0.5244755148887634,0.3496503531932831,0.3496503531932831,10400,0,0.0
2003-01-22,0.3496503531932831,0.3496503531932831,0.3496503531932831,0.3496503531932831,2200,0,0.0
2003-01-23,0.3496503531932831,0.3496503531932831,0.2622377574443817,0.2622377574443817,6100,0,0.0
2003-01-24,0.43706294894218445,0.5244755148887634,0.43706294894218445,0.43706294894218445,6900,0,0.0
2003-01-27,0.3496503531932831,0.3496503531932831,0.3496503531932831,0.3496503531932831,3500,0,0.0
2003-01-28,0.3496503531932831,0.43706294894218445,0.3496503531932831,0.3496503531932831,9200,0,0.0
2003-01-29,0.3496503531932831,0.3496503531932831,0.3496503531932831,0.3496503531932831,500,0,0.0
2003-01-30,0.3496503531932831,0.3496503531932831,0.3496503531932831,0.3496503531932831,200,0,0.0
2003-01-31,0.3496503531932831,0.3496503531932831,0.3496503531932831,0.3496503531932831,0,0,0.0
2003-02-03,0.3496503531932831,0.3496503531932831,0.3496503531932831,0.3496503531932831,200,0,0.0
2003-02-04,0.5244755148887634,0.5244755148887634,0.43706294894218445,0.5244755148887634,6000,0,0.0
2003-02-05,0.5244755148887634,0.5244755148887634,0.3496503531932831,0.3496503531932831,5200,0,0.0
2003-02-06,0.43706294894218445,0.43706294894218445,0.43706294894218445,0.43706294894218445,2200,0,0.0
2003-02-07,0.3496503531932831,0.3496503531932831,0.3496503531932831,0.3496503531932831,800,0,0.0
2003-02-10,0.3496503531932831,0.43706294894218445,0.3496503531932831,0.43706294894218445,400,0,0.0
2003-02-11,0.3496503531932831,0.43706294894218445,0.3496503531932831,0.43706294894218445,3800,0,0.0
2003-02-12,0.43706294894218445,0.43706294894218445,0.3496503531932831,0.3496503531932831,100,0,0.0
2003-02-13,0.5244755148887634,0.5244755148887634,0.43706294894218445,0.5244755148887634,11400,0,0.0
2003-02-14,0.3496503531932831,0.3496503531932831,0.3496503531932831,0.3496503531932831,1100,0,0.0
2003-02-18,0.3496503531932831,0.3496503531932831,0.3496503531932831,0.3496503531932831,100,0,0.0
2003-02-19,0.5244755148887634,0.6118881106376648,0.5244755148887634,0.5244755148887634,1500,0,0.0
2003-02-20,0.3496503531932831,0.3496503531932831,0.3496503531932831,0.3496503531932831,300,0,0.0
2003-02-21,0.5244755148887634,0.5244755148887634,0.43706294894218445,0.43706294894218445,2500,0,0.0
2003-02-24,0.43706294894218445,0.43706294894218445,0.43706294894218445,0.43706294894218445,0,0,0.0
2003-02-25,0.43706294894218445,0.43706294894218445,0.43706294894218445,0.43706294894218445,1700,0,0.0
2003-02-26,0.43706294894218445,0.43706294894218445,0.43706294894218445,0.43706294894218445,10700,0,0.0
2003-02-27,0.43706294894218445,0.43706294894218445,0.43706294894218445,0.43706294894218445,200,0,0.0
2003-02-28,0.43706294894218445,0.43706294894218445,0.43706294894218445,0.43706294894218445,0,0,0.0
2003-03-03,0.43706294894218445,0.43706294894218445,0.43706294894218445,0.43706294894218445,400,0,0.0
2003-03-04,0.43706294894218445,0.43706294894218445,0.43706294894218445,0.43706294894218445,0,0,0.0
2003-03-05,0.43706294894218445,0.43706294894218445,0.43706294894218445,0.43706294894218445,500,0,0.0
2003-03-06,0.43706294894218445,0.43706294894218445,0.43706294894218445,0.43706294894218445,0,0,0.0
2003-03-07,0.43706294894218445,0.43706294894218445,0.43706294894218445,0.43706294894218445,0,0,0.0
2003-03-10,0.43706294894218445,0.43706294894218445,0.43706294894218445,0.43706294894218445,500,0,0.0
2003-03-11,0.43706294894218445,0.43706294894218445,0.43706294894218445,0.43706294894218445,0,0,0.0
2003-03-12,0.43706294894218445,0.43706294894218445,0.43706294894218445,0.43706294894218445,300,0,0.0
2003-03-13,0.43706294894218445,0.43706294894218445,0.43706294894218445,0.43706294894218445,0,0,0.0
2003-03-14,0.43706294894218445,0.43706294894218445,0.43706294894218445,0.43706294894218445,0,0,0.0
2003-03-17,0.43706294894218445,0.43706294894218445,0.43706294894218445,0.43706294894218445,200,0,0.0
2003-03-18,0.43706294894218445,0.43706294894218445,0.43706294894218445,0.43706294894218445,2100,0,0.0
2003-03-19,0.43706294894218445,0.43706294894218445,0.43706294894218445,0.43706294894218445,0,0,0.0
2003-03-20,0.43706294894218445,0.43706294894218445,0.3496503531932831,0.3496503531932831,700,0,0.0
2003-03-21,0.3496503531932831,0.3496503531932831,0.3496503531932831,0.3496503531932831,0,0,0.0
2003-03-24,0.3496503531932831,0.3496503531932831,0.3496503531932831,0.3496503531932831,0,0,0.0
2003-03-25,0.3496503531932831,0.3496503531932831,0.3496503531932831,0.3496503531932831,0,0,0.0
2003-03-26,0.3496503531932831,0.3496503531932831,0.3496503531932831,0.3496503531932831,0,0,0.0
2003-03-27,0.3496503531932831,0.43706294894218445,0.3496503531932831,0.43706294894218445,1400,0,0.0
2003-03-28,0.43706294894218445,0.43706294894218445,0.43706294894218445,0.43706294894218445,100,0,0.0
2003-03-31,0.43706294894218445,0.43706294894218445,0.43706294894218445,0.43706294894218445,100,0,0.0
2003-04-01,0.43706294894218445,0.43706294894218445,0.43706294894218445,0.43706294894218445,800,0,0.0
2003-04-02,0.43706294894218445,0.43706294894218445,0.43706294894218445,0.43706294894218445,0,0,0.0
2003-04-03,0.43706294894218445,0.43706294894218445,0.43706294894218445,0.43706294894218445,200,0,0.0
2003-04-04,0.43706294894218445,0.43706294894218445,0.43706294894218445,0.43706294894218445,0,0,0.0
2003-04-07,0.43706294894218445,0.43706294894218445,0.3496503531932831,0.3496503531932831,5700,0,0.0
2003-04-08,0.3496503531932831,0.3496503531932831,0.3496503531932831,0.3496503531932831,0,0,0.0
2003-04-09,0.3496503531932831,0.3496503531932831,0.3496503531932831,0.3496503531932831,0,0,0.0
2003-04-10,0.43706294894218445,0.43706294894218445,0.43706294894218445,0.43706294894218445,1100,0,0.0
2003-04-11,0.3496503531932831,0.3496503531932831,0.3496503531932831,0.3496503531932831,300,0,0.0
2003-04-14,0.3496503531932831,0.3496503531932831,0.3496503531932831,0.3496503531932831,0,0,0.0
2003-04-15,0.43706294894218445,0.43706294894218445,0.43706294894218445,0.43706294894218445,1100,0,0.0
2003-04-16,0.43706294894218445,0.43706294894218445,0.43706294894218445,0.43706294894218445,0,0,0.0
2003-04-17,0.43706294894218445,0.43706294894218445,0.43706294894218445,0.43706294894218445,0,0,0.0
2003-04-21,0.43706294894218445,0.43706294894218445,0.43706294894218445,0.43706294894218445,0,0,0.0
2003-04-22,0.3496503531932831,0.3496503531932831,0.3496503531932831,0.3496503531932831,200,0,0.0
2003-04-23,0.3496503531932831,0.3496503531932831,0.3496503531932831,0.3496503531932831,0,0,0.0
2003-04-24,0.3496503531932831,0.3496503531932831,0.3496503531932831,0.3496503531932831,200,0,0.0
2003-04-25,0.3496503531932831,0.3496503531932831,0.3496503531932831,0.3496503531932831,0,0,0.0
2003-04-28,0.3496503531932831,0.3496503531932831,0.3496503531932831,0.3496503531932831,100,0,0.0
2003-04-29,0.3496503531932831,0.3496503531932831,0.3496503531932831,0.3496503531932831,0,0,0.0
2003-04-30,0.3496503531932831,0.3496503531932831,0.3496503531932831,0.3496503531932831,200,0,0.0
2003-05-01,0.3496503531932831,0.3496503531932831,0.3496503531932831,0.3496503531932831,1200,0,0.0
2003-05-02,0.3496503531932831,0.3496503531932831,0.3496503531932831,0.3496503531932831,1100,0,0.0
2003-05-05,0.3496503531932831,0.3496503531932831,0.3496503531932831,0.3496503531932831,1100,0,0.0
2003-05-06,0.3496503531932831,0.43706294894218445,0.3496503531932831,0.3496503531932831,1700,0,0.0
2003-05-07,0.3496503531932831,0.3496503531932831,0.3496503531932831,0.3496503531932831,0,0,0.0
2003-05-08,0.3496503531932831,0.3496503531932831,0.3496503531932831,0.3496503531932831,1100,0,0.0
2003-05-09,0.3496503531932831,0.3496503531932831,0.3496503531932831,0.3496503531932831,0,0,0.0
2003-05-12,0.3496503531932831,0.3496503531932831,0.3496503531932831,0.3496503531932831,200,0,0.0
2003-05-13,0.43706294894218445,0.43706294894218445,0.3496503531932831,0.3496503531932831,46500,0,0.0
2003-05-14,0.3496503531932831,0.3496503531932831,0.3496503531932831,0.3496503531932831,0,0,0.0
2003-05-15,0.3496503531932831,0.3496503531932831,0.3496503531932831,0.3496503531932831,900,0,0.0
2003-05-16,0.3496503531932831,0.3496503531932831,0.3496503531932831,0.3496503531932831,200,0,0.0
2003-05-19,0.3496503531932831,0.5244755148887634,0.3496503531932831,0.5244755148887634,600,0,0.0
2003-05-20,0.5244755148887634,0.5244755148887634,0.5244755148887634,0.5244755148887634,1700,0,0.0
2003-05-21,0.3496503531932831,0.3496503531932831,0.3496503531932831,0.3496503531932831,2000,0,0.0
2003-05-22,0.3496503531932831,0.3496503531932831,0.3496503531932831,0.3496503531932831,0,0,0.0
2003-05-23,0.3496503531932831,0.3496503531932831,0.3496503531932831,0.3496503531932831,0,0,0.0
2003-05-27,0.3496503531932831,0.3496503531932831,0.3496503531932831,0.3496503531932831,0,0,0.0
2003-05-28,0.3496503531932831,0.3496503531932831,0.3496503531932831,0.3496503531932831,0,0,0.0
2003-05-29,0.3496503531932831,0.3496503531932831,0.3496503531932831,0.3496503531932831,1500,0,0.0
2003-05-30,0.3496503531932831,0.43706294894218445,0.3496503531932831,0.43706294894218445,9000,0,0.0
2003-06-02,0.3496503531932831,0.3496503531932831,0.3496503531932831,0.3496503531932831,600,0,0.0
2003-06-03,0.3496503531932831,0.3496503531932831,0.3496503531932831,0.3496503531932831,700,0,0.0
2003-06-04,0.3496503531932831,0.3496503531932831,0.3496503531932831,0.3496503531932831,1700,0,0.0
2003-06-05,0.3496503531932831,0.3496503531932831,0.3496503531932831,0.3496503531932831,0,0,0.0
2003-06-06,0.3496503531932831,0.3496503531932831,0.3496503531932831,0.3496503531932831,1400,0,0.0
2003-06-09,0.3496503531932831,0.3496503531932831,0.3496503531932831,0.3496503531932831,0,0,0.0
2003-06-10,0.3496503531932831,0.5244755148887634,0.3496503531932831,0.5244755148887634,500,0,0.0
2003-06-11,0.5244755148887634,0.5244755148887634,0.5244755148887634,0.5244755148887634,0,0,0.0
2003-06-12,0.5244755148887634,0.5244755148887634,0.5244755148887634,0.5244755148887634,0,0,0.0
2003-06-13,0.5244755148887634,0.5244755148887634,0.5244755148887634,0.5244755148887634,0,0,0.0
2003-06-16,0.5244755148887634,0.5244755148887634,0.3496503531932831,0.43706294894218445,4900,0,0.0
2003-06-17,0.3496503531932831,0.5244755148887634,0.3496503531932831,0.5244755148887634,1800,0,0.0
2003-06-18,0.5244755148887634,0.5244755148887634,0.5244755148887634,0.5244755148887634,0,0,0.0
2003-06-19,0.5244755148887634,0.5244755148887634,0.5244755148887634,0.5244755148887634,0,0,0.0
2003-06-20,0.5244755148887634,0.5244755148887634,0.43706294894218445,0.43706294894218445,3400,0,0.0
2003-06-23,0.43706294894218445,0.43706294894218445,0.43706294894218445,0.43706294894218445,0,0,0.0
2003-06-24,0.3496503531932831,0.3496503531932831,0.3496503531932831,0.3496503531932831,200,0,0.0
2003-06-25,0.3496503531932831,0.3496503531932831,0.3496503531932831,0.3496503531932831,0,0,0.0
2003-06-26,0.3496503531932831,0.3496503531932831,0.3496503531932831,0.3496503531932831,600,0,0.0
2003-06-27,0.3496503531932831,0.3496503531932831,0.3496503531932831,0.3496503531932831,0,0,0.0
2003-06-30,0.3496503531932831,0.3496503531932831,0.3496503531932831,0.3496503531932831,0,0,0.0
2003-07-01,0.3496503531932831,0.3496503531932831,0.3496503531932831,0.3496503531932831,0,0,0.0
2003-07-02,0.43706294894218445,0.43706294894218445,0.3496503531932831,0.43706294894218445,46200,0,0.0
2003-07-03,0.43706294894218445,0.43706294894218445,0.43706294894218445,0.43706294894218445,1100,0,0.0
2003-07-07,0.3496503531932831,0.43706294894218445,0.3496503531932831,0.3496503531932831,38900,0,0.0
2003-07-08,0.3496503531932831,0.3496503531932831,0.3496503531932831,0.3496503531932831,4100,0,0.0
2003-07-09,0.3496503531932831,0.43706294894218445,0.3496503531932831,0.43706294894218445,1100,0,0.0
2003-07-10,0.3496503531932831,0.3496503531932831,0.3496503531932831,0.3496503531932831,0,0,0.0
2003-07-11,0.3496503531932831,0.3496503531932831,0.3496503531932831,0.3496503531932831,0,0,0.0
2003-07-14,0.3496503531932831,0.3496503531932831,0.3496503531932831,0.3496503531932831,0,0,0.0
2003-07-15,0.3496503531932831,0.3496503531932831,0.3496503531932831,0.3496503531932831,400,0,0.0
2003-07-16,0.3496503531932831,0.3496503531932831,0.3496503531932831,0.3496503531932831,0,0,0.0
2003-07-17,0.3496503531932831,0.3496503531932831,0.3496503531932831,0.3496503531932831,0,0,0.0
2003-07-18,0.43706294894218445,0.43706294894218445,0.3496503531932831,0.3496503531932831,200,0,0.0
2003-07-21,0.3496503531932831,0.43706294894218445,0.3496503531932831,0.43706294894218445,15000,0,0.0
2003-07-22,0.43706294894218445,0.43706294894218445,0.43706294894218445,0.43706294894218445,5100,0,0.0
2003-07-23,0.43706294894218445,0.43706294894218445,0.43706294894218445,0.43706294894218445,0,0,0.0
2003-07-24,0.3496503531932831,0.3496503531932831,0.3496503531932831,0.3496503531932831,100,0,0.0
2003-07-25,0.3496503531932831,0.43706294894218445,0.3496503531932831,0.3496503531932831,3800,0,0.0
2003-07-28,0.3496503531932831,0.3496503531932831,0.3496503531932831,0.3496503531932831,0,0,0.0
2003-07-29,0.3496503531932831,0.3496503531932831,0.3496503531932831,0.3496503531932831,0,0,0.0
2003-07-30,0.3496503531932831,0.3496503531932831,0.3496503531932831,0.3496503531932831,0,0,0.0
2003-07-31,0.43706294894218445,0.43706294894218445,0.43706294894218445,0.43706294894218445,200,0,0.0
2003-08-01,0.43706294894218445,0.43706294894218445,0.43706294894218445,0.43706294894218445,500,0,0.0
2003-08-04,0.43706294894218445,0.43706294894218445,0.43706294894218445,0.43706294894218445,400,0,0.0
2003-08-05,0.43706294894218445,0.6118881106376648,0.43706294894218445,0.6118881106376648,3700,0,0.0
2003-08-06,0.43706294894218445,0.43706294894218445,0.43706294894218445,0.43706294894218445,900,0,0.0
2003-08-07,0.43706294894218445,0.43706294894218445,0.43706294894218445,0.43706294894218445,0,0,0.0
2003-08-08,0.43706294894218445,0.43706294894218445,0.43706294894218445,0.43706294894218445,0,0,0.0
2003-08-11,0.43706294894218445,0.43706294894218445,0.43706294894218445,0.43706294894218445,0,0,0.0
2003-08-12,0.43706294894218445,0.43706294894218445,0.43706294894218445,0.43706294894218445,0,0,0.0
2003-08-13,0.43706294894218445,0.43706294894218445,0.43706294894218445,0.43706294894218445,5700,0,0.0
2003-08-14,0.5244755148887634,0.5244755148887634,0.43706294894218445,0.43706294894218445,1600,0,0.0
2003-08-15,0.43706294894218445,0.43706294894218445,0.43706294894218445,0.43706294894218445,100,0,0.0
2003-08-18,0.5244755148887634,0.5244755148887634,0.5244755148887634,0.5244755148887634,200,0,0.0
2003-08-19,0.5244755148887634,0.5244755148887634,0.5244755148887634,0.5244755148887634,0,0,0.0
2003-08-20,0.43706294894218445,0.6993007063865662,0.43706294894218445,0.6993007063865662,5000,0,0.0
2003-08-21,0.6118881106376648,0.6118881106376648,0.43706294894218445,0.43706294894218445,1400,0,0.0
2003-08-22,0.43706294894218445,0.43706294894218445,0.43706294894218445,0.43706294894218445,0,0,0.0
2003-08-25,0.5244755148887634,0.5244755148887634,0.5244755148887634,0.5244755148887634,3400,0,0.0
2003-08-26,0.5244755148887634,0.6118881106376648,0.5244755148887634,0.6118881106376648,1600,0,0.0
2003-08-27,0.5244755148887634,0.6118881106376648,0.5244755148887634,0.6118881106376648,5600,0,0.0
2003-08-28,0.5244755148887634,0.5244755148887634,0.5244755148887634,0.5244755148887634,300,0,0.0
2003-08-29,0.6993007063865662,0.6993007063865662,0.6993007063865662,0.6993007063865662,3700,0,0.0
2003-09-02,0.6993007063865662,1.7482517957687378,0.6993007063865662,1.311188817024231,17600,0,0.0
2003-09-03,1.0489510297775269,1.311188817024231,1.0489510297775269,1.311188817024231,200,0,0.0
2003-09-04,0.9615384340286255,0.9615384340286255,0.6993007063865662,0.7867133021354675,2100,0,0.0
2003-09-05,0.6993007063865662,0.6993007063865662,0.6993007063865662,0.6993007063865662,700,0,0.0
2003-09-08,0.6118881106376648,0.6118881106376648,0.6118881106376648,0.6118881106376648,100,0,0.0
2003-09-09,0.7867133021354675,0.7867133021354675,0.7867133021354675,0.7867133021354675,100,0,0.0
2003-09-10,0.8741258978843689,1.0489510297775269,0.8741258978843689,0.8741258978843689,2400,0,0.0
2003-09-11,0.8741258978843689,0.8741258978843689,0.8741258978843689,0.8741258978843689,0,0,0.0
2003-09-12,0.8741258978843689,1.0489510297775269,0.8741258978843689,1.0489510297775269,4800,0,0.0
2003-09-15,1.311188817024231,1.311188817024231,0.6993007063865662,0.6993007063865662,300,0,0.0
2003-09-16,1.2237762212753296,1.2237762212753296,0.6993007063865662,0.6993007063865662,1900,0,0.0
2003-09-17,0.7867133021354675,0.7867133021354675,0.7867133021354675,0.7867133021354675,1100,0,0.0
2003-09-18,0.7867133021354675,0.7867133021354675,0.7867133021354675,0.7867133021354675,200,0,0.0
2003-09-19,0.7867133021354675,0.7867133021354675,0.7867133021354675,0.7867133021354675,0,0,0.0
2003-09-22,0.8741258978843689,0.8741258978843689,0.7867133021354675,0.7867133021354675,1500,0,0.0
2003-09-23,0.7867133021354675,0.7867133021354675,0.7867133021354675,0.7867133021354675,200,0,0.0
2003-09-24,0.7867133021354675,0.7867133021354675,0.7867133021354675,0.7867133021354675,0,0,0.0
2003-09-25,0.7867133021354675,0.7867133021354675,0.7867133021354675,0.7867133021354675,0,0,0.0
2003-09-26,0.7867133021354675,1.1363636255264282,0.7867133021354675,1.0489510297775269,1300,0,0.0
2003-09-29,1.0489510297775269,1.0489510297775269,1.0489510297775269,1.0489510297775269,0,0,0.0
2003-09-30,0.7867133021354675,0.8741258978843689,0.7867133021354675,0.8741258978843689,4500,0,0.0
2003-10-01,0.7867133021354675,0.7867133021354675,0.7867133021354675,0.7867133021354675,800,0,0.0
2003-10-02,0.7867133021354675,0.7867133021354675,0.7867133021354675,0.7867133021354675,0,0,0.0
2003-10-03,0.7867133021354675,0.7867133021354675,0.7867133021354675,0.7867133021354675,0,0,0.0
2003-10-06,0.7867133021354675,0.7867133021354675,0.7867133021354675,0.7867133021354675,0,0,0.0
2003-10-07,0.7867133021354675,0.7867133021354675,0.7867133021354675,0.7867133021354675,1600,0,0.0
2003-10-08,0.7867133021354675,0.7867133021354675,0.7867133021354675,0.7867133021354675,100,0,0.0
2003-10-09,0.7867133021354675,0.7867133021354675,0.7867133021354675,0.7867133021354675,0,0,0.0
2003-10-10,0.9615384340286255,0.9615384340286255,0.7867133021354675,0.7867133021354675,2900,0,0.0
2003-10-13,0.7867133021354675,0.7867133021354675,0.7867133021354675,0.7867133021354675,0,0,0.0
2003-10-14,0.7867133021354675,0.7867133021354675,0.7867133021354675,0.7867133021354675,0,0,0.0
2003-10-15,0.8741258978843689,0.8741258978843689,0.8741258978843689,0.8741258978843689,4000,0,0.0
2003-10-16,0.8741258978843689,0.8741258978843689,0.8741258978843689,0.8741258978843689,0,0,0.0
2003-10-17,0.8741258978843689,0.8741258978843689,0.8741258978843689,0.8741258978843689,0,0,0.0
2003-10-20,0.8741258978843689,0.8741258978843689,0.8741258978843689,0.8741258978843689,0,0,0.0
2003-10-21,0.7867133021354675,0.7867133021354675,0.7867133021354675,0.7867133021354675,0,0,0.0
2003-10-22,0.7867133021354675,0.7867133021354675,0.7867133021354675,0.7867133021354675,600,0,0.0
2003-10-23,0.7867133021354675,0.7867133021354675,0.7867133021354675,0.7867133021354675,0,0,0.0
2003-10-24,0.6993007063865662,0.6993007063865662,0.6993007063865662,0.6993007063865662,300,0,0.0
2003-10-27,0.6993007063865662,1.0489510297775269,0.6993007063865662,1.0489510297775269,500,0,0.0
2003-10-28,0.6993007063865662,0.6993007063865662,0.6993007063865662,0.6993007063865662,200,0,0.0
2003-10-29,0.6993007063865662,0.6993007063865662,0.6993007063865662,0.6993007063865662,0,0,0.0
2003-10-30,0.6993007063865662,0.6993007063865662,0.6993007063865662,0.6993007063865662,1000,0,0.0
2003-10-31,0.6993007063865662,0.6993007063865662,0.6993007063865662,0.6993007063865662,1000,0,0.0
2003-11-03,1.0489510297775269,1.0489510297775269,0.6993007063865662,0.6993007063865662,1900,0,0.0
2003-11-04,1.0489510297775269,1.1363636255264282,0.6993007063865662,1.0489510297775269,2400,0,0.0
2003-11-05,1.1363636255264282,1.1363636255264282,1.1363636255264282,1.1363636255264282,1100,0,0.0
2003-11-06,1.1363636255264282,1.1363636255264282,1.1363636255264282,1.1363636255264282,2500,0,0.0
2003-11-07,1.311188817024231,1.3986014127731323,1.311188817024231,1.3986014127731323,4500,0,0.0
2003-11-10,1.3986014127731323,1.3986014127731323,1.0489510297775269,1.0489510297775269,3600,0,0.0
2003-11-11,1.0489510297775269,1.0489510297775269,1.0489510297775269,1.0489510297775269,0,0,0.0
2003-11-12,1.0489510297775269,1.0489510297775269,1.0489510297775269,1.0489510297775269,300,0,0.0
2003-11-13,1.0489510297775269,1.0489510297775269,1.0489510297775269,1.0489510297775269,0,0,0.0
2003-11-14,1.0489510297775269,1.3986014127731323,1.0489510297775269,1.2237762212753296,5300,0,0.0
2003-11-17,1.2237762212753296,1.2237762212753296,1.1363636255264282,1.1363636255264282,6600,0,0.0
2003-11-18,1.3986014127731323,1.3986014127731323,1.311188817024231,1.311188817024231,4900,0,0.0
2003-11-19,1.0489510297775269,1.3986014127731323,1.0489510297775269,1.3986014127731323,1700,0,0.0
2003-11-20,1.2237762212753296,1.3986014127731323,1.0489510297775269,1.1363636255264282,3300,0,0.0
2003-11-21,1.0489510297775269,1.0489510297775269,1.0489510297775269,1.0489510297775269,900,0,0.0
2003-11-24,1.1363636255264282,1.1363636255264282,1.1363636255264282,1.1363636255264282,2200,0,0.0
2003-11-25,1.311188817024231,1.3986014127731323,1.0489510297775269,1.2237762212753296,8800,0,0.0
2003-11-26,1.2237762212753296,1.2237762212753296,1.2237762212753296,1.2237762212753296,800,0,0.0
2003-11-28,1.2237762212753296,1.2237762212753296,1.2237762212753296,1.2237762212753296,1100,0,0.0
2003-12-01,1.0489510297775269,1.2237762212753296,1.0489510297775269,1.2237762212753296,1600,0,0.0
2003-12-02,1.4860140085220337,1.4860140085220337,1.311188817024231,1.4860140085220337,5500,0,0.0
2003-12-03,1.573426604270935,1.6608392000198364,1.2237762212753296,1.4860140085220337,16400,0,0.0
2003-12-04,1.6608392000198364,1.923076868057251,1.4860140085220337,1.6608392000198364,20400,0,0.0
2003-12-05,1.7482517957687378,2.0979020595550537,1.6608392000198364,2.0979020595550537,11000,0,0.0
2003-12-08,2.360139846801758,2.360139846801758,1.923076868057251,2.360139846801758,40100,0,0.0
2003-12-09,2.447552442550659,2.447552442550659,2.0979020595550537,2.185314655303955,13100,0,0.0
2003-12-10,2.447552442550659,2.447552442550659,2.0104894638061523,2.0104894638061523,11100,0,0.0
2003-12-11,1.923076868057251,2.2727272510528564,1.923076868057251,2.0104894638061523,6700,0,0.0
2003-12-12,2.2727272510528564,2.2727272510528564,2.0104894638061523,2.0104894638061523,1400,0,0.0
2003-12-15,2.2727272510528564,2.2727272510528564,1.7482517957687378,2.2727272510528564,6000,0,0.0
2003-12-16,1.7482517957687378,2.2727272510528564,1.7482517957687378,2.2727272510528564,1100,0,0.0
2003-12-17,2.185314655303955,2.185314655303955,1.923076868057251,1.923076868057251,1700,0,0.0
2003-12-18,1.7482517957687378,2.2727272510528564,1.7482517957687378,2.185314655303955,3000,0,0.0
2003-12-19,2.2727272510528564,2.2727272510528564,2.2727272510528564,2.2727272510528564,3500,0,0.0
2003-12-22,1.7482517957687378,1.7482517957687378,1.7482517957687378,1.7482517957687378,800,0,0.0
2003-12-23,2.2727272510528564,2.2727272510528564,1.6608392000198364,1.6608392000198364,3400,0,0.0
2003-12-24,2.185314655303955,2.185314655303955,2.0979020595550537,2.185314655303955,4600,0,0.0
2003-12-26,2.185314655303955,2.185314655303955,2.185314655303955,2.185314655303955,0,0,0.0
2003-12-29,2.447552442550659,2.447552442550659,1.7482517957687378,1.7482517957687378,8700,0,0.0
2003-12-30,1.7482517957687378,2.447552442550659,1.7482517957687378,2.0979020595550537,6400,0,0.0
2003-12-31,2.0979020595550537,2.360139846801758,1.8356643915176392,1.8356643915176392,4500,0,0.0
2004-01-02,1.923076868057251,2.0979020595550537,1.8356643915176392,1.8356643915176392,15000,0,0.0
2004-01-05,2.185314655303955,2.185314655303955,1.8356643915176392,1.8356643915176392,2800,0,0.0
2004-01-06,2.185314655303955,2.360139846801758,2.0104894638061523,2.0104894638061523,6500,0,0.0
2004-01-07,1.8356643915176392,2.185314655303955,1.8356643915176392,1.8356643915176392,8200,0,0.0
2004-01-08,1.8356643915176392,2.0979020595550537,1.8356643915176392,2.0104894638061523,3500,0,0.0
2004-01-09,2.0979020595550537,2.360139846801758,1.923076868057251,2.185314655303955,3500,0,0.0
2004-01-12,2.447552442550659,2.622377634048462,2.0979020595550537,2.185314655303955,15300,0,0.0
2004-01-13,2.0979020595550537,2.447552442550659,2.0979020595550537,2.447552442550659,4400,0,0.0
2004-01-14,2.447552442550659,2.447552442550659,2.0104894638061523,2.2727272510528564,21900,0,0.0
2004-01-15,1.8356643915176392,2.0979020595550537,1.8356643915176392,2.0104894638061523,2100,0,0.0
2004-01-16,1.923076868057251,1.923076868057251,1.573426604270935,1.573426604270935,14800,0,0.0
2004-01-20,1.573426604270935,2.360139846801758,1.573426604270935,2.360139846801758,700,0,0.0
2004-01-21,1.6608392000198364,2.185314655303955,1.6608392000198364,2.185314655303955,29900,0,0.0
2004-01-22,2.185314655303955,2.185314655303955,2.185314655303955,2.185314655303955,0,0,0.0
2004-01-23,2.447552442550659,2.447552442550659,1.7482517957687378,2.447552442550659,9400,0,0.0
2004-01-26,2.447552442550659,2.447552442550659,1.7482517957687378,2.185314655303955,18000,0,0.0
2004-01-27,2.447552442550659,2.447552442550659,1.7482517957687378,2.185314655303955,2800,0,0.0
2004-01-28,1.7482517957687378,1.7482517957687378,1.7482517957687378,1.7482517957687378,100,0,0.0
2004-01-29,1.8356643915176392,2.0104894638061523,1.7482517957687378,1.923076868057251,13300,0,0.0
2004-01-30,2.0104894638061523,2.0104894638061523,1.6608392000198364,1.7482517957687378,2700,0,0.0
2004-02-02,1.7482517957687378,1.7482517957687378,1.7482517957687378,1.7482517957687378,2600,0,0.0
2004-02-03,1.923076868057251,2.622377634048462,1.923076868057251,2.622377634048462,7600,0,0.0
2004-02-04,2.622377634048462,2.622377634048462,2.360139846801758,2.360139846801758,5700,0,0.0
2004-02-05,1.7482517957687378,1.7482517957687378,1.7482517957687378,1.7482517957687378,0,0,0.0
2004-02-06,1.7482517957687378,2.185314655303955,1.7482517957687378,2.185314655303955,1000,0,0.0
2004-02-09,1.7482517957687378,2.185314655303955,1.7482517957687378,1.7482517957687378,1500,0,0.0
2004-02-10,1.7482517957687378,1.7482517957687378,1.7482517957687378,1.7482517957687378,100,0,0.0
2004-02-11,1.923076868057251,2.0979020595550537,1.923076868057251,2.0979020595550537,2600,0,0.0
2004-02-12,1.7482517957687378,2.0979020595550537,1.7482517957687378,2.0104894638061523,1100,0,0.0
2004-02-13,2.0979020595550537,2.0979020595550537,2.0104894638061523,2.0104894638061523,0,0,0.0
2004-02-17,2.185314655303955,3.0594406127929688,2.0104894638061523,2.7097902297973633,19300,0,0.0
2004-02-18,2.9720280170440674,3.6713287830352783,2.185314655303955,2.884615421295166,68000,0,0.0
2004-02-19,3.409090995788574,3.4965035915374756,3.0594406127929688,3.2342658042907715,20900,0,0.0
2004-02-20,3.4965035915374756,4.108391761779785,3.321678400039673,3.409090995788574,53300,0,0.0
2004-02-23,4.020978927612305,4.020978927612305,3.409090995788574,3.409090995788574,12800,0,0.0
2004-02-24,3.9335663318634033,4.020978927612305,3.409090995788574,3.6713287830352783,6500,0,0.0
2004-02-25,3.7587411403656006,3.7587411403656006,3.14685320854187,3.4965035915374756,3100,0,0.0
2004-02-26,3.14685320854187,3.4965035915374756,3.14685320854187,3.4965035915374756,400,0,0.0
2004-02-27,3.4965035915374756,3.7587411403656006,3.14685320854187,3.7587411403656006,300,0,0.0
2004-03-01,3.14685320854187,3.7587411403656006,3.14685320854187,3.321678400039673,7900,0,0.0
2004-03-02,3.7587411403656006,3.7587411403656006,3.2342658042907715,3.321678400039673,6900,0,0.0
2004-03-03,3.9335663318634033,3.9335663318634033,3.9335663318634033,3.9335663318634033,1500,0,0.0
2004-03-04,3.9335663318634033,3.9335663318634033,3.9335663318634033,3.9335663318634033,0,0,0.0
2004-03-05,3.2342658042907715,4.982517719268799,3.2342658042907715,4.720279693603516,35600,0,0.0
2004-03-08,5.594405651092529,5.594405651092529,5.069930076599121,5.244755268096924,9000,0,0.0
2004-03-09,5.681818008422852,5.681818008422852,4.632867336273193,4.807692527770996,12500,0,0.0
2004-03-10,4.807692527770996,4.982517719268799,4.283216953277588,4.720279693603516,8300,0,0.0
2004-03-11,4.195804119110107,4.37062931060791,3.4965035915374756,4.37062931060791,13700,0,0.0
2004-03-12,3.9335663318634033,4.37062931060791,3.583916187286377,3.6713287830352783,1200,0,0.0
2004-03-15,3.6713287830352783,4.807692527770996,3.583916187286377,4.807692527770996,1500,0,0.0
2004-03-16,4.807692527770996,4.807692527770996,3.7587411403656006,4.108391761779785,6300,0,0.0
2004-03-17,4.37062931060791,5.157342433929443,4.37062931060791,5.157342433929443,18200,0,0.0
2004-03-18,4.632867336273193,5.157342433929443,4.283216953277588,4.807692527770996,15600,0,0.0
2004-03-19,5.419580459594727,5.419580459594727,4.283216953277588,4.982517719268799,7800,0,0.0
2004-03-22,5.419580459594727,5.419580459594727,4.632867336273193,4.807692527770996,5700,0,0.0
2004-03-23,4.807692527770996,5.681818008422852,4.807692527770996,4.807692527770996,11400,0,0.0
2004-03-24,5.419580459594727,5.419580459594727,4.807692527770996,4.895104885101318,12500,0,0.0
2004-03-25,5.244755268096924,5.332167625427246,4.895104885101318,5.244755268096924,16100,0,0.0
2004-03-26,4.895104885101318,4.895104885101318,4.895104885101318,4.895104885101318,200,0,0.0
2004-03-29,5.069930076599121,5.157342433929443,4.895104885101318,5.069930076599121,12700,0,0.0
2004-03-30,4.895104885101318,5.069930076599121,4.895104885101318,5.069930076599121,3000,0,0.0
2004-03-31,5.069930076599121,5.332167625427246,5.069930076599121,5.244755268096924,5100,0,0.0
2004-04-01,5.332167625427246,5.332167625427246,4.982517719268799,4.982517719268799,9000,0,0.0
2004-04-02,4.982517719268799,5.332167625427246,4.982517719268799,5.157342433929443,3800,0,0.0
2004-04-05,4.982517719268799,5.244755268096924,4.982517719268799,5.244755268096924,600,0,0.0
2004-04-06,5.332167625427246,5.332167625427246,4.982517719268799,5.332167625427246,3100,0,0.0
2004-04-07,5.244755268096924,5.419580459594727,5.244755268096924,5.244755268096924,8200,0,0.0
2004-04-08,5.244755268096924,5.769230842590332,5.244755268096924,5.419580459594727,17800,0,0.0
2004-04-12,5.681818008422852,5.681818008422852,5.332167625427246,5.332167625427246,13900,0,0.0
2004-04-13,5.419580459594727,5.681818008422852,5.244755268096924,5.681818008422852,8400,0,0.0
2004-04-14,5.681818008422852,5.681818008422852,5.157342433929443,5.419580459594727,9300,0,0.0
2004-04-15,5.506992816925049,5.681818008422852,5.157342433929443,5.506992816925049,1200,0,0.0
2004-04-16,5.157342433929443,5.681818008422852,5.157342433929443,5.681818008422852,7400,0,0.0
2004-04-19,6.031468391418457,6.905594348907471,5.681818008422852,6.29370641708374,18700,0,0.0
2004-04-20,6.468531608581543,7.517482280731201,6.468531608581543,7.430069923400879,16600,0,0.0
2004-04-21,6.993007183074951,7.867132663726807,6.993007183074951,7.167832374572754,19000,0,0.0
2004-04-22,6.993007183074951,6.993007183074951,5.069930076599121,5.856643199920654,18500,0,0.0
2004-04-23,5.856643199920654,5.944056034088135,5.506992816925049,5.856643199920654,1700,0,0.0
2004-04-26,5.594405651092529,5.944056034088135,5.069930076599121,5.419580459594727,26100,0,0.0
2004-04-27,5.244755268096924,5.244755268096924,4.108391761779785,4.37062931060791,19800,0,0.0
2004-04-28,5.069930076599121,5.157342433929443,4.632867336273193,4.895104885101318,19100,0,0.0
2004-04-29,4.720279693603516,5.244755268096924,4.720279693603516,5.244755268096924,3800,0,0.0
2004-04-30,5.244755268096924,5.419580459594727,4.982517719268799,5.419580459594727,2500,0,0.0
2004-05-03,5.681818008422852,6.1188812255859375,5.244755268096924,5.681818008422852,7700,0,0.0
2004-05-04,5.419580459594727,6.29370641708374,5.419580459594727,6.1188812255859375,700,0,0.0
2004-05-05,5.419580459594727,5.681818008422852,5.157342433929443,5.506992816925049,10000,0,0.0
2004-05-06,6.20629358291626,6.20629358291626,5.332167625427246,5.594405651092529,2400,0,0.0
2004-05-07,5.681818008422852,6.20629358291626,5.419580459594727,5.594405651092529,6100,0,0.0
2004-05-10,5.419580459594727,6.1188812255859375,5.419580459594727,6.1188812255859375,1700,0,0.0
2004-05-11,5.419580459594727,5.594405651092529,4.982517719268799,5.069930076599121,5400,0,0.0
2004-05-12,5.244755268096924,5.594405651092529,4.807692527770996,5.244755268096924,2400,0,0.0
2004-05-13,5.244755268096924,5.244755268096924,5.244755268096924,5.244755268096924,0,0,0.0
2004-05-14,4.807692527770996,4.807692527770996,4.807692527770996,4.807692527770996,300,0,0.0
2004-05-17,4.807692527770996,4.807692527770996,4.807692527770996,4.807692527770996,3600,0,0.0
2004-05-18,4.807692527770996,4.982517719268799,4.632867336273193,4.807692527770996,7600,0,0.0
2004-05-19,4.807692527770996,4.982517719268799,4.632867336273193,4.720279693603516,1200,0,0.0
2004-05-20,4.632867336273193,4.720279693603516,4.632867336273193,4.720279693603516,1700,0,0.0
2004-05-21,4.458042144775391,4.895104885101318,4.458042144775391,4.807692527770996,3500,0,0.0
2004-05-24,5.157342433929443,5.332167625427246,4.807692527770996,5.332167625427246,2700,0,0.0
2004-05-25,5.332167625427246,5.332167625427246,4.720279693603516,4.807692527770996,4400,0,0.0
2004-05-26,4.982517719268799,4.982517719268799,4.720279693603516,4.807692527770996,1500,0,0.0
2004-05-27,4.982517719268799,4.982517719268799,4.982517719268799,4.982517719268799,700,0,0.0
2004-05-28,4.982517719268799,4.982517719268799,4.982517719268799,4.982517719268799,500,0,0.0
2004-06-01,4.982517719268799,5.506992816925049,4.895104885101318,5.069930076599121,5200,0,0.0
2004-06-02,5.681818008422852,5.681818008422852,5.244755268096924,5.244755268096924,600,0,0.0
2004-06-03,5.069930076599121,5.069930076599121,5.069930076599121,5.069930076599121,600,0,0.0
2004-06-04,5.069930076599121,5.069930076599121,4.982517719268799,4.982517719268799,600,0,0.0
2004-06-07,5.506992816925049,5.506992816925049,4.895104885101318,5.244755268096924,3900,0,0.0
2004-06-08,4.982517719268799,5.244755268096924,4.895104885101318,4.895104885101318,800,0,0.0
2004-06-09,4.895104885101318,5.244755268096924,4.895104885101318,5.244755268096924,100,0,0.0
2004-06-10,5.069930076599121,5.069930076599121,5.069930076599121,5.069930076599121,200,0,0.0
2004-06-14,5.244755268096924,5.681818008422852,5.244755268096924,5.506992816925049,4600,0,0.0
2004-06-15,5.332167625427246,5.856643199920654,5.332167625427246,5.594405651092529,3600,0,0.0
2004-06-16,5.069930076599121,5.069930076599121,4.982517719268799,4.982517719268799,1500,0,0.0
2004-06-17,4.982517719268799,5.069930076599121,4.895104885101318,5.069930076599121,3900,0,0.0
2004-06-18,4.807692527770996,5.594405651092529,4.720279693603516,5.244755268096924,13700,0,0.0
2004-06-21,4.895104885101318,5.419580459594727,4.895104885101318,5.419580459594727,100,0,0.0
2004-06-22,5.419580459594727,5.681818008422852,4.895104885101318,5.506992816925049,5100,0,0.0
2004-06-23,4.895104885101318,5.681818008422852,4.895104885101318,5.594405651092529,1400,0,0.0
2004-06-24,4.807692527770996,5.419580459594727,4.807692527770996,5.332167625427246,7700,0,0.0
2004-06-25,4.982517719268799,5.681818008422852,4.982517719268799,5.681818008422852,900,0,0.0
2004-06-28,5.069930076599121,5.681818008422852,5.069930076599121,5.244755268096924,10600,0,0.0
2004-06-29,4.895104885101318,4.895104885101318,4.895104885101318,4.895104885101318,0,0,0.0
2004-06-30,4.895104885101318,5.681818008422852,4.895104885101318,5.681818008422852,4000,0,0.0
2004-07-01,4.895104885101318,5.681818008422852,4.895104885101318,5.681818008422852,800,0,0.0
2004-07-02,5.681818008422852,5.681818008422852,5.681818008422852,5.681818008422852,0,0,0.0
2004-07-06,5.681818008422852,5.681818008422852,4.895104885101318,4.895104885101318,400,0,0.0
2004-07-07,4.895104885101318,5.681818008422852,4.895104885101318,5.594405651092529,2400,0,0.0
2004-07-08,5.506992816925049,5.506992816925049,4.807692527770996,4.895104885101318,7300,0,0.0
2004-07-09,4.807692527770996,5.244755268096924,4.807692527770996,5.244755268096924,200,0,0.0
2004-07-12,4.807692527770996,4.895104885101318,4.807692527770996,4.895104885101318,700,0,0.0
2004-07-13,4.895104885101318,4.895104885101318,4.895104885101318,4.895104885101318,0,0,0.0
2004-07-14,4.807692527770996,4.895104885101318,4.632867336273193,4.720279693603516,6500,0,0.0
2004-07-15,4.632867336273193,4.895104885101318,4.195804119110107,4.37062931060791,25800,0,0.0
2004-07-16,4.720279693603516,5.506992816925049,4.720279693603516,5.506992816925049,4700,0,0.0
2004-07-19,4.982517719268799,5.419580459594727,4.982517719268799,5.069930076599121,1800,0,0.0
2004-07-20,4.982517719268799,4.982517719268799,4.982517719268799,4.982517719268799,200,0,0.0
2004-07-21,5.506992816925049,5.506992816925049,5.244755268096924,5.244755268096924,200,0,0.0
2004-07-22,4.982517719268799,4.982517719268799,4.982517719268799,4.982517719268799,100,0,0.0
2004-07-23,5.332167625427246,5.332167625427246,4.982517719268799,4.982517719268799,2600,0,0.0
2004-07-26,5.332167625427246,5.332167625427246,4.982517719268799,5.332167625427246,1800,0,0.0
2004-07-27,4.982517719268799,5.157342433929443,4.982517719268799,5.157342433929443,500,0,0.0
2004-07-28,5.332167625427246,5.332167625427246,5.069930076599121,5.244755268096924,4500,0,0.0
2004-07-29,5.069930076599121,5.069930076599121,5.069930076599121,5.069930076599121,0,0,0.0
2004-07-30,5.594405651092529,5.681818008422852,5.594405651092529,5.681818008422852,2000,0,0.0
2004-08-02,6.031468391418457,6.031468391418457,5.244755268096924,5.244755268096924,2600,0,0.0
2004-08-03,5.681818008422852,6.031468391418457,5.681818008422852,6.031468391418457,4500,0,0.0
2004-08-04,5.506992816925049,6.031468391418457,5.506992816925049,5.856643199920654,12500,0,0.0
2004-08-05,5.681818008422852,6.20629358291626,5.681818008422852,6.20629358291626,1900,0,0.0
2004-08-06,5.856643199920654,6.20629358291626,5.681818008422852,5.681818008422852,3100,0,0.0
2004-08-09,5.681818008422852,5.769230842590332,5.419580459594727,5.506992816925049,15400,0,0.0
2004-08-10,5.419580459594727,5.419580459594727,5.419580459594727,5.419580459594727,800,0,0.0
2004-08-11,5.157342433929443,5.332167625427246,5.069930076599121,5.332167625427246,5800,0,0.0
2004-08-12,5.594405651092529,5.594405651092529,4.807692527770996,4.807692527770996,6400,0,0.0
2004-08-13,4.895104885101318,4.895104885101318,4.895104885101318,4.895104885101318,0,0,0.0
2004-08-16,5.244755268096924,5.244755268096924,4.895104885101318,5.069930076599121,5900,0,0.0
2004-08-17,4.895104885101318,5.244755268096924,4.895104885101318,5.244755268096924,300,0,0.0
2004-08-18,5.244755268096924,5.244755268096924,4.807692527770996,4.982517719268799,6000,0,0.0
2004-08-19,4.895104885101318,4.895104885101318,4.895104885101318,4.895104885101318,500,0,0.0
2004-08-20,5.419580459594727,5.419580459594727,4.982517719268799,4.982517719268799,300,0,0.0
2004-08-23,4.982517719268799,5.069930076599121,4.895104885101318,4.895104885101318,2900,0,0.0
2004-08-24,4.895104885101318,5.419580459594727,4.807692527770996,5.419580459594727,400,0,0.0
2004-08-25,5.419580459594727,5.419580459594727,4.807692527770996,4.807692527770996,2000,0,0.0
2004-08-26,5.069930076599121,5.069930076599121,4.632867336273193,4.632867336273193,900,0,0.0
2004-08-27,4.720279693603516,4.807692527770996,4.720279693603516,4.720279693603516,400,0,0.0
2004-08-30,5.069930076599121,5.069930076599121,5.069930076599121,5.069930076599121,100,0,0.0
2004-08-31,4.720279693603516,4.720279693603516,4.720279693603516,4.720279693603516,500,0,0.0
2004-09-01,5.069930076599121,5.069930076599121,4.720279693603516,4.720279693603516,900,0,0.0
2004-09-02,5.069930076599121,5.069930076599121,5.069930076599121,5.069930076599121,1900,0,0.0
2004-09-03,5.244755268096924,5.244755268096924,5.069930076599121,5.069930076599121,1300,0,0.0
2004-09-07,4.632867336273193,5.332167625427246,4.632867336273193,5.244755268096924,2000,0,0.0
2004-09-08,5.244755268096924,5.244755268096924,5.244755268096924,5.244755268096924,0,0,0.0
2004-09-09,4.632867336273193,4.720279693603516,4.632867336273193,4.632867336273193,1400,0,0.0
2004-09-10,4.720279693603516,4.720279693603516,4.720279693603516,4.720279693603516,5100,0,0.0
2004-09-13,4.720279693603516,4.720279693603516,4.632867336273193,4.632867336273193,4300,0,0.0
2004-09-14,4.807692527770996,4.807692527770996,4.720279693603516,4.720279693603516,300,0,0.0
2004-09-15,4.720279693603516,4.720279693603516,4.720279693603516,4.720279693603516,0,0,0.0
2004-09-16,4.807692527770996,4.807692527770996,4.632867336273193,4.632867336273193,3900,0,0.0
2004-09-17,4.632867336273193,4.632867336273193,4.632867336273193,4.632867336273193,0,0,0.0
2004-09-20,4.807692527770996,4.807692527770996,4.632867336273193,4.720279693603516,3600,0,0.0
2004-09-21,4.720279693603516,4.807692527770996,4.720279693603516,4.720279693603516,2900,0,0.0
2004-09-22,4.632867336273193,4.720279693603516,4.37062931060791,4.720279693603516,20700,0,0.0
2004-09-23,4.720279693603516,4.720279693603516,4.458042144775391,4.632867336273193,3400,0,0.0
2004-09-24,4.720279693603516,4.720279693603516,4.458042144775391,4.458042144775391,6900,0,0.0
2004-09-27,4.632867336273193,4.632867336273193,4.458042144775391,4.632867336273193,1700,0,0.0
2004-09-28,4.632867336273193,4.895104885101318,4.632867336273193,4.895104885101318,2500,0,0.0
2004-09-29,5.069930076599121,5.244755268096924,4.720279693603516,4.720279693603516,2300,0,0.0
2004-09-30,5.244755268096924,5.419580459594727,5.157342433929443,5.157342433929443,900,0,0.0
2004-10-01,5.157342433929443,5.594405651092529,4.807692527770996,4.807692527770996,6200,0,0.0
2004-10-04,4.807692527770996,4.807692527770996,4.807692527770996,4.807692527770996,300,0,0.0
2004-10-05,4.982517719268799,4.982517719268799,4.807692527770996,4.807692527770996,1600,0,0.0
2004-10-06,5.419580459594727,5.506992816925049,4.720279693603516,5.506992816925049,7300,0,0.0
2004-10-07,4.720279693603516,5.681818008422852,4.720279693603516,5.332167625427246,1700,0,0.0
2004-10-08,5.594405651092529,5.594405651092529,5.506992816925049,5.506992816925049,800,0,0.0
2004-10-11,5.681818008422852,5.681818008422852,5.157342433929443,5.157342433929443,1900,0,0.0
2004-10-12,5.157342433929443,5.419580459594727,5.157342433929443,5.419580459594727,5400,0,0.0
2004-10-13,5.419580459594727,5.419580459594727,5.244755268096924,5.244755268096924,1800,0,0.0
2004-10-14,5.244755268096924,5.244755268096924,5.244755268096924,5.244755268096924,100,0,0.0
2004-10-15,5.681818008422852,5.681818008422852,5.681818008422852,5.681818008422852,0,0,0.0
2004-10-18,5.244755268096924,5.506992816925049,5.244755268096924,5.244755268096924,5300,0,0.0
2004-10-19,5.244755268096924,5.419580459594727,5.069930076599121,5.244755268096924,3200,0,0.0
2004-10-20,4.895104885101318,5.419580459594727,4.895104885101318,5.332167625427246,2500,0,0.0
2004-10-21,4.982517719268799,5.332167625427246,4.982517719268799,5.069930076599121,1300,0,0.0
2004-10-22,4.982517719268799,4.982517719268799,4.982517719268799,4.982517719268799,400,0,0.0
2004-10-25,4.982517719268799,5.244755268096924,4.982517719268799,5.069930076599121,800,0,0.0
2004-10-26,5.332167625427246,5.332167625427246,5.244755268096924,5.244755268096924,300,0,0.0
2004-10-27,5.244755268096924,5.332167625427246,4.982517719268799,4.982517719268799,3200,0,0.0
2004-10-28,4.982517719268799,5.244755268096924,4.807692527770996,5.244755268096924,5300,0,0.0
2004-10-29,4.807692527770996,4.807692527770996,4.807692527770996,4.807692527770996,200,0,0.0
2004-11-01,4.807692527770996,5.332167625427246,4.720279693603516,5.244755268096924,1000,0,0.0
2004-11-02,4.807692527770996,5.069930076599121,4.720279693603516,4.982517719268799,1500,0,0.0
2004-11-03,4.982517719268799,4.982517719268799,4.982517719268799,4.982517719268799,0,0,0.0
2004-11-04,5.157342433929443,5.244755268096924,4.720279693603516,5.244755268096924,2100,0,0.0
2004-11-05,4.720279693603516,4.720279693603516,4.720279693603516,4.720279693603516,1000,0,0.0
2004-11-08,4.720279693603516,4.720279693603516,4.720279693603516,4.720279693603516,0,0,0.0
2004-11-09,4.807692527770996,5.244755268096924,4.720279693603516,5.244755268096924,3700,0,0.0
2004-11-10,4.807692527770996,5.069930076599121,4.807692527770996,4.895104885101318,3400,0,0.0
2004-11-11,5.069930076599121,5.069930076599121,5.069930076599121,5.069930076599121,1600,0,0.0
2004-11-12,4.807692527770996,5.332167625427246,4.807692527770996,5.332167625427246,300,0,0.0
2004-11-15,4.720279693603516,5.332167625427246,4.720279693603516,5.332167625427246,400,0,0.0
2004-11-16,5.332167625427246,5.332167625427246,5.332167625427246,5.332167625427246,0,0,0.0
2004-11-17,5.332167625427246,5.332167625427246,5.332167625427246,5.332167625427246,0,0,0.0
2004-11-18,4.720279693603516,5.069930076599121,4.720279693603516,4.720279693603516,2800,0,0.0
2004-11-19,4.982517719268799,4.982517719268799,4.720279693603516,4.720279693603516,12200,0,0.0
2004-11-22,5.244755268096924,5.244755268096924,4.895104885101318,4.895104885101318,700,0,0.0
2004-11-23,4.807692527770996,5.069930076599121,4.807692527770996,4.807692527770996,1800,0,0.0
2004-11-24,4.807692527770996,4.807692527770996,4.807692527770996,4.807692527770996,0,0,0.0
2004-11-26,4.720279693603516,5.244755268096924,4.720279693603516,5.244755268096924,700,0,0.0
2004-11-29,5.244755268096924,5.244755268096924,5.244755268096924,5.244755268096924,0,0,0.0
2004-11-30,5.157342433929443,5.244755268096924,5.157342433929443,5.244755268096924,100,0,0.0
2004-12-01,4.720279693603516,4.720279693603516,4.720279693603516,4.720279693603516,100,0,0.0
2004-12-02,4.720279693603516,4.720279693603516,4.720279693603516,4.720279693603516,0,0,0.0
2004-12-03,4.720279693603516,4.720279693603516,4.720279693603516,4.720279693603516,2500,0,0.0
2004-12-06,4.720279693603516,4.720279693603516,4.720279693603516,4.720279693603516,200,0,0.0
2004-12-07,4.545454502105713,4.807692527770996,4.545454502105713,4.545454502105713,1200,0,0.0
2004-12-08,4.545454502105713,4.720279693603516,4.545454502105713,4.632867336273193,200,0,0.0
2004-12-09,4.545454502105713,4.545454502105713,4.37062931060791,4.37062931060791,3300,0,0.0
2004-12-10,4.895104885101318,4.895104885101318,4.37062931060791,4.37062931060791,200,0,0.0
2004-12-13,4.37062931060791,4.895104885101318,4.020978927612305,4.807692527770996,1100,0,0.0
2004-12-14,4.807692527770996,5.157342433929443,4.807692527770996,5.157342433929443,3200,0,0.0
2004-12-15,4.807692527770996,5.157342433929443,4.807692527770996,5.157342433929443,700,0,0.0
2004-12-16,5.157342433929443,5.157342433929443,4.020978927612305,4.020978927612305,600,0,0.0
2004-12-17,4.632867336273193,5.069930076599121,4.020978927612305,5.069930076599121,8000,0,0.0
2004-12-20,4.458042144775391,4.895104885101318,4.458042144775391,4.807692527770996,4000,0,0.0
2004-12-21,4.020978927612305,4.807692527770996,4.020978927612305,4.807692527770996,900,0,0.0
2004-12-22,4.807692527770996,5.069930076599121,4.458042144775391,4.458042144775391,1100,0,0.0
2004-12-23,4.458042144775391,5.069930076599121,4.458042144775391,5.069930076599121,400,0,0.0
2004-12-27,4.458042144775391,5.069930076599121,4.458042144775391,4.458042144775391,400,0,0.0
2004-12-28,4.458042144775391,4.458042144775391,4.020978927612305,4.020978927612305,1200,0,0.0
2004-12-29,5.069930076599121,5.069930076599121,4.982517719268799,4.982517719268799,500,0,0.0
2004-12-30,4.108391761779785,4.720279693603516,4.108391761779785,4.720279693603516,4100,0,0.0
2004-12-31,4.545454502105713,4.545454502105713,4.545454502105713,4.545454502105713,900,0,0.0
2005-01-03,4.458042144775391,4.458042144775391,4.458042144775391,4.458042144775391,200,0,0.0
2005-01-04,4.458042144775391,4.458042144775391,4.458042144775391,4.458042144775391,0,0,0.0
2005-01-05,4.458042144775391,4.458042144775391,4.458042144775391,4.458042144775391,0,0,0.0
2005-01-06,4.37062931060791,4.632867336273193,4.37062931060791,4.37062931060791,3300,0,0.0
2005-01-07,4.020978927612305,4.020978927612305,4.020978927612305,4.020978927612305,0,0,0.0
2005-01-10,4.020978927612305,4.108391761779785,4.020978927612305,4.108391761779785,200,0,0.0
2005-01-11,4.37062931060791,4.37062931060791,4.020978927612305,4.020978927612305,2800,0,0.0
2005-01-12,4.632867336273193,5.069930076599121,4.632867336273193,5.069930076599121,1500,0,0.0
2005-01-13,5.069930076599121,5.157342433929443,4.982517719268799,5.157342433929443,3600,0,0.0
2005-01-14,4.807692527770996,5.157342433929443,4.807692527770996,5.157342433929443,100,0,0.0
2005-01-18,4.807692527770996,4.807692527770996,4.108391761779785,4.108391761779785,2500,0,0.0
2005-01-19,4.458042144775391,4.458042144775391,4.458042144775391,4.458042144775391,1000,0,0.0
2005-01-20,4.807692527770996,4.807692527770996,4.108391761779785,4.108391761779785,500,0,0.0
2005-01-21,4.195804119110107,4.545454502105713,4.195804119110107,4.458042144775391,2300,0,0.0
2005-01-24,4.37062931060791,4.37062931060791,4.283216953277588,4.283216953277588,2200,0,0.0
2005-01-25,4.458042144775391,4.545454502105713,4.108391761779785,4.545454502105713,2500,0,0.0
2005-01-26,4.020978927612305,4.020978927612305,4.020978927612305,4.020978927612305,400,0,0.0
2005-01-27,4.020978927612305,4.108391761779785,3.9335663318634033,4.108391761779785,17000,0,0.0
2005-01-28,4.020978927612305,4.020978927612305,3.846153736114502,3.846153736114502,2400,0,0.0
2005-01-31,3.846153736114502,3.846153736114502,3.583916187286377,3.846153736114502,2300,0,0.0
2005-02-01,3.846153736114502,4.108391761779785,3.846153736114502,3.9335663318634033,6000,0,0.0
2005-02-02,4.37062931060791,4.37062931060791,4.195804119110107,4.37062931060791,1000,0,0.0
2005-02-03,4.37062931060791,4.37062931060791,4.37062931060791,4.37062931060791,0,0,0.0
2005-02-04,4.37062931060791,4.37062931060791,4.37062931060791,4.37062931060791,0,0,0.0
2005-02-07,3.846153736114502,3.846153736114502,3.846153736114502,3.846153736114502,100,0,0.0
2005-02-08,4.283216953277588,4.283216953277588,4.195804119110107,4.195804119110107,300,0,0.0
2005-02-09,4.283216953277588,4.283216953277588,3.6713287830352783,3.6713287830352783,12000,0,0.0
2005-02-10,3.9335663318634033,4.283216953277588,3.846153736114502,4.283216953277588,4400,0,0.0
2005-02-11,4.283216953277588,4.283216953277588,3.9335663318634033,4.195804119110107,3600,0,0.0
2005-02-14,4.020978927612305,4.020978927612305,4.020978927612305,4.020978927612305,100,0,0.0
2005-02-15,4.195804119110107,4.37062931060791,4.020978927612305,4.108391761779785,800,0,0.0
2005-02-16,4.108391761779785,4.108391761779785,4.108391761779785,4.108391761779785,0,0,0.0
2005-02-17,4.283216953277588,4.283216953277588,4.283216953277588,4.283216953277588,900,0,0.0
2005-02-18,4.283216953277588,4.545454502105713,4.283216953277588,4.458042144775391,4200,0,0.0
2005-02-22,4.807692527770996,4.807692527770996,4.720279693603516,4.807692527770996,4700,0,0.0
2005-02-23,4.458042144775391,4.458042144775391,4.458042144775391,4.458042144775391,0,0,0.0
2005-02-24,4.807692527770996,4.807692527770996,4.807692527770996,4.807692527770996,300,0,0.0
2005-02-25,4.807692527770996,4.895104885101318,4.37062931060791,4.807692527770996,2600,0,0.0
2005-02-28,4.545454502105713,4.982517719268799,4.545454502105713,4.895104885101318,1100,0,0.0
2005-03-01,4.982517719268799,5.244755268096924,4.807692527770996,5.244755268096924,6800,0,0.0
2005-03-02,4.982517719268799,5.244755268096924,4.982517719268799,4.982517719268799,600,0,0.0
2005-03-03,4.982517719268799,5.244755268096924,4.982517719268799,5.244755268096924,200,0,0.0
2005-03-04,5.244755268096924,5.244755268096924,4.720279693603516,4.895104885101318,5200,0,0.0
2005-03-07,4.982517719268799,5.244755268096924,4.982517719268799,5.157342433929443,2500,0,0.0
2005-03-08,4.895104885101318,5.244755268096924,4.895104885101318,5.244755268096924,1100,0,0.0
2005-03-09,5.244755268096924,5.244755268096924,5.244755268096924,5.244755268096924,0,0,0.0
2005-03-10,4.895104885101318,4.895104885101318,4.895104885101318,4.895104885101318,400,0,0.0
2005-03-11,5.244755268096924,5.244755268096924,4.895104885101318,4.895104885101318,1400,0,0.0
2005-03-14,4.895104885101318,4.895104885101318,4.895104885101318,4.895104885101318,100,0,0.0
2005-03-15,5.244755268096924,5.244755268096924,4.895104885101318,4.895104885101318,1000,0,0.0
2005-03-16,5.244755268096924,5.244755268096924,4.807692527770996,4.807692527770996,400,0,0.0
2005-03-17,4.545454502105713,4.807692527770996,4.545454502105713,4.545454502105713,1200,0,0.0
2005-03-18,4.545454502105713,4.720279693603516,4.545454502105713,4.720279693603516,1400,0,0.0
2005-03-21,4.982517719268799,4.982517719268799,4.545454502105713,4.545454502105713,600,0,0.0
2005-03-22,4.545454502105713,4.545454502105713,4.545454502105713,4.545454502105713,100,0,0.0
2005-03-23,4.982517719268799,4.982517719268799,4.982517719268799,4.982517719268799,0,0,0.0
2005-03-24,4.632867336273193,4.632867336273193,4.632867336273193,4.632867336273193,0,0,0.0
2005-03-28,4.807692527770996,4.807692527770996,4.807692527770996,4.807692527770996,0,0,0.0
2005-03-29,4.807692527770996,4.807692527770996,4.807692527770996,4.807692527770996,600,0,0.0
2005-03-30,4.632867336273193,4.632867336273193,4.632867336273193,4.632867336273193,900,0,0.0
2005-03-31,4.632867336273193,4.807692527770996,4.632867336273193,4.807692527770996,400,0,0.0
2005-04-01,4.807692527770996,4.982517719268799,4.545454502105713,4.545454502105713,4700,0,0.0
2005-04-04,4.807692527770996,4.807692527770996,4.545454502105713,4.807692527770996,1900,0,0.0
2005-04-05,4.807692527770996,4.895104885101318,4.632867336273193,4.895104885101318,2600,0,0.0
2005-04-06,4.632867336273193,4.632867336273193,4.632867336273193,4.632867336273193,1000,0,0.0
2005-04-07,4.632867336273193,4.895104885101318,4.632867336273193,4.895104885101318,900,0,0.0
2005-04-08,4.632867336273193,4.720279693603516,4.545454502105713,4.720279693603516,5300,0,0.0
2005-04-11,4.807692527770996,4.807692527770996,4.545454502105713,4.545454502105713,1700,0,0.0
2005-04-12,4.807692527770996,4.807692527770996,4.807692527770996,4.807692527770996,1100,0,0.0
2005-04-13,4.807692527770996,4.807692527770996,4.807692527770996,4.807692527770996,0,0,0.0
2005-04-14,4.807692527770996,4.807692527770996,4.545454502105713,4.807692527770996,1400,0,0.0
2005-04-15,4.807692527770996,4.807692527770996,4.807692527770996,4.807692527770996,1200,0,0.0
2005-04-18,4.807692527770996,4.807692527770996,4.807692527770996,4.807692527770996,0,0,0.0
2005-04-19,4.982517719268799,4.982517719268799,4.982517719268799,4.982517719268799,1100,0,0.0
2005-04-20,4.982517719268799,5.419580459594727,4.982517719268799,5.419580459594727,11000,0,0.0
2005-04-21,5.419580459594727,5.419580459594727,5.244755268096924,5.244755268096924,6400,0,0.0
2005-04-22,5.244755268096924,5.244755268096924,5.244755268096924,5.244755268096924,1400,0,0.0
2005-04-25,5.244755268096924,5.244755268096924,5.244755268096924,5.244755268096924,100,0,0.0
2005-04-26,5.506992816925049,5.506992816925049,4.895104885101318,4.895104885101318,900,0,0.0
2005-04-27,4.807692527770996,5.506992816925049,4.807692527770996,5.332167625427246,9200,0,0.0
2005-04-28,5.332167625427246,5.332167625427246,5.332167625427246,5.332167625427246,0,0,0.0
2005-04-29,5.681818008422852,5.944056034088135,5.681818008422852,5.944056034088135,5900,0,0.0
2005-05-02,5.944056034088135,6.29370641708374,5.944056034088135,6.29370641708374,10600,0,0.0
2005-05-03,6.29370641708374,6.730769157409668,6.29370641708374,6.555943965911865,11100,0,0.0
2005-05-04,6.555943965911865,6.555943965911865,6.20629358291626,6.555943965911865,14500,0,0.0
2005-05-05,6.555943965911865,6.555943965911865,6.3811187744140625,6.468531608581543,2500,0,0.0
2005-05-06,6.468531608581543,6.468531608581543,5.681818008422852,6.1188812255859375,2300,0,0.0
2005-05-09,5.856643199920654,6.468531608581543,5.856643199920654,6.468531608581543,5200,0,0.0
2005-05-10,6.3811187744140625,6.643356800079346,6.29370641708374,6.3811187744140625,18800,0,0.0
2005-05-11,6.3811187744140625,6.3811187744140625,5.681818008422852,5.769230842590332,7300,0,0.0
2005-05-12,6.29370641708374,6.643356800079346,6.20629358291626,6.555943965911865,11900,0,0.0
2005-05-13,6.730769157409668,6.730769157409668,6.555943965911865,6.555943965911865,2500,0,0.0
2005-05-16,6.555943965911865,6.555943965911865,6.555943965911865,6.555943965911865,400,0,0.0
2005-05-17,6.555943965911865,6.555943965911865,6.468531608581543,6.555943965911865,1300,0,0.0
2005-05-18,6.468531608581543,6.818181991577148,6.468531608581543,6.818181991577148,4000,0,0.0
2005-05-19,6.818181991577148,6.993007183074951,6.730769157409668,6.818181991577148,9000,0,0.0
2005-05-20,6.730769157409668,6.993007183074951,6.730769157409668,6.905594348907471,7300,0,0.0
2005-05-23,6.643356800079346,6.730769157409668,6.643356800079346,6.730769157409668,900,0,0.0
2005-05-24,6.818181991577148,6.993007183074951,6.818181991577148,6.818181991577148,1600,0,0.0
2005-05-25,6.993007183074951,7.080419540405273,6.993007183074951,6.993007183074951,5800,0,0.0
2005-05-26,6.993007183074951,6.993007183074951,6.905594348907471,6.993007183074951,11400,0,0.0
2005-05-27,6.993007183074951,7.080419540405273,6.993007183074951,7.080419540405273,2600,0,0.0
2005-05-31,6.993007183074951,7.255244731903076,6.993007183074951,7.167832374572754,3700,0,0.0
2005-06-01,7.080419540405273,7.255244731903076,6.993007183074951,6.993007183074951,5800,0,0.0
2005-06-02,7.167832374572754,7.167832374572754,6.905594348907471,6.905594348907471,3200,0,0.0
2005-06-03,6.905594348907471,7.080419540405273,6.905594348907471,7.080419540405273,2500,0,0.0
2005-06-06,6.905594348907471,7.080419540405273,6.905594348907471,7.080419540405273,800,0,0.0
2005-06-07,6.905594348907471,6.993007183074951,6.730769157409668,6.818181991577148,5800,0,0.0
2005-06-08,6.993007183074951,7.080419540405273,6.818181991577148,6.905594348907471,11600,0,0.0
2005-06-09,6.905594348907471,6.905594348907471,6.730769157409668,6.730769157409668,5200,0,0.0
2005-06-10,6.993007183074951,6.993007183074951,6.730769157409668,6.905594348907471,2200,0,0.0
2005-06-13,6.905594348907471,6.905594348907471,6.555943965911865,6.555943965911865,3200,0,0.0
2005-06-14,6.730769157409668,6.730769157409668,6.555943965911865,6.555943965911865,800,0,0.0
2005-06-15,6.555943965911865,6.555943965911865,6.555943965911865,6.555943965911865,0,0,0.0
2005-06-16,6.555943965911865,6.555943965911865,6.555943965911865,6.555943965911865,0,0,0.0
2005-06-17,6.643356800079346,6.818181991577148,6.555943965911865,6.643356800079346,11100,0,0.0
2005-06-20,6.468531608581543,6.993007183074951,6.468531608581543,6.730769157409668,13300,0,0.0
2005-06-21,6.643356800079346,6.730769157409668,6.555943965911865,6.730769157409668,7800,0,0.0
2005-06-22,6.818181991577148,6.905594348907471,6.643356800079346,6.905594348907471,8200,0,0.0
2005-06-23,6.818181991577148,6.818181991577148,6.818181991577148,6.818181991577148,3000,0,0.0
2005-06-24,6.818181991577148,6.905594348907471,6.730769157409668,6.905594348907471,7300,0,0.0
2005-06-27,6.905594348907471,6.905594348907471,6.818181991577148,6.818181991577148,7700,0,0.0
2005-06-28,6.818181991577148,6.818181991577148,6.555943965911865,6.555943965911865,6500,0,0.0
2005-06-29,6.818181991577148,7.080419540405273,6.818181991577148,7.080419540405273,13300,0,0.0
2005-06-30,6.993007183074951,7.167832374572754,6.555943965911865,7.167832374572754,8300,0,0.0
2005-07-01,7.167832374572754,7.430069923400879,7.167832374572754,7.430069923400879,6400,0,0.0
2005-07-05,6.993007183074951,7.255244731903076,6.993007183074951,7.167832374572754,8000,0,0.0
2005-07-06,7.167832374572754,7.255244731903076,7.167832374572754,7.167832374572754,2800,0,0.0
2005-07-07,7.255244731903076,7.255244731903076,7.255244731903076,7.255244731903076,200,0,0.0
2005-07-08,7.080419540405273,7.167832374572754,7.080419540405273,7.167832374572754,1100,0,0.0
2005-07-11,7.167832374572754,7.342657566070557,6.818181991577148,6.818181991577148,3600,0,0.0
2005-07-12,7.255244731903076,7.342657566070557,7.255244731903076,7.255244731903076,400,0,0.0
2005-07-13,7.342657566070557,7.430069923400879,7.255244731903076,7.342657566070557,900,0,0.0
2005-07-14,7.342657566070557,7.342657566070557,7.255244731903076,7.255244731903076,900,0,0.0
2005-07-15,7.342657566070557,7.342657566070557,7.255244731903076,7.342657566070557,600,0,0.0
2005-07-18,7.342657566070557,7.430069923400879,6.993007183074951,7.255244731903076,6200,0,0.0
2005-07-19,7.255244731903076,7.255244731903076,7.255244731903076,7.255244731903076,0,0,0.0
2005-07-20,7.255244731903076,7.255244731903076,7.255244731903076,7.255244731903076,0,0,0.0
2005-07-21,6.905594348907471,7.430069923400879,6.905594348907471,7.080419540405273,2400,0,0.0
2005-07-22,7.342657566070557,7.342657566070557,7.080419540405273,7.080419540405273,1400,0,0.0
2005-07-25,7.080419540405273,7.342657566070557,7.080419540405273,7.080419540405273,1900,0,0.0
2005-07-26,6.993007183074951,7.167832374572754,6.993007183074951,7.167832374572754,1600,0,0.0
2005-07-27,6.993007183074951,7.167832374572754,6.993007183074951,7.167832374572754,2800,0,0.0
2005-07-28,6.993007183074951,6.993007183074951,6.993007183074951,6.993007183074951,200,0,0.0
2005-07-29,6.993007183074951,7.342657566070557,6.993007183074951,7.080419540405273,2600,0,0.0
2005-08-01,7.255244731903076,7.255244731903076,7.080419540405273,7.167832374572754,500,0,0.0
2005-08-02,7.430069923400879,7.430069923400879,7.080419540405273,7.080419540405273,21200,0,0.0
2005-08-03,7.255244731903076,7.430069923400879,7.080419540405273,7.342657566070557,8300,0,0.0
2005-08-04,7.430069923400879,7.430069923400879,7.080419540405273,7.255244731903076,3300,0,0.0
2005-08-05,7.167832374572754,7.255244731903076,7.080419540405273,7.080419540405273,5000,0,0.0
2005-08-08,7.430069923400879,7.779720306396484,7.430069923400879,7.779720306396484,200,0,0.0
2005-08-09,7.779720306396484,7.779720306396484,7.167832374572754,7.167832374572754,1400,0,0.0
2005-08-10,7.167832374572754,7.255244731903076,7.080419540405273,7.255244731903076,4400,0,0.0
2005-08-11,7.430069923400879,7.430069923400879,7.167832374572754,7.167832374572754,300,0,0.0
2005-08-12,7.167832374572754,7.255244731903076,6.643356800079346,6.993007183074951,10900,0,0.0
2005-08-15,7.517482280731201,7.517482280731201,6.993007183074951,7.342657566070557,2300,0,0.0
2005-08-16,6.555943965911865,7.255244731903076,6.555943965911865,6.993007183074951,4500,0,0.0
2005-08-17,6.993007183074951,7.430069923400879,6.993007183074951,7.342657566070557,2700,0,0.0
2005-08-18,7.167832374572754,7.167832374572754,7.080419540405273,7.080419540405273,1700,0,0.0
2005-08-19,6.818181991577148,6.993007183074951,6.818181991577148,6.993007183074951,1300,0,0.0
2005-08-22,6.993007183074951,6.993007183074951,6.29370641708374,6.643356800079346,10400,0,0.0
2005-08-23,6.730769157409668,7.430069923400879,6.730769157409668,7.430069923400879,7000,0,0.0
2005-08-24,7.430069923400879,7.430069923400879,7.167832374572754,7.255244731903076,4100,0,0.0
2005-08-25,7.255244731903076,7.430069923400879,7.255244731903076,7.430069923400879,1600,0,0.0
2005-08-26,7.255244731903076,7.779720306396484,7.255244731903076,7.517482280731201,12200,0,0.0
2005-08-29,7.517482280731201,8.21678352355957,7.517482280731201,7.692307472229004,19700,0,0.0
2005-08-30,7.867132663726807,8.74125862121582,7.867132663726807,8.74125862121582,6200,0,0.0
2005-08-31,8.8286714553833,10.402097702026367,8.8286714553833,9.877622604370117,24000,0,0.0
2005-09-01,9.877622604370117,10.576923370361328,9.877622604370117,10.314684867858887,10300,0,0.0
2005-09-02,10.314684867858887,10.314684867858887,9.702796936035156,9.965035438537598,14600,0,0.0
2005-09-06,10.139860153198242,10.139860153198242,9.35314655303955,9.527972221374512,6900,0,0.0
2005-09-07,9.527972221374512,10.402097702026367,9.527972221374512,10.227272987365723,5600,0,0.0
2005-09-08,10.139860153198242,10.139860153198242,9.877622604370117,9.877622604370117,1600,0,0.0
2005-09-09,10.314684867858887,10.314684867858887,10.052447319030762,10.227272987365723,5700,0,0.0
2005-09-12,10.576923370361328,11.276224136352539,10.314684867858887,11.188811302185059,48400,0,0.0
2005-09-13,11.188811302185059,12.237762451171875,11.188811302185059,12.150349617004395,32700,0,0.0
2005-09-14,12.237762451171875,13.898601531982422,12.237762451171875,13.898601531982422,45300,0,0.0
2005-09-15,14.073426246643066,14.160839080810547,12.237762451171875,12.325175285339355,53600,0,0.0
2005-09-16,12.58741283416748,13.11188793182373,11.800699234008789,12.325175285339355,12900,0,0.0
2005-09-19,12.41258716583252,13.199300765991211,12.41258716583252,13.11188793182373,10900,0,0.0
2005-09-20,13.374125480651855,13.374125480651855,12.5,12.762237548828125,7100,0,0.0
2005-09-21,13.286713600158691,13.286713600158691,12.762237548828125,13.11188793182373,19800,0,0.0
2005-09-22,13.374125480651855,13.374125480651855,12.674824714660645,12.849650382995605,21300,0,0.0
2005-09-23,12.849650382995605,12.849650382995605,12.5,12.762237548828125,11300,0,0.0
2005-09-26,12.674824714660645,12.762237548828125,12.237762451171875,12.237762451171875,6300,0,0.0
2005-09-27,12.150349617004395,12.237762451171875,11.363636016845703,11.451048851013184,10900,0,0.0
2005-09-28,11.538461685180664,11.538461685180664,10.839160919189453,11.451048851013184,14400,0,0.0
2005-09-29,12.150349617004395,12.5,11.800699234008789,12.237762451171875,5700,0,0.0
2005-09-30,12.237762451171875,12.237762451171875,11.800699234008789,12.062936782836914,7200,0,0.0
2005-10-03,12.150349617004395,12.150349617004395,11.713286399841309,11.88811206817627,4900,0,0.0
2005-10-04,12.062936782836914,12.150349617004395,11.713286399841309,11.88811206817627,9800,0,0.0
2005-10-05,11.800699234008789,11.88811206817627,11.363636016845703,11.363636016845703,8100,0,0.0
2005-10-06,11.800699234008789,11.800699234008789,11.188811302185059,11.188811302185059,3500,0,0.0
2005-10-07,11.101398468017578,12.41258716583252,11.101398468017578,12.41258716583252,31900,0,0.0
2005-10-10,12.762237548828125,13.11188793182373,12.325175285339355,13.11188793182373,7000,0,0.0
2005-10-11,12.937063217163086,12.937063217163086,11.800699234008789,12.58741283416748,17400,0,0.0
2005-10-12,12.58741283416748,12.58741283416748,11.713286399841309,12.41258716583252,6600,0,0.0
2005-10-13,12.237762451171875,12.41258716583252,11.625874519348145,11.713286399841309,6800,0,0.0
2005-10-14,11.88811206817627,11.88811206817627,11.363636016845703,11.451048851013184,3700,0,0.0
2005-10-17,11.538461685180664,11.800699234008789,10.926573753356934,11.188811302185059,15300,0,0.0
2005-10-18,11.625874519348145,11.625874519348145,11.538461685180664,11.538461685180664,800,0,0.0
2005-10-19,11.188811302185059,11.188811302185059,10.926573753356934,10.926573753356934,1600,0,0.0
2005-10-20,11.538461685180664,11.713286399841309,11.101398468017578,11.713286399841309,4200,0,0.0
2005-10-21,11.101398468017578,11.363636016845703,10.926573753356934,10.926573753356934,3000,0,0.0
2005-10-24,11.101398468017578,11.101398468017578,10.751748085021973,10.839160919189453,3000,0,0.0
2005-10-25,10.751748085021973,11.101398468017578,10.489510536193848,11.101398468017578,7100,0,0.0
2005-10-26,11.188811302185059,11.538461685180664,11.101398468017578,11.276224136352539,2700,0,0.0
2005-10-27,11.276224136352539,11.276224136352539,11.013985633850098,11.013985633850098,2500,0,0.0
2005-10-28,11.188811302185059,11.188811302185059,11.013985633850098,11.188811302185059,1000,0,0.0
2005-10-31,11.188811302185059,11.188811302185059,10.839160919189453,10.839160919189453,1800,0,0.0
2005-11-01,11.188811302185059,11.363636016845703,11.188811302185059,11.188811302185059,2100,0,0.0
2005-11-02,11.101398468017578,11.101398468017578,11.101398468017578,11.101398468017578,100,0,0.0
2005-11-03,11.101398468017578,11.188811302185059,10.926573753356934,10.926573753356934,2900,0,0.0
2005-11-04,10.839160919189453,10.839160919189453,9.790209770202637,10.227272987365723,16500,0,0.0
2005-11-07,10.227272987365723,10.926573753356934,10.227272987365723,10.576923370361328,5300,0,0.0
2005-11-08,10.576923370361328,11.188811302185059,10.576923370361328,11.188811302185059,8300,0,0.0
2005-11-09,11.101398468017578,11.101398468017578,11.101398468017578,11.101398468017578,3000,0,0.0
2005-11-10,11.013985633850098,11.101398468017578,10.926573753356934,11.013985633850098,7200,0,0.0
2005-11-11,11.013985633850098,11.013985633850098,10.751748085021973,10.751748085021973,3800,0,0.0
2005-11-14,10.926573753356934,10.926573753356934,10.839160919189453,10.839160919189453,1200,0,0.0
2005-11-15,10.926573753356934,11.013985633850098,10.751748085021973,10.926573753356934,2400,0,0.0
2005-11-16,10.926573753356934,10.926573753356934,10.751748085021973,10.926573753356934,3400,0,0.0
2005-11-17,11.013985633850098,11.013985633850098,10.926573753356934,10.926573753356934,8700,0,0.0
2005-11-18,10.839160919189453,11.013985633850098,10.576923370361328,10.751748085021973,5900,0,0.0
2005-11-21,10.926573753356934,11.013985633850098,10.576923370361328,10.576923370361328,5200,0,0.0
2005-11-22,10.751748085021973,10.839160919189453,10.139860153198242,10.489510536193848,6500,0,0.0
2005-11-23,10.489510536193848,10.489510536193848,9.790209770202637,10.052447319030762,4600,0,0.0
2005-11-25,10.052447319030762,10.227272987365723,10.052447319030762,10.227272987365723,1200,0,0.0
2005-11-28,10.314684867858887,10.576923370361328,10.052447319030762,10.489510536193848,18900,0,0.0
2005-11-29,10.839160919189453,10.839160919189453,10.052447319030762,10.402097702026367,17800,0,0.0
2005-11-30,10.576923370361328,10.576923370361328,10.402097702026367,10.402097702026367,6700,0,0.0
2005-12-01,10.489510536193848,10.576923370361328,10.402097702026367,10.402097702026367,7700,0,0.0
2005-12-02,10.402097702026367,10.664335250854492,10.402097702026367,10.402097702026367,3600,0,0.0
2005-12-05,10.576923370361328,10.926573753356934,10.489510536193848,10.926573753356934,10000,0,0.0
2005-12-06,10.751748085021973,11.188811302185059,10.751748085021973,11.013985633850098,3900,0,0.0
2005-12-07,11.188811302185059,11.363636016845703,11.188811302185059,11.363636016845703,5500,0,0.0
2005-12-08,11.363636016845703,11.363636016845703,11.188811302185059,11.276224136352539,7800,0,0.0
2005-12-09,11.451048851013184,11.451048851013184,11.101398468017578,11.363636016845703,12600,0,0.0
2005-12-12,11.363636016845703,11.451048851013184,11.276224136352539,11.363636016845703,12700,0,0.0
2005-12-13,11.451048851013184,11.97552490234375,11.101398468017578,11.88811206817627,16100,0,0.0
2005-12-14,11.88811206817627,11.97552490234375,11.363636016845703,11.451048851013184,4900,0,0.0
2005-12-15,11.363636016845703,11.451048851013184,11.101398468017578,11.363636016845703,8300,0,0.0
2005-12-16,11.363636016845703,11.363636016845703,11.101398468017578,11.101398468017578,1100,0,0.0
2005-12-19,11.188811302185059,11.188811302185059,10.664335250854492,10.926573753356934,9100,0,0.0
2005-12-20,10.926573753356934,11.101398468017578,10.227272987365723,10.489510536193848,4700,0,0.0
2005-12-21,10.839160919189453,10.926573753356934,10.227272987365723,10.489510536193848,2400,0,0.0
2005-12-22,11.013985633850098,11.363636016845703,10.664335250854492,11.363636016845703,12000,0,0.0
2005-12-23,11.363636016845703,11.451048851013184,11.276224136352539,11.451048851013184,5300,0,0.0
2005-12-27,11.451048851013184,11.97552490234375,11.451048851013184,11.97552490234375,3300,0,0.0
2005-12-28,11.713286399841309,11.97552490234375,11.363636016845703,11.713286399841309,3300,0,0.0
2005-12-29,11.800699234008789,12.849650382995605,11.713286399841309,12.849650382995605,16500,0,0.0
2005-12-30,12.762237548828125,12.849650382995605,12.674824714660645,12.849650382995605,10900,0,0.0
2006-01-03,13.11188793182373,13.986014366149902,12.849650382995605,13.986014366149902,16900,0,0.0
2006-01-04,14.073426246643066,14.860139846801758,13.811188697814941,13.986014366149902,22500,0,0.0
2006-01-05,13.986014366149902,14.073426246643066,13.548951148986816,13.723775863647461,7100,0,0.0
2006-01-06,13.898601531982422,13.986014366149902,13.548951148986816,13.636363983154297,8100,0,0.0
2006-01-09,13.636363983154297,14.860139846801758,12.062936782836914,14.510489463806152,45400,0,0.0
2006-01-10,14.510489463806152,14.860139846801758,14.510489463806152,14.860139846801758,25600,0,0.0
2006-01-11,14.947552680969238,15.209790229797363,14.860139846801758,15.034964561462402,33300,0,0.0
2006-01-12,15.034964561462402,15.122377395629883,14.947552680969238,14.947552680969238,29900,0,0.0
2006-01-13,15.297203063964844,15.384614944458008,15.034964561462402,15.384614944458008,19900,0,0.0
2006-01-17,15.472027778625488,16.43356704711914,15.297203063964844,16.43356704711914,37500,0,0.0
2006-01-18,16.43356704711914,16.695804595947266,16.171329498291016,16.695804595947266,28200,0,0.0
2006-01-19,16.60839080810547,16.870630264282227,16.43356704711914,16.60839080810547,14500,0,0.0
2006-01-20,16.695804595947266,17.045454025268555,16.60839080810547,16.78321647644043,29100,0,0.0
2006-01-23,17.395105361938477,17.832168579101562,17.045454025268555,17.30769157409668,20500,0,0.0
2006-01-24,17.045454025268555,18.7937068939209,17.045454025268555,18.531469345092773,50300,0,0.0
2006-01-25,19.755245208740234,20.454545974731445,18.7937068939209,19.8426570892334,46200,0,0.0
2006-01-26,21.153846740722656,21.153846740722656,19.930070877075195,19.930070877075195,57800,0,0.0
2006-01-27,20.19230842590332,20.629369735717773,19.930070877075195,20.01748275756836,113100,0,0.0
2006-01-30,20.279720306396484,20.804195404052734,20.104894638061523,20.279720306396484,54200,0,0.0
2006-01-31,20.279720306396484,20.979021072387695,20.279720306396484,20.979021072387695,16300,0,0.0
2006-02-01,20.979021072387695,21.41608428955078,20.279720306396484,20.36713218688965,16500,0,0.0
2006-02-02,20.279720306396484,20.89160919189453,18.094406127929688,18.531469345092773,40200,0,0.0
2006-02-03,18.7062931060791,19.143356323242188,17.919580459594727,19.143356323242188,16700,0,0.0
2006-02-06,19.143356323242188,19.930070877075195,19.055944442749023,19.8426570892334,15900,0,0.0
2006-02-07,19.8426570892334,19.930070877075195,19.31818199157715,19.755245208740234,29000,0,0.0
2006-02-08,20.01748275756836,20.01748275756836,19.49300765991211,19.667831420898438,19600,0,0.0
2006-02-09,19.755245208740234,20.54195785522461,19.755245208740234,20.54195785522461,14900,0,0.0
2006-02-10,20.54195785522461,20.54195785522461,19.230770111083984,19.405593872070312,15000,0,0.0
2006-02-13,19.667831420898438,19.755245208740234,18.7937068939209,19.230770111083984,5400,0,0.0
2006-02-14,18.968530654907227,19.055944442749023,18.356643676757812,18.531469345092773,19500,0,0.0
2006-02-15,19.230770111083984,19.230770111083984,17.919580459594727,18.094406127929688,6100,0,0.0
2006-02-16,18.094406127929688,18.7937068939209,18.00699234008789,18.356643676757812,8600,0,0.0
2006-02-17,19.143356323242188,19.143356323242188,18.356643676757812,18.356643676757812,15700,0,0.0
2006-02-21,18.531469345092773,18.618881225585938,17.919580459594727,18.094406127929688,13200,0,0.0
2006-02-22,18.00699234008789,18.18181800842285,17.569929122924805,18.18181800842285,8600,0,0.0
2006-02-23,18.18181800842285,18.18181800842285,17.569929122924805,17.744754791259766,10300,0,0.0
2006-02-24,17.48251724243164,18.356643676757812,17.48251724243164,18.356643676757812,36000,0,0.0
2006-02-27,19.230770111083984,19.230770111083984,18.356643676757812,18.7937068939209,22100,0,0.0
2006-02-28,18.881118774414062,18.881118774414062,17.6573429107666,18.444055557250977,19500,0,0.0
2006-03-01,18.444055557250977,18.7937068939209,17.919580459594727,18.618881225585938,32700,0,0.0
2006-03-02,19.143356323242188,19.230770111083984,18.7062931060791,19.055944442749023,78500,0,0.0
2006-03-03,19.405593872070312,19.405593872070312,18.881118774414062,18.968530654907227,50800,0,0.0
2006-03-06,19.230770111083984,19.667831420898438,19.230770111083984,19.580419540405273,88700,0,0.0
2006-03-07,19.667831420898438,19.667831420898438,18.968530654907227,18.968530654907227,56400,0,0.0
2006-03-08,18.968530654907227,19.055944442749023,17.744754791259766,18.094406127929688,17200,0,0.0
2006-03-09,18.356643676757812,18.531469345092773,18.094406127929688,18.18181800842285,24900,0,0.0
2006-03-10,18.531469345092773,18.618881225585938,17.919580459594727,18.618881225585938,26300,0,0.0
2006-03-13,18.618881225585938,19.143356323242188,18.444055557250977,18.968530654907227,14800,0,0.0
2006-03-14,18.968530654907227,19.405593872070312,18.881118774414062,19.405593872070312,40500,0,0.0
2006-03-15,19.405593872070312,20.01748275756836,19.230770111083984,20.01748275756836,28400,0,0.0
2006-03-16,20.01748275756836,20.104894638061523,19.755245208740234,19.930070877075195,40700,0,0.0
2006-03-17,19.930070877075195,20.89160919189453,19.930070877075195,20.89160919189453,32200,0,0.0
2006-03-20,20.979021072387695,21.06643295288086,20.54195785522461,20.804195404052734,37500,0,0.0
2006-03-21,21.153846740722656,22.639860153198242,21.153846740722656,22.639860153198242,63100,0,0.0
2006-03-22,22.727272033691406,23.339160919189453,22.202796936035156,22.46503448486328,41000,0,0.0
2006-03-23,22.552448272705078,22.552448272705078,21.853147506713867,22.027971267700195,22500,0,0.0
2006-03-24,22.290210723876953,22.552448272705078,21.853147506713867,22.115385055541992,30400,0,0.0
2006-03-27,22.290210723876953,22.290210723876953,22.027971267700195,22.202796936035156,17900,0,0.0
2006-03-28,22.290210723876953,22.46503448486328,22.202796936035156,22.46503448486328,25200,0,0.0
2006-03-29,22.552448272705078,22.552448272705078,22.290210723876953,22.46503448486328,18400,0,0.0
2006-03-30,22.552448272705078,22.727272033691406,22.377622604370117,22.639860153198242,30000,0,0.0
2006-03-31,22.639860153198242,22.639860153198242,22.290210723876953,22.552448272705078,23000,0,0.0
2006-04-03,22.552448272705078,23.339160919189453,22.202796936035156,23.076923370361328,84400,0,0.0
2006-04-04,23.164335250854492,23.77622413635254,22.814685821533203,23.601398468017578,56600,0,0.0
2006-04-05,23.863636016845703,27.797203063964844,23.688810348510742,27.447551727294922,79700,0,0.0
2006-04-06,27.972028732299805,29.720279693603516,27.884614944458008,29.63286781311035,85400,0,0.0
2006-04-07,30.594406127929688,30.594406127929688,28.146852493286133,29.195804595947266,46800,0,0.0
2006-04-10,29.45804214477539,30.594406127929688,29.45804214477539,29.80769157409668,33200,0,0.0
2006-04-11,30.1573429107666,30.594406127929688,29.720279693603516,30.069929122924805,23200,0,0.0
2006-04-12,30.332168579101562,30.332168579101562,27.622377395629883,27.884614944458008,43300,0,0.0
2006-04-13,28.05944061279297,29.545454025268555,28.05944061279297,29.28321647644043,15100,0,0.0
2006-04-17,29.45804214477539,29.895105361938477,28.846153259277344,29.63286781311035,78200,0,0.0
2006-04-18,29.80769157409668,29.80769157409668,28.93356704711914,29.720279693603516,20000,0,0.0
2006-04-19,29.720279693603516,29.720279693603516,28.409090042114258,28.75874137878418,21300,0,0.0
2006-04-20,28.58391571044922,28.846153259277344,26.22377586364746,27.01049041748047,31400,0,0.0
2006-04-21,26.923076629638672,28.496503829956055,26.398601531982422,27.972028732299805,37800,0,0.0
2006-04-24,28.146852493286133,28.146852493286133,26.486013412475586,27.622377395629883,16200,0,0.0
2006-04-25,27.447551727294922,30.1573429107666,27.447551727294922,29.98251724243164,23400,0,0.0
2006-04-26,30.069929122924805,30.419580459594727,29.720279693603516,30.1573429107666,31400,0,0.0
2006-04-27,30.1573429107666,31.118881225585938,29.28321647644043,30.244754791259766,31000,0,0.0
2006-04-28,30.332168579101562,31.118881225585938,30.244754791259766,31.031469345092773,42900,0,0.0
2006-05-01,31.118881225585938,32.255245208740234,30.856643676757812,32.255245208740234,92700,0,0.0
2006-05-02,32.255245208740234,35.57692337036133,31.81818199157715,35.227272033691406,116500,0,0.0
2006-05-03,35.83916091918945,35.83916091918945,34.79021072387695,35.227272033691406,25400,0,0.0
2006-05-04,35.05244827270508,35.227272033691406,33.304195404052734,34.2657356262207,32100,0,0.0
2006-05-05,34.52797317504883,35.05244827270508,34.2657356262207,34.44055938720703,23500,0,0.0
2006-05-08,34.52797317504883,34.52797317504883,34.09090805053711,34.09090805053711,21000,0,0.0
2006-05-09,34.2657356262207,35.402099609375,34.2657356262207,34.79021072387695,52300,0,0.0
2006-05-10,35.57692337036133,37.5,34.09090805053711,37.5,85600,0,0.0
2006-05-11,37.237762451171875,41.870628356933594,36.62587356567383,41.43356704711914,119000,0,0.0
2006-05-12,41.08391571044922,42.395103454589844,40.20978927612305,41.08391571044922,112200,0,0.0
2006-05-15,39.6853141784668,40.122379302978516,36.88811111450195,37.5874137878418,56700,0,0.0
2006-05-16,36.01398468017578,37.5,35.3146858215332,35.3146858215332,48500,0,0.0
2006-05-17,35.227272033691406,39.07342529296875,35.227272033691406,35.83916091918945,58000,0,0.0
2006-05-18,36.01398468017578,36.10139846801758,29.28321647644043,31.905593872070312,91700,0,0.0
2006-05-19,29.98251724243164,31.468530654907227,28.58391571044922,30.50699234008789,62300,0,0.0
2006-05-22,28.496503829956055,29.720279693603516,25.0,27.01049041748047,72600,0,0.0
2006-05-23,28.146852493286133,31.905593872070312,27.797203063964844,31.031469345092773,46900,0,0.0
2006-05-24,31.730770111083984,31.730770111083984,29.45804214477539,30.069929122924805,31400,0,0.0
2006-05-25,29.98251724243164,32.95454406738281,29.98251724243164,32.16783142089844,36400,0,0.0
2006-05-26,33.74126052856445,34.09090805053711,32.43006896972656,33.47901916503906,27800,0,0.0
2006-05-30,34.52797317504883,35.83916091918945,33.47901916503906,34.09090805053711,19000,0,0.0
2006-05-31,34.09090805053711,34.09090805053711,31.905593872070312,32.34265899658203,21700,0,0.0
2006-06-01,31.905593872070312,33.39160919189453,29.370630264282227,32.95454406738281,51600,0,0.0
2006-06-02,32.34265899658203,33.653846740722656,31.99300765991211,32.779720306396484,15400,0,0.0
2006-06-05,33.129371643066406,33.129371643066406,31.031469345092773,31.905593872070312,7700,0,0.0
2006-06-06,30.944055557250977,31.031469345092773,28.846153259277344,29.80769157409668,24300,0,0.0
2006-06-07,29.370630264282227,29.370630264282227,28.146852493286133,28.409090042114258,29900,0,0.0
2006-06-08,28.146852493286133,28.496503829956055,25.69930076599121,27.01049041748047,46100,0,0.0
2006-06-09,26.74825096130371,27.272727966308594,26.486013412475586,26.923076629638672,28500,0,0.0
2006-06-12,27.185314178466797,27.360139846801758,25.34964942932129,25.69930076599121,27500,0,0.0
2006-06-13,24.038461685180664,24.47552490234375,20.279720306396484,20.629369735717773,72700,0,0.0
2006-06-14,20.19230842590332,22.290210723876953,20.104894638061523,20.979021072387695,65000,0,0.0
2006-06-15,23.164335250854492,24.47552490234375,22.46503448486328,23.688810348510742,51400,0,0.0
2006-06-16,24.125873565673828,24.737762451171875,22.727272033691406,23.601398468017578,23300,0,0.0
2006-06-19,24.125873565673828,24.125873565673828,21.06643295288086,21.41608428955078,16600,0,0.0
2006-06-20,22.202796936035156,23.164335250854492,21.94055938720703,22.902097702026367,13200,0,0.0
2006-06-21,23.77622413635254,23.9510498046875,23.25174903869629,23.863636016845703,76100,0,0.0
2006-06-22,24.125873565673828,25.611888885498047,24.038461685180664,25.34964942932129,51800,0,0.0
2006-06-23,25.69930076599121,25.786712646484375,25.17482566833496,25.52447509765625,36300,0,0.0
2006-06-26,25.874126434326172,27.972028732299805,25.786712646484375,27.972028732299805,17500,0,0.0
2006-06-27,28.23426628112793,28.846153259277344,28.05944061279297,28.58391571044922,28600,0,0.0
2006-06-28,29.28321647644043,29.28321647644043,27.360139846801758,27.709789276123047,44400,0,0.0
2006-06-29,27.709789276123047,27.709789276123047,25.611888885498047,25.611888885498047,25600,0,0.0
2006-06-30,26.22377586364746,27.01049041748047,25.961538314819336,26.74825096130371,15700,0,0.0
2006-07-03,26.74825096130371,27.447551727294922,26.74825096130371,27.360139846801758,5200,0,0.0
2006-07-05,27.622377395629883,28.146852493286133,27.360139846801758,27.622377395629883,12900,0,0.0
2006-07-06,27.797203063964844,28.321678161621094,27.097902297973633,27.622377395629883,8900,0,0.0
2006-07-07,27.797203063964844,27.972028732299805,26.0489501953125,26.398601531982422,17700,0,0.0
2006-07-10,26.22377586364746,26.22377586364746,25.69930076599121,25.786712646484375,15300,0,0.0
2006-07-11,26.22377586364746,27.447551727294922,26.0489501953125,26.660839080810547,8900,0,0.0
2006-07-12,26.660839080810547,27.097902297973633,25.786712646484375,25.874126434326172,11100,0,0.0
2006-07-13,26.0489501953125,26.136363983154297,24.562936782836914,24.737762451171875,18300,0,0.0
2006-07-14,24.65035057067871,24.737762451171875,22.290210723876953,23.863636016845703,16500,0,0.0
2006-07-17,23.426572799682617,23.426572799682617,21.41608428955078,21.853147506713867,37900,0,0.0
2006-07-18,21.853147506713867,21.853147506713867,21.153846740722656,21.76573371887207,24700,0,0.0
2006-07-19,22.027971267700195,23.164335250854492,22.027971267700195,22.727272033691406,24400,0,0.0
2006-07-20,23.601398468017578,23.9510498046875,22.98950958251953,22.98950958251953,12900,0,0.0
2006-07-21,23.164335250854492,23.77622413635254,22.814685821533203,23.513986587524414,5500,0,0.0
2006-07-24,23.601398468017578,24.038461685180664,22.902097702026367,23.164335250854492,18100,0,0.0
2006-07-25,22.552448272705078,23.076923370361328,22.377622604370117,22.377622604370117,17500,0,0.0
2006-07-26,22.902097702026367,23.164335250854492,22.639860153198242,22.98950958251953,9300,0,0.0
2006-07-27,23.25174903869629,23.25174903869629,22.552448272705078,22.552448272705078,9900,0,0.0
2006-07-28,22.552448272705078,22.98950958251953,21.76573371887207,21.94055938720703,8400,0,0.0
2006-07-31,22.290210723876953,22.727272033691406,21.94055938720703,22.727272033691406,13000,0,0.0
2006-08-01,22.46503448486328,23.25174903869629,22.46503448486328,23.076923370361328,21700,0,0.0
2006-08-02,23.426572799682617,23.77622413635254,23.164335250854492,23.426572799682617,21100,0,0.0
2006-08-03,23.601398468017578,23.77622413635254,22.98950958251953,23.076923370361328,3600,0,0.0
2006-08-04,23.164335250854492,23.426572799682617,23.076923370361328,23.164335250854492,2600,0,0.0
2006-08-07,23.164335250854492,24.47552490234375,23.164335250854492,24.47552490234375,18000,0,0.0
2006-08-08,24.47552490234375,24.65035057067871,23.601398468017578,23.601398468017578,7600,0,0.0
2006-08-09,23.77622413635254,23.863636016845703,23.25174903869629,23.339160919189453,4800,0,0.0
2006-08-10,23.601398468017578,23.601398468017578,23.076923370361328,23.339160919189453,7500,0,0.0
2006-08-11,23.164335250854492,23.513986587524414,22.902097702026367,23.25174903869629,4200,0,0.0
2006-08-14,23.164335250854492,23.513986587524414,22.290210723876953,23.164335250854492,7200,0,0.0
2006-08-15,23.164335250854492,23.339160919189453,22.46503448486328,22.727272033691406,5200,0,0.0
2006-08-16,22.814685821533203,23.513986587524414,22.814685821533203,23.426572799682617,12500,0,0.0
2006-08-17,23.513986587524414,23.601398468017578,22.727272033691406,23.513986587524414,14500,0,0.0
2006-08-18,23.339160919189453,23.513986587524414,22.727272033691406,23.426572799682617,13200,0,0.0
2006-08-21,22.902097702026367,23.513986587524414,22.902097702026367,23.339160919189453,11600,0,0.0
2006-08-22,23.164335250854492,23.601398468017578,23.164335250854492,23.426572799682617,8900,0,0.0
2006-08-23,23.426572799682617,23.688810348510742,23.25174903869629,23.513986587524414,6800,0,0.0
2006-08-24,23.513986587524414,23.513986587524414,22.46503448486328,23.076923370361328,19800,0,0.0
2006-08-25,22.814685821533203,23.77622413635254,22.814685821533203,23.513986587524414,15500,0,0.0
2006-08-28,23.601398468017578,23.688810348510742,23.164335250854492,23.426572799682617,10400,0,0.0
2006-08-29,23.513986587524414,23.77622413635254,23.25174903869629,23.77622413635254,11200,0,0.0
2006-08-30,24.125873565673828,26.0489501953125,23.426572799682617,25.34964942932129,29400,0,0.0
2006-08-31,26.660839080810547,30.594406127929688,26.0489501953125,30.069929122924805,97600,0,0.0
2006-09-01,30.68181800842285,31.905593872070312,30.419580459594727,31.2937068939209,68400,0,0.0
2006-09-05,31.468530654907227,32.69230651855469,31.468530654907227,32.16783142089844,44300,0,0.0
2006-09-06,32.255245208740234,32.43006896972656,30.1573429107666,30.1573429107666,26300,0,0.0
2006-09-07,30.50699234008789,30.594406127929688,28.23426628112793,30.594406127929688,24100,0,0.0
2006-09-08,30.332168579101562,32.255245208740234,29.195804595947266,32.16783142089844,22100,0,0.0
2006-09-11,31.031469345092773,32.16783142089844,29.020978927612305,29.45804214477539,28200,0,0.0
2006-09-12,29.720279693603516,30.1573429107666,28.409090042114258,29.545454025268555,12700,0,0.0
2006-09-13,29.45804214477539,29.63286781311035,28.75874137878418,29.020978927612305,35900,0,0.0
2006-09-14,29.28321647644043,29.63286781311035,28.496503829956055,29.28321647644043,25900,0,0.0
2006-09-15,28.671329498291016,31.031469345092773,28.671329498291016,30.50699234008789,36900,0,0.0
2006-09-18,30.594406127929688,30.856643676757812,29.80769157409668,30.069929122924805,13000,0,0.0
2006-09-19,30.856643676757812,30.856643676757812,28.496503829956055,29.370630264282227,43100,0,0.0
2006-09-20,29.28321647644043,29.80769157409668,28.496503829956055,29.020978927612305,7800,0,0.0
2006-09-21,29.020978927612305,29.020978927612305,27.185314178466797,27.53496551513672,22500,0,0.0
2006-09-22,27.797203063964844,29.28321647644043,27.797203063964844,28.321678161621094,12000,0,0.0
2006-09-25,29.45804214477539,29.45804214477539,27.797203063964844,28.409090042114258,28900,0,0.0
2006-09-26,28.496503829956055,29.28321647644043,28.321678161621094,28.496503829956055,24300,0,0.0
2006-09-27,28.409090042114258,28.846153259277344,27.097902297973633,27.972028732299805,17100,0,0.0
2006-09-28,28.409090042114258,28.409090042114258,26.923076629638672,27.53496551513672,31900,0,0.0
2006-09-29,27.972028732299805,27.972028732299805,26.573427200317383,26.923076629638672,15000,0,0.0
2006-10-02,26.660839080810547,27.097902297973633,26.486013412475586,26.74825096130371,11200,0,0.0
2006-10-03,26.398601531982422,26.398601531982422,22.814685821533203,22.98950958251953,57600,0,0.0
2006-10-04,23.164335250854492,23.25174903869629,21.76573371887207,21.853147506713867,54400,0,0.0
2006-10-05,22.115385055541992,22.98950958251953,21.853147506713867,22.727272033691406,30400,0,0.0
2006-10-06,23.164335250854492,23.339160919189453,22.290210723876953,22.639860153198242,18300,0,0.0
2006-10-09,22.46503448486328,23.076923370361328,22.027971267700195,22.902097702026367,38600,0,0.0
2006-10-10,22.902097702026367,22.902097702026367,21.76573371887207,22.202796936035156,40800,0,0.0
2006-10-11,22.202796936035156,22.377622604370117,19.667831420898438,20.71678352355957,23400,0,0.0
2006-10-12,21.06643295288086,21.06643295288086,20.01748275756836,20.454545974731445,20100,0,0.0
2006-10-13,20.104894638061523,21.24125862121582,20.104894638061523,20.71678352355957,35500,0,0.0
2006-10-16,22.552448272705078,24.912588119506836,21.678321838378906,24.47552490234375,40900,0,0.0
2006-10-17,23.77622413635254,25.34964942932129,23.513986587524414,24.65035057067871,36300,0,0.0
2006-10-18,25.52447509765625,25.786712646484375,23.688810348510742,25.087411880493164,22800,0,0.0
2006-10-19,25.34964942932129,27.272727966308594,25.34964942932129,27.097902297973633,30800,0,0.0
2006-10-20,27.097902297973633,27.53496551513672,26.660839080810547,27.01049041748047,7000,0,0.0
2006-10-23,27.447551727294922,27.884614944458008,27.097902297973633,27.447551727294922,11900,0,0.0
2006-10-24,27.53496551513672,27.53496551513672,26.0489501953125,26.22377586364746,14900,0,0.0
2006-10-25,26.22377586364746,27.272727966308594,26.22377586364746,26.486013412475586,15900,0,0.0
2006-10-26,26.486013412475586,27.097902297973633,26.311189651489258,26.660839080810547,9300,0,0.0
2006-10-27,27.01049041748047,27.01049041748047,26.660839080810547,26.74825096130371,10100,0,0.0
2006-10-30,26.74825096130371,27.097902297973633,26.136363983154297,26.660839080810547,17000,0,0.0
2006-10-31,26.74825096130371,27.884614944458008,26.74825096130371,27.447551727294922,26100,0,0.0
2006-11-01,27.447551727294922,29.545454025268555,27.447551727294922,29.195804595947266,53500,0,0.0
2006-11-02,29.370630264282227,29.545454025268555,28.23426628112793,29.370630264282227,29000,0,0.0
2006-11-03,29.370630264282227,29.63286781311035,28.846153259277344,29.545454025268555,10900,0,0.0
2006-11-06,29.45804214477539,29.545454025268555,28.05944061279297,28.409090042114258,28000,0,0.0
2006-11-07,29.020978927612305,29.10839080810547,28.409090042114258,28.671329498291016,9700,0,0.0
2006-11-08,28.321678161621094,28.321678161621094,27.097902297973633,28.05944061279297,12100,0,0.0
2006-11-09,27.972028732299805,29.28321647644043,27.797203063964844,28.146852493286133,6400,0,0.0
2006-11-10,28.321678161621094,29.10839080810547,27.972028732299805,28.321678161621094,10400,0,0.0
2006-11-13,27.972028732299805,28.146852493286133,27.097902297973633,27.447551727294922,16300,0,0.0
2006-11-14,27.360139846801758,28.146852493286133,27.097902297973633,27.972028732299805,11600,0,0.0
2006-11-15,27.972028732299805,28.05944061279297,27.53496551513672,27.972028732299805,11700,0,0.0
2006-11-16,28.23426628112793,28.23426628112793,27.53496551513672,27.53496551513672,12700,0,0.0
2006-11-17,27.447551727294922,27.447551727294922,24.562936782836914,25.34964942932129,27100,0,0.0
2006-11-20,26.22377586364746,26.74825096130371,25.34964942932129,26.660839080810547,27800,0,0.0
2006-11-21,25.611888885498047,26.660839080810547,25.611888885498047,26.311189651489258,12800,0,0.0
2006-11-22,25.611888885498047,26.573427200317383,25.52447509765625,26.22377586364746,6000,0,0.0
2006-11-24,26.22377586364746,27.097902297973633,26.22377586364746,27.01049041748047,3600,0,0.0
2006-11-27,26.923076629638672,27.972028732299805,26.74825096130371,27.447551727294922,10700,0,0.0
2006-11-28,27.53496551513672,29.545454025268555,27.53496551513672,29.545454025268555,38100,0,0.0
2006-11-29,29.80769157409668,29.80769157409668,28.93356704711914,29.020978927612305,21300,0,0.0
2006-11-30,28.496503829956055,29.28321647644043,27.797203063964844,29.28321647644043,32600,0,0.0
2006-12-01,29.45804214477539,29.45804214477539,28.846153259277344,29.195804595947266,5500,0,0.0
2006-12-04,29.45804214477539,30.856643676757812,28.846153259277344,30.856643676757812,43200,0,0.0
2006-12-05,30.769229888916016,30.856643676757812,29.45804214477539,30.332168579101562,18600,0,0.0
2006-12-06,30.594406127929688,30.594406127929688,29.63286781311035,30.069929122924805,9200,0,0.0
2006-12-07,30.1573429107666,30.244754791259766,29.63286781311035,30.1573429107666,7300,0,0.0
2006-12-08,30.1573429107666,30.332168579101562,29.720279693603516,30.069929122924805,4000,0,0.0
2006-12-11,30.069929122924805,30.594406127929688,29.895105361938477,30.419580459594727,6000,0,0.0
2006-12-12,30.50699234008789,30.50699234008789,29.80769157409668,30.419580459594727,7400,0,0.0
2006-12-13,29.80769157409668,30.244754791259766,29.195804595947266,30.069929122924805,12800,0,0.0
2006-12-14,29.63286781311035,30.069929122924805,28.75874137878418,28.846153259277344,7900,0,0.0
2006-12-15,28.75874137878418,29.28321647644043,28.146852493286133,28.846153259277344,14100,0,0.0
2006-12-18,28.75874137878418,29.28321647644043,28.146852493286133,28.496503829956055,8300,0,0.0
2006-12-19,28.321678161621094,28.671329498291016,27.797203063964844,27.797203063964844,18500,0,0.0
2006-12-20,27.884614944458008,28.321678161621094,26.660839080810547,27.01049041748047,14800,0,0.0
2006-12-21,27.185314178466797,27.884614944458008,26.74825096130371,26.923076629638672,7700,0,0.0
2006-12-22,27.01049041748047,27.884614944458008,26.835664749145508,27.272727966308594,6200,0,0.0
2006-12-26,27.360139846801758,28.23426628112793,27.272727966308594,27.884614944458008,6300,0,0.0
2006-12-27,28.23426628112793,28.321678161621094,27.097902297973633,27.622377395629883,9400,0,0.0
2006-12-28,27.797203063964844,28.409090042114258,27.53496551513672,27.884614944458008,8100,0,0.0
2006-12-29,27.884614944458008,27.884614944458008,27.097902297973633,27.447551727294922,6500,0,0.0
2007-01-03,27.447551727294922,27.447551727294922,25.786712646484375,25.874126434326172,21400,0,0.0
2007-01-04,25.0,25.611888885498047,23.9510498046875,24.30069923400879,22500,0,0.0
2007-01-05,24.125873565673828,26.0489501953125,24.125873565673828,25.34964942932129,10700,0,0.0
2007-01-08,25.52447509765625,26.0489501953125,25.34964942932129,25.786712646484375,6300,0,0.0
2007-01-09,25.786712646484375,25.786712646484375,24.912588119506836,25.262237548828125,6600,0,0.0
2007-01-10,24.213287353515625,24.737762451171875,23.688810348510742,24.737762451171875,10000,0,0.0
2007-01-11,24.82517433166504,24.912588119506836,24.038461685180664,24.30069923400879,8200,0,0.0
2007-01-12,24.82517433166504,24.82517433166504,23.688810348510742,24.737762451171875,7400,0,0.0
2007-01-16,24.82517433166504,25.087411880493164,23.339160919189453,23.688810348510742,11300,0,0.0
2007-01-17,23.9510498046875,24.47552490234375,23.339160919189453,23.426572799682617,21800,0,0.0
2007-01-18,23.426572799682617,25.437063217163086,23.426572799682617,25.437063217163086,17600,0,0.0
2007-01-19,25.34964942932129,25.52447509765625,24.30069923400879,25.087411880493164,12300,0,0.0
2007-01-22,24.82517433166504,25.17482566833496,23.77622413635254,23.863636016845703,18600,0,0.0
2007-01-23,23.863636016845703,24.65035057067871,23.863636016845703,24.47552490234375,20600,0,0.0
2007-01-24,24.562936782836914,24.65035057067871,23.9510498046875,24.213287353515625,24800,0,0.0
2007-01-25,24.737762451171875,24.737762451171875,23.601398468017578,23.601398468017578,12800,0,0.0
2007-01-26,23.601398468017578,24.82517433166504,23.601398468017578,24.562936782836914,17900,0,0.0
2007-01-29,24.912588119506836,26.0489501953125,24.47552490234375,25.961538314819336,17100,0,0.0
2007-01-30,26.22377586364746,26.22377586364746,24.30069923400879,25.087411880493164,12100,0,0.0
2007-01-31,26.0489501953125,27.185314178466797,25.786712646484375,26.486013412475586,31600,0,0.0
2007-02-01,27.01049041748047,28.05944061279297,26.22377586364746,27.797203063964844,28600,0,0.0
2007-02-02,28.146852493286133,28.496503829956055,27.097902297973633,27.709789276123047,18100,0,0.0
2007-02-05,27.01049041748047,27.972028732299805,26.660839080810547,27.797203063964844,19200,0,0.0
2007-02-06,27.884614944458008,27.972028732299805,27.53496551513672,27.622377395629883,13100,0,0.0
2007-02-07,27.972028732299805,28.23426628112793,26.660839080810547,26.835664749145508,24900,0,0.0
2007-02-08,26.835664749145508,27.53496551513672,26.22377586364746,26.311189651489258,15200,0,0.0
2007-02-09,26.22377586364746,27.797203063964844,26.22377586364746,27.360139846801758,8900,0,0.0
2007-02-12,27.447551727294922,27.447551727294922,25.786712646484375,26.136363983154297,24600,0,0.0
2007-02-13,26.136363983154297,26.136363983154297,25.437063217163086,25.437063217163086,8000,0,0.0
2007-02-14,25.786712646484375,27.097902297973633,25.34964942932129,26.573427200317383,8000,0,0.0
2007-02-15,25.34964942932129,26.923076629638672,25.34964942932129,26.486013412475586,2600,0,0.0
2007-02-16,27.01049041748047,27.447551727294922,26.22377586364746,27.447551727294922,6800,0,0.0
2007-02-20,27.360139846801758,27.360139846801758,26.660839080810547,27.272727966308594,8500,0,0.0
2007-02-21,26.74825096130371,27.185314178466797,26.660839080810547,27.097902297973633,8700,0,0.0
2007-02-22,27.097902297973633,27.447551727294922,26.660839080810547,26.923076629638672,10600,0,0.0
2007-02-23,27.01049041748047,27.360139846801758,26.660839080810547,26.923076629638672,9200,0,0.0
2007-02-26,26.835664749145508,27.272727966308594,26.660839080810547,26.74825096130371,10600,0,0.0
2007-02-27,26.311189651489258,26.660839080810547,25.874126434326172,25.961538314819336,17700,0,0.0
2007-02-28,25.34964942932129,25.961538314819336,25.17482566833496,25.34964942932129,33200,0,0.0
2007-03-01,26.22377586364746,26.22377586364746,25.262237548828125,25.52447509765625,7100,0,0.0
2007-03-02,25.69930076599121,25.69930076599121,25.0,25.437063217163086,17700,0,0.0
2007-03-05,24.737762451171875,25.17482566833496,23.9510498046875,24.47552490234375,30800,0,0.0
2007-03-06,24.912588119506836,25.34964942932129,24.47552490234375,25.17482566833496,16700,0,0.0
2007-03-07,25.52447509765625,25.52447509765625,24.65035057067871,25.17482566833496,23900,0,0.0
2007-03-08,25.34964942932129,25.611888885498047,25.17482566833496,25.17482566833496,6600,0,0.0
2007-03-09,25.437063217163086,25.52447509765625,24.65035057067871,25.52447509765625,7200,0,0.0
2007-03-12,25.611888885498047,25.611888885498047,24.912588119506836,25.52447509765625,6400,0,0.0
2007-03-13,25.611888885498047,25.611888885498047,25.34964942932129,25.34964942932129,7200,0,0.0
2007-03-14,24.912588119506836,25.262237548828125,24.388111114501953,24.912588119506836,16100,0,0.0
2007-03-15,24.47552490234375,25.437063217163086,24.47552490234375,25.34964942932129,13300,0,0.0
2007-03-16,25.262237548828125,25.52447509765625,25.087411880493164,25.437063217163086,11200,0,0.0
2007-03-19,25.34964942932129,25.437063217163086,25.17482566833496,25.34964942932129,13100,0,0.0
2007-03-20,25.34964942932129,25.786712646484375,25.17482566833496,25.786712646484375,16000,0,0.0
2007-03-21,25.611888885498047,25.786712646484375,25.34964942932129,25.786712646484375,38900,0,0.0
2007-03-22,25.087411880493164,25.52447509765625,25.087411880493164,25.262237548828125,15300,0,0.0
2007-03-23,25.0,25.34964942932129,24.737762451171875,25.34964942932129,18600,0,0.0
2007-03-26,24.912588119506836,25.874126434326172,24.82517433166504,24.912588119506836,24500,0,0.0
2007-03-27,25.34964942932129,25.34964942932129,24.912588119506836,25.17482566833496,25900,0,0.0
2007-03-28,25.262237548828125,25.786712646484375,25.087411880493164,25.611888885498047,24100,0,0.0
2007-03-29,25.786712646484375,25.786712646484375,25.34964942932129,25.786712646484375,12800,0,0.0
2007-03-30,26.0489501953125,26.0489501953125,25.52447509765625,26.0489501953125,18300,0,0.0
2007-04-02,25.874126434326172,28.409090042114258,25.34964942932129,27.01049041748047,43800,0,0.0
2007-04-03,27.01049041748047,30.069929122924805,27.01049041748047,29.720279693603516,68300,0,0.0
2007-04-04,29.370630264282227,31.730770111083984,29.370630264282227,31.643356323242188,76900,0,0.0
2007-04-05,31.643356323242188,32.34265899658203,31.118881225585938,31.81818199157715,47100,0,0.0
2007-04-09,31.905593872070312,34.44055938720703,31.81818199157715,34.09090805053711,48300,0,0.0
2007-04-10,34.178321838378906,34.178321838378906,31.2062931060791,31.730770111083984,51500,0,0.0
2007-04-11,33.04195785522461,33.04195785522461,32.16783142089844,32.604896545410156,26000,0,0.0
2007-04-12,32.604896545410156,33.56643295288086,31.555944442749023,33.39160919189453,33400,0,0.0
2007-04-13,33.39160919189453,33.91608428955078,32.779720306396484,33.39160919189453,21400,0,0.0
2007-04-16,33.39160919189453,34.877620697021484,32.779720306396484,34.79021072387695,59700,0,0.0
2007-04-17,34.09090805053711,34.96503448486328,32.779720306396484,33.21678161621094,39100,0,0.0
2007-04-18,33.47901916503906,33.828670501708984,32.34265899658203,32.51748275756836,20800,0,0.0
2007-04-19,32.080421447753906,32.51748275756836,31.555944442749023,31.643356323242188,18500,0,0.0
2007-04-20,32.69230651855469,33.91608428955078,31.468530654907227,32.69230651855469,41400,0,0.0
2007-04-23,32.43006896972656,33.828670501708984,32.16783142089844,33.653846740722656,25900,0,0.0
2007-04-24,33.653846740722656,34.09090805053711,32.51748275756836,33.74126052856445,42600,0,0.0
2007-04-25,33.653846740722656,34.44055938720703,32.86713409423828,33.828670501708984,29100,0,0.0
2007-04-26,33.91608428955078,34.00349807739258,32.86713409423828,33.74126052856445,30600,0,0.0
2007-04-27,34.09090805053711,36.276222229003906,33.653846740722656,36.10139846801758,80600,0,0.0
2007-04-30,35.751747131347656,35.751747131347656,33.56643295288086,33.74126052856445,62400,0,0.0
2007-05-01,33.91608428955078,34.09090805053711,31.468530654907227,31.555944442749023,56700,0,0.0
2007-05-02,31.555944442749023,32.69230651855469,30.594406127929688,32.69230651855469,46900,0,0.0
2007-05-03,32.69230651855469,32.86713409423828,32.080421447753906,32.080421447753906,11700,0,0.0
2007-05-04,31.99300765991211,34.44055938720703,31.468530654907227,33.653846740722656,47900,0,0.0
2007-05-07,33.56643295288086,35.05244827270508,33.129371643066406,34.96503448486328,60700,0,0.0
2007-05-08,34.96503448486328,35.83916091918945,34.178321838378906,35.83916091918945,52400,0,0.0
2007-05-09,35.664337158203125,36.80070114135742,34.702796936035156,36.53845977783203,43600,0,0.0
2007-05-10,35.751747131347656,36.53845977783203,33.653846740722656,33.74126052856445,56100,0,0.0
2007-05-11,33.74126052856445,35.751747131347656,33.74126052856445,35.57692337036133,34000,0,0.0
2007-05-14,35.05244827270508,35.48950958251953,34.09090805053711,34.2657356262207,24100,0,0.0
2007-05-15,34.2657356262207,35.13985824584961,34.09090805053711,34.61538314819336,18300,0,0.0
2007-05-16,34.00349807739258,35.402099609375,34.00349807739258,34.52797317504883,28900,0,0.0
2007-05-17,34.61538314819336,34.61538314819336,32.779720306396484,33.304195404052734,48700,0,0.0
2007-05-18,33.304195404052734,34.702796936035156,32.43006896972656,34.702796936035156,35300,0,0.0
2007-05-21,34.09090805053711,35.48950958251953,33.91608428955078,34.44055938720703,22700,0,0.0
2007-05-22,34.877620697021484,34.877620697021484,32.51748275756836,32.95454406738281,49400,0,0.0
2007-05-23,32.779720306396484,33.304195404052734,32.604896545410156,32.95454406738281,17200,0,0.0
2007-05-24,33.21678161621094,33.653846740722656,31.643356323242188,31.643356323242188,41100,0,0.0
2007-05-25,31.643356323242188,32.69230651855469,30.769229888916016,30.856643676757812,24000,0,0.0
2007-05-29,31.031469345092773,32.69230651855469,30.856643676757812,30.944055557250977,44100,0,0.0
2007-05-30,31.118881225585938,31.905593872070312,30.769229888916016,30.856643676757812,17900,0,0.0
2007-05-31,30.769229888916016,32.255245208740234,30.594406127929688,32.255245208740234,47800,0,0.0
2007-06-01,32.34265899658203,34.09090805053711,32.255245208740234,34.00349807739258,36800,0,0.0
2007-06-04,33.91608428955078,34.96503448486328,33.39160919189453,34.44055938720703,32800,0,0.0
2007-06-05,34.52797317504883,34.96503448486328,34.353145599365234,34.44055938720703,25800,0,0.0
2007-06-06,34.178321838378906,34.44055938720703,31.99300765991211,32.69230651855469,65500,0,0.0
2007-06-07,32.86713409423828,33.653846740722656,31.2062931060791,31.381118774414062,33000,0,0.0
2007-06-08,31.468530654907227,32.16783142089844,31.381118774414062,31.381118774414062,14600,0,0.0
2007-06-11,31.99300765991211,32.080421447753906,31.381118774414062,31.468530654907227,18000,0,0.0
2007-06-12,31.730770111083984,32.16783142089844,30.944055557250977,31.381118774414062,24300,0,0.0
2007-06-13,31.555944442749023,31.99300765991211,31.2937068939209,31.730770111083984,7100,0,0.0
2007-06-14,31.81818199157715,32.34265899658203,31.643356323242188,31.905593872070312,10300,0,0.0
2007-06-15,32.080421447753906,32.51748275756836,31.381118774414062,32.080421447753906,17200,0,0.0
2007-06-18,31.905593872070312,31.905593872070312,30.594406127929688,30.944055557250977,22500,0,0.0
2007-06-19,31.381118774414062,31.905593872070312,30.856643676757812,31.2937068939209,25000,0,0.0
2007-06-20,31.2937068939209,31.905593872070312,30.594406127929688,30.68181800842285,12900,0,0.0
2007-06-21,30.594406127929688,31.2062931060791,30.50699234008789,30.856643676757812,9900,0,0.0
2007-06-22,31.031469345092773,31.031469345092773,30.594406127929688,30.68181800842285,12200,0,0.0
2007-06-25,30.68181800842285,31.031469345092773,28.846153259277344,29.545454025268555,48900,0,0.0
2007-06-26,29.195804595947266,29.895105361938477,27.972028732299805,28.146852493286133,23700,0,0.0
2007-06-27,28.05944061279297,28.93356704711914,27.622377395629883,28.75874137878418,36400,0,0.0
2007-06-28,29.10839080810547,30.50699234008789,29.10839080810547,30.419580459594727,19000,0,0.0
2007-06-29,30.50699234008789,32.16783142089844,30.419580459594727,32.16783142089844,29100,0,0.0
2007-07-02,32.34265899658203,32.779720306396484,31.730770111083984,31.730770111083984,19200,0,0.0
2007-07-03,32.16783142089844,32.34265899658203,31.468530654907227,32.080421447753906,6300,0,0.0
2007-07-05,32.43006896972656,32.86713409423828,32.16783142089844,32.34265899658203,16300,0,0.0
2007-07-06,32.34265899658203,33.47901916503906,32.34265899658203,32.69230651855469,13100,0,0.0
2007-07-09,32.86713409423828,33.653846740722656,32.43006896972656,32.95454406738281,30200,0,0.0
2007-07-10,33.21678161621094,33.74126052856445,32.51748275756836,32.604896545410156,15400,0,0.0
2007-07-11,32.69230651855469,32.69230651855469,31.031469345092773,31.2937068939209,17600,0,0.0
2007-07-12,31.468530654907227,32.34265899658203,31.031469345092773,31.81818199157715,8700,0,0.0
2007-07-13,31.905593872070312,32.51748275756836,31.118881225585938,31.468530654907227,12200,0,0.0
2007-07-16,31.381118774414062,32.255245208740234,31.031469345092773,31.031469345092773,12300,0,0.0
2007-07-17,31.2062931060791,32.16783142089844,31.031469345092773,31.468530654907227,10700,0,0.0
2007-07-18,31.905593872070312,31.99300765991211,29.895105361938477,30.244754791259766,30700,0,0.0
2007-07-19,30.244754791259766,31.2937068939209,30.244754791259766,31.2062931060791,11400,0,0.0
2007-07-20,31.381118774414062,31.468530654907227,30.68181800842285,30.68181800842285,8900,0,0.0
2007-07-23,30.069929122924805,30.856643676757812,29.720279693603516,29.80769157409668,14400,0,0.0
2007-07-24,29.80769157409668,30.50699234008789,29.28321647644043,29.545454025268555,11700,0,0.0
2007-07-25,29.370630264282227,30.50699234008789,29.020978927612305,29.45804214477539,16300,0,0.0
2007-07-26,29.98251724243164,29.98251724243164,28.23426628112793,28.846153259277344,6200,0,0.0
2007-07-27,28.58391571044922,28.846153259277344,28.23426628112793,28.321678161621094,2000,0,0.0
2007-07-30,28.496503829956055,28.58391571044922,28.146852493286133,28.496503829956055,3600,0,0.0
2007-07-31,28.75874137878418,29.895105361938477,28.75874137878418,29.28321647644043,1600,0,0.0
2007-08-01,29.10839080810547,30.50699234008789,29.10839080810547,29.98251724243164,12600,0,0.0
2007-08-02,29.98251724243164,30.594406127929688,29.370630264282227,30.069929122924805,17900,0,0.0
2007-08-03,29.98251724243164,30.594406127929688,28.846153259277344,28.846153259277344,11800,0,0.0
2007-08-06,29.45804214477539,29.545454025268555,27.097902297973633,27.884614944458008,23700,0,0.0
2007-08-07,27.53496551513672,28.146852493286133,27.01049041748047,27.360139846801758,28300,0,0.0
2007-08-08,27.272727966308594,29.98251724243164,27.185314178466797,29.63286781311035,22200,0,0.0
2007-08-09,29.80769157409668,31.2062931060791,29.28321647644043,30.769229888916016,24000,0,0.0
2007-08-10,30.332168579101562,31.2062931060791,28.846153259277344,29.020978927612305,23500,0,0.0
2007-08-13,29.28321647644043,30.069929122924805,28.93356704711914,29.63286781311035,9000,0,0.0
2007-08-14,29.45804214477539,29.98251724243164,27.272727966308594,27.797203063964844,22100,0,0.0
2007-08-15,27.797203063964844,27.972028732299805,26.398601531982422,26.573427200317383,37000,0,0.0
2007-08-16,25.961538314819336,26.311189651489258,21.94055938720703,23.863636016845703,86200,0,0.0
2007-08-17,23.863636016845703,27.185314178466797,23.863636016845703,25.961538314819336,54400,0,0.0
2007-08-20,25.961538314819336,26.660839080810547,24.213287353515625,25.34964942932129,78900,0,0.0
2007-08-21,25.17482566833496,25.786712646484375,24.912588119506836,25.34964942932129,51700,0,0.0
2007-08-22,25.786712646484375,27.097902297973633,24.82517433166504,27.097902297973633,39900,0,0.0
2007-08-23,26.660839080810547,27.097902297973633,24.912588119506836,26.136363983154297,60400,0,0.0
2007-08-24,26.22377586364746,26.660839080810547,24.912588119506836,26.22377586364746,37000,0,0.0
2007-08-27,26.660839080810547,26.660839080810547,25.611888885498047,25.961538314819336,24400,0,0.0
2007-08-28,26.22377586364746,26.22377586364746,24.737762451171875,24.737762451171875,11700,0,0.0
2007-08-29,24.30069923400879,26.22377586364746,24.30069923400879,24.912588119506836,31600,0,0.0
2007-08-30,24.912588119506836,25.786712646484375,24.562936782836914,25.087411880493164,21100,0,0.0
2007-08-31,25.961538314819336,26.22377586364746,25.0,26.22377586364746,18900,0,0.0
2007-09-04,26.22377586364746,26.398601531982422,25.786712646484375,26.311189651489258,36900,0,0.0
2007-09-05,25.874126434326172,26.573427200317383,25.34964942932129,25.611888885498047,18500,0,0.0
2007-09-06,26.22377586364746,26.923076629638672,25.34964942932129,26.660839080810547,35100,0,0.0
2007-09-07,26.22377586364746,26.835664749145508,25.69930076599121,26.486013412475586,24900,0,0.0
2007-09-10,26.486013412475586,26.660839080810547,26.0489501953125,26.573427200317383,22300,0,0.0
2007-09-11,26.398601531982422,27.53496551513672,26.22377586364746,27.185314178466797,22300,0,0.0
2007-09-12,27.622377395629883,28.496503829956055,27.272727966308594,28.23426628112793,22600,0,0.0
2007-09-13,27.622377395629883,28.671329498291016,27.622377395629883,28.58391571044922,19500,0,0.0
2007-09-14,28.321678161621094,29.28321647644043,28.05944061279297,29.020978927612305,18700,0,0.0
2007-09-17,29.10839080810547,29.720279693603516,28.409090042114258,29.63286781311035,19900,0,0.0
2007-09-18,30.069929122924805,30.069929122924805,28.846153259277344,29.545454025268555,16500,0,0.0
2007-09-19,29.545454025268555,30.594406127929688,29.545454025268555,30.594406127929688,17000,0,0.0
2007-09-20,30.332168579101562,31.555944442749023,30.069929122924805,30.594406127929688,30800,0,0.0
2007-09-21,30.769229888916016,31.555944442749023,30.594406127929688,31.2937068939209,15300,0,0.0
2007-09-24,31.468530654907227,33.56643295288086,30.769229888916016,32.69230651855469,36300,0,0.0
2007-09-25,32.34265899658203,32.86713409423828,31.555944442749023,32.779720306396484,25000,0,0.0
2007-09-26,33.828670501708984,33.828670501708984,31.99300765991211,32.95454406738281,40200,0,0.0
2007-09-27,32.95454406738281,33.653846740722656,32.604896545410156,33.47901916503906,31000,0,0.0
2007-09-28,33.304195404052734,33.56643295288086,32.779720306396484,33.304195404052734,26100,0,0.0
2007-10-01,33.04195785522461,33.21678161621094,32.34265899658203,32.779720306396484,30200,0,0.0
2007-10-02,32.69230651855469,34.79021072387695,32.43006896972656,34.702796936035156,57100,0,0.0
2007-10-03,34.52797317504883,35.57692337036133,34.00349807739258,35.13985824584961,68300,0,0.0
2007-10-04,35.3146858215332,35.57692337036133,34.09090805053711,35.05244827270508,50800,0,0.0
2007-10-05,35.13985824584961,35.227272033691406,34.178321838378906,35.13985824584961,12800,0,0.0
2007-10-08,35.05244827270508,35.13985824584961,33.47901916503906,34.96503448486328,17000,0,0.0
2007-10-09,34.178321838378906,35.3146858215332,33.653846740722656,34.96503448486328,28200,0,0.0
2007-10-10,34.96503448486328,34.96503448486328,31.118881225585938,34.52797317504883,105800,0,0.0
2007-10-11,34.52797317504883,35.227272033691406,33.653846740722656,34.96503448486328,47500,0,0.0
2007-10-12,34.79021072387695,34.96503448486328,33.653846740722656,34.79021072387695,13500,0,0.0
2007-10-15,34.44055938720703,34.702796936035156,33.04195785522461,33.47901916503906,44000,0,0.0
2007-10-16,33.47901916503906,34.00349807739258,31.905593872070312,32.604896545410156,23700,0,0.0
2007-10-17,33.04195785522461,35.13985824584961,32.34265899658203,34.96503448486328,73200,0,0.0
2007-10-18,34.61538314819336,35.05244827270508,33.04195785522461,33.304195404052734,15700,0,0.0
2007-10-19,33.304195404052734,34.09090805053711,32.779720306396484,33.91608428955078,18000,0,0.0
2007-10-22,32.43006896972656,32.86713409423828,31.905593872070312,32.34265899658203,16800,0,0.0
2007-10-23,33.304195404052734,33.304195404052734,32.16783142089844,32.255245208740234,20400,0,0.0
2007-10-24,32.34265899658203,32.34265899658203,31.468530654907227,31.730770111083984,30000,0,0.0
2007-10-25,32.34265899658203,32.779720306396484,31.2062931060791,31.2062931060791,45500,0,0.0
2007-10-26,31.730770111083984,33.21678161621094,31.2937068939209,32.779720306396484,37000,0,0.0
2007-10-29,33.304195404052734,34.79021072387695,32.51748275756836,34.44055938720703,88600,0,0.0
2007-10-30,33.91608428955078,34.44055938720703,33.129371643066406,33.91608428955078,21600,0,0.0
2007-10-31,34.09090805053711,34.79021072387695,33.653846740722656,34.61538314819336,34300,0,0.0
2007-11-01,34.353145599365234,34.96503448486328,32.95454406738281,33.21678161621094,35800,0,0.0
2007-11-02,33.304195404052734,33.828670501708984,32.779720306396484,33.653846740722656,47200,0,0.0
2007-11-05,33.653846740722656,34.09090805053711,32.51748275756836,33.91608428955078,32000,0,0.0
2007-11-06,34.09090805053711,34.2657356262207,33.21678161621094,34.00349807739258,36000,0,0.0
2007-11-07,34.00349807739258,34.00349807739258,29.720279693603516,31.468530654907227,102500,0,0.0
2007-11-08,28.93356704711914,31.905593872070312,28.93356704711914,30.594406127929688,22300,0,0.0
2007-11-09,31.2937068939209,31.2937068939209,29.720279693603516,30.50699234008789,23900,0,0.0
2007-11-12,29.895105361938477,31.905593872070312,28.146852493286133,28.321678161621094,80700,0,0.0
2007-11-13,29.370630264282227,31.468530654907227,28.146852493286133,30.50699234008789,39100,0,0.0
2007-11-14,30.594406127929688,30.594406127929688,28.496503829956055,29.370630264282227,21200,0,0.0
2007-11-15,28.93356704711914,30.332168579101562,28.671329498291016,29.195804595947266,19800,0,0.0
2007-11-16,29.195804595947266,30.1573429107666,29.020978927612305,29.28321647644043,10600,0,0.0
2007-11-19,28.846153259277344,28.846153259277344,28.409090042114258,28.496503829956055,22500,0,0.0
2007-11-20,28.496503829956055,29.45804214477539,28.23426628112793,28.846153259277344,34400,0,0.0
2007-11-21,28.05944061279297,29.720279693603516,28.05944061279297,28.671329498291016,13400,0,0.0
2007-11-23,29.28321647644043,29.28321647644043,28.409090042114258,29.28321647644043,11300,0,0.0
2007-11-26,29.370630264282227,29.545454025268555,27.272727966308594,27.709789276123047,18100,0,0.0
2007-11-27,27.53496551513672,27.972028732299805,26.22377586364746,26.835664749145508,25700,0,0.0
2007-11-28,26.573427200317383,27.360139846801758,26.22377586364746,27.097902297973633,19000,0,0.0
2007-11-29,27.272727966308594,27.447551727294922,26.74825096130371,26.923076629638672,15600,0,0.0
2007-11-30,26.923076629638672,27.622377395629883,26.923076629638672,27.622377395629883,10800,0,0.0
2007-12-03,27.797203063964844,28.409090042114258,26.74825096130371,27.185314178466797,11300,0,0.0
2007-12-04,27.53496551513672,27.53496551513672,26.136363983154297,26.136363983154297,21400,0,0.0
2007-12-05,26.136363983154297,26.660839080810547,26.136363983154297,26.311189651489258,10200,0,0.0
2007-12-06,26.573427200317383,26.923076629638672,26.136363983154297,26.923076629638672,12900,0,0.0
2007-12-07,26.660839080810547,27.622377395629883,26.22377586364746,27.360139846801758,11700,0,0.0
2007-12-10,27.797203063964844,27.797203063964844,26.923076629638672,27.272727966308594,9500,0,0.0
2007-12-11,27.53496551513672,27.53496551513672,26.660839080810547,26.923076629638672,13400,0,0.0
2007-12-12,26.923076629638672,27.272727966308594,26.486013412475586,26.660839080810547,8800,0,0.0
2007-12-13,26.835664749145508,27.01049041748047,26.0489501953125,26.22377586364746,15200,0,0.0
2007-12-14,26.22377586364746,26.22377586364746,24.912588119506836,25.437063217163086,21400,0,0.0
2007-12-17,25.69930076599121,26.136363983154297,22.727272033691406,24.388111114501953,66200,0,0.0
2007-12-18,25.69930076599121,25.69930076599121,23.688810348510742,24.125873565673828,12700,0,0.0
2007-12-19,24.213287353515625,24.912588119506836,24.038461685180664,24.038461685180664,14300,0,0.0
2007-12-20,23.688810348510742,24.47552490234375,23.688810348510742,23.77622413635254,19900,0,0.0
2007-12-21,23.601398468017578,26.22377586364746,23.601398468017578,25.69930076599121,38800,0,0.0
2007-12-24,25.437063217163086,26.0489501953125,24.562936782836914,25.611888885498047,23600,0,0.0
2007-12-26,25.437063217163086,26.0489501953125,24.562936782836914,25.437063217163086,19200,0,0.0
2007-12-27,25.34964942932129,26.22377586364746,25.17482566833496,25.437063217163086,13500,0,0.0
2007-12-28,25.52447509765625,27.272727966308594,25.52447509765625,27.01049041748047,9500,0,0.0
2007-12-31,27.097902297973633,29.63286781311035,26.660839080810547,28.321678161621094,38700,0,0.0
2008-01-02,28.671329498291016,29.28321647644043,27.972028732299805,28.846153259277344,16100,0,0.0
2008-01-03,28.846153259277344,31.730770111083984,28.846153259277344,31.2062931060791,32900,0,0.0
2008-01-04,31.555944442749023,31.555944442749023,28.846153259277344,29.45804214477539,25900,0,0.0
2008-01-07,28.846153259277344,29.28321647644043,27.797203063964844,27.972028732299805,17100,0,0.0
2008-01-08,27.972028732299805,29.45804214477539,27.53496551513672,27.53496551513672,12900,0,0.0
2008-01-09,27.272727966308594,27.884614944458008,26.74825096130371,26.923076629638672,15000,0,0.0
2008-01-10,26.398601531982422,27.53496551513672,26.22377586364746,27.185314178466797,20900,0,0.0
2008-01-11,27.447551727294922,27.797203063964844,26.22377586364746,26.486013412475586,14000,0,0.0
2008-01-14,27.01049041748047,27.097902297973633,26.22377586364746,26.486013412475586,26900,0,0.0
2008-01-15,26.660839080810547,27.360139846801758,25.52447509765625,25.786712646484375,28500,0,0.0
2008-01-16,25.961538314819336,25.961538314819336,24.562936782836914,24.82517433166504,22400,0,0.0
2008-01-17,24.65035057067871,25.087411880493164,24.125873565673828,24.30069923400879,30400,0,0.0
2008-01-18,24.47552490234375,24.737762451171875,23.339160919189453,23.863636016845703,21500,0,0.0
2008-01-22,21.94055938720703,25.34964942932129,20.979021072387695,24.82517433166504,28000,0,0.0
2008-01-23,25.262237548828125,25.262237548828125,22.552448272705078,23.863636016845703,39100,0,0.0
2008-01-24,24.912588119506836,25.437063217163086,23.9510498046875,24.737762451171875,19500,0,0.0
2008-01-25,25.34964942932129,25.786712646484375,24.125873565673828,24.82517433166504,37600,0,0.0
2008-01-28,25.087411880493164,25.262237548828125,24.125873565673828,24.82517433166504,15400,0,0.0
2008-01-29,24.912588119506836,26.136363983154297,24.912588119506836,25.961538314819336,21700,0,0.0
2008-01-30,26.22377586364746,27.447551727294922,25.0,25.087411880493164,13200,0,0.0
2008-01-31,25.087411880493164,25.52447509765625,24.038461685180664,24.47552490234375,19600,0,0.0
2008-02-01,24.65035057067871,25.437063217163086,24.47552490234375,24.912588119506836,12900,0,0.0
2008-02-04,25.34964942932129,26.398601531982422,25.17482566833496,25.34964942932129,24100,0,0.0
2008-02-05,25.437063217163086,26.136363983154297,25.0,25.34964942932129,22400,0,0.0
2008-02-06,25.437063217163086,26.22377586364746,24.82517433166504,25.262237548828125,88800,0,0.0
2008-02-07,25.437063217163086,25.961538314819336,23.339160919189453,23.339160919189453,60900,0,0.0
2008-02-08,23.426572799682617,25.34964942932129,23.339160919189453,24.038461685180664,35500,0,0.0
2008-02-11,24.038461685180664,24.912588119506836,24.038461685180664,24.213287353515625,10600,0,0.0
2008-02-12,24.65035057067871,25.69930076599121,23.426572799682617,23.601398468017578,17300,0,0.0
2008-02-13,24.038461685180664,24.562936782836914,23.601398468017578,24.038461685180664,25400,0,0.0
2008-02-14,23.77622413635254,25.34964942932129,23.688810348510742,23.77622413635254,20500,0,0.0
2008-02-15,23.426572799682617,23.77622413635254,22.727272033691406,23.25174903869629,86200,0,0.0
2008-02-19,24.213287353515625,24.213287353515625,22.814685821533203,23.77622413635254,38300,0,0.0
2008-02-20,24.038461685180664,24.125873565673828,23.426572799682617,23.863636016845703,11200,0,0.0
2008-02-21,24.213287353515625,25.69930076599121,24.213287353515625,25.437063217163086,36000,0,0.0
2008-02-22,25.34964942932129,25.961538314819336,24.912588119506836,25.961538314819336,13800,0,0.0
2008-02-25,25.611888885498047,27.53496551513672,25.611888885498047,27.097902297973633,31700,0,0.0
2008-02-26,27.272727966308594,27.53496551513672,26.835664749145508,27.097902297973633,26400,0,0.0
2008-02-27,27.709789276123047,29.720279693603516,27.272727966308594,29.720279693603516,54000,0,0.0
2008-02-28,30.50699234008789,30.769229888916016,29.545454025268555,30.594406127929688,46000,0,0.0
2008-02-29,31.031469345092773,32.779720306396484,30.50699234008789,30.856643676757812,73100,0,0.0
2008-03-03,32.779720306396484,32.779720306396484,30.68181800842285,31.031469345092773,27900,0,0.0
2008-03-04,30.769229888916016,31.2937068939209,29.545454025268555,29.895105361938477,34900,0,0.0
2008-03-05,29.370630264282227,30.856643676757812,29.370630264282227,30.1573429107666,21800,0,0.0
2008-03-06,31.2062931060791,31.2062931060791,29.80769157409668,29.98251724243164,11300,0,0.0
2008-03-07,29.545454025268555,29.720279693603516,28.58391571044922,28.58391571044922,21400,0,0.0
2008-03-10,29.370630264282227,29.370630264282227,26.74825096130371,27.53496551513672,34000,0,0.0
2008-03-11,27.272727966308594,28.75874137878418,27.272727966308594,28.321678161621094,26000,0,0.0
2008-03-12,28.409090042114258,29.195804595947266,27.097902297973633,28.409090042114258,25300,0,0.0
2008-03-13,27.972028732299805,28.75874137878418,27.53496551513672,28.58391571044922,16200,0,0.0
2008-03-14,28.409090042114258,28.671329498291016,28.146852493286133,28.496503829956055,18700,0,0.0
2008-03-17,28.146852493286133,28.146852493286133,26.835664749145508,26.835664749145508,23300,0,0.0
2008-03-18,27.097902297973633,27.797203063964844,27.097902297973633,27.797203063964844,11700,0,0.0
2008-03-19,27.797203063964844,27.797203063964844,26.22377586364746,26.311189651489258,17700,0,0.0
2008-03-20,26.136363983154297,26.398601531982422,25.262237548828125,26.22377586364746,27600,0,0.0
2008-03-24,26.835664749145508,27.01049041748047,26.22377586364746,26.923076629638672,10200,0,0.0
2008-03-25,27.272727966308594,28.75874137878418,26.74825096130371,27.53496551513672,24100,0,0.0
2008-03-26,27.972028732299805,28.146852493286133,27.447551727294922,27.884614944458008,9300,0,0.0
2008-03-27,27.709789276123047,28.496503829956055,27.447551727294922,27.972028732299805,17400,0,0.0
2008-03-28,29.545454025268555,29.545454025268555,26.923076629638672,27.097902297973633,13300,0,0.0
2008-03-31,26.311189651489258,28.671329498291016,26.22377586364746,27.622377395629883,20900,0,0.0
2008-04-01,27.185314178466797,27.447551727294922,26.835664749145508,27.447551727294922,24400,0,0.0
2008-04-02,27.972028732299805,28.58391571044922,27.272727966308594,28.409090042114258,14300,0,0.0
2008-04-03,28.671329498291016,28.846153259277344,27.53496551513672,28.58391571044922,9400,0,0.0
2008-04-04,28.58391571044922,28.846153259277344,27.972028732299805,28.409090042114258,11100,0,0.0
2008-04-07,28.75874137878418,29.98251724243164,28.146852493286133,29.195804595947266,17600,0,0.0
2008-04-08,29.895105361938477,29.895105361938477,28.409090042114258,28.409090042114258,9100,0,0.0
2008-04-09,28.846153259277344,29.45804214477539,28.846153259277344,29.370630264282227,8300,0,0.0
2008-04-10,29.720279693603516,29.720279693603516,29.020978927612305,29.45804214477539,5600,0,0.0
2008-04-11,29.45804214477539,29.720279693603516,29.020978927612305,29.720279693603516,9200,0,0.0
2008-04-14,29.895105361938477,29.895105361938477,28.58391571044922,28.75874137878418,16100,0,0.0
2008-04-15,28.846153259277344,30.069929122924805,27.797203063964844,28.146852493286133,27200,0,0.0
2008-04-16,28.409090042114258,31.468530654907227,28.409090042114258,29.720279693603516,28600,0,0.0
2008-04-17,30.50699234008789,30.594406127929688,28.846153259277344,28.846153259277344,24600,0,0.0
2008-04-18,29.63286781311035,30.419580459594727,28.75874137878418,29.895105361938477,28300,0,0.0
2008-04-21,29.895105361938477,31.381118774414062,29.28321647644043,31.031469345092773,33000,0,0.0
2008-04-22,31.2937068939209,31.2937068939209,29.98251724243164,30.50699234008789,38500,0,0.0
2008-04-23,30.594406127929688,31.381118774414062,30.332168579101562,31.031469345092773,39600,0,0.0
2008-04-24,31.381118774414062,31.643356323242188,30.332168579101562,30.332168579101562,18800,0,0.0
2008-04-25,30.856643676757812,31.643356323242188,29.98251724243164,31.468530654907227,20300,0,0.0
2008-04-28,31.118881225585938,32.69230651855469,30.944055557250977,32.34265899658203,38300,0,0.0
2008-04-29,32.34265899658203,32.51748275756836,31.468530654907227,31.81818199157715,35000,0,0.0
2008-04-30,32.34265899658203,33.04195785522461,31.81818199157715,32.255245208740234,41000,0,0.0
2008-05-01,32.51748275756836,32.51748275756836,31.730770111083984,31.81818199157715,17400,0,0.0
2008-05-02,31.99300765991211,32.779720306396484,31.905593872070312,32.604896545410156,27700,0,0.0
2008-05-05,32.95454406738281,33.21678161621094,32.604896545410156,33.21678161621094,16900,0,0.0
2008-05-06,32.69230651855469,34.79021072387695,32.69230651855469,34.702796936035156,33200,0,0.0
2008-05-07,34.877620697021484,37.5874137878418,34.79021072387695,36.276222229003906,69900,0,0.0
2008-05-08,36.713287353515625,37.5874137878418,35.57692337036133,37.5874137878418,50100,0,0.0
2008-05-09,37.5874137878418,39.335662841796875,36.3636360168457,38.46154022216797,73800,0,0.0
2008-05-12,38.46154022216797,39.07342529296875,37.32517623901367,38.37412643432617,27900,0,0.0
2008-05-13,37.93706130981445,38.5489501953125,34.96503448486328,36.97552490234375,44900,0,0.0
2008-05-14,37.15034866333008,37.15034866333008,32.779720306396484,33.653846740722656,55100,0,0.0
2008-05-15,33.828670501708984,34.61538314819336,32.779720306396484,33.653846740722656,59100,0,0.0
2008-05-16,34.2657356262207,34.2657356262207,32.69230651855469,33.56643295288086,29100,0,0.0
2008-05-19,33.653846740722656,35.402099609375,33.56643295288086,35.3146858215332,21600,0,0.0
2008-05-20,35.402099609375,35.402099609375,33.47901916503906,35.402099609375,48300,0,0.0
2008-05-21,35.3146858215332,37.15034866333008,34.52797317504883,37.06293869018555,67000,0,0.0
2008-05-22,36.713287353515625,37.32517623901367,34.52797317504883,34.702796936035156,50200,0,0.0
2008-05-23,35.664337158203125,35.664337158203125,33.304195404052734,34.2657356262207,26900,0,0.0
2008-05-27,34.702796936035156,34.702796936035156,33.21678161621094,34.2657356262207,29400,0,0.0
2008-05-28,34.61538314819336,34.61538314819336,32.779720306396484,34.09090805053711,29000,0,0.0
2008-05-29,33.56643295288086,34.09090805053711,32.95454406738281,34.09090805053711,21300,0,0.0
2008-05-30,33.56643295288086,34.52797317504883,32.86713409423828,34.2657356262207,33700,0,0.0
2008-06-02,34.44055938720703,36.713287353515625,34.2657356262207,36.276222229003906,73700,0,0.0
2008-06-03,36.713287353515625,37.15034866333008,34.2657356262207,35.664337158203125,24400,0,0.0
2008-06-04,35.751747131347656,35.751747131347656,34.96503448486328,35.402099609375,10400,0,0.0
2008-06-05,35.05244827270508,36.62587356567383,34.702796936035156,36.62587356567383,11300,0,0.0
2008-06-06,35.83916091918945,36.62587356567383,34.61538314819336,34.96503448486328,23900,0,0.0
2008-06-09,35.3146858215332,35.3146858215332,34.09090805053711,34.96503448486328,13400,0,0.0
2008-06-10,35.3146858215332,35.48950958251953,33.828670501708984,34.178321838378906,16000,0,0.0
2008-06-11,34.52797317504883,34.877620697021484,33.04195785522461,33.21678161621094,18500,0,0.0
2008-06-12,32.51748275756836,33.39160919189453,30.594406127929688,32.779720306396484,53100,0,0.0
2008-06-13,32.604896545410156,33.304195404052734,32.604896545410156,32.604896545410156,11900,0,0.0
2008-06-16,32.86713409423828,33.04195785522461,31.643356323242188,32.779720306396484,16400,0,0.0
2008-06-17,33.39160919189453,33.47901916503906,32.43006896972656,33.21678161621094,31900,0,0.0
2008-06-18,32.86713409423828,33.653846740722656,32.86713409423828,33.129371643066406,22700,0,0.0
2008-06-19,32.86713409423828,34.2657356262207,32.86713409423828,34.2657356262207,23000,0,0.0
2008-06-20,34.52797317504883,34.61538314819336,33.304195404052734,34.2657356262207,14600,0,0.0
2008-06-23,34.2657356262207,34.2657356262207,33.21678161621094,33.56643295288086,27800,0,0.0
2008-06-24,34.178321838378906,34.178321838378906,32.95454406738281,33.74126052856445,18600,0,0.0
2008-06-25,33.74126052856445,34.09090805053711,33.304195404052734,33.74126052856445,15600,0,0.0
2008-06-26,34.09090805053711,34.09090805053711,32.604896545410156,33.21678161621094,15400,0,0.0
2008-06-27,33.56643295288086,34.353145599365234,32.779720306396484,33.39160919189453,20500,0,0.0
2008-06-30,32.86713409423828,34.00349807739258,32.86713409423828,34.00349807739258,17500,0,0.0
2008-07-01,34.00349807739258,34.00349807739258,32.86713409423828,33.653846740722656,10900,0,0.0
2008-07-02,33.47901916503906,33.653846740722656,31.118881225585938,31.468530654907227,28500,0,0.0
2008-07-03,31.905593872070312,32.95454406738281,29.98251724243164,32.86713409423828,27800,0,0.0
2008-07-07,31.905593872070312,32.43006896972656,30.594406127929688,31.031469345092773,25400,0,0.0
2008-07-08,30.856643676757812,31.905593872070312,30.244754791259766,31.905593872070312,23800,0,0.0
2008-07-09,31.905593872070312,32.34265899658203,31.118881225585938,31.381118774414062,14800,0,0.0
2008-07-10,31.730770111083984,31.905593872070312,30.944055557250977,31.555944442749023,13600,0,0.0
2008-07-11,31.905593872070312,32.255245208740234,31.2062931060791,31.905593872070312,11900,0,0.0
2008-07-14,31.468530654907227,31.99300765991211,31.031469345092773,31.2937068939209,8800,0,0.0
2008-07-15,31.2937068939209,31.555944442749023,30.594406127929688,31.2062931060791,10500,0,0.0
2008-07-16,31.031469345092773,31.468530654907227,30.594406127929688,31.118881225585938,12500,0,0.0
2008-07-17,31.468530654907227,31.468530654907227,30.594406127929688,31.468530654907227,22000,0,0.0
2008-07-18,31.468530654907227,31.468530654907227,29.895105361938477,30.419580459594727,30100,0,0.0
2008-07-21,31.468530654907227,31.468530654907227,29.720279693603516,30.419580459594727,7200,0,0.0
2008-07-22,31.99300765991211,31.99300765991211,29.895105361938477,29.98251724243164,20400,0,0.0
2008-07-23,30.68181800842285,30.68181800842285,28.846153259277344,29.28321647644043,23100,0,0.0
2008-07-24,29.720279693603516,29.720279693603516,28.409090042114258,28.58391571044922,19500,0,0.0
2008-07-25,28.58391571044922,29.195804595947266,28.58391571044922,28.93356704711914,6300,0,0.0
2008-07-28,28.58391571044922,29.63286781311035,28.58391571044922,29.10839080810547,8000,0,0.0
2008-07-29,29.10839080810547,29.10839080810547,28.05944061279297,28.146852493286133,31700,0,0.0
2008-07-30,28.146852493286133,29.10839080810547,28.146852493286133,29.020978927612305,12000,0,0.0
2008-07-31,29.370630264282227,29.98251724243164,28.846153259277344,29.28321647644043,31200,0,0.0
2008-08-01,29.895105361938477,29.895105361938477,29.28321647644043,29.45804214477539,13900,0,0.0
2008-08-04,30.1573429107666,30.1573429107666,28.846153259277344,29.10839080810547,12800,0,0.0
2008-08-05,28.846153259277344,28.846153259277344,26.22377586364746,26.835664749145508,37300,0,0.0
2008-08-06,26.22377586364746,27.797203063964844,26.22377586364746,27.53496551513672,12200,0,0.0
2008-08-07,29.98251724243164,29.98251724243164,27.447551727294922,27.797203063964844,14300,0,0.0
2008-08-08,27.709789276123047,27.709789276123047,26.22377586364746,26.923076629638672,24400,0,0.0
2008-08-11,28.75874137878418,28.75874137878418,23.601398468017578,24.82517433166504,32900,0,0.0
2008-08-12,24.912588119506836,26.136363983154297,24.47552490234375,24.47552490234375,20900,0,0.0
2008-08-13,25.262237548828125,26.660839080810547,24.47552490234375,26.311189651489258,26900,0,0.0
2008-08-14,26.398601531982422,27.01049041748047,26.311189651489258,26.398601531982422,6200,0,0.0
2008-08-15,26.22377586364746,27.272727966308594,25.34964942932129,27.097902297973633,17700,0,0.0
2008-08-18,27.622377395629883,27.972028732299805,27.097902297973633,27.360139846801758,21600,0,0.0
2008-08-19,27.185314178466797,28.321678161621094,27.097902297973633,27.972028732299805,14100,0,0.0
2008-08-20,28.58391571044922,28.58391571044922,26.74825096130371,27.097902297973633,10400,0,0.0
2008-08-21,27.53496551513672,28.671329498291016,26.74825096130371,27.797203063964844,16000,0,0.0
2008-08-22,28.409090042114258,28.409090042114258,27.360139846801758,27.53496551513672,7000,0,0.0
2008-08-25,27.884614944458008,28.321678161621094,26.835664749145508,27.360139846801758,6500,0,0.0
2008-08-26,27.709789276123047,28.23426628112793,27.01049041748047,27.53496551513672,4300,0,0.0
2008-08-27,27.884614944458008,28.75874137878418,27.272727966308594,28.75874137878418,8400,0,0.0
2008-08-28,28.75874137878418,30.332168579101562,28.75874137878418,28.846153259277344,16700,0,0.0
2008-08-29,29.195804595947266,30.1573429107666,28.321678161621094,28.321678161621094,24600,0,0.0
2008-09-02,29.545454025268555,29.545454025268555,27.447551727294922,27.709789276123047,15800,0,0.0
2008-09-03,27.097902297973633,27.53496551513672,26.22377586364746,26.486013412475586,36400,0,0.0
2008-09-04,28.409090042114258,28.409090042114258,25.0,25.0,28700,0,0.0
2008-09-05,27.185314178466797,27.447551727294922,25.34964942932129,27.360139846801758,38100,0,0.0
2008-09-08,27.53496551513672,28.409090042114258,27.360139846801758,27.797203063964844,17600,0,0.0
2008-09-09,27.53496551513672,27.709789276123047,25.34964942932129,25.52447509765625,17500,0,0.0
2008-09-10,26.136363983154297,26.136363983154297,25.087411880493164,25.437063217163086,23600,0,0.0
2008-09-11,25.69930076599121,26.22377586364746,24.912588119506836,25.087411880493164,15000,0,0.0
2008-09-12,25.52447509765625,25.786712646484375,25.17482566833496,25.69930076599121,9500,0,0.0
2008-09-15,25.17482566833496,25.34964942932129,24.47552490234375,24.47552490234375,13600,0,0.0
2008-09-16,24.47552490234375,25.17482566833496,22.552448272705078,23.513986587524414,37600,0,0.0
2008-09-17,23.601398468017578,23.77622413635254,20.104894638061523,20.54195785522461,62600,0,0.0
2008-09-18,20.279720306396484,21.41608428955078,17.13286781311035,20.979021072387695,97400,0,0.0
2008-09-19,21.503496170043945,22.290210723876953,19.31818199157715,20.979021072387695,48000,0,0.0
2008-09-22,21.328670501708984,22.46503448486328,20.979021072387695,22.115385055541992,22700,0,0.0
2008-09-23,22.46503448486328,24.562936782836914,21.94055938720703,22.639860153198242,17200,0,0.0
2008-09-24,23.426572799682617,23.426572799682617,22.290210723876953,23.076923370361328,11800,0,0.0
2008-09-25,23.164335250854492,24.038461685180664,22.027971267700195,22.727272033691406,67100,0,0.0
2008-09-26,23.426572799682617,23.426572799682617,21.76573371887207,22.202796936035156,23300,0,0.0
2008-09-29,22.202796936035156,22.814685821533203,18.356643676757812,19.667831420898438,20000,0,0.0
2008-09-30,21.06643295288086,21.06643295288086,18.968530654907227,19.230770111083984,18300,0,0.0
2008-10-01,19.49300765991211,20.104894638061523,19.230770111083984,19.755245208740234,14000,0,0.0
2008-10-02,19.405593872070312,19.930070877075195,18.7937068939209,18.881118774414062,35200,0,0.0
2008-10-03,19.49300765991211,19.49300765991211,18.881118774414062,18.881118774414062,18100,0,0.0
2008-10-06,17.744754791259766,19.055944442749023,11.451048851013184,15.297203063964844,159100,0,0.0
2008-10-07,15.996503829956055,16.95804214477539,14.860139846801758,14.947552680969238,31400,0,0.0
2008-10-08,14.860139846801758,14.860139846801758,11.800699234008789,14.160839080810547,66500,0,0.0
2008-10-09,14.685315132141113,16.78321647644043,13.636363983154297,13.636363983154297,16400,0,0.0
2008-10-10,12.237762451171875,12.674824714660645,7.867132663726807,8.74125862121582,94800,0,0.0
2008-10-13,12.237762451171875,13.986014366149902,10.926573753356934,13.02447509765625,68600,0,0.0
2008-10-14,14.248251914978027,18.7937068939209,13.986014366149902,14.073426246643066,57500,0,0.0
2008-10-15,14.423076629638672,14.423076629638672,11.363636016845703,11.363636016845703,30400,0,0.0
2008-10-16,12.062936782836914,13.986014366149902,9.615385055541992,12.237762451171875,28500,0,0.0
2008-10-17,13.11188793182373,13.286713600158691,10.489510536193848,11.276224136352539,36000,0,0.0
2008-10-20,11.800699234008789,13.461538314819336,11.800699234008789,12.062936782836914,12100,0,0.0
2008-10-21,13.199300765991211,13.199300765991211,12.237762451171875,12.674824714660645,18900,0,0.0
2008-10-22,12.58741283416748,12.762237548828125,10.052447319030762,11.013985633850098,41400,0,0.0
2008-10-23,11.363636016845703,11.363636016845703,9.615385055541992,10.402097702026367,29100,0,0.0
2008-10-24,9.615385055541992,9.615385055541992,8.74125862121582,9.35314655303955,30300,0,0.0
2008-10-27,9.527972221374512,9.615385055541992,8.74125862121582,8.8286714553833,21100,0,0.0
2008-10-28,9.440559387207031,10.751748085021973,8.8286714553833,9.003496170043945,26600,0,0.0
2008-10-29,9.265734672546387,10.926573753356934,9.265734672546387,9.615385055541992,22400,0,0.0
2008-10-30,10.751748085021973,12.150349617004395,10.227272987365723,10.576923370361328,20400,0,0.0
2008-10-31,10.489510536193848,11.363636016845703,10.052447319030762,11.101398468017578,17300,0,0.0
2008-11-03,11.363636016845703,11.800699234008789,10.314684867858887,10.314684867858887,14000,0,0.0
2008-11-04,10.839160919189453,11.188811302185059,10.139860153198242,10.227272987365723,22300,0,0.0
2008-11-05,11.188811302185059,12.237762451171875,10.314684867858887,10.839160919189453,34300,0,0.0
2008-11-06,11.363636016845703,11.363636016845703,10.052447319030762,10.139860153198242,18400,0,0.0
2008-11-07,11.188811302185059,11.188811302185059,9.965035438537598,10.139860153198242,22700,0,0.0
2008-11-10,10.664335250854492,10.926573753356934,9.790209770202637,9.877622604370117,14200,0,0.0
2008-11-11,10.839160919189453,10.839160919189453,9.615385055541992,9.702796936035156,33100,0,0.0
2008-11-12,9.702796936035156,10.052447319030762,8.479021072387695,8.74125862121582,34300,0,0.0
2008-11-13,8.391608238220215,9.35314655303955,8.391608238220215,8.74125862121582,28000,0,0.0
2008-11-14,9.527972221374512,9.615385055541992,8.21678352355957,9.178321838378906,20500,0,0.0
2008-11-17,8.74125862121582,9.178321838378906,7.867132663726807,8.04195785522461,26000,0,0.0
2008-11-18,8.04195785522461,8.304195404052734,6.730769157409668,6.993007183074951,34800,0,0.0
2008-11-19,8.479021072387695,8.566433906555176,5.506992816925049,5.681818008422852,23300,0,0.0
2008-11-20,6.555943965911865,6.555943965911865,4.020978927612305,4.37062931060791,70800,0,0.0
2008-11-21,4.807692527770996,7.430069923400879,4.37062931060791,5.244755268096924,39700,0,0.0
2008-11-24,5.332167625427246,5.769230842590332,5.069930076599121,5.506992816925049,47300,0,0.0
2008-11-25,5.769230842590332,5.769230842590332,4.807692527770996,5.069930076599121,30300,0,0.0
2008-11-26,5.332167625427246,5.419580459594727,4.982517719268799,5.244755268096924,36400,0,0.0
2008-11-28,5.506992816925049,6.818181991577148,5.244755268096924,6.29370641708374,13700,0,0.0
2008-12-01,6.555943965911865,6.905594348907471,5.594405651092529,5.769230842590332,14100,0,0.0
2008-12-02,5.681818008422852,5.681818008422852,4.37062931060791,4.632867336273193,97400,0,0.0
2008-12-03,4.545454502105713,5.069930076599121,4.458042144775391,4.545454502105713,40600,0,0.0
2008-12-04,4.807692527770996,5.069930076599121,4.020978927612305,4.020978927612305,61900,0,0.0
2008-12-05,4.020978927612305,5.069930076599121,4.020978927612305,4.37062931060791,60900,0,0.0
2008-12-08,4.545454502105713,5.069930076599121,4.37062931060791,4.37062931060791,40600,0,0.0
2008-12-09,4.632867336273193,4.982517719268799,4.283216953277588,4.720279693603516,35000,0,0.0
2008-12-10,4.545454502105713,5.244755268096924,4.458042144775391,4.982517719268799,36000,0,0.0
2008-12-11,4.982517719268799,6.993007183074951,4.982517719268799,6.730769157409668,60100,0,0.0
2008-12-12,6.1188812255859375,6.905594348907471,6.1188812255859375,6.3811187744140625,44600,0,0.0
2008-12-15,6.643356800079346,6.905594348907471,6.1188812255859375,6.20629358291626,37400,0,0.0
2008-12-16,6.3811187744140625,6.993007183074951,6.3811187744140625,6.3811187744140625,21700,0,0.0
2008-12-17,6.555943965911865,6.555943965911865,6.29370641708374,6.468531608581543,13000,0,0.0
2008-12-18,6.555943965911865,6.555943965911865,6.29370641708374,6.29370641708374,17900,0,0.0
2008-12-19,6.29370641708374,6.555943965911865,6.29370641708374,6.3811187744140625,11100,0,0.0
2008-12-22,6.468531608581543,6.730769157409668,6.20629358291626,6.29370641708374,45300,0,0.0
2008-12-23,6.555943965911865,6.818181991577148,5.419580459594727,5.506992816925049,58900,0,0.0
2008-12-24,5.506992816925049,6.818181991577148,5.506992816925049,6.818181991577148,25900,0,0.0
2008-12-26,6.905594348907471,10.926573753356934,6.818181991577148,8.304195404052734,49600,0,0.0
2008-12-29,8.65384578704834,8.65384578704834,6.1188812255859375,6.20629358291626,110600,0,0.0
2008-12-30,6.643356800079346,6.643356800079346,5.681818008422852,6.3811187744140625,77200,0,0.0
2008-12-31,6.3811187744140625,6.555943965911865,5.769230842590332,5.856643199920654,62500,0,0.0
2009-01-02,6.3811187744140625,6.905594348907471,5.856643199920654,6.905594348907471,19600,0,0.0
2009-01-05,6.905594348907471,7.604895114898682,6.643356800079346,7.517482280731201,17900,0,0.0
2009-01-06,7.342657566070557,8.391608238220215,7.342657566070557,8.21678352355957,24500,0,0.0
2009-01-07,8.65384578704834,8.65384578704834,7.779720306396484,7.954545497894287,25200,0,0.0
2009-01-08,7.692307472229004,8.04195785522461,7.342657566070557,7.692307472229004,20300,0,0.0
2009-01-09,7.954545497894287,7.954545497894287,7.080419540405273,7.080419540405273,20200,0,0.0
2009-01-12,7.342657566070557,7.342657566070557,6.643356800079346,6.643356800079346,29100,0,0.0
2009-01-13,6.730769157409668,7.167832374572754,6.555943965911865,6.555943965911865,16900,0,0.0
2009-01-14,6.20629358291626,6.643356800079346,6.031468391418457,6.031468391418457,25800,0,0.0
2009-01-15,6.1188812255859375,6.555943965911865,5.944056034088135,6.555943965911865,19700,0,0.0
2009-01-16,6.555943965911865,6.905594348907471,6.555943965911865,6.643356800079346,8200,0,0.0
2009-01-20,6.905594348907471,7.167832374572754,6.643356800079346,6.993007183074951,12500,0,0.0
2009-01-21,7.255244731903076,7.255244731903076,6.818181991577148,7.167832374572754,15900,0,0.0
2009-01-22,6.993007183074951,7.779720306396484,6.905594348907471,6.905594348907471,20600,0,0.0
2009-01-23,6.905594348907471,7.342657566070557,6.1188812255859375,6.905594348907471,31400,0,0.0
2009-01-26,6.993007183074951,7.342657566070557,6.555943965911865,6.555943965911865,8300,0,0.0
2009-01-27,6.555943965911865,6.730769157409668,6.3811187744140625,6.468531608581543,15400,0,0.0
2009-01-28,6.730769157409668,6.993007183074951,6.643356800079346,6.993007183074951,12200,0,0.0
2009-01-29,6.993007183074951,7.167832374572754,6.905594348907471,6.993007183074951,9400,0,0.0
2009-01-30,6.818181991577148,7.517482280731201,6.730769157409668,7.342657566070557,18300,0,0.0
2009-02-02,7.167832374572754,7.167832374572754,6.555943965911865,6.818181991577148,10200,0,0.0
2009-02-03,6.905594348907471,7.080419540405273,6.643356800079346,6.905594348907471,16000,0,0.0
2009-02-04,6.905594348907471,7.342657566070557,6.905594348907471,7.080419540405273,4800,0,0.0
2009-02-05,7.255244731903076,7.342657566070557,6.905594348907471,7.080419540405273,11600,0,0.0
2009-02-06,7.080419540405273,7.867132663726807,6.993007183074951,7.517482280731201,26100,0,0.0
2009-02-09,7.867132663726807,7.867132663726807,7.080419540405273,7.080419540405273,18600,0,0.0
2009-02-10,6.993007183074951,7.430069923400879,6.905594348907471,6.905594348907471,12900,0,0.0
2009-02-11,6.993007183074951,7.342657566070557,6.905594348907471,7.080419540405273,6200,0,0.0
2009-02-12,7.255244731903076,7.255244731903076,6.905594348907471,6.905594348907471,6700,0,0.0
2009-02-13,7.255244731903076,7.255244731903076,6.730769157409668,7.167832374572754,8100,0,0.0
2009-02-17,6.993007183074951,6.993007183074951,6.730769157409668,6.730769157409668,9100,0,0.0
2009-02-18,6.993007183074951,7.167832374572754,6.730769157409668,6.905594348907471,8900,0,0.0
2009-02-19,6.905594348907471,6.993007183074951,6.730769157409668,6.730769157409668,10900,0,0.0
2009-02-20,6.643356800079346,6.730769157409668,6.3811187744140625,6.643356800079346,14700,0,0.0
2009-02-23,6.730769157409668,6.730769157409668,5.244755268096924,5.594405651092529,46600,0,0.0
2009-02-24,5.419580459594727,5.856643199920654,5.244755268096924,5.681818008422852,19800,0,0.0
2009-02-25,5.856643199920654,5.944056034088135,5.681818008422852,5.681818008422852,7600,0,0.0
2009-02-26,5.769230842590332,5.856643199920654,5.681818008422852,5.681818008422852,6100,0,0.0
2009-02-27,5.856643199920654,6.1188812255859375,5.681818008422852,5.769230842590332,29000,0,0.0
2009-03-02,6.1188812255859375,6.20629358291626,5.681818008422852,5.769230842590332,19400,0,0.0
2009-03-03,5.681818008422852,5.769230842590332,5.332167625427246,5.506992816925049,25700,0,0.0
2009-03-04,5.681818008422852,6.031468391418457,5.681818008422852,6.031468391418457,24100,0,0.0
2009-03-05,5.856643199920654,6.29370641708374,5.681818008422852,5.681818008422852,8400,0,0.0
2009-03-06,5.244755268096924,5.681818008422852,5.244755268096924,5.681818008422852,8600,0,0.0
2009-03-09,5.856643199920654,5.944056034088135,5.419580459594727,5.419580459594727,10700,0,0.0
2009-03-10,5.419580459594727,5.944056034088135,5.332167625427246,5.594405651092529,12800,0,0.0
2009-03-11,5.594405651092529,5.944056034088135,5.594405651092529,5.681818008422852,3200,0,0.0
2009-03-12,5.944056034088135,6.031468391418457,5.506992816925049,5.506992816925049,9400,0,0.0
2009-03-13,5.944056034088135,5.944056034088135,5.506992816925049,5.594405651092529,8700,0,0.0
2009-03-16,5.769230842590332,6.031468391418457,5.506992816925049,5.506992816925049,14800,0,0.0
2009-03-17,5.681818008422852,5.769230842590332,5.332167625427246,5.332167625427246,22200,0,0.0
2009-03-18,5.419580459594727,5.856643199920654,4.982517719268799,5.681818008422852,21500,0,0.0
2009-03-19,6.031468391418457,6.555943965911865,5.769230842590332,6.555943965911865,24300,0,0.0
2009-03-20,6.555943965911865,6.818181991577148,6.468531608581543,6.730769157409668,20600,0,0.0
2009-03-23,6.730769157409668,6.993007183074951,6.730769157409668,6.993007183074951,17500,0,0.0
2009-03-24,6.993007183074951,7.080419540405273,6.905594348907471,7.080419540405273,13300,0,0.0
2009-03-25,7.080419540405273,7.342657566070557,6.730769157409668,6.730769157409668,19300,0,0.0
2009-03-26,6.818181991577148,7.080419540405273,6.730769157409668,7.080419540405273,5300,0,0.0
2009-03-27,6.993007183074951,7.080419540405273,6.818181991577148,6.905594348907471,9800,0,0.0
2009-03-30,6.905594348907471,6.905594348907471,6.555943965911865,6.643356800079346,12600,0,0.0
2009-03-31,6.905594348907471,6.905594348907471,6.643356800079346,6.905594348907471,9800,0,0.0
2009-04-01,6.818181991577148,6.905594348907471,6.643356800079346,6.643356800079346,5900,0,0.0
2009-04-02,6.905594348907471,6.905594348907471,6.730769157409668,6.905594348907471,21200,0,0.0
2009-04-03,6.905594348907471,6.905594348907471,6.468531608581543,6.555943965911865,17600,0,0.0
2009-04-06,6.905594348907471,6.905594348907471,6.468531608581543,6.555943965911865,12600,0,0.0
2009-04-07,6.643356800079346,6.730769157409668,6.29370641708374,6.29370641708374,9500,0,0.0
2009-04-08,6.555943965911865,6.555943965911865,6.20629358291626,6.3811187744140625,11300,0,0.0
2009-04-09,6.555943965911865,6.818181991577148,6.3811187744140625,6.730769157409668,10900,0,0.0
2009-04-13,6.818181991577148,6.905594348907471,6.643356800079346,6.730769157409668,18800,0,0.0
2009-04-14,6.730769157409668,6.818181991577148,6.555943965911865,6.555943965911865,15900,0,0.0
2009-04-15,6.555943965911865,6.905594348907471,6.555943965911865,6.905594348907471,18500,0,0.0
2009-04-16,6.905594348907471,6.993007183074951,6.643356800079346,6.730769157409668,12200,0,0.0
2009-04-17,6.643356800079346,6.993007183074951,6.643356800079346,6.905594348907471,22200,0,0.0
2009-04-20,7.167832374572754,7.167832374572754,6.555943965911865,6.555943965911865,19500,0,0.0
2009-04-21,6.555943965911865,6.905594348907471,6.555943965911865,6.905594348907471,6400,0,0.0
2009-04-22,6.818181991577148,6.993007183074951,6.818181991577148,6.905594348907471,10100,0,0.0
2009-04-23,6.993007183074951,6.993007183074951,6.555943965911865,6.555943965911865,16700,0,0.0
2009-04-24,6.643356800079346,6.993007183074951,6.555943965911865,6.555943965911865,13600,0,0.0
2009-04-27,6.468531608581543,6.993007183074951,6.468531608581543,6.730769157409668,8300,0,0.0
2009-04-28,6.905594348907471,6.905594348907471,6.555943965911865,6.643356800079346,4500,0,0.0
2009-04-29,6.643356800079346,6.818181991577148,6.643356800079346,6.818181991577148,11500,0,0.0
2009-04-30,6.818181991577148,7.167832374572754,6.730769157409668,7.167832374572754,19500,0,0.0
2009-05-01,7.255244731903076,7.430069923400879,6.818181991577148,7.342657566070557,25400,0,0.0
2009-05-04,7.430069923400879,9.702796936035156,7.430069923400879,9.090909004211426,66800,0,0.0
2009-05-05,9.265734672546387,10.314684867858887,9.265734672546387,10.139860153198242,54600,0,0.0
2009-05-06,10.314684867858887,11.363636016845703,10.227272987365723,11.276224136352539,62100,0,0.0
2009-05-07,11.800699234008789,13.548951148986816,11.276224136352539,12.237762451171875,94700,0,0.0
2009-05-08,12.5,13.548951148986816,12.325175285339355,13.548951148986816,72100,0,0.0
2009-05-11,13.811188697814941,17.045454025268555,13.811188697814941,16.171329498291016,135000,0,0.0
2009-05-12,17.13286781311035,18.356643676757812,13.11188793182373,15.122377395629883,189000,0,0.0
2009-05-13,15.559440612792969,15.559440612792969,12.674824714660645,12.674824714660645,79300,0,0.0
2009-05-14,12.674824714660645,12.762237548828125,10.489510536193848,10.489510536193848,118700,0,0.0
2009-05-15,10.052447319030762,11.101398468017578,9.265734672546387,10.052447319030762,78100,0,0.0
2009-05-18,10.139860153198242,12.58741283416748,10.052447319030762,12.062936782836914,76100,0,0.0
2009-05-19,12.5,12.762237548828125,11.013985633850098,11.363636016845703,92100,0,0.0
2009-05-20,12.150349617004395,12.150349617004395,11.363636016845703,11.713286399841309,41000,0,0.0
2009-05-21,11.713286399841309,11.713286399841309,10.926573753356934,11.188811302185059,28700,0,0.0
2009-05-22,11.188811302185059,11.88811206817627,11.013985633850098,11.625874519348145,13900,0,0.0
2009-05-26,11.625874519348145,11.625874519348145,10.576923370361328,10.664335250854492,27200,0,0.0
2009-05-27,10.489510536193848,11.363636016845703,10.489510536193848,11.013985633850098,17600,0,0.0
2009-05-28,12.237762451171875,12.237762451171875,10.839160919189453,10.839160919189453,13300,0,0.0
2009-05-29,11.363636016845703,11.713286399841309,10.926573753356934,11.363636016845703,25200,0,0.0
2009-06-01,12.150349617004395,12.150349617004395,11.101398468017578,11.800699234008789,35100,0,0.0
2009-06-02,11.713286399841309,12.674824714660645,11.713286399841309,12.674824714660645,46200,0,0.0
2009-06-03,12.674824714660645,12.674824714660645,11.800699234008789,12.237762451171875,27000,0,0.0
2009-06-04,12.325175285339355,12.5,11.88811206817627,12.325175285339355,39300,0,0.0
2009-06-05,12.325175285339355,12.674824714660645,12.325175285339355,12.41258716583252,15500,0,0.0
2009-06-08,12.674824714660645,12.674824714660645,12.062936782836914,12.237762451171875,16600,0,0.0
2009-06-09,12.237762451171875,13.548951148986816,12.237762451171875,13.11188793182373,41100,0,0.0
2009-06-10,14.510489463806152,14.860139846801758,13.374125480651855,14.860139846801758,57200,0,0.0
2009-06-11,15.297203063964844,15.821678161621094,15.034964561462402,15.734265327453613,64700,0,0.0
2009-06-12,15.384614944458008,15.384614944458008,14.160839080810547,14.860139846801758,36700,0,0.0
2009-06-15,15.034964561462402,15.034964561462402,13.11188793182373,13.461538314819336,40300,0,0.0
2009-06-16,14.685315132141113,14.685315132141113,13.374125480651855,13.374125480651855,17200,0,0.0
2009-06-17,14.597902297973633,14.597902297973633,12.062936782836914,12.58741283416748,33700,0,0.0
2009-06-18,12.58741283416748,12.849650382995605,12.237762451171875,12.41258716583252,15700,0,0.0
2009-06-19,12.062936782836914,12.762237548828125,12.062936782836914,12.325175285339355,15500,0,0.0
2009-06-22,12.237762451171875,12.5,11.625874519348145,11.800699234008789,38700,0,0.0
2009-06-23,11.363636016845703,11.88811206817627,11.363636016845703,11.451048851013184,16000,0,0.0
2009-06-24,11.363636016845703,11.800699234008789,11.188811302185059,11.713286399841309,25600,0,0.0
2009-06-25,11.97552490234375,12.237762451171875,11.188811302185059,11.625874519348145,40600,0,0.0
2009-06-26,11.97552490234375,12.062936782836914,11.363636016845703,11.451048851013184,15400,0,0.0
2009-06-29,11.800699234008789,12.150349617004395,11.101398468017578,11.276224136352539,16500,0,0.0
2009-06-30,11.713286399841309,11.713286399841309,11.101398468017578,11.363636016845703,18200,0,0.0
2009-07-01,11.800699234008789,11.800699234008789,11.451048851013184,11.713286399841309,14900,0,0.0
2009-07-02,11.363636016845703,11.625874519348145,11.188811302185059,11.363636016845703,11300,0,0.0
2009-07-06,10.926573753356934,11.013985633850098,10.576923370361328,10.751748085021973,25600,0,0.0
2009-07-07,10.926573753356934,11.101398468017578,10.489510536193848,10.576923370361328,34900,0,0.0
2009-07-08,10.489510536193848,11.013985633850098,9.877622604370117,10.227272987365723,22100,0,0.0
2009-07-09,10.227272987365723,10.489510536193848,9.877622604370117,9.965035438537598,18200,0,0.0
2009-07-10,10.052447319030762,10.052447319030762,9.702796936035156,9.965035438537598,5900,0,0.0
2009-07-13,9.877622604370117,10.227272987365723,9.615385055541992,9.965035438537598,12700,0,0.0
2009-07-14,10.314684867858887,11.188811302185059,10.052447319030762,11.013985633850098,14900,0,0.0
2009-07-15,12.237762451171875,12.237762451171875,10.489510536193848,11.013985633850098,59200,0,0.0
2009-07-16,10.576923370361328,11.363636016845703,10.576923370361328,11.363636016845703,12200,0,0.0
2009-07-17,11.101398468017578,11.451048851013184,10.839160919189453,10.926573753356934,16800,0,0.0
2009-07-20,11.188811302185059,11.188811302185059,10.489510536193848,10.489510536193848,22000,0,0.0
2009-07-21,10.576923370361328,11.101398468017578,10.576923370361328,10.839160919189453,9100,0,0.0
2009-07-22,10.839160919189453,11.276224136352539,10.664335250854492,10.751748085021973,12500,0,0.0
2009-07-23,10.926573753356934,11.276224136352539,10.751748085021973,11.276224136352539,10200,0,0.0
2009-07-24,11.625874519348145,11.800699234008789,11.363636016845703,11.800699234008789,15200,0,0.0
2009-07-27,12.237762451171875,12.237762451171875,11.363636016845703,12.062936782836914,30600,0,0.0
2009-07-28,12.062936782836914,12.58741283416748,11.800699234008789,12.5,19200,0,0.0
2009-07-29,12.325175285339355,12.674824714660645,12.237762451171875,12.58741283416748,16400,0,0.0
2009-07-30,12.674824714660645,13.199300765991211,12.58741283416748,13.02447509765625,20500,0,0.0
2009-07-31,13.02447509765625,14.597902297973633,13.02447509765625,14.597902297973633,45400,0,0.0
2009-08-03,14.335664749145508,15.472027778625488,13.199300765991211,14.597902297973633,46500,0,0.0
2009-08-04,14.160839080810547,15.559440612792969,13.11188793182373,15.034964561462402,41900,0,0.0
2009-08-05,15.734265327453613,15.909090995788574,14.335664749145508,15.64685344696045,50200,0,0.0
2009-08-06,16.171329498291016,17.220279693603516,15.559440612792969,16.60839080810547,77800,0,0.0
2009-08-07,16.346153259277344,16.870630264282227,15.034964561462402,15.821678161621094,47700,0,0.0
2009-08-10,15.559440612792969,15.559440612792969,14.423076629638672,15.297203063964844,41200,0,0.0
2009-08-11,14.860139846801758,14.860139846801758,13.811188697814941,13.898601531982422,36200,0,0.0
2009-08-12,13.636363983154297,14.685315132141113,13.636363983154297,14.597902297973633,15600,0,0.0
2009-08-13,16.171329498291016,16.25874137878418,14.947552680969238,15.297203063964844,29100,0,0.0
2009-08-14,14.860139846801758,15.64685344696045,14.423076629638672,14.685315132141113,22300,0,0.0
2009-08-17,15.909090995788574,15.909090995788574,13.986014366149902,14.248251914978027,23600,0,0.0
2009-08-18,14.073426246643066,14.423076629638672,13.986014366149902,14.335664749145508,12200,0,0.0
2009-08-19,14.335664749145508,14.860139846801758,13.811188697814941,14.772727012634277,36600,0,0.0
2009-08-20,16.171329498291016,16.171329498291016,14.335664749145508,14.772727012634277,26900,0,0.0
2009-08-21,15.297203063964844,15.909090995788574,14.772727012634277,15.297203063964844,30700,0,0.0
2009-08-24,15.64685344696045,15.909090995788574,15.384614944458008,15.559440612792969,14500,0,0.0
2009-08-25,15.734265327453613,16.171329498291016,14.510489463806152,14.772727012634277,42800,0,0.0
2009-08-26,14.860139846801758,15.034964561462402,14.335664749145508,14.860139846801758,16500,0,0.0
2009-08-27,14.860139846801758,15.64685344696045,14.248251914978027,15.64685344696045,24800,0,0.0
2009-08-28,14.772727012634277,15.821678161621094,14.772727012634277,15.472027778625488,32200,0,0.0
2009-08-31,15.384614944458008,15.472027778625488,14.772727012634277,15.209790229797363,35600,0,0.0
2009-09-01,15.297203063964844,15.559440612792969,14.947552680969238,15.122377395629883,18900,0,0.0
2009-09-02,14.772727012634277,15.909090995788574,14.772727012634277,15.64685344696045,34600,0,0.0
2009-09-03,16.08391571044922,18.18181800842285,15.559440612792969,17.919580459594727,120900,0,0.0
2009-09-04,17.48251724243164,21.41608428955078,16.95804214477539,18.881118774414062,256900,0,0.0
2009-09-08,19.667831420898438,21.41608428955078,19.667831420898438,20.89160919189453,93200,0,0.0
2009-09-09,21.153846740722656,21.153846740722656,18.531469345092773,20.01748275756836,83800,0,0.0
2009-09-10,20.36713218688965,20.629369735717773,18.7937068939209,20.629369735717773,71200,0,0.0
2009-09-11,20.979021072387695,22.290210723876953,20.104894638061523,22.290210723876953,108000,0,0.0
2009-09-14,22.115385055541992,22.639860153198242,21.76573371887207,22.552448272705078,47200,0,0.0
2009-09-15,22.727272033691406,23.164335250854492,21.853147506713867,23.164335250854492,46000,0,0.0
2009-09-16,23.601398468017578,26.136363983154297,23.25174903869629,25.52447509765625,117200,0,0.0
2009-09-17,26.0489501953125,26.0489501953125,24.388111114501953,25.0,90800,0,0.0
2009-09-18,25.17482566833496,25.17482566833496,22.115385055541992,24.038461685180664,90800,0,0.0
2009-09-21,23.9510498046875,23.9510498046875,22.902097702026367,23.513986587524414,57900,0,0.0
2009-09-22,23.77622413635254,24.737762451171875,23.164335250854492,24.30069923400879,51200,0,0.0
2009-09-23,25.262237548828125,25.262237548828125,23.77622413635254,23.77622413635254,25200,0,0.0
2009-09-24,25.087411880493164,25.087411880493164,20.104894638061523,21.76573371887207,110100,0,0.0
2009-09-25,21.853147506713867,23.164335250854492,21.503496170043945,22.290210723876953,20700,0,0.0
2009-09-28,21.853147506713867,22.902097702026367,21.76573371887207,22.814685821533203,19400,0,0.0
2009-09-29,22.727272033691406,23.688810348510742,22.639860153198242,23.164335250854492,45200,0,0.0
2009-09-30,23.164335250854492,23.688810348510742,22.639860153198242,22.98950958251953,26800,0,0.0
2009-10-01,22.377622604370117,23.339160919189453,21.853147506713867,21.853147506713867,26800,0,0.0
2009-10-02,23.601398468017578,23.601398468017578,21.590909957885742,23.339160919189453,49500,0,0.0
2009-10-05,23.601398468017578,24.47552490234375,23.513986587524414,24.47552490234375,56800,0,0.0
2009-10-06,24.82517433166504,25.786712646484375,23.688810348510742,23.863636016845703,79500,0,0.0
2009-10-07,23.426572799682617,24.30069923400879,23.164335250854492,23.426572799682617,29000,0,0.0
2009-10-08,24.30069923400879,24.388111114501953,23.601398468017578,24.038461685180664,30000,0,0.0
2009-10-09,24.30069923400879,24.30069923400879,23.164335250854492,23.601398468017578,19300,0,0.0
2009-10-12,23.601398468017578,25.34964942932129,23.601398468017578,24.30069923400879,36900,0,0.0
2009-10-13,24.038461685180664,25.52447509765625,23.164335250854492,23.25174903869629,59500,0,0.0
2009-10-14,23.601398468017578,23.863636016845703,23.25174903869629,23.339160919189453,21200,0,0.0
2009-10-15,23.076923370361328,23.426572799682617,22.98950958251953,23.25174903869629,18300,0,0.0
2009-10-16,23.25174903869629,26.0489501953125,22.902097702026367,26.0489501953125,92500,0,0.0
2009-10-19,26.660839080810547,28.846153259277344,26.22377586364746,28.671329498291016,270000,0,0.0
2009-10-20,28.409090042114258,28.409090042114258,25.087411880493164,26.136363983154297,214700,0,0.0
2009-10-21,26.22377586364746,27.097902297973633,25.17482566833496,25.262237548828125,72700,0,0.0
2009-10-22,25.262237548828125,26.398601531982422,24.47552490234375,24.65035057067871,64600,0,0.0
2009-10-23,25.69930076599121,25.786712646484375,23.601398468017578,24.038461685180664,90100,0,0.0
2009-10-26,24.47552490234375,25.34964942932129,23.25174903869629,23.339160919189453,58800,0,0.0
2009-10-27,23.601398468017578,27.53496551513672,23.25174903869629,23.601398468017578,99500,0,0.0
2009-10-28,24.912588119506836,24.912588119506836,22.639860153198242,23.25174903869629,79100,0,0.0
2009-10-29,23.9510498046875,24.47552490234375,23.076923370361328,24.30069923400879,57800,0,0.0
2009-10-30,24.737762451171875,24.737762451171875,22.377622604370117,23.076923370361328,71800,0,0.0
2009-11-02,23.77622413635254,24.30069923400879,20.979021072387695,21.590909957885742,91800,0,0.0
2009-11-03,21.76573371887207,22.902097702026367,20.629369735717773,22.46503448486328,61000,0,0.0
2009-11-04,23.339160919189453,23.426572799682617,22.727272033691406,22.902097702026367,34400,0,0.0
2009-11-05,23.25174903869629,23.339160919189453,21.76573371887207,22.202796936035156,42000,0,0.0
2009-11-06,22.377622604370117,22.377622604370117,21.853147506713867,22.027971267700195,18600,0,0.0
2009-11-09,23.339160919189453,23.339160919189453,22.115385055541992,22.290210723876953,30100,0,0.0
2009-11-10,22.115385055541992,22.727272033691406,22.115385055541992,22.46503448486328,18000,0,0.0
2009-11-11,22.814685821533203,22.814685821533203,21.94055938720703,22.027971267700195,28200,0,0.0
2009-11-12,22.027971267700195,22.377622604370117,20.629369735717773,20.71678352355957,45700,0,0.0
2009-11-13,20.89160919189453,21.503496170043945,20.71678352355957,21.153846740722656,20800,0,0.0
2009-11-16,22.115385055541992,22.639860153198242,21.503496170043945,22.46503448486328,32400,0,0.0
2009-11-17,22.902097702026367,22.902097702026367,21.94055938720703,22.202796936035156,20200,0,0.0
2009-11-18,22.814685821533203,23.25174903869629,22.115385055541992,22.115385055541992,45400,0,0.0
2009-11-19,21.853147506713867,22.727272033691406,21.153846740722656,22.727272033691406,34800,0,0.0
2009-11-20,22.727272033691406,22.727272033691406,21.503496170043945,22.115385055541992,20000,0,0.0
2009-11-23,22.377622604370117,22.727272033691406,22.115385055541992,22.202796936035156,15400,0,0.0
2009-11-24,22.202796936035156,22.202796936035156,21.678321838378906,21.76573371887207,12600,0,0.0
2009-11-25,22.115385055541992,22.290210723876953,21.76573371887207,22.115385055541992,14000,0,0.0
2009-11-27,21.76573371887207,21.853147506713867,21.41608428955078,21.76573371887207,16900,0,0.0
2009-11-30,21.853147506713867,22.902097702026367,21.24125862121582,21.41608428955078,26200,0,0.0
2009-12-01,21.853147506713867,21.94055938720703,21.41608428955078,21.503496170043945,35900,0,0.0
2009-12-02,21.94055938720703,22.202796936035156,21.24125862121582,21.41608428955078,23400,0,0.0
2009-12-03,21.153846740722656,21.76573371887207,21.153846740722656,21.503496170043945,27800,0,0.0
2009-12-04,21.41608428955078,21.853147506713867,21.06643295288086,21.503496170043945,36800,0,0.0
2009-12-07,21.76573371887207,21.76573371887207,21.41608428955078,21.503496170043945,21300,0,0.0
2009-12-08,21.678321838378906,21.678321838378906,20.54195785522461,20.71678352355957,23200,0,0.0
2009-12-09,20.629369735717773,21.41608428955078,20.629369735717773,21.328670501708984,15100,0,0.0
2009-12-10,21.76573371887207,21.94055938720703,21.503496170043945,21.590909957885742,24800,0,0.0
2009-12-11,21.590909957885742,21.94055938720703,21.41608428955078,21.853147506713867,31300,0,0.0
2009-12-14,22.290210723876953,23.426572799682617,22.027971267700195,23.426572799682617,51300,0,0.0
2009-12-15,23.426572799682617,24.038461685180664,23.426572799682617,23.863636016845703,48800,0,0.0
2009-12-16,23.863636016845703,24.213287353515625,23.688810348510742,23.688810348510742,26300,0,0.0
2009-12-17,23.863636016845703,23.863636016845703,22.202796936035156,22.902097702026367,34700,0,0.0
2009-12-18,22.98950958251953,23.164335250854492,22.290210723876953,22.727272033691406,19800,0,0.0
2009-12-21,22.727272033691406,24.038461685180664,22.46503448486328,24.038461685180664,25600,0,0.0
2009-12-22,23.863636016845703,24.038461685180664,23.863636016845703,24.038461685180664,20000,0,0.0
2009-12-23,24.47552490234375,24.47552490234375,23.513986587524414,23.863636016845703,26000,0,0.0
2009-12-24,23.863636016845703,24.038461685180664,23.688810348510742,23.9510498046875,5600,0,0.0
2009-12-28,24.038461685180664,24.562936782836914,23.9510498046875,24.562936782836914,29100,0,0.0
2009-12-29,24.388111114501953,25.087411880493164,24.388111114501953,25.087411880493164,42600,0,0.0
2009-12-30,23.688810348510742,27.097902297973633,23.688810348510742,26.835664749145508,123900,0,0.0
2009-12-31,27.097902297973633,27.185314178466797,26.22377586364746,26.74825096130371,49200,0,0.0
2010-01-04,27.097902297973633,28.496503829956055,27.097902297973633,28.409090042114258,77100,0,0.0
2010-01-05,28.671329498291016,30.419580459594727,28.05944061279297,30.244754791259766,117700,0,0.0
2010-01-06,30.50699234008789,30.944055557250977,29.98251724243164,30.68181800842285,97300,0,0.0
2010-01-07,30.769229888916016,30.769229888916016,29.720279693603516,30.244754791259766,72500,0,0.0
2010-01-08,30.1573429107666,30.944055557250977,30.069929122924805,30.944055557250977,65600,0,0.0
2010-01-11,31.2062931060791,32.779720306396484,30.944055557250977,32.51748275756836,135400,0,0.0
2010-01-12,32.51748275756836,32.779720306396484,29.10839080810547,30.1573429107666,139800,0,0.0
2010-01-13,31.381118774414062,32.69230651855469,29.98251724243164,31.555944442749023,110000,0,0.0
2010-01-14,31.99300765991211,33.129371643066406,31.730770111083984,32.86713409423828,82700,0,0.0
2010-01-15,32.255245208740234,33.04195785522461,31.905593872070312,32.16783142089844,50300,0,0.0
2010-01-19,33.04195785522461,33.04195785522461,31.643356323242188,31.81818199157715,44500,0,0.0
2010-01-20,31.643356323242188,31.643356323242188,29.80769157409668,30.856643676757812,81100,0,0.0
2010-01-21,31.2937068939209,31.381118774414062,28.05944061279297,28.321678161621094,98100,0,0.0
2010-01-22,27.01049041748047,29.10839080810547,26.486013412475586,28.496503829956055,140700,0,0.0
2010-01-25,28.409090042114258,30.332168579101562,28.321678161621094,29.370630264282227,79700,0,0.0
2010-01-26,29.28321647644043,29.28321647644043,26.923076629638672,27.622377395629883,50300,0,0.0
2010-01-27,27.01049041748047,27.185314178466797,24.47552490234375,25.961538314819336,136000,0,0.0
2010-01-28,26.0489501953125,26.136363983154297,25.34964942932129,25.961538314819336,39500,0,0.0
2010-01-29,25.961538314819336,26.0489501953125,25.34964942932129,25.34964942932129,37500,0,0.0
2010-02-01,25.437063217163086,27.709789276123047,25.34964942932129,27.360139846801758,66500,0,0.0
2010-02-02,27.53496551513672,29.28321647644043,27.53496551513672,28.93356704711914,73300,0,0.0
2010-02-03,29.28321647644043,29.545454025268555,26.835664749145508,27.097902297973633,128700,0,0.0
2010-02-04,27.097902297973633,27.097902297973633,25.786712646484375,25.874126434326172,69200,0,0.0
2010-02-05,25.34964942932129,26.22377586364746,24.388111114501953,25.874126434326172,78300,0,0.0
2010-02-08,26.311189651489258,26.74825096130371,25.69930076599121,25.786712646484375,27100,0,0.0
2010-02-09,26.486013412475586,27.185314178466797,26.0489501953125,26.311189651489258,36100,0,0.0
2010-02-10,26.573427200317383,26.835664749145508,26.22377586364746,26.22377586364746,19000,0,0.0
2010-02-11,26.486013412475586,27.797203063964844,26.311189651489258,27.797203063964844,22100,0,0.0
2010-02-12,27.53496551513672,27.53496551513672,26.311189651489258,27.360139846801758,46700,0,0.0
2010-02-16,27.622377395629883,28.409090042114258,26.22377586364746,28.409090042114258,66800,0,0.0
2010-02-17,28.409090042114258,28.409090042114258,27.709789276123047,27.884614944458008,29300,0,0.0
2010-02-18,27.447551727294922,27.884614944458008,27.097902297973633,27.622377395629883,31500,0,0.0
2010-02-19,27.360139846801758,27.709789276123047,26.923076629638672,27.709789276123047,18600,0,0.0
2010-02-22,28.146852493286133,28.146852493286133,26.835664749145508,27.447551727294922,33000,0,0.0
2010-02-23,27.360139846801758,27.360139846801758,24.47552490234375,25.69930076599121,94000,0,0.0
2010-02-24,25.34964942932129,25.34964942932129,22.202796936035156,22.290210723876953,216200,0,0.0
2010-02-25,22.290210723876953,22.290210723876953,20.454545974731445,20.454545974731445,233100,0,0.0
2010-02-26,20.54195785522461,20.979021072387695,19.755245208740234,20.54195785522461,230900,0,0.0
2010-03-01,20.629369735717773,21.41608428955078,20.629369735717773,21.24125862121582,157600,0,0.0
2010-03-02,21.503496170043945,21.853147506713867,20.71678352355957,21.153846740722656,106100,0,0.0
2010-03-03,21.41608428955078,21.41608428955078,20.89160919189453,21.06643295288086,80700,0,0.0
2010-03-04,21.41608428955078,21.41608428955078,18.618881225585938,19.49300765991211,149300,0,0.0
2010-03-05,19.49300765991211,19.667831420898438,16.346153259277344,18.269229888916016,392900,0,0.0
2010-03-08,18.444055557250977,19.31818199157715,18.18181800842285,18.968530654907227,115700,0,0.0
2010-03-09,19.667831420898438,20.979021072387695,18.7062931060791,20.454545974731445,128000,0,0.0
2010-03-10,20.979021072387695,23.688810348510742,20.54195785522461,23.25174903869629,222100,0,0.0
2010-03-11,24.038461685180664,24.038461685180664,22.027971267700195,23.076923370361328,140700,0,0.0
2010-03-12,23.339160919189453,23.513986587524414,22.027971267700195,22.727272033691406,77500,0,0.0
2010-03-15,22.290210723876953,22.639860153198242,20.54195785522461,21.503496170043945,76600,0,0.0
2010-03-16,21.503496170043945,21.678321838378906,21.06643295288086,21.24125862121582,30800,0,0.0
2010-03-17,21.503496170043945,21.678321838378906,21.328670501708984,21.590909957885742,34400,0,0.0
2010-03-18,21.503496170043945,21.503496170043945,20.104894638061523,20.71678352355957,52700,0,0.0
2010-03-19,19.405593872070312,20.54195785522461,19.230770111083984,19.405593872070312,72700,0,0.0
2010-03-22,19.230770111083984,19.230770111083984,18.356643676757812,18.7937068939209,90700,0,0.0
2010-03-23,18.968530654907227,20.54195785522461,18.618881225585938,20.279720306396484,77500,0,0.0
2010-03-24,19.755245208740234,20.629369735717773,19.230770111083984,20.01748275756836,55500,0,0.0
2010-03-25,20.36713218688965,20.629369735717773,19.667831420898438,19.930070877075195,32700,0,0.0
2010-03-26,19.8426570892334,20.54195785522461,19.8426570892334,19.8426570892334,23700,0,0.0
2010-03-29,19.8426570892334,20.279720306396484,19.667831420898438,20.19230842590332,28400,0,0.0
2010-03-30,20.104894638061523,20.19230842590332,19.49300765991211,19.667831420898438,22500,0,0.0
2010-03-31,19.930070877075195,19.930070877075195,19.230770111083984,19.49300765991211,28000,0,0.0
2010-04-01,19.8426570892334,20.71678352355957,19.49300765991211,20.19230842590332,45500,0,0.0
2010-04-05,20.104894638061523,20.54195785522461,20.104894638061523,20.454545974731445,23100,0,0.0
2010-04-06,20.54195785522461,20.804195404052734,20.454545974731445,20.804195404052734,24700,0,0.0
2010-04-07,20.979021072387695,21.678321838378906,20.979021072387695,21.328670501708984,46600,0,0.0
2010-04-08,21.678321838378906,22.027971267700195,20.54195785522461,21.853147506713867,60200,0,0.0
2010-04-09,22.290210723876953,22.902097702026367,21.94055938720703,22.639860153198242,73600,0,0.0
2010-04-12,23.25174903869629,23.25174903869629,20.89160919189453,20.979021072387695,77400,0,0.0
2010-04-13,21.24125862121582,21.678321838378906,20.104894638061523,20.454545974731445,41500,0,0.0
2010-04-14,20.89160919189453,21.41608428955078,20.804195404052734,20.89160919189453,25400,0,0.0
2010-04-15,21.153846740722656,21.590909957885742,20.71678352355957,20.979021072387695,20800,0,0.0
2010-04-16,20.54195785522461,21.328670501708984,19.667831420898438,20.454545974731445,53600,0,0.0
2010-04-19,19.8426570892334,20.104894638061523,19.230770111083984,20.01748275756836,52100,0,0.0
2010-04-20,20.36713218688965,20.36713218688965,19.667831420898438,19.667831420898438,29900,0,0.0
2010-04-21,19.667831420898438,20.01748275756836,18.881118774414062,19.667831420898438,33100,0,0.0
2010-04-22,19.405593872070312,19.667831420898438,18.968530654907227,19.055944442749023,42700,0,0.0
2010-04-23,19.230770111083984,20.104894638061523,19.143356323242188,20.01748275756836,31400,0,0.0
2010-04-26,20.01748275756836,20.804195404052734,19.755245208740234,19.755245208740234,36000,0,0.0
2010-04-27,19.405593872070312,19.930070877075195,19.143356323242188,19.143356323242188,36400,0,0.0
2010-04-28,19.230770111083984,19.580419540405273,18.968530654907227,18.968530654907227,26800,0,0.0
2010-04-29,19.143356323242188,19.143356323242188,18.881118774414062,19.055944442749023,33700,0,0.0
2010-04-30,19.143356323242188,19.143356323242188,18.7937068939209,18.7937068939209,35400,0,0.0
2010-05-03,18.618881225585938,18.7937068939209,17.919580459594727,18.269229888916016,47100,0,0.0
2010-05-04,18.356643676757812,18.356643676757812,16.870630264282227,17.13286781311035,89800,0,0.0
2010-05-05,16.870630264282227,17.919580459594727,16.346153259277344,17.919580459594727,68700,0,0.0
2010-05-06,17.919580459594727,18.094406127929688,16.346153259277344,17.30769157409668,38300,0,0.0
2010-05-07,17.13286781311035,17.744754791259766,15.821678161621094,16.870630264282227,61600,0,0.0
2010-05-10,18.881118774414062,18.881118774414062,17.13286781311035,17.48251724243164,59700,0,0.0
2010-05-11,17.48251724243164,17.832168579101562,17.220279693603516,17.744754791259766,28900,0,0.0
2010-05-12,17.919580459594727,18.7062931060791,17.919580459594727,18.618881225585938,33800,0,0.0
2010-05-13,18.7937068939209,18.7937068939209,18.269229888916016,18.531469345092773,19000,0,0.0
2010-05-14,18.356643676757812,18.356643676757812,17.395105361938477,17.569929122924805,34100,0,0.0
2010-05-17,17.48251724243164,17.744754791259766,16.870630264282227,17.220279693603516,27400,0,0.0
2010-05-18,17.48251724243164,17.48251724243164,16.695804595947266,16.695804595947266,20800,0,0.0
2010-05-19,16.695804595947266,16.78321647644043,15.384614944458008,15.734265327453613,54700,0,0.0
2010-05-20,15.734265327453613,15.734265327453613,14.510489463806152,14.685315132141113,50800,0,0.0
2010-05-21,14.073426246643066,15.734265327453613,13.811188697814941,15.64685344696045,37000,0,0.0
2010-05-24,15.821678161621094,17.045454025268555,14.597902297973633,16.695804595947266,28300,0,0.0
2010-05-25,15.64685344696045,16.346153259277344,15.034964561462402,15.64685344696045,30400,0,0.0
2010-05-26,15.821678161621094,16.78321647644043,15.821678161621094,16.171329498291016,34400,0,0.0
2010-05-27,16.60839080810547,16.695804595947266,15.821678161621094,16.171329498291016,28200,0,0.0
2010-05-28,15.821678161621094,16.520978927612305,15.821678161621094,15.996503829956055,16600,0,0.0
2010-06-01,15.472027778625488,16.25874137878418,14.860139846801758,14.947552680969238,39400,0,0.0
2010-06-02,14.947552680969238,15.209790229797363,14.510489463806152,14.860139846801758,21800,0,0.0
2010-06-03,15.034964561462402,15.209790229797363,13.986014366149902,14.073426246643066,32500,0,0.0
2010-06-04,14.073426246643066,14.073426246643066,13.11188793182373,13.461538314819336,61900,0,0.0
2010-06-07,13.461538314819336,13.461538314819336,11.101398468017578,11.625874519348145,111600,0,0.0
2010-06-08,11.451048851013184,12.237762451171875,11.451048851013184,11.97552490234375,75500,0,0.0
2010-06-09,12.41258716583252,13.02447509765625,11.188811302185059,12.937063217163086,104300,0,0.0
2010-06-10,13.986014366149902,13.986014366149902,12.237762451171875,12.325175285339355,60800,0,0.0
2010-06-11,12.674824714660645,12.937063217163086,11.97552490234375,12.937063217163086,34300,0,0.0
2010-06-14,13.02447509765625,13.199300765991211,12.674824714660645,12.849650382995605,33000,0,0.0
2010-06-15,12.937063217163086,13.02447509765625,11.625874519348145,12.150349617004395,85100,0,0.0
2010-06-16,11.97552490234375,13.986014366149902,11.97552490234375,12.5,66800,0,0.0
2010-06-17,12.5,13.374125480651855,12.325175285339355,12.674824714660645,25900,0,0.0
2010-06-18,12.41258716583252,13.461538314819336,12.325175285339355,13.11188793182373,31300,0,0.0
2010-06-21,13.636363983154297,13.636363983154297,11.800699234008789,12.150349617004395,64000,0,0.0
2010-06-22,12.150349617004395,12.237762451171875,11.538461685180664,11.538461685180664,42100,0,0.0
2010-06-23,11.538461685180664,11.625874519348145,11.013985633850098,11.188811302185059,52700,0,0.0
2010-06-24,11.188811302185059,11.800699234008789,11.101398468017578,11.451048851013184,26700,0,0.0
2010-06-25,11.800699234008789,13.898601531982422,11.800699234008789,13.548951148986816,182800,0,0.0
2010-06-28,14.685315132141113,16.95804214477539,13.986014366149902,14.860139846801758,346400,0,0.0
2010-06-29,15.034964561462402,15.034964561462402,13.636363983154297,13.811188697814941,85000,0,0.0
2010-06-30,13.986014366149902,13.986014366149902,12.849650382995605,12.849650382995605,31000,0,0.0
2010-07-01,13.02447509765625,13.11188793182373,11.800699234008789,12.5,48800,0,0.0
2010-07-02,12.41258716583252,12.937063217163086,12.325175285339355,12.849650382995605,16400,0,0.0
2010-07-06,13.636363983154297,13.636363983154297,12.062936782836914,12.237762451171875,16800,0,0.0
2010-07-07,12.674824714660645,12.762237548828125,12.150349617004395,12.41258716583252,27800,0,0.0
2010-07-08,13.02447509765625,13.02447509765625,12.237762451171875,12.325175285339355,11300,0,0.0
2010-07-09,12.762237548828125,13.199300765991211,12.674824714660645,12.937063217163086,30800,0,0.0
2010-07-12,12.849650382995605,13.02447509765625,12.41258716583252,12.58741283416748,15400,0,0.0
2010-07-13,13.11188793182373,13.11188793182373,12.5,12.674824714660645,24700,0,0.0
2010-07-14,12.674824714660645,12.849650382995605,12.5,12.5,29400,0,0.0
2010-07-15,12.674824714660645,12.674824714660645,11.97552490234375,11.97552490234375,26100,0,0.0
2010-07-16,12.150349617004395,12.237762451171875,11.625874519348145,11.713286399841309,20600,0,0.0
2010-07-19,11.88811206817627,12.41258716583252,11.625874519348145,11.625874519348145,15900,0,0.0
2010-07-20,11.800699234008789,11.88811206817627,11.625874519348145,11.88811206817627,22000,0,0.0
2010-07-21,12.325175285339355,12.41258716583252,11.97552490234375,12.325175285339355,26800,0,0.0
2010-07-22,12.325175285339355,12.41258716583252,11.97552490234375,12.237762451171875,15100,0,0.0
2010-07-23,12.062936782836914,12.325175285339355,12.062936782836914,12.237762451171875,14900,0,0.0
2010-07-26,12.41258716583252,12.5,12.062936782836914,12.237762451171875,21600,0,0.0
2010-07-27,12.062936782836914,13.374125480651855,12.062936782836914,12.849650382995605,41800,0,0.0
2010-07-28,13.11188793182373,13.11188793182373,12.58741283416748,12.674824714660645,31100,0,0.0
2010-07-29,12.937063217163086,13.11188793182373,12.674824714660645,13.11188793182373,24800,0,0.0
2010-07-30,13.11188793182373,13.461538314819336,12.674824714660645,13.199300765991211,42500,0,0.0
2010-08-02,13.286713600158691,13.286713600158691,12.762237548828125,12.849650382995605,17800,0,0.0
2010-08-03,13.11188793182373,13.286713600158691,12.41258716583252,12.5,28900,0,0.0
2010-08-04,12.5,13.11188793182373,12.5,13.02447509765625,12100,0,0.0
2010-08-05,13.11188793182373,13.11188793182373,12.762237548828125,12.937063217163086,24000,0,0.0
2010-08-06,13.11188793182373,13.11188793182373,12.762237548828125,12.937063217163086,18900,0,0.0
2010-08-09,12.762237548828125,13.02447509765625,12.762237548828125,13.02447509765625,20700,0,0.0
2010-08-10,13.02447509765625,13.11188793182373,12.762237548828125,13.11188793182373,26000,0,0.0
2010-08-11,13.11188793182373,13.199300765991211,12.674824714660645,12.674824714660645,34900,0,0.0
2010-08-12,11.625874519348145,12.937063217163086,11.625874519348145,12.062936782836914,27100,0,0.0
2010-08-13,12.150349617004395,12.762237548828125,12.062936782836914,12.762237548828125,15800,0,0.0
2010-08-16,12.849650382995605,13.548951148986816,12.325175285339355,13.548951148986816,59400,0,0.0
2010-08-17,13.548951148986816,14.423076629638672,13.461538314819336,13.548951148986816,43200,0,0.0
2010-08-18,13.723775863647461,13.898601531982422,12.849650382995605,12.849650382995605,28000,0,0.0
2010-08-19,12.849650382995605,13.723775863647461,12.849650382995605,13.461538314819336,29300,0,0.0
2010-08-20,13.199300765991211,13.723775863647461,13.11188793182373,13.11188793182373,20900,0,0.0
2010-08-23,12.58741283416748,13.286713600158691,12.58741283416748,12.674824714660645,23700,0,0.0
2010-08-24,12.762237548828125,13.11188793182373,12.5,12.5,23500,0,0.0
2010-08-25,12.5,13.02447509765625,12.325175285339355,12.58741283416748,26100,0,0.0
2010-08-26,12.674824714660645,12.674824714660645,12.325175285339355,12.325175285339355,23100,0,0.0
2010-08-27,12.41258716583252,13.286713600158691,12.325175285339355,12.937063217163086,27100,0,0.0
2010-08-30,13.199300765991211,13.199300765991211,12.41258716583252,12.674824714660645,19000,0,0.0
2010-08-31,13.199300765991211,13.286713600158691,12.674824714660645,12.849650382995605,26500,0,0.0
2010-09-01,13.11188793182373,13.286713600158691,12.937063217163086,13.02447509765625,20300,0,0.0
2010-09-02,13.286713600158691,13.286713600158691,12.674824714660645,12.674824714660645,16600,0,0.0
2010-09-03,12.674824714660645,12.937063217163086,12.58741283416748,12.762237548828125,15900,0,0.0
2010-09-07,12.762237548828125,13.199300765991211,12.58741283416748,12.849650382995605,30800,0,0.0
2010-09-08,13.02447509765625,13.11188793182373,12.58741283416748,12.762237548828125,39400,0,0.0
2010-09-09,12.762237548828125,13.11188793182373,12.674824714660645,12.674824714660645,22800,0,0.0
2010-09-10,12.762237548828125,12.937063217163086,12.58741283416748,12.762237548828125,26700,0,0.0
2010-09-13,12.849650382995605,13.986014366149902,12.762237548828125,13.986014366149902,63400,0,0.0
2010-09-14,14.073426246643066,16.171329498291016,14.073426246643066,14.860139846801758,107600,0,0.0
2010-09-15,15.384614944458008,16.78321647644043,15.209790229797363,16.520978927612305,137500,0,0.0
2010-09-16,16.870630264282227,18.356643676757812,16.870630264282227,17.744754791259766,195400,0,0.0
2010-09-17,18.00699234008789,18.356643676757812,16.43356704711914,18.356643676757812,123900,0,0.0
2010-09-20,17.48251724243164,18.356643676757812,17.48251724243164,17.6573429107666,82600,0,0.0
2010-09-21,18.269229888916016,18.269229888916016,16.171329498291016,16.695804595947266,86200,0,0.0
2010-09-22,16.43356704711914,17.744754791259766,16.43356704711914,17.220279693603516,54700,0,0.0
2010-09-23,17.13286781311035,17.30769157409668,16.78321647644043,16.870630264282227,21800,0,0.0
2010-09-24,17.13286781311035,17.6573429107666,16.60839080810547,16.870630264282227,34700,0,0.0
2010-09-27,17.13286781311035,17.30769157409668,16.60839080810547,16.95804214477539,28800,0,0.0
2010-09-28,17.744754791259766,17.832168579101562,16.60839080810547,16.60839080810547,41100,0,0.0
2010-09-29,16.60839080810547,17.48251724243164,16.60839080810547,17.13286781311035,43500,0,0.0
2010-09-30,17.6573429107666,17.919580459594727,17.045454025268555,17.6573429107666,43700,0,0.0
2010-10-01,18.18181800842285,18.18181800842285,17.13286781311035,17.744754791259766,36500,0,0.0
2010-10-04,17.569929122924805,17.6573429107666,16.60839080810547,16.695804595947266,73400,0,0.0
2010-10-05,16.870630264282227,17.220279693603516,16.60839080810547,16.60839080810547,88100,0,0.0
2010-10-06,16.95804214477539,16.95804214477539,16.60839080810547,16.78321647644043,32100,0,0.0
2010-10-07,16.870630264282227,17.045454025268555,16.520978927612305,16.520978927612305,33300,0,0.0
2010-10-08,16.78321647644043,17.30769157409668,16.60839080810547,17.13286781311035,42300,0,0.0
2010-10-11,17.30769157409668,19.580419540405273,17.13286781311035,18.7062931060791,189400,0,0.0
2010-10-12,18.881118774414062,18.881118774414062,17.6573429107666,18.356643676757812,84100,0,0.0
2010-10-13,18.968530654907227,18.968530654907227,17.395105361938477,17.395105361938477,137200,0,0.0
2010-10-14,17.48251724243164,17.48251724243164,14.160839080810547,14.597902297973633,438000,0,0.0
2010-10-15,14.510489463806152,15.472027778625488,14.510489463806152,14.947552680969238,131900,0,0.0
2010-10-18,14.772727012634277,15.472027778625488,14.597902297973633,14.597902297973633,74800,0,0.0
2010-10-19,14.160839080810547,14.597902297973633,13.986014366149902,14.073426246643066,41600,0,0.0
2010-10-20,13.811188697814941,14.597902297973633,13.811188697814941,13.986014366149902,65500,0,0.0
2010-10-21,14.073426246643066,14.335664749145508,13.636363983154297,13.636363983154297,48800,0,0.0
2010-10-22,14.160839080810547,14.160839080810547,13.199300765991211,13.199300765991211,46200,0,0.0
2010-10-25,13.461538314819336,14.073426246643066,13.461538314819336,14.073426246643066,58200,0,0.0
2010-10-26,13.986014366149902,14.685315132141113,13.811188697814941,14.423076629638672,55200,0,0.0
2010-10-27,14.423076629638672,14.772727012634277,14.073426246643066,14.597902297973633,44600,0,0.0
2010-10-28,14.510489463806152,15.297203063964844,14.510489463806152,15.122377395629883,42300,0,0.0
2010-10-29,15.297203063964844,16.25874137878418,15.034964561462402,16.171329498291016,71900,0,0.0
2010-11-01,16.346153259277344,17.13286781311035,15.384614944458008,15.472027778625488,90600,0,0.0
2010-11-02,16.43356704711914,16.60839080810547,14.772727012634277,16.43356704711914,62000,0,0.0
2010-11-03,16.520978927612305,16.60839080810547,15.64685344696045,16.520978927612305,48100,0,0.0
2010-11-04,16.60839080810547,17.13286781311035,16.43356704711914,16.870630264282227,70900,0,0.0
2010-11-05,16.78321647644043,17.395105361938477,16.695804595947266,17.13286781311035,64200,0,0.0
2010-11-08,17.6573429107666,19.755245208740234,17.6573429107666,19.667831420898438,296300,0,0.0
2010-11-09,20.36713218688965,21.41608428955078,18.618881225585938,18.618881225585938,280700,0,0.0
2010-11-10,18.7937068939209,19.49300765991211,17.220279693603516,19.49300765991211,127100,0,0.0
2010-11-11,19.49300765991211,19.49300765991211,18.531469345092773,19.230770111083984,46700,0,0.0
2010-11-12,19.230770111083984,19.230770111083984,17.919580459594727,18.356643676757812,66500,0,0.0
2010-11-15,19.143356323242188,19.143356323242188,18.00699234008789,18.094406127929688,36000,0,0.0
2010-11-16,17.6573429107666,17.832168579101562,16.870630264282227,17.045454025268555,97600,0,0.0
2010-11-17,17.30769157409668,17.919580459594727,17.220279693603516,17.569929122924805,49200,0,0.0
2010-11-18,19.230770111083984,19.230770111083984,18.094406127929688,18.18181800842285,63700,0,0.0
2010-11-19,17.919580459594727,18.444055557250977,17.6573429107666,17.832168579101562,20500,0,0.0
2010-11-22,17.569929122924805,18.00699234008789,17.395105361938477,17.569929122924805,36000,0,0.0
2010-11-23,17.395105361938477,17.744754791259766,16.95804214477539,17.569929122924805,29800,0,0.0
2010-11-24,17.744754791259766,18.094406127929688,17.744754791259766,17.744754791259766,20600,0,0.0
2010-11-26,18.094406127929688,18.094406127929688,17.220279693603516,17.569929122924805,13600,0,0.0
2010-11-29,17.48251724243164,17.919580459594727,17.220279693603516,17.48251724243164,29800,0,0.0
2010-11-30,17.6573429107666,18.00699234008789,17.13286781311035,17.832168579101562,30400,0,0.0
2010-12-01,18.618881225585938,18.618881225585938,17.919580459594727,18.356643676757812,40100,0,0.0
2010-12-02,18.269229888916016,18.356643676757812,18.18181800842285,18.269229888916016,28200,0,0.0
2010-12-03,18.618881225585938,18.618881225585938,17.919580459594727,18.356643676757812,31800,0,0.0
2010-12-06,18.444055557250977,19.405593872070312,18.18181800842285,19.405593872070312,121400,0,0.0
2010-12-07,19.667831420898438,19.755245208740234,18.881118774414062,19.580419540405273,83400,0,0.0
2010-12-08,19.580419540405273,19.755245208740234,19.055944442749023,19.667831420898438,67800,0,0.0
2010-12-09,19.580419540405273,19.580419540405273,18.968530654907227,19.055944442749023,36900,0,0.0
2010-12-10,18.618881225585938,19.143356323242188,18.531469345092773,18.7062931060791,42100,0,0.0
2010-12-13,19.405593872070312,19.405593872070312,18.269229888916016,18.531469345092773,58600,0,0.0
2010-12-14,18.531469345092773,18.7937068939209,17.30769157409668,17.919580459594727,93800,0,0.0
2010-12-15,17.832168579101562,18.618881225585938,17.744754791259766,18.618881225585938,48500,0,0.0
2010-12-16,18.444055557250977,18.618881225585938,18.00699234008789,18.531469345092773,31700,0,0.0
2010-12-17,18.18181800842285,18.618881225585938,17.744754791259766,17.744754791259766,47500,0,0.0
2010-12-20,18.269229888916016,18.269229888916016,17.744754791259766,17.744754791259766,50600,0,0.0
2010-12-21,17.6573429107666,18.356643676757812,17.6573429107666,18.00699234008789,51300,0,0.0
2010-12-22,17.744754791259766,18.444055557250977,17.744754791259766,17.744754791259766,31300,0,0.0
2010-12-23,17.832168579101562,18.269229888916016,17.744754791259766,17.744754791259766,32400,0,0.0
2010-12-27,17.569929122924805,18.18181800842285,17.569929122924805,18.18181800842285,22500,0,0.0
2010-12-28,18.7937068939209,19.580419540405273,18.094406127929688,19.49300765991211,80700,0,0.0
2010-12-29,19.143356323242188,19.580419540405273,18.531469345092773,19.405593872070312,64800,0,0.0
2010-12-30,19.667831420898438,20.104894638061523,19.230770111083984,19.49300765991211,54700,0,0.0
2010-12-31,19.667831420898438,20.89160919189453,19.230770111083984,20.89160919189453,127300,0,0.0
2011-01-03,20.71678352355957,21.41608428955078,20.19230842590332,20.36713218688965,91000,0,0.0
2011-01-04,20.54195785522461,20.89160919189453,19.055944442749023,19.8426570892334,81800,0,0.0
2011-01-05,20.104894638061523,20.104894638061523,19.230770111083984,19.8426570892334,35600,0,0.0
2011-01-06,19.8426570892334,20.279720306396484,19.755245208740234,20.19230842590332,39900,0,0.0
2011-01-07,20.104894638061523,20.36713218688965,19.930070877075195,20.104894638061523,54500,0,0.0
2011-01-10,20.01748275756836,20.104894638061523,19.667831420898438,19.755245208740234,23600,0,0.0
2011-01-11,20.01748275756836,20.54195785522461,19.8426570892334,20.454545974731445,48200,0,0.0
2011-01-12,20.104894638061523,20.454545974731445,19.667831420898438,20.279720306396484,51800,0,0.0
2011-01-13,19.930070877075195,20.19230842590332,19.667831420898438,20.104894638061523,32000,0,0.0
2011-01-14,19.8426570892334,20.54195785522461,19.667831420898438,20.104894638061523,31200,0,0.0
2011-01-18,19.930070877075195,20.54195785522461,19.667831420898438,20.279720306396484,36400,0,0.0
2011-01-19,20.36713218688965,20.54195785522461,19.667831420898438,19.667831420898438,44200,0,0.0
2011-01-20,19.667831420898438,19.8426570892334,18.7062931060791,18.881118774414062,57500,0,0.0
2011-01-21,18.7062931060791,19.143356323242188,18.531469345092773,19.055944442749023,27700,0,0.0
2011-01-24,19.31818199157715,19.405593872070312,18.7062931060791,18.968530654907227,24400,0,0.0
2011-01-25,18.881118774414062,18.881118774414062,18.356643676757812,18.356643676757812,46100,0,0.0
2011-01-26,18.356643676757812,18.881118774414062,18.269229888916016,18.531469345092773,43800,0,0.0
2011-01-27,18.356643676757812,18.968530654907227,18.356643676757812,18.444055557250977,38100,0,0.0
2011-01-28,18.531469345092773,18.968530654907227,18.269229888916016,18.269229888916016,41000,0,0.0
2011-01-31,18.269229888916016,18.444055557250977,17.744754791259766,17.919580459594727,57400,0,0.0
2011-02-01,18.18181800842285,18.618881225585938,18.094406127929688,18.356643676757812,32900,0,0.0
2011-02-02,18.356643676757812,18.618881225585938,18.094406127929688,18.269229888916016,20000,0,0.0
2011-02-03,18.531469345092773,20.979021072387695,18.531469345092773,20.979021072387695,124900,0,0.0
2011-02-04,20.629369735717773,23.164335250854492,20.54195785522461,21.503496170043945,241800,0,0.0
2011-02-07,21.590909957885742,22.290210723876953,19.667831420898438,20.279720306396484,96000,0,0.0
2011-02-08,20.71678352355957,21.06643295288086,20.36713218688965,20.454545974731445,53600,0,0.0
2011-02-09,20.54195785522461,20.89160919189453,19.755245208740234,19.8426570892334,36400,0,0.0
2011-02-10,20.19230842590332,20.279720306396484,19.667831420898438,19.8426570892334,18900,0,0.0
2011-02-11,20.36713218688965,20.36713218688965,19.667831420898438,19.8426570892334,28200,0,0.0
2011-02-14,19.930070877075195,20.279720306396484,19.755245208740234,20.01748275756836,32200,0,0.0
2011-02-15,19.8426570892334,20.104894638061523,19.405593872070312,19.49300765991211,36200,0,0.0
2011-02-16,19.580419540405273,20.104894638061523,19.31818199157715,19.755245208740234,22600,0,0.0
2011-02-17,20.01748275756836,20.19230842590332,19.580419540405273,19.8426570892334,37900,0,0.0
2011-02-18,19.8426570892334,20.104894638061523,19.31818199157715,19.667831420898438,35400,0,0.0
2011-02-22,19.667831420898438,19.8426570892334,18.7937068939209,19.230770111083984,53700,0,0.0
2011-02-23,19.230770111083984,19.667831420898438,18.7937068939209,18.7937068939209,34600,0,0.0
2011-02-24,18.7937068939209,19.055944442749023,18.7062931060791,18.881118774414062,22900,0,0.0
2011-02-25,19.055944442749023,19.230770111083984,18.7937068939209,18.968530654907227,21700,0,0.0
2011-02-28,18.881118774414062,19.230770111083984,18.7937068939209,18.968530654907227,28200,0,0.0
2011-03-01,19.230770111083984,19.930070877075195,18.968530654907227,18.968530654907227,37200,0,0.0
2011-03-02,18.968530654907227,19.230770111083984,18.7062931060791,18.7062931060791,21500,0,0.0
2011-03-03,18.7062931060791,19.31818199157715,18.7062931060791,19.230770111083984,25300,0,0.0
2011-03-04,19.230770111083984,19.667831420898438,18.881118774414062,19.143356323242188,29400,0,0.0
2011-03-07,19.230770111083984,20.19230842590332,19.143356323242188,20.01748275756836,100500,0,0.0
2011-03-08,19.930070877075195,20.104894638061523,18.968530654907227,19.055944442749023,54700,0,0.0
2011-03-09,19.580419540405273,19.580419540405273,18.7062931060791,18.7062931060791,40800,0,0.0
2011-03-10,18.7062931060791,18.881118774414062,17.569929122924805,17.832168579101562,78200,0,0.0
2011-03-11,17.832168579101562,18.356643676757812,17.832168579101562,18.269229888916016,35100,0,0.0
2011-03-14,18.094406127929688,18.18181800842285,17.48251724243164,17.569929122924805,65900,0,0.0
2011-03-15,16.60839080810547,17.395105361938477,14.597902297973633,16.78321647644043,97400,0,0.0
2011-03-16,16.520978927612305,17.220279693603516,16.43356704711914,16.870630264282227,49600,0,0.0
2011-03-17,16.95804214477539,17.919580459594727,16.60839080810547,17.744754791259766,28900,0,0.0
2011-03-18,17.832168579101562,18.356643676757812,17.744754791259766,18.356643676757812,35000,0,0.0
2011-03-21,18.444055557250977,18.444055557250977,17.6573429107666,17.919580459594727,25800,0,0.0
2011-03-22,17.919580459594727,18.618881225585938,17.569929122924805,18.618881225585938,15600,0,0.0
2011-03-23,17.919580459594727,18.444055557250977,17.744754791259766,17.744754791259766,25700,0,0.0
2011-03-24,18.18181800842285,18.18181800842285,17.6573429107666,17.744754791259766,32400,0,0.0
2011-03-25,17.832168579101562,18.00699234008789,17.6573429107666,17.919580459594727,26500,0,0.0
2011-03-28,17.919580459594727,18.18181800842285,17.569929122924805,17.569929122924805,25900,0,0.0
2011-03-29,17.569929122924805,17.744754791259766,17.220279693603516,17.30769157409668,42400,0,0.0
2011-03-30,17.395105361938477,17.6573429107666,17.13286781311035,17.395105361938477,57300,0,0.0
2011-03-31,17.395105361938477,18.18181800842285,17.30769157409668,17.30769157409668,41800,0,0.0
2011-04-01,17.48251724243164,17.919580459594727,17.395105361938477,17.48251724243164,55100,0,0.0
2011-04-04,17.832168579101562,17.919580459594727,17.30769157409668,17.6573429107666,40000,0,0.0
2011-04-05,17.919580459594727,18.444055557250977,17.6573429107666,18.269229888916016,47900,0,0.0
2011-04-06,18.618881225585938,19.143356323242188,18.356643676757812,18.618881225585938,63600,0,0.0
2011-04-07,18.7937068939209,19.055944442749023,18.444055557250977,18.7062931060791,32400,0,0.0
2011-04-08,18.968530654907227,19.055944442749023,18.444055557250977,18.444055557250977,27300,0,0.0
2011-04-11,18.356643676757812,18.968530654907227,17.744754791259766,17.832168579101562,26400,0,0.0
2011-04-12,17.569929122924805,17.6573429107666,16.870630264282227,16.870630264282227,79800,0,0.0
2011-04-13,17.395105361938477,17.395105361938477,17.045454025268555,17.395105361938477,17400,0,0.0
2011-04-14,17.744754791259766,18.269229888916016,17.220279693603516,17.6573429107666,27500,0,0.0
2011-04-15,17.744754791259766,18.18181800842285,17.744754791259766,18.00699234008789,33800,0,0.0
2011-04-18,17.919580459594727,18.094406127929688,17.13286781311035,17.220279693603516,52700,0,0.0
2011-04-19,17.6573429107666,17.744754791259766,17.220279693603516,17.220279693603516,30900,0,0.0
2011-04-20,18.444055557250977,18.444055557250977,17.395105361938477,17.6573429107666,19900,0,0.0
2011-04-21,18.094406127929688,18.094406127929688,17.395105361938477,17.48251724243164,18600,0,0.0
2011-04-25,17.48251724243164,17.6573429107666,17.13286781311035,17.395105361938477,23800,0,0.0
2011-04-26,17.395105361938477,17.569929122924805,17.220279693603516,17.220279693603516,31700,0,0.0
2011-04-27,17.30769157409668,17.48251724243164,17.13286781311035,17.48251724243164,10300,0,0.0
2011-04-28,17.48251724243164,17.569929122924805,17.30769157409668,17.48251724243164,12600,0,0.0
2011-04-29,17.48251724243164,17.6573429107666,17.395105361938477,17.6573429107666,23900,0,0.0
2011-05-02,17.6573429107666,17.6573429107666,17.220279693603516,17.395105361938477,26700,0,0.0
2011-05-03,17.30769157409668,17.395105361938477,16.78321647644043,16.95804214477539,54200,0,0.0
2011-05-04,17.13286781311035,17.30769157409668,16.08391571044922,16.08391571044922,57500,0,0.0
2011-05-05,16.346153259277344,16.520978927612305,15.559440612792969,15.821678161621094,57500,0,0.0
2011-05-06,15.996503829956055,16.43356704711914,15.821678161621094,16.346153259277344,14200,0,0.0
2011-05-09,16.695804595947266,16.870630264282227,16.43356704711914,16.520978927612305,13400,0,0.0
2011-05-10,16.78321647644043,16.78321647644043,15.559440612792969,15.821678161621094,32500,0,0.0
2011-05-11,15.821678161621094,17.30769157409668,15.297203063964844,15.297203063964844,41700,0,0.0
2011-05-12,15.821678161621094,15.821678161621094,15.297203063964844,15.734265327453613,25100,0,0.0
2011-05-13,15.734265327453613,15.996503829956055,15.472027778625488,15.472027778625488,24600,0,0.0
2011-05-16,15.122377395629883,15.64685344696045,14.510489463806152,14.510489463806152,31700,0,0.0
2011-05-17,14.510489463806152,14.772727012634277,13.986014366149902,14.335664749145508,34600,0,0.0
2011-05-18,14.510489463806152,15.559440612792969,14.335664749145508,15.297203063964844,42400,0,0.0
2011-05-19,15.472027778625488,15.472027778625488,14.423076629638672,14.860139846801758,20700,0,0.0
2011-05-20,14.860139846801758,15.034964561462402,14.335664749145508,14.860139846801758,15900,0,0.0
2011-05-23,14.772727012634277,14.860139846801758,14.248251914978027,14.510489463806152,22600,0,0.0
2011-05-24,14.423076629638672,14.685315132141113,14.160839080810547,14.423076629638672,23800,0,0.0
2011-05-25,14.335664749145508,15.209790229797363,14.335664749145508,14.947552680969238,9500,0,0.0
2011-05-26,14.947552680969238,17.045454025268555,14.685315132141113,16.08391571044922,42600,0,0.0
2011-05-27,16.25874137878418,16.95804214477539,16.171329498291016,16.346153259277344,24600,0,0.0
2011-05-31,16.25874137878418,16.60839080810547,14.947552680969238,15.122377395629883,24800,0,0.0
2011-06-01,15.122377395629883,15.209790229797363,14.423076629638672,14.685315132141113,31800,0,0.0
2011-06-02,14.423076629638672,14.772727012634277,14.160839080810547,14.248251914978027,33400,0,0.0
2011-06-03,14.160839080810547,14.335664749145508,13.811188697814941,14.160839080810547,31200,0,0.0
2011-06-06,13.898601531982422,14.248251914978027,13.723775863647461,13.811188697814941,20500,0,0.0
2011-06-07,13.636363983154297,14.335664749145508,12.937063217163086,13.199300765991211,79000,0,0.0
2011-06-08,13.02447509765625,13.11188793182373,11.97552490234375,12.762237548828125,69900,0,0.0
2011-06-09,12.58741283416748,13.811188697814941,12.58741283416748,13.636363983154297,28100,0,0.0
2011-06-10,13.636363983154297,13.636363983154297,12.58741283416748,13.11188793182373,30900,0,0.0
2011-06-13,13.02447509765625,13.02447509765625,12.325175285339355,12.5,25400,0,0.0
2011-06-14,11.97552490234375,12.849650382995605,11.88811206817627,12.325175285339355,43100,0,0.0
2011-06-15,12.41258716583252,12.674824714660645,12.062936782836914,12.5,22100,0,0.0
2011-06-16,12.325175285339355,12.41258716583252,11.88811206817627,11.88811206817627,33400,0,0.0
2011-06-17,11.88811206817627,12.41258716583252,11.88811206817627,12.325175285339355,45200,0,0.0
2011-06-20,11.713286399841309,12.41258716583252,11.538461685180664,11.538461685180664,42900,0,0.0
2011-06-21,11.625874519348145,12.41258716583252,10.751748085021973,12.41258716583252,29900,0,0.0
2011-06-22,12.5,13.11188793182373,12.5,12.674824714660645,22800,0,0.0
2011-06-23,12.325175285339355,12.58741283416748,11.800699234008789,12.237762451171875,23000,0,0.0
2011-06-24,11.97552490234375,12.150349617004395,11.800699234008789,12.150349617004395,7200,0,0.0
2011-06-27,11.800699234008789,12.150349617004395,11.451048851013184,11.538461685180664,28100,0,0.0
2011-06-28,11.800699234008789,12.062936782836914,11.451048851013184,11.97552490234375,34700,0,0.0
2011-06-29,11.97552490234375,12.237762451171875,11.713286399841309,11.800699234008789,38600,0,0.0
2011-06-30,12.150349617004395,14.423076629638672,11.97552490234375,14.335664749145508,88500,0,0.0
2011-07-01,14.423076629638672,15.297203063964844,14.423076629638672,15.209790229797363,59800,0,0.0
2011-07-05,14.860139846801758,15.909090995788574,14.685315132141113,15.64685344696045,57700,0,0.0
2011-07-06,15.64685344696045,15.734265327453613,14.947552680969238,15.034964561462402,21700,0,0.0
2011-07-07,15.384614944458008,16.171329498291016,15.034964561462402,15.909090995788574,48800,0,0.0
2011-07-08,15.734265327453613,16.60839080810547,15.559440612792969,16.43356704711914,35100,0,0.0
2011-07-11,16.43356704711914,16.43356704711914,15.034964561462402,15.122377395629883,36200,0,0.0
2011-07-12,14.947552680969238,15.734265327453613,14.947552680969238,15.64685344696045,14100,0,0.0
2011-07-13,16.08391571044922,17.045454025268555,15.821678161621094,16.95804214477539,61300,0,0.0
2011-07-14,17.045454025268555,17.220279693603516,16.25874137878418,16.346153259277344,43100,0,0.0
2011-07-15,16.870630264282227,17.48251724243164,15.384614944458008,16.171329498291016,40800,0,0.0
2011-07-18,15.821678161621094,15.821678161621094,15.209790229797363,15.472027778625488,33900,0,0.0
2011-07-19,15.64685344696045,16.60839080810547,15.559440612792969,15.821678161621094,17200,0,0.0
2011-07-20,15.64685344696045,15.909090995788574,15.559440612792969,15.559440612792969,11900,0,0.0
2011-07-21,15.559440612792969,15.821678161621094,15.384614944458008,15.384614944458008,13600,0,0.0
2011-07-22,15.472027778625488,15.472027778625488,14.947552680969238,15.034964561462402,22500,0,0.0
2011-07-25,15.209790229797363,15.297203063964844,14.597902297973633,14.597902297973633,21900,0,0.0
2011-07-26,14.597902297973633,15.034964561462402,14.510489463806152,14.772727012634277,21100,0,0.0
2011-07-27,14.772727012634277,14.772727012634277,14.423076629638672,14.423076629638672,11400,0,0.0
2011-07-28,14.335664749145508,14.510489463806152,13.286713600158691,13.548951148986816,41800,0,0.0
2011-07-29,13.374125480651855,13.986014366149902,13.11188793182373,13.986014366149902,26200,0,0.0
2011-08-01,14.597902297973633,15.209790229797363,14.160839080810547,14.335664749145508,36700,0,0.0
2011-08-02,14.423076629638672,14.423076629638672,13.636363983154297,13.636363983154297,22100,0,0.0
2011-08-03,13.723775863647461,13.811188697814941,13.11188793182373,13.548951148986816,27800,0,0.0
2011-08-04,13.11188793182373,13.11188793182373,12.237762451171875,12.325175285339355,44000,0,0.0
2011-08-05,12.325175285339355,13.374125480651855,12.062936782836914,13.02447509765625,43700,0,0.0
2011-08-08,11.538461685180664,12.41258716583252,11.538461685180664,11.88811206817627,74900,0,0.0
2011-08-09,12.325175285339355,13.199300765991211,12.062936782836914,12.762237548828125,37900,0,0.0
2011-08-10,13.02447509765625,13.286713600158691,12.41258716583252,12.41258716583252,13000,0,0.0
2011-08-11,12.937063217163086,13.02447509765625,12.41258716583252,13.02447509765625,20700,0,0.0
2011-08-12,13.02447509765625,13.11188793182373,12.5,12.674824714660645,29000,0,0.0
2011-08-15,13.286713600158691,13.548951148986816,12.674824714660645,13.199300765991211,28200,0,0.0
2011-08-16,12.937063217163086,13.11188793182373,12.674824714660645,12.674824714660645,13700,0,0.0
2011-08-17,13.11188793182373,13.548951148986816,12.937063217163086,13.11188793182373,27100,0,0.0
2011-08-18,13.11188793182373,13.286713600158691,12.150349617004395,12.150349617004395,50800,0,0.0
2011-08-19,12.237762451171875,12.5,11.800699234008789,11.800699234008789,47800,0,0.0
2011-08-22,11.97552490234375,12.58741283416748,11.97552490234375,11.97552490234375,16900,0,0.0
2011-08-23,12.58741283416748,13.11188793182373,12.237762451171875,12.5,24700,0,0.0
2011-08-24,12.5,12.762237548828125,12.237762451171875,12.325175285339355,11500,0,0.0
2011-08-25,12.5,12.674824714660645,12.325175285339355,12.325175285339355,18600,0,0.0
2011-08-26,12.325175285339355,12.849650382995605,12.150349617004395,12.58741283416748,18900,0,0.0
2011-08-29,12.58741283416748,13.11188793182373,12.41258716583252,12.5,38500,0,0.0
2011-08-30,12.5,13.11188793182373,12.5,13.02447509765625,16200,0,0.0
2011-08-31,13.02447509765625,13.461538314819336,12.937063217163086,13.461538314819336,28900,0,0.0
2011-09-01,13.723775863647461,14.860139846801758,13.461538314819336,14.510489463806152,45000,0,0.0
2011-09-02,14.423076629638672,15.034964561462402,13.986014366149902,14.335664749145508,19600,0,0.0
2011-09-06,13.811188697814941,13.898601531982422,12.937063217163086,13.723775863647461,36700,0,0.0
2011-09-07,13.811188697814941,14.248251914978027,13.723775863647461,14.073426246643066,23300,0,0.0
2011-09-08,13.986014366149902,14.423076629638672,13.986014366149902,14.160839080810547,11100,0,0.0
2011-09-09,13.811188697814941,14.860139846801758,13.811188697814941,14.685315132141113,24500,0,0.0
2011-09-12,14.423076629638672,14.860139846801758,13.986014366149902,14.248251914978027,31800,0,0.0
2011-09-13,14.160839080810547,14.772727012634277,13.898601531982422,14.335664749145508,25600,0,0.0
2011-09-14,14.423076629638672,14.772727012634277,14.073426246643066,14.510489463806152,19100,0,0.0
2011-09-15,14.510489463806152,14.772727012634277,13.986014366149902,14.248251914978027,26300,0,0.0
2011-09-16,14.423076629638672,14.423076629638672,12.937063217163086,12.937063217163086,30500,0,0.0
2011-09-19,13.811188697814941,13.898601531982422,12.237762451171875,12.41258716583252,39100,0,0.0
2011-09-20,13.11188793182373,13.898601531982422,12.325175285339355,12.674824714660645,15800,0,0.0
2011-09-21,12.674824714660645,12.674824714660645,11.88811206817627,12.150349617004395,41600,0,0.0
2011-09-22,11.800699234008789,12.150349617004395,11.101398468017578,11.88811206817627,46800,0,0.0
2011-09-23,11.451048851013184,11.625874519348145,10.926573753356934,11.363636016845703,67700,0,0.0
2011-09-26,11.625874519348145,11.713286399841309,10.926573753356934,11.363636016845703,29100,0,0.0
2011-09-27,11.451048851013184,11.88811206817627,11.276224136352539,11.451048851013184,30300,0,0.0
2011-09-28,11.451048851013184,11.451048851013184,10.576923370361328,10.664335250854492,40700,0,0.0
2011-09-29,11.013985633850098,11.013985633850098,9.790209770202637,10.227272987365723,41800,0,0.0
2011-09-30,10.926573753356934,10.926573753356934,10.227272987365723,10.839160919189453,22800,0,0.0
2011-10-03,10.402097702026367,10.489510536193848,9.090909004211426,9.265734672546387,42400,0,0.0
2011-10-04,9.790209770202637,9.877622604370117,8.74125862121582,9.440559387207031,46100,0,0.0
2011-10-05,10.489510536193848,10.839160919189453,9.965035438537598,10.751748085021973,26600,0,0.0
2011-10-06,12.237762451171875,12.237762451171875,10.576923370361328,10.751748085021973,46500,0,0.0
2011-10-07,11.538461685180664,11.713286399841309,10.751748085021973,11.713286399841309,12700,0,0.0
2011-10-10,12.062936782836914,12.150349617004395,11.713286399841309,11.88811206817627,13600,0,0.0
2011-10-11,11.538461685180664,12.062936782836914,10.926573753356934,11.713286399841309,15300,0,0.0
2011-10-12,11.97552490234375,11.97552490234375,11.276224136352539,11.538461685180664,10300,0,0.0
2011-10-13,11.363636016845703,11.88811206817627,11.013985633850098,11.538461685180664,9100,0,0.0
2011-10-14,11.713286399841309,12.150349617004395,11.713286399841309,12.062936782836914,21800,0,0.0
2011-10-17,12.062936782836914,12.062936782836914,11.188811302185059,12.062936782836914,13800,0,0.0
2011-10-18,11.625874519348145,11.88811206817627,11.625874519348145,11.88811206817627,9700,0,0.0
2011-10-19,11.625874519348145,11.800699234008789,11.363636016845703,11.713286399841309,6900,0,0.0
2011-10-20,11.451048851013184,11.88811206817627,11.451048851013184,11.625874519348145,7000,0,0.0
2011-10-21,11.97552490234375,11.97552490234375,11.625874519348145,11.800699234008789,4000,0,0.0
2011-10-24,12.062936782836914,12.150349617004395,11.800699234008789,12.062936782836914,7900,0,0.0
2011-10-25,11.188811302185059,11.800699234008789,11.101398468017578,11.451048851013184,12700,0,0.0
2011-10-26,11.713286399841309,11.88811206817627,11.188811302185059,11.625874519348145,9000,0,0.0
2011-10-27,11.538461685180664,11.88811206817627,10.926573753356934,11.713286399841309,16200,0,0.0
2011-10-28,11.800699234008789,11.88811206817627,11.451048851013184,11.88811206817627,14300,0,0.0
2011-10-31,11.88811206817627,11.88811206817627,11.363636016845703,11.800699234008789,10900,0,0.0
2011-11-01,11.363636016845703,11.625874519348145,11.013985633850098,11.451048851013184,29100,0,0.0
2011-11-02,11.276224136352539,11.800699234008789,11.276224136352539,11.363636016845703,11500,0,0.0
2011-11-03,11.625874519348145,11.800699234008789,11.101398468017578,11.101398468017578,19100,0,0.0
2011-11-04,11.276224136352539,11.713286399841309,11.188811302185059,11.713286399841309,16300,0,0.0
2011-11-07,11.188811302185059,11.713286399841309,11.188811302185059,11.451048851013184,16000,0,0.0
2011-11-08,11.188811302185059,11.625874519348145,11.013985633850098,11.451048851013184,19400,0,0.0
2011-11-09,11.363636016845703,11.451048851013184,11.101398468017578,11.101398468017578,19500,0,0.0
2011-11-10,11.101398468017578,11.451048851013184,10.926573753356934,11.101398468017578,13700,0,0.0
2011-11-11,11.276224136352539,11.800699234008789,11.188811302185059,11.363636016845703,20600,0,0.0
2011-11-14,11.800699234008789,11.800699234008789,11.013985633850098,11.188811302185059,16900,0,0.0
2011-11-15,11.101398468017578,11.276224136352539,10.926573753356934,11.276224136352539,20200,0,0.0
2011-11-16,11.188811302185059,11.188811302185059,10.926573753356934,11.101398468017578,14600,0,0.0
2011-11-17,11.101398468017578,11.188811302185059,10.664335250854492,10.926573753356934,27700,0,0.0
2011-11-18,10.751748085021973,11.013985633850098,10.576923370361328,10.664335250854492,20100,0,0.0
2011-11-21,10.576923370361328,10.839160919189453,10.052447319030762,10.839160919189453,25100,0,0.0
2011-11-22,10.576923370361328,10.839160919189453,10.139860153198242,10.489510536193848,20500,0,0.0
2011-11-23,10.402097702026367,10.402097702026367,9.790209770202637,10.139860153198242,16800,0,0.0
2011-11-25,10.227272987365723,10.314684867858887,9.877622604370117,9.877622604370117,11000,0,0.0
2011-11-28,10.314684867858887,10.576923370361328,9.965035438537598,10.139860153198242,22000,0,0.0
2011-11-29,10.139860153198242,10.314684867858887,9.877622604370117,10.227272987365723,19900,0,0.0
2011-11-30,10.314684867858887,10.664335250854492,10.314684867858887,10.402097702026367,19300,0,0.0
2011-12-01,10.576923370361328,11.276224136352539,10.489510536193848,10.926573753356934,37200,0,0.0
2011-12-02,11.101398468017578,11.276224136352539,10.751748085021973,10.926573753356934,19800,0,0.0
2011-12-05,10.664335250854492,10.926573753356934,9.527972221374512,10.052447319030762,43900,0,0.0
2011-12-06,9.965035438537598,10.489510536193848,9.615385055541992,9.615385055541992,67700,0,0.0
2011-12-07,10.052447319030762,10.052447319030762,9.178321838378906,9.265734672546387,50800,0,0.0
2011-12-08,9.178321838378906,9.265734672546387,8.8286714553833,8.916084289550781,74800,0,0.0
2011-12-09,8.916084289550781,9.877622604370117,8.916084289550781,9.790209770202637,28100,0,0.0
2011-12-12,9.527972221374512,9.702796936035156,9.178321838378906,9.35314655303955,21200,0,0.0
2011-12-13,9.615385055541992,9.615385055541992,9.178321838378906,9.178321838378906,23500,0,0.0
2011-12-14,9.178321838378906,9.35314655303955,9.090909004211426,9.178321838378906,28800,0,0.0
2011-12-15,9.265734672546387,9.265734672546387,9.003496170043945,9.265734672546387,16400,0,0.0
2011-12-16,9.178321838378906,9.178321838378906,8.74125862121582,8.8286714553833,36900,0,0.0
2011-12-19,8.916084289550781,8.916084289550781,8.479021072387695,8.566433906555176,43800,0,0.0
2011-12-20,8.74125862121582,9.265734672546387,8.566433906555176,8.916084289550781,28600,0,0.0
2011-12-21,8.916084289550781,9.090909004211426,8.65384578704834,8.916084289550781,39700,0,0.0
2011-12-22,8.8286714553833,9.090909004211426,8.566433906555176,8.916084289550781,27200,0,0.0
2011-12-23,8.65384578704834,9.178321838378906,8.65384578704834,9.003496170043945,21500,0,0.0
2011-12-27,9.090909004211426,9.265734672546387,9.003496170043945,9.090909004211426,19400,0,0.0
2011-12-28,9.090909004211426,9.178321838378906,8.916084289550781,8.916084289550781,25100,0,0.0
2011-12-29,8.8286714553833,9.003496170043945,8.74125862121582,8.8286714553833,81600,0,0.0
2011-12-30,8.916084289550781,9.178321838378906,8.8286714553833,9.090909004211426,36900,0,0.0
2012-01-03,9.090909004211426,9.615385055541992,9.003496170043945,9.615385055541992,33800,0,0.0
2012-01-04,9.35314655303955,11.013985633850098,9.35314655303955,10.751748085021973,58200,0,0.0
2012-01-05,10.751748085021973,10.751748085021973,10.139860153198242,10.314684867858887,28600,0,0.0
2012-01-06,10.402097702026367,10.751748085021973,10.227272987365723,10.576923370361328,16700,0,0.0
2012-01-09,10.576923370361328,10.839160919189453,10.402097702026367,10.751748085021973,14100,0,0.0
2012-01-10,10.926573753356934,10.926573753356934,10.664335250854492,10.664335250854492,16100,0,0.0
2012-01-11,10.751748085021973,10.926573753356934,10.664335250854492,10.751748085021973,26800,0,0.0
2012-01-12,10.839160919189453,11.013985633850098,10.664335250854492,11.013985633850098,24400,0,0.0
2012-01-13,11.013985633850098,11.013985633850098,10.489510536193848,10.489510536193848,27600,0,0.0
2012-01-17,10.751748085021973,11.188811302185059,10.664335250854492,11.013985633850098,17300,0,0.0
2012-01-18,11.276224136352539,11.276224136352539,10.664335250854492,10.751748085021973,14200,0,0.0
2012-01-19,10.926573753356934,11.188811302185059,10.751748085021973,11.101398468017578,14800,0,0.0
2012-01-20,11.101398468017578,11.188811302185059,10.751748085021973,11.013985633850098,16000,0,0.0
2012-01-23,11.013985633850098,11.276224136352539,10.839160919189453,11.276224136352539,17100,0,0.0
2012-01-24,11.276224136352539,11.363636016845703,10.926573753356934,11.013985633850098,11000,0,0.0
2012-01-25,11.101398468017578,11.276224136352539,10.926573753356934,11.276224136352539,21100,0,0.0
2012-01-26,11.451048851013184,12.237762451171875,11.188811302185059,11.538461685180664,32200,0,0.0
2012-01-27,11.625874519348145,12.062936782836914,11.538461685180664,11.97552490234375,25800,0,0.0
2012-01-30,11.88811206817627,12.062936782836914,11.625874519348145,11.88811206817627,9300,0,0.0
2012-01-31,11.88811206817627,13.11188793182373,11.88811206817627,13.11188793182373,44300,0,0.0
2012-02-01,13.11188793182373,13.286713600158691,11.538461685180664,11.625874519348145,70200,0,0.0
2012-02-02,11.800699234008789,12.150349617004395,11.713286399841309,11.713286399841309,12800,0,0.0
2012-02-03,12.062936782836914,12.062936782836914,11.800699234008789,11.97552490234375,11000,0,0.0
2012-02-06,11.97552490234375,11.97552490234375,11.625874519348145,11.800699234008789,18500,0,0.0
2012-02-07,11.800699234008789,11.88811206817627,11.363636016845703,11.538461685180664,12100,0,0.0
2012-02-08,11.538461685180664,11.88811206817627,11.538461685180664,11.713286399841309,14200,0,0.0
2012-02-09,11.713286399841309,11.88811206817627,11.451048851013184,11.538461685180664,13600,0,0.0
2012-02-10,11.363636016845703,11.363636016845703,9.790209770202637,10.052447319030762,101100,0,0.0
2012-02-13,10.227272987365723,11.013985633850098,10.227272987365723,10.926573753356934,36800,0,0.0
2012-02-14,10.926573753356934,10.926573753356934,10.139860153198242,10.402097702026367,34100,0,0.0
2012-02-15,10.489510536193848,10.489510536193848,10.052447319030762,10.227272987365723,21500,0,0.0
2012-02-16,10.489510536193848,10.751748085021973,10.052447319030762,10.664335250854492,16700,0,0.0
2012-02-17,10.576923370361328,10.926573753356934,10.402097702026367,10.664335250854492,21600,0,0.0
2012-02-21,10.576923370361328,10.576923370361328,10.139860153198242,10.576923370361328,26200,0,0.0
2012-02-22,10.402097702026367,10.576923370361328,10.314684867858887,10.489510536193848,10500,0,0.0
2012-02-23,10.576923370361328,10.926573753356934,10.139860153198242,10.576923370361328,38100,0,0.0
2012-02-24,10.576923370361328,10.926573753356934,10.489510536193848,10.839160919189453,12200,0,0.0
2012-02-27,10.926573753356934,11.101398468017578,10.402097702026367,10.926573753356934,17300,0,0.0
2012-02-28,10.664335250854492,11.101398468017578,10.576923370361328,11.101398468017578,24300,0,0.0
2012-02-29,11.451048851013184,11.538461685180664,10.489510536193848,11.013985633850098,27600,0,0.0
2012-03-01,10.664335250854492,11.363636016845703,10.576923370361328,11.188811302185059,11600,0,0.0
2012-03-02,11.101398468017578,11.101398468017578,10.751748085021973,10.839160919189453,16200,0,0.0
2012-03-05,10.314684867858887,10.839160919189453,10.314684867858887,10.314684867858887,35500,0,0.0
2012-03-06,10.314684867858887,10.314684867858887,9.877622604370117,10.227272987365723,35900,0,0.0
2012-03-07,10.139860153198242,10.489510536193848,10.052447319030762,10.402097702026367,13900,0,0.0
2012-03-08,10.402097702026367,10.576923370361328,10.314684867858887,10.576923370361328,12900,0,0.0
2012-03-09,10.664335250854492,10.664335250854492,10.314684867858887,10.402097702026367,15600,0,0.0
2012-03-12,10.314684867858887,10.314684867858887,10.139860153198242,10.139860153198242,5300,0,0.0
2012-03-13,10.139860153198242,10.402097702026367,10.052447319030762,10.227272987365723,21000,0,0.0
2012-03-14,10.052447319030762,10.227272987365723,10.052447319030762,10.227272987365723,21300,0,0.0
2012-03-15,10.052447319030762,10.751748085021973,9.965035438537598,10.751748085021973,26200,0,0.0
2012-03-16,10.751748085021973,11.625874519348145,10.314684867858887,11.538461685180664,49700,0,0.0
2012-03-19,11.276224136352539,11.276224136352539,10.926573753356934,11.101398468017578,15700,0,0.0
2012-03-20,10.926573753356934,11.013985633850098,10.227272987365723,10.227272987365723,18200,0,0.0
2012-03-21,10.227272987365723,10.576923370361328,10.227272987365723,10.314684867858887,10500,0,0.0
2012-03-22,10.314684867858887,10.664335250854492,10.314684867858887,10.664335250854492,10000,0,0.0
2012-03-23,10.664335250854492,10.751748085021973,10.402097702026367,10.664335250854492,7000,0,0.0
2012-03-26,10.751748085021973,10.926573753356934,10.314684867858887,10.314684867858887,21400,0,0.0
2012-03-27,10.489510536193848,10.576923370361328,10.227272987365723,10.576923370361328,22000,0,0.0
2012-03-28,10.489510536193848,10.489510536193848,10.227272987365723,10.227272987365723,16000,0,0.0
2012-03-29,10.314684867858887,10.664335250854492,10.227272987365723,10.314684867858887,11700,0,0.0
2012-03-30,10.314684867858887,10.489510536193848,10.139860153198242,10.139860153198242,13300,0,0.0
2012-04-02,10.314684867858887,10.402097702026367,10.139860153198242,10.139860153198242,11400,0,0.0
2012-04-03,10.227272987365723,10.227272987365723,9.965035438537598,9.965035438537598,34300,0,0.0
2012-04-04,9.702796936035156,10.139860153198242,9.702796936035156,9.965035438537598,24200,0,0.0
2012-04-05,9.877622604370117,10.052447319030762,9.702796936035156,9.790209770202637,13600,0,0.0
2012-04-09,9.702796936035156,9.790209770202637,9.615385055541992,9.615385055541992,17100,0,0.0
2012-04-10,9.615385055541992,9.790209770202637,8.916084289550781,9.090909004211426,39800,0,0.0
2012-04-11,9.003496170043945,9.877622604370117,8.916084289550781,9.877622604370117,19500,0,0.0
2012-04-12,9.790209770202637,9.877622604370117,9.527972221374512,9.615385055541992,20000,0,0.0
2012-04-13,9.702796936035156,9.790209770202637,9.090909004211426,9.790209770202637,17000,0,0.0
2012-04-16,9.615385055541992,9.615385055541992,9.090909004211426,9.178321838378906,18000,0,0.0
2012-04-17,8.74125862121582,9.527972221374512,8.74125862121582,9.178321838378906,23400,0,0.0
2012-04-18,9.003496170043945,9.527972221374512,9.003496170043945,9.35314655303955,14400,0,0.0
2012-04-19,9.090909004211426,9.35314655303955,9.003496170043945,9.003496170043945,20300,0,0.0
2012-04-20,9.265734672546387,9.440559387207031,9.178321838378906,9.178321838378906,10500,0,0.0
2012-04-23,9.178321838378906,9.35314655303955,9.003496170043945,9.090909004211426,29800,0,0.0
2012-04-24,9.265734672546387,9.440559387207031,9.090909004211426,9.440559387207031,10700,0,0.0
2012-04-25,9.003496170043945,9.440559387207031,8.916084289550781,9.440559387207031,13300,0,0.0
2012-04-26,9.35314655303955,9.35314655303955,9.178321838378906,9.35314655303955,5100,0,0.0
2012-04-27,9.178321838378906,9.440559387207031,9.178321838378906,9.440559387207031,7000,0,0.0
2012-04-30,9.35314655303955,9.35314655303955,8.8286714553833,8.8286714553833,46000,0,0.0
2012-05-01,9.003496170043945,9.615385055541992,8.8286714553833,9.440559387207031,30600,0,0.0
2012-05-02,9.440559387207031,9.440559387207031,9.265734672546387,9.440559387207031,5300,0,0.0
2012-05-03,9.265734672546387,9.440559387207031,8.8286714553833,9.265734672546387,17500,0,0.0
2012-05-04,9.178321838378906,9.35314655303955,8.916084289550781,9.35314655303955,14900,0,0.0
2012-05-07,9.178321838378906,9.178321838378906,8.916084289550781,8.916084289550781,12400,0,0.0
2012-05-08,9.178321838378906,9.178321838378906,8.8286714553833,8.8286714553833,28700,0,0.0
2012-05-09,8.916084289550781,9.440559387207031,8.74125862121582,9.440559387207031,42200,0,0.0
2012-05-10,9.090909004211426,9.440559387207031,8.8286714553833,9.178321838378906,15300,0,0.0
2012-05-11,9.178321838378906,9.178321838378906,8.74125862121582,8.74125862121582,22800,0,0.0
2012-05-14,8.74125862121582,8.8286714553833,8.479021072387695,8.65384578704834,29200,0,0.0
2012-05-15,8.65384578704834,8.74125862121582,8.21678352355957,8.304195404052734,30000,0,0.0
2012-05-16,8.391608238220215,8.479021072387695,7.604895114898682,7.779720306396484,41300,0,0.0
2012-05-17,7.692307472229004,7.779720306396484,7.430069923400879,7.604895114898682,29100,0,0.0
2012-05-18,7.692307472229004,8.04195785522461,7.604895114898682,7.779720306396484,24600,0,0.0
2012-05-21,7.867132663726807,7.867132663726807,7.692307472229004,7.867132663726807,14400,0,0.0
2012-05-22,8.04195785522461,8.04195785522461,6.993007183074951,7.342657566070557,43600,0,0.0
2012-05-23,7.255244731903076,7.342657566070557,7.167832374572754,7.255244731903076,15600,0,0.0
2012-05-24,7.255244731903076,7.430069923400879,7.080419540405273,7.080419540405273,16000,0,0.0
2012-05-25,6.993007183074951,7.430069923400879,6.993007183074951,7.167832374572754,12500,0,0.0
2012-05-29,7.080419540405273,7.342657566070557,6.555943965911865,6.905594348907471,28400,0,0.0
2012-05-30,6.905594348907471,6.905594348907471,6.20629358291626,6.468531608581543,36000,0,0.0
2012-05-31,6.468531608581543,6.468531608581543,5.944056034088135,6.3811187744140625,20400,0,0.0
2012-06-01,6.29370641708374,6.468531608581543,5.856643199920654,6.29370641708374,12900,0,0.0
2012-06-04,6.031468391418457,6.29370641708374,5.944056034088135,6.1188812255859375,26700,0,0.0
2012-06-05,6.1188812255859375,7.080419540405273,6.1188812255859375,6.818181991577148,28900,0,0.0
2012-06-06,6.993007183074951,8.566433906555176,6.818181991577148,8.21678352355957,51300,0,0.0
2012-06-07,8.04195785522461,8.391608238220215,7.604895114898682,8.04195785522461,52400,0,0.0
2012-06-08,7.867132663726807,8.21678352355957,7.779720306396484,8.04195785522461,4400,0,0.0
2012-06-11,8.21678352355957,8.21678352355957,6.730769157409668,6.818181991577148,42400,0,0.0
2012-06-12,6.818181991577148,6.905594348907471,6.643356800079346,6.818181991577148,17400,0,0.0
2012-06-13,6.730769157409668,7.167832374572754,6.730769157409668,6.818181991577148,12700,0,0.0
2012-06-14,6.993007183074951,7.167832374572754,6.555943965911865,6.643356800079346,24100,0,0.0
2012-06-15,6.818181991577148,7.167832374572754,6.555943965911865,7.080419540405273,17600,0,0.0
2012-06-18,6.730769157409668,7.342657566070557,6.555943965911865,7.080419540405273,12600,0,0.0
2012-06-19,7.342657566070557,7.342657566070557,6.818181991577148,7.080419540405273,11200,0,0.0
2012-06-20,7.255244731903076,7.867132663726807,7.080419540405273,7.692307472229004,26900,0,0.0
2012-06-21,7.867132663726807,7.867132663726807,7.517482280731201,7.692307472229004,32400,0,0.0
2012-06-22,7.692307472229004,7.867132663726807,7.517482280731201,7.867132663726807,8300,0,0.0
2012-06-25,7.779720306396484,7.867132663726807,6.905594348907471,7.342657566070557,29800,0,0.0
2012-06-26,7.342657566070557,7.430069923400879,6.905594348907471,7.167832374572754,18600,0,0.0
2012-06-27,7.517482280731201,7.517482280731201,6.905594348907471,7.167832374572754,10100,0,0.0
2012-06-28,7.430069923400879,7.430069923400879,6.643356800079346,6.993007183074951,18300,0,0.0
2012-06-29,7.080419540405273,7.430069923400879,6.905594348907471,7.167832374572754,12000,0,0.0
2012-07-02,7.430069923400879,7.430069923400879,7.255244731903076,7.255244731903076,8200,0,0.0
2012-07-03,7.255244731903076,7.604895114898682,7.080419540405273,7.517482280731201,25100,0,0.0
2012-07-05,7.692307472229004,7.692307472229004,7.342657566070557,7.517482280731201,7500,0,0.0
2012-07-06,7.517482280731201,7.517482280731201,6.993007183074951,7.342657566070557,9800,0,0.0
2012-07-09,7.342657566070557,7.692307472229004,6.993007183074951,7.692307472229004,16200,0,0.0
2012-07-10,7.867132663726807,8.304195404052734,7.517482280731201,8.304195404052734,37200,0,0.0
2012-07-11,8.304195404052734,9.527972221374512,8.304195404052734,9.090909004211426,50100,0,0.0
2012-07-12,9.090909004211426,9.178321838378906,7.692307472229004,7.954545497894287,38900,0,0.0
2012-07-13,7.954545497894287,8.479021072387695,7.954545497894287,8.21678352355957,15500,0,0.0
2012-07-16,8.566433906555176,8.566433906555176,7.867132663726807,8.304195404052734,12500,0,0.0
2012-07-17,8.8286714553833,8.8286714553833,8.21678352355957,8.65384578704834,16600,0,0.0
2012-07-18,8.74125862121582,9.35314655303955,8.65384578704834,9.090909004211426,22900,0,0.0
2012-07-19,9.35314655303955,9.35314655303955,9.003496170043945,9.35314655303955,11200,0,0.0
2012-07-20,9.440559387207031,9.440559387207031,8.65384578704834,8.65384578704834,15700,0,0.0
2012-07-23,8.566433906555176,9.35314655303955,8.391608238220215,8.8286714553833,4800,0,0.0
2012-07-24,9.090909004211426,9.265734672546387,8.566433906555176,8.74125862121582,8900,0,0.0
2012-07-25,8.74125862121582,9.440559387207031,8.566433906555176,9.178321838378906,18000,0,0.0
2012-07-26,9.615385055541992,9.965035438537598,9.615385055541992,9.965035438537598,29200,0,0.0
2012-07-27,9.965035438537598,9.965035438537598,9.702796936035156,9.965035438537598,12400,0,0.0
2012-07-30,10.227272987365723,10.227272987365723,9.090909004211426,9.702796936035156,16200,0,0.0
2012-07-31,9.615385055541992,9.702796936035156,9.440559387207031,9.615385055541992,6300,0,0.0
2012-08-01,9.877622604370117,9.877622604370117,9.265734672546387,9.440559387207031,5000,0,0.0
2012-08-02,8.8286714553833,9.790209770202637,8.74125862121582,9.790209770202637,20300,0,0.0
2012-08-03,10.052447319030762,10.139860153198242,9.615385055541992,10.139860153198242,17600,0,0.0
2012-08-06,10.052447319030762,10.139860153198242,9.615385055541992,10.139860153198242,7500,0,0.0
2012-08-07,10.227272987365723,10.489510536193848,10.139860153198242,10.402097702026367,19900,0,0.0
2012-08-08,10.489510536193848,10.489510536193848,10.139860153198242,10.227272987365723,17800,0,0.0
2012-08-09,10.402097702026367,10.576923370361328,10.314684867858887,10.489510536193848,11400,0,0.0
2012-08-10,10.576923370361328,10.576923370361328,10.227272987365723,10.314684867858887,5500,0,0.0
2012-08-13,10.052447319030762,10.489510536193848,8.65384578704834,9.003496170043945,65600,0,0.0
2012-08-14,9.178321838378906,10.227272987365723,9.178321838378906,9.965035438537598,21300,0,0.0
2012-08-15,10.052447319030762,10.314684867858887,9.965035438537598,10.314684867858887,10600,0,0.0
2012-08-16,10.227272987365723,10.489510536193848,10.052447319030762,10.489510536193848,13700,0,0.0
2012-08-17,10.402097702026367,10.402097702026367,9.965035438537598,10.139860153198242,11100,0,0.0
2012-08-20,10.139860153198242,10.227272987365723,9.877622604370117,10.052447319030762,7400,0,0.0
2012-08-21,10.314684867858887,10.402097702026367,10.052447319030762,10.052447319030762,9200,0,0.0
2012-08-22,10.227272987365723,10.489510536193848,10.139860153198242,10.489510536193848,8300,0,0.0
2012-08-23,10.402097702026367,10.489510536193848,10.314684867858887,10.402097702026367,6600,0,0.0
2012-08-24,10.227272987365723,10.402097702026367,9.965035438537598,9.965035438537598,14800,0,0.0
2012-08-27,10.052447319030762,10.227272987365723,9.702796936035156,10.227272987365723,10000,0,0.0
2012-08-28,9.615385055541992,10.227272987365723,9.615385055541992,10.139860153198242,19500,0,0.0
2012-08-29,9.965035438537598,10.489510536193848,9.790209770202637,10.489510536193848,14700,0,0.0
2012-08-30,10.314684867858887,10.314684867858887,9.440559387207031,10.139860153198242,24000,0,0.0
2012-08-31,10.227272987365723,10.314684867858887,9.527972221374512,10.052447319030762,9300,0,0.0
2012-09-04,9.790209770202637,10.052447319030762,9.615385055541992,9.615385055541992,6600,0,0.0
2012-09-05,9.615385055541992,9.790209770202637,9.35314655303955,9.790209770202637,6500,0,0.0
2012-09-06,9.790209770202637,10.052447319030762,9.615385055541992,9.702796936035156,5200,0,0.0
2012-09-07,9.440559387207031,9.790209770202637,9.35314655303955,9.790209770202637,18600,0,0.0
2012-09-10,9.615385055541992,9.702796936035156,9.35314655303955,9.440559387207031,15400,0,0.0
2012-09-11,9.615385055541992,10.052447319030762,9.527972221374512,9.965035438537598,5800,0,0.0
2012-09-12,9.965035438537598,10.314684867858887,9.702796936035156,10.314684867858887,18600,0,0.0
2012-09-13,10.314684867858887,10.402097702026367,10.139860153198242,10.314684867858887,20800,0,0.0
2012-09-14,10.489510536193848,10.489510536193848,10.052447319030762,10.139860153198242,20000,0,0.0
2012-09-17,10.314684867858887,10.402097702026367,10.227272987365723,10.402097702026367,9800,0,0.0
2012-09-18,10.052447319030762,10.402097702026367,10.052447319030762,10.402097702026367,8400,0,0.0
2012-09-19,10.402097702026367,10.402097702026367,9.965035438537598,9.965035438537598,13600,0,0.0
2012-09-20,9.965035438537598,9.965035438537598,9.615385055541992,9.615385055541992,17100,0,0.0
2012-09-21,9.790209770202637,10.227272987365723,9.440559387207031,9.440559387207031,39800,0,0.0
2012-09-24,9.790209770202637,10.052447319030762,9.615385055541992,9.877622604370117,19900,0,0.0
2012-09-25,9.790209770202637,10.227272987365723,9.790209770202637,9.965035438537598,12900,0,0.0
2012-09-26,10.227272987365723,10.227272987365723,9.790209770202637,9.877622604370117,8500,0,0.0
2012-09-27,9.877622604370117,10.139860153198242,9.877622604370117,10.052447319030762,11200,0,0.0
2012-09-28,10.139860153198242,10.139860153198242,10.052447319030762,10.139860153198242,6000,0,0.0
2012-10-01,10.139860153198242,10.139860153198242,9.965035438537598,9.965035438537598,9800,0,0.0
2012-10-02,10.227272987365723,10.227272987365723,9.877622604370117,9.877622604370117,15000,0,0.0
2012-10-03,9.877622604370117,10.052447319030762,9.702796936035156,9.702796936035156,12600,0,0.0
2012-10-04,9.965035438537598,10.139860153198242,9.440559387207031,9.527972221374512,28900,0,0.0
2012-10-05,9.790209770202637,9.965035438537598,9.527972221374512,9.615385055541992,6000,0,0.0
2012-10-08,9.527972221374512,9.965035438537598,9.440559387207031,9.527972221374512,17000,0,0.0
2012-10-09,9.527972221374512,9.790209770202637,9.440559387207031,9.527972221374512,8200,0,0.0
2012-10-10,9.615385055541992,10.227272987365723,9.615385055541992,10.052447319030762,26700,0,0.0
2012-10-11,10.139860153198242,10.139860153198242,9.877622604370117,9.965035438537598,21400,0,0.0
2012-10-12,9.965035438537598,10.139860153198242,9.877622604370117,10.052447319030762,4800,0,0.0
2012-10-15,10.052447319030762,10.227272987365723,10.052447319030762,10.227272987365723,9700,0,0.0
2012-10-16,10.139860153198242,10.227272987365723,9.702796936035156,9.790209770202637,25600,0,0.0
2012-10-17,9.965035438537598,10.052447319030762,9.615385055541992,9.877622604370117,15000,0,0.0
2012-10-18,9.877622604370117,10.227272987365723,9.615385055541992,9.702796936035156,18500,0,0.0
2012-10-19,9.702796936035156,10.139860153198242,9.440559387207031,9.527972221374512,16600,0,0.0
2012-10-22,9.527972221374512,9.790209770202637,9.440559387207031,9.615385055541992,15100,0,0.0
2012-10-23,9.615385055541992,9.615385055541992,9.178321838378906,9.35314655303955,22200,0,0.0
2012-10-24,9.615385055541992,9.615385055541992,8.916084289550781,9.178321838378906,24200,0,0.0
2012-10-25,9.35314655303955,9.35314655303955,8.74125862121582,8.74125862121582,28500,0,0.0
2012-10-26,8.65384578704834,9.615385055541992,8.65384578704834,9.265734672546387,28600,0,0.0
2012-10-31,9.527972221374512,9.877622604370117,9.003496170043945,9.615385055541992,10700,0,0.0
2012-11-01,9.615385055541992,9.615385055541992,9.35314655303955,9.440559387207031,7200,0,0.0
2012-11-02,9.265734672546387,9.615385055541992,9.265734672546387,9.527972221374512,10400,0,0.0
2012-11-05,9.35314655303955,9.702796936035156,9.35314655303955,9.702796936035156,14000,0,0.0
2012-11-06,9.965035438537598,9.965035438537598,9.615385055541992,9.702796936035156,10000,0,0.0
2012-11-07,9.35314655303955,9.877622604370117,9.178321838378906,9.877622604370117,25900,0,0.0
2012-11-08,9.702796936035156,9.790209770202637,9.178321838378906,9.527972221374512,22900,0,0.0
2012-11-09,9.440559387207031,9.615385055541992,9.178321838378906,9.440559387207031,12500,0,0.0
2012-11-12,9.35314655303955,9.440559387207031,9.090909004211426,9.440559387207031,10500,0,0.0
2012-11-13,9.35314655303955,9.440559387207031,9.003496170043945,9.003496170043945,16300,0,0.0
2012-11-14,9.178321838378906,9.178321838378906,8.74125862121582,8.74125862121582,22200,0,0.0
2012-11-15,8.74125862121582,8.916084289550781,8.566433906555176,8.65384578704834,32500,0,0.0
2012-11-16,8.65384578704834,8.8286714553833,8.391608238220215,8.391608238220215,15600,0,0.0
2012-11-19,8.391608238220215,9.090909004211426,8.391608238220215,9.003496170043945,18300,0,0.0
2012-11-20,9.178321838378906,9.178321838378906,8.74125862121582,9.003496170043945,13500,0,0.0
2012-11-21,9.003496170043945,9.003496170043945,8.566433906555176,8.65384578704834,13800,0,0.0
2012-11-23,8.74125862121582,9.003496170043945,8.304195404052734,8.566433906555176,10200,0,0.0
2012-11-26,8.74125862121582,9.003496170043945,8.391608238220215,8.74125862121582,17400,0,0.0
2012-11-27,8.74125862121582,8.74125862121582,8.391608238220215,8.479021072387695,12000,0,0.0
2012-11-28,8.74125862121582,8.74125862121582,8.391608238220215,8.391608238220215,10000,0,0.0
2012-11-29,8.391608238220215,8.65384578704834,8.04195785522461,8.04195785522461,28800,0,0.0
2012-11-30,8.04195785522461,8.12937068939209,7.867132663726807,7.954545497894287,15800,0,0.0
2012-12-03,7.954545497894287,8.12937068939209,7.430069923400879,7.954545497894287,39100,0,0.0
2012-12-04,7.604895114898682,7.867132663726807,7.604895114898682,7.692307472229004,15500,0,0.0
2012-12-05,7.604895114898682,8.04195785522461,7.604895114898682,8.04195785522461,18200,0,0.0
2012-12-06,8.12937068939209,8.12937068939209,7.867132663726807,8.12937068939209,20500,0,0.0
2012-12-07,8.304195404052734,8.391608238220215,7.692307472229004,7.954545497894287,29400,0,0.0
2012-12-10,8.04195785522461,8.04195785522461,7.604895114898682,7.867132663726807,10800,0,0.0
2012-12-11,7.779720306396484,7.867132663726807,7.692307472229004,7.779720306396484,5200,0,0.0
2012-12-12,7.867132663726807,8.12937068939209,7.867132663726807,7.954545497894287,8200,0,0.0
2012-12-13,8.12937068939209,8.21678352355957,7.779720306396484,8.04195785522461,14300,0,0.0
2012-12-14,7.779720306396484,8.04195785522461,7.604895114898682,7.954545497894287,11900,0,0.0
2012-12-17,7.867132663726807,8.04195785522461,7.692307472229004,7.867132663726807,10700,0,0.0
2012-12-18,7.779720306396484,7.867132663726807,7.517482280731201,7.692307472229004,13000,0,0.0
2012-12-19,7.779720306396484,7.954545497894287,7.604895114898682,7.954545497894287,11800,0,0.0
2012-12-20,7.867132663726807,8.04195785522461,7.867132663726807,7.867132663726807,12500,0,0.0
2012-12-21,7.954545497894287,8.391608238220215,7.604895114898682,8.391608238220215,22300,0,0.0
2012-12-24,7.779720306396484,8.391608238220215,7.692307472229004,8.21678352355957,21500,0,0.0
2012-12-26,8.12937068939209,8.12937068939209,7.867132663726807,7.954545497894287,5600,0,0.0
2012-12-27,7.779720306396484,7.867132663726807,7.604895114898682,7.692307472229004,27700,0,0.0
2012-12-28,7.604895114898682,7.867132663726807,7.517482280731201,7.604895114898682,28500,0,0.0
2012-12-31,7.517482280731201,8.04195785522461,7.517482280731201,8.04195785522461,36300,0,0.0
2013-01-02,8.04195785522461,8.391608238220215,7.954545497894287,8.12937068939209,28500,0,0.0
2013-01-03,8.304195404052734,8.391608238220215,7.954545497894287,8.304195404052734,40000,0,0.0
2013-01-04,8.304195404052734,8.479021072387695,7.954545497894287,8.04195785522461,22500,0,0.0
2013-01-07,8.04195785522461,8.391608238220215,7.867132663726807,8.304195404052734,18600,0,0.0
2013-01-08,8.04195785522461,8.304195404052734,8.04195785522461,8.04195785522461,15100,0,0.0
2013-01-09,7.954545497894287,8.21678352355957,7.954545497894287,8.12937068939209,6600,0,0.0
2013-01-10,7.954545497894287,8.21678352355957,7.342657566070557,8.12937068939209,28800,0,0.0
2013-01-11,8.21678352355957,8.21678352355957,7.954545497894287,8.12937068939209,12500,0,0.0
2013-01-14,8.21678352355957,8.21678352355957,8.04195785522461,8.04195785522461,5700,0,0.0
2013-01-15,8.04195785522461,8.12937068939209,7.954545497894287,8.12937068939209,13100,0,0.0
2013-01-16,8.12937068939209,8.21678352355957,7.954545497894287,8.12937068939209,15000,0,0.0
2013-01-17,8.04195785522461,8.304195404052734,7.954545497894287,8.304195404052734,26500,0,0.0
2013-01-18,8.304195404052734,8.479021072387695,7.954545497894287,8.04195785522461,42800,0,0.0
2013-01-22,7.954545497894287,8.21678352355957,7.954545497894287,8.04195785522461,50700,0,0.0
2013-01-23,8.04195785522461,8.04195785522461,7.867132663726807,7.954545497894287,24100,0,0.0
2013-01-24,7.867132663726807,8.479021072387695,7.604895114898682,8.391608238220215,25700,0,0.0
2013-01-25,8.479021072387695,8.479021072387695,8.04195785522461,8.391608238220215,7200,0,0.0
2013-01-28,8.304195404052734,8.74125862121582,8.304195404052734,8.566433906555176,36900,0,0.0
2013-01-29,8.479021072387695,9.178321838378906,8.391608238220215,8.916084289550781,17200,0,0.0
2013-01-30,9.003496170043945,9.790209770202637,9.003496170043945,9.790209770202637,44700,0,0.0
2013-01-31,9.877622604370117,9.877622604370117,9.527972221374512,9.877622604370117,36900,0,0.0
2013-02-01,9.527972221374512,9.965035438537598,9.527972221374512,9.965035438537598,37800,0,0.0
2013-02-04,10.052447319030762,10.052447319030762,9.877622604370117,9.877622604370117,20000,0,0.0
2013-02-05,9.790209770202637,10.751748085021973,9.790209770202637,10.751748085021973,82600,0,0.0
2013-02-06,10.664335250854492,10.926573753356934,10.139860153198242,10.839160919189453,51800,0,0.0
2013-02-07,10.839160919189453,10.926573753356934,10.227272987365723,10.489510536193848,37400,0,0.0
2013-02-08,10.489510536193848,10.576923370361328,10.314684867858887,10.489510536193848,10300,0,0.0
2013-02-11,10.664335250854492,10.664335250854492,10.314684867858887,10.314684867858887,14200,0,0.0
2013-02-12,10.489510536193848,10.489510536193848,10.227272987365723,10.402097702026367,14500,0,0.0
2013-02-13,10.489510536193848,10.489510536193848,9.615385055541992,9.702796936035156,32800,0,0.0
2013-02-14,9.615385055541992,9.965035438537598,9.35314655303955,9.615385055541992,21900,0,0.0
2013-02-15,9.615385055541992,9.790209770202637,9.527972221374512,9.702796936035156,26700,0,0.0
2013-02-19,9.702796936035156,10.314684867858887,9.615385055541992,10.314684867858887,19300,0,0.0
2013-02-20,9.965035438537598,10.664335250854492,9.790209770202637,10.576923370361328,54900,0,0.0
2013-02-21,10.576923370361328,10.576923370361328,10.227272987365723,10.227272987365723,22500,0,0.0
2013-02-22,10.402097702026367,10.489510536193848,10.227272987365723,10.314684867858887,15600,0,0.0
2013-02-25,10.227272987365723,10.314684867858887,9.790209770202637,9.877622604370117,20900,0,0.0
2013-02-26,9.790209770202637,10.402097702026367,9.790209770202637,10.402097702026367,10700,0,0.0
2013-02-27,10.489510536193848,10.489510536193848,10.052447319030762,10.052447319030762,22000,0,0.0
2013-02-28,9.877622604370117,10.227272987365723,9.877622604370117,10.227272987365723,12200,0,0.0
2013-03-01,10.227272987365723,10.314684867858887,10.139860153198242,10.227272987365723,12400,0,0.0
2013-03-04,10.139860153198242,10.402097702026367,10.052447319030762,10.139860153198242,24500,0,0.0
2013-03-05,10.314684867858887,10.314684867858887,10.052447319030762,10.139860153198242,10200,0,0.0
2013-03-06,10.139860153198242,10.314684867858887,10.052447319030762,10.227272987365723,4700,0,0.0
2013-03-07,10.314684867858887,10.402097702026367,10.052447319030762,10.052447319030762,17700,0,0.0
2013-03-08,9.965035438537598,10.402097702026367,9.965035438537598,10.402097702026367,14400,0,0.0
2013-03-11,10.489510536193848,10.489510536193848,10.052447319030762,10.402097702026367,23700,0,0.0
2013-03-12,10.227272987365723,10.489510536193848,10.052447319030762,10.402097702026367,23400,0,0.0
2013-03-13,10.314684867858887,10.489510536193848,10.139860153198242,10.139860153198242,19900,0,0.0
2013-03-14,10.139860153198242,10.314684867858887,10.139860153198242,10.227272987365723,9200,0,0.0
2013-03-15,10.402097702026367,10.402097702026367,9.965035438537598,9.965035438537598,14700,0,0.0
2013-03-18,10.052447319030762,10.139860153198242,9.877622604370117,9.877622604370117,14800,0,0.0
2013-03-19,10.139860153198242,10.489510536193848,9.965035438537598,10.489510536193848,12500,0,0.0
2013-03-20,10.751748085021973,10.751748085021973,10.227272987365723,10.489510536193848,28800,0,0.0
2013-03-21,10.314684867858887,10.576923370361328,10.052447319030762,10.227272987365723,16300,0,0.0
2013-03-22,10.314684867858887,10.489510536193848,10.139860153198242,10.489510536193848,12900,0,0.0
2013-03-25,10.576923370361328,10.576923370361328,10.227272987365723,10.576923370361328,17100,0,0.0
2013-03-26,10.227272987365723,10.576923370361328,10.227272987365723,10.576923370361328,16900,0,0.0
2013-03-27,10.576923370361328,10.576923370361328,10.314684867858887,10.314684867858887,5600,0,0.0
2013-03-28,10.489510536193848,10.576923370361328,10.314684867858887,10.314684867858887,7900,0,0.0
2013-04-01,10.314684867858887,10.314684867858887,10.052447319030762,10.139860153198242,22200,0,0.0
2013-04-02,10.052447319030762,10.314684867858887,9.965035438537598,10.052447319030762,17300,0,0.0
2013-04-03,9.877622604370117,10.052447319030762,9.877622604370117,10.052447319030762,7600,0,0.0
2013-04-04,9.965035438537598,10.402097702026367,9.965035438537598,10.314684867858887,9300,0,0.0
2013-04-05,9.965035438537598,10.402097702026367,9.877622604370117,10.227272987365723,12400,0,0.0
2013-04-08,10.052447319030762,10.402097702026367,9.965035438537598,10.402097702026367,8000,0,0.0
2013-04-09,10.314684867858887,10.402097702026367,10.052447319030762,10.314684867858887,18100,0,0.0
2013-04-10,10.402097702026367,10.489510536193848,10.227272987365723,10.489510536193848,32600,0,0.0
2013-04-11,9.877622604370117,10.314684867858887,9.877622604370117,9.965035438537598,58900,0,0.0
2013-04-12,9.877622604370117,10.052447319030762,9.702796936035156,9.877622604370117,35900,0,0.0
2013-04-15,9.790209770202637,9.877622604370117,8.74125862121582,9.178321838378906,52300,0,0.0
2013-04-16,9.090909004211426,9.265734672546387,8.65384578704834,8.8286714553833,19700,0,0.0
2013-04-17,8.8286714553833,9.440559387207031,8.8286714553833,9.178321838378906,15000,0,0.0
2013-04-18,9.527972221374512,9.615385055541992,9.090909004211426,9.527972221374512,15300,0,0.0
2013-04-19,9.440559387207031,10.139860153198242,9.35314655303955,10.052447319030762,28200,0,0.0
2013-04-22,9.440559387207031,9.877622604370117,9.440559387207031,9.790209770202637,9200,0,0.0
2013-04-23,9.965035438537598,10.052447319030762,9.702796936035156,9.877622604370117,12200,0,0.0
2013-04-24,10.052447319030762,10.139860153198242,9.790209770202637,9.877622604370117,10700,0,0.0
2013-04-25,9.790209770202637,10.139860153198242,9.702796936035156,9.965035438537598,13000,0,0.0
2013-04-26,9.790209770202637,10.052447319030762,9.790209770202637,9.790209770202637,7100,0,0.0
2013-04-29,9.877622604370117,10.227272987365723,9.702796936035156,9.702796936035156,13500,0,0.0
2013-04-30,9.790209770202637,9.965035438537598,9.615385055541992,9.877622604370117,9900,0,0.0
2013-05-01,9.965035438537598,9.965035438537598,9.702796936035156,9.702796936035156,3500,0,0.0
2013-05-02,9.702796936035156,9.790209770202637,9.265734672546387,9.527972221374512,9800,0,0.0
2013-05-03,9.702796936035156,9.877622604370117,9.702796936035156,9.877622604370117,9100,0,0.0
2013-05-06,9.790209770202637,9.877622604370117,9.702796936035156,9.702796936035156,4400,0,0.0
2013-05-07,9.35314655303955,9.877622604370117,9.35314655303955,9.702796936035156,7700,0,0.0
2013-05-08,9.790209770202637,10.052447319030762,9.35314655303955,9.35314655303955,10800,0,0.0
2013-05-09,9.615385055541992,9.965035438537598,9.615385055541992,9.965035438537598,10600,0,0.0
2013-05-10,9.965035438537598,9.965035438537598,9.702796936035156,9.790209770202637,10000,0,0.0
2013-05-13,9.790209770202637,9.965035438537598,9.702796936035156,9.965035438537598,6200,0,0.0
2013-05-14,9.965035438537598,9.965035438537598,9.527972221374512,9.790209770202637,16600,0,0.0
2013-05-15,9.965035438537598,10.139860153198242,9.965035438537598,10.139860153198242,18000,0,0.0
2013-05-16,9.35314655303955,10.227272987365723,9.35314655303955,10.139860153198242,10800,0,0.0
2013-05-17,10.139860153198242,10.227272987365723,10.139860153198242,10.227272987365723,18700,0,0.0
2013-05-20,10.227272987365723,10.227272987365723,10.139860153198242,10.227272987365723,5800,0,0.0
2013-05-21,10.139860153198242,10.402097702026367,10.139860153198242,10.402097702026367,34800,0,0.0
2013-05-22,10.402097702026367,10.402097702026367,10.139860153198242,10.314684867858887,6300,0,0.0
2013-05-23,10.227272987365723,10.314684867858887,9.790209770202637,10.052447319030762,7300,0,0.0
2013-05-24,9.790209770202637,9.790209770202637,8.8286714553833,9.790209770202637,67000,0,0.0
2013-05-28,9.615385055541992,9.702796936035156,9.440559387207031,9.702796936035156,16100,0,0.0
2013-05-29,9.440559387207031,9.790209770202637,9.35314655303955,9.790209770202637,39500,0,0.0
2013-05-30,9.877622604370117,10.402097702026367,9.702796936035156,10.402097702026367,38000,0,0.0
2013-05-31,10.5,10.600000381469727,10.100000381469727,10.5,59600,0,1.144
2013-06-03,10.5,10.699999809265137,10.399999618530273,10.699999809265137,22400,0,0.0
2013-06-04,10.699999809265137,10.699999809265137,10.399999618530273,10.399999618530273,18900,0,0.0
2013-06-05,10.5,10.5,10.0,10.100000381469727,22200,0,0.0
2013-06-06,10.199999809265137,10.199999809265137,9.5,9.699999809265137,23600,0,0.0
2013-06-07,9.899999618530273,10.0,9.399999618530273,10.0,27200,0,0.0
2013-06-10,9.399999618530273,10.0,8.899999618530273,9.0,45200,0,0.0
2013-06-11,9.0,9.0,8.600000381469727,8.800000190734863,22900,0,0.0
2013-06-12,8.800000190734863,9.100000381469727,8.600000381469727,9.100000381469727,25800,0,0.0
2013-06-13,9.100000381469727,9.300000190734863,8.699999809265137,9.0,20300,0,0.0
2013-06-14,9.0,10.0,8.800000190734863,9.899999618530273,38600,0,0.0
2013-06-17,9.699999809265137,10.300000190734863,9.699999809265137,9.800000190734863,26000,0,0.0
2013-06-18,9.800000190734863,9.800000190734863,9.300000190734863,9.300000190734863,16100,0,0.0
2013-06-19,9.300000190734863,9.300000190734863,8.699999809265137,8.699999809265137,27400,0,0.0
2013-06-20,8.899999618530273,9.199999809265137,8.5,8.699999809265137,29500,0,0.0
2013-06-21,8.199999809265137,9.0,8.199999809265137,8.199999809265137,32100,0,0.0
2013-06-24,8.5,8.800000190734863,8.100000381469727,8.399999618530273,33900,0,0.0
2013-06-25,8.199999809265137,8.399999618530273,8.100000381469727,8.199999809265137,15800,0,0.0
2013-06-26,7.699999809265137,8.199999809265137,7.5,7.900000095367432,63400,0,0.0
2013-06-27,7.199999809265137,7.900000095367432,7.0,7.0,85900,0,0.0
2013-06-28,7.099999904632568,7.199999809265137,7.0,7.0,71600,0,0.0
2013-07-01,7.199999809265137,7.400000095367432,6.900000095367432,7.300000190734863,115700,0,0.0
2013-07-02,7.199999809265137,7.300000190734863,6.800000190734863,7.099999904632568,120400,0,0.0
2013-07-03,7.099999904632568,7.199999809265137,7.0,7.199999809265137,77000,0,0.0
2013-07-05,7.599999904632568,8.0,7.400000095367432,7.800000190734863,57300,0,0.0
2013-07-08,8.100000381469727,8.399999618530273,7.900000095367432,8.0,62600,0,0.0
2013-07-09,8.199999809265137,8.600000381469727,8.100000381469727,8.199999809265137,47000,0,0.0
2013-07-10,8.100000381469727,8.199999809265137,7.900000095367432,8.0,27600,0,0.0
2013-07-11,8.100000381469727,8.399999618530273,8.100000381469727,8.199999809265137,31600,0,0.0
2013-07-12,8.300000190734863,8.399999618530273,8.300000190734863,8.300000190734863,61500,0,0.0
2013-07-15,8.5,8.5,8.300000190734863,8.300000190734863,59800,0,0.0
2013-07-16,8.5,8.5,8.0,8.300000190734863,38200,0,0.0
2013-07-17,8.199999809265137,8.300000190734863,8.100000381469727,8.300000190734863,15500,0,0.0
2013-07-18,8.300000190734863,8.300000190734863,8.0,8.0,31700,0,0.0
2013-07-19,8.100000381469727,8.100000381469727,7.599999904632568,7.699999809265137,21500,0,0.0
2013-07-22,7.800000190734863,8.300000190734863,7.699999809265137,7.699999809265137,46200,0,0.0
2013-07-23,7.800000190734863,8.199999809265137,7.800000190734863,8.199999809265137,26200,0,0.0
2013-07-24,8.199999809265137,8.399999618530273,8.0,8.0,19300,0,0.0
2013-07-25,8.399999618530273,8.600000381469727,8.0,8.0,32500,0,0.0
2013-07-26,8.0,8.300000190734863,7.800000190734863,7.900000095367432,19800,0,0.0
2013-07-29,7.800000190734863,8.199999809265137,7.699999809265137,8.0,22800,0,0.0
2013-07-30,7.900000095367432,8.199999809265137,7.699999809265137,7.699999809265137,15700,0,0.0
2013-07-31,7.800000190734863,8.0,7.400000095367432,7.599999904632568,26400,0,0.0
2013-08-01,7.5,7.800000190734863,7.5,7.800000190734863,16800,0,0.0
2013-08-02,7.800000190734863,8.100000381469727,7.599999904632568,7.800000190734863,17600,0,0.0
2013-08-05,8.0,8.100000381469727,7.800000190734863,8.0,5500,0,0.0
2013-08-06,7.900000095367432,8.0,7.5,7.5,36900,0,0.0
2013-08-07,7.699999809265137,7.900000095367432,7.5,7.699999809265137,9500,0,0.0
2013-08-08,7.699999809265137,8.0,7.5,7.5,15800,0,0.0
2013-08-09,7.800000190734863,8.0,7.599999904632568,8.0,13000,0,0.0
2013-08-12,8.0,8.199999809265137,7.800000190734863,7.900000095367432,17100,0,0.0
2013-08-13,8.199999809265137,8.199999809265137,7.800000190734863,8.0,11300,0,0.0
2013-08-14,7.800000190734863,8.300000190734863,7.699999809265137,8.0,35500,0,0.0
2013-08-15,8.100000381469727,8.199999809265137,7.900000095367432,8.0,26100,0,0.0
2013-08-16,8.199999809265137,8.199999809265137,8.0,8.0,15500,0,0.0
2013-08-19,8.199999809265137,8.300000190734863,7.900000095367432,8.0,32100,0,0.0
2013-08-20,8.199999809265137,8.199999809265137,7.900000095367432,7.900000095367432,11800,0,0.0
2013-08-21,7.900000095367432,8.199999809265137,7.900000095367432,8.0,20200,0,0.0
2013-08-22,8.199999809265137,8.300000190734863,8.0,8.300000190734863,17900,0,0.0
2013-08-23,8.300000190734863,8.5,8.100000381469727,8.399999618530273,41000,0,0.0
2013-08-26,8.399999618530273,8.800000190734863,8.399999618530273,8.5,52000,0,0.0
2013-08-27,8.300000190734863,8.600000381469727,8.300000190734863,8.5,11800,0,0.0
2013-08-28,8.399999618530273,8.5,8.199999809265137,8.300000190734863,21500,0,0.0
2013-08-29,8.5,8.5,8.0,8.0,21200,0,0.0
2013-08-30,8.5,8.5,7.699999809265137,7.800000190734863,20800,0,0.0
2013-09-03,7.800000190734863,8.199999809265137,7.699999809265137,7.800000190734863,19500,0,0.0
2013-09-04,8.199999809265137,8.199999809265137,7.800000190734863,7.800000190734863,17500,0,0.0
2013-09-05,7.900000095367432,8.0,7.800000190734863,7.800000190734863,6300,0,0.0
2013-09-06,7.800000190734863,8.199999809265137,7.800000190734863,7.900000095367432,6300,0,0.0
2013-09-09,8.0,8.0,7.699999809265137,7.800000190734863,12500,0,0.0
2013-09-10,7.800000190734863,8.0,7.699999809265137,7.800000190734863,26000,0,0.0
2013-09-11,8.0,8.199999809265137,7.800000190734863,8.199999809265137,24400,0,0.0
2013-09-12,8.399999618530273,8.399999618530273,8.0,8.0,11500,0,0.0
2013-09-13,8.300000190734863,8.300000190734863,8.0,8.199999809265137,11400,0,0.0
2013-09-16,8.199999809265137,8.399999618530273,8.0,8.300000190734863,29000,0,0.0
2013-09-17,8.199999809265137,8.300000190734863,8.100000381469727,8.199999809265137,11000,0,0.0
2013-09-18,8.100000381469727,8.399999618530273,7.900000095367432,8.100000381469727,9500,0,0.0
2013-09-19,8.100000381469727,8.300000190734863,8.0,8.100000381469727,20100,0,0.0
2013-09-20,8.100000381469727,8.5,8.0,8.5,13900,0,0.0
2013-09-23,8.300000190734863,8.300000190734863,7.900000095367432,8.199999809265137,22600,0,0.0
2013-09-24,8.300000190734863,8.399999618530273,8.0,8.199999809265137,21300,0,0.0
2013-09-25,8.300000190734863,8.399999618530273,8.100000381469727,8.300000190734863,17000,0,0.0
2013-09-26,8.300000190734863,8.300000190734863,8.0,8.300000190734863,14500,0,0.0
2013-09-27,8.100000381469727,8.300000190734863,8.0,8.199999809265137,6200,0,0.0
2013-09-30,8.300000190734863,8.399999618530273,7.900000095367432,7.900000095367432,31400,0,0.0
2013-10-01,8.0,8.300000190734863,8.0,8.199999809265137,9800,0,0.0
2013-10-02,8.100000381469727,8.199999809265137,7.900000095367432,8.0,9800,0,0.0
2013-10-03,8.0,8.100000381469727,7.800000190734863,7.800000190734863,23700,0,0.0
2013-10-04,7.900000095367432,8.199999809265137,7.800000190734863,8.100000381469727,14500,0,0.0
2013-10-07,8.199999809265137,8.199999809265137,7.800000190734863,7.900000095367432,29300,0,0.0
2013-10-08,7.800000190734863,7.800000190734863,7.5,7.599999904632568,33700,0,0.0
2013-10-09,7.800000190734863,7.800000190734863,7.5,7.5,13300,0,0.0
2013-10-10,7.800000190734863,7.900000095367432,7.5,7.800000190734863,21200,0,0.0
2013-10-11,8.0,8.0,7.699999809265137,7.800000190734863,16000,0,0.0
2013-10-14,7.800000190734863,8.0,7.599999904632568,7.800000190734863,12900,0,0.0
2013-10-15,7.599999904632568,7.900000095367432,7.5,7.599999904632568,22100,0,0.0
2013-10-16,7.800000190734863,7.800000190734863,7.5,7.599999904632568,24400,0,0.0
2013-10-17,7.800000190734863,7.800000190734863,7.300000190734863,7.5,33800,0,0.0
2013-10-18,7.5,7.699999809265137,7.0,7.5,30700,0,0.0
2013-10-21,7.599999904632568,7.599999904632568,7.300000190734863,7.5,19500,0,0.0
2013-10-22,7.599999904632568,7.599999904632568,7.300000190734863,7.400000095367432,15800,0,0.0
2013-10-23,7.5,7.5,6.800000190734863,6.900000095367432,51900,0,0.0
2013-10-24,6.900000095367432,7.0,6.699999809265137,6.900000095367432,55500,0,0.0
2013-10-25,6.900000095367432,7.0,6.800000190734863,6.900000095367432,30900,0,0.0
2013-10-28,7.0,7.0,6.900000095367432,7.0,21900,0,0.0
2013-10-29,7.0,7.0,6.699999809265137,6.900000095367432,30900,0,0.0
2013-10-30,7.0,7.400000095367432,6.800000190734863,7.400000095367432,37000,0,0.0
2013-10-31,7.599999904632568,7.699999809265137,7.099999904632568,7.599999904632568,15400,0,0.0
2013-11-01,7.5,7.800000190734863,7.400000095367432,7.800000190734863,9400,0,0.0
2013-11-04,7.900000095367432,8.0,7.699999809265137,8.0,16500,0,0.0
2013-11-05,8.0,8.399999618530273,8.0,8.399999618530273,51000,0,0.0
2013-11-06,8.300000190734863,8.399999618530273,8.199999809265137,8.399999618530273,23400,0,0.0
2013-11-07,8.5,8.5,8.0,8.100000381469727,41100,0,0.0
2013-11-08,8.0,8.399999618530273,8.0,8.199999809265137,27300,0,0.0
2013-11-11,8.5,8.5,8.0,8.199999809265137,26600,0,0.0
2013-11-12,8.0,8.100000381469727,8.0,8.100000381469727,14500,0,0.0
2013-11-13,7.900000095367432,8.100000381469727,7.699999809265137,8.0,31200,0,0.0
2013-11-14,7.800000190734863,8.100000381469727,7.599999904632568,7.699999809265137,35300,0,0.0
2013-11-15,7.699999809265137,8.5,7.699999809265137,8.300000190734863,62500,0,0.0
2013-11-18,8.399999618530273,8.600000381469727,8.300000190734863,8.399999618530273,50000,0,0.0
2013-11-19,8.600000381469727,8.600000381469727,8.300000190734863,8.300000190734863,21800,0,0.0
2013-11-20,8.5,8.5,8.300000190734863,8.5,30700,0,0.0
2013-11-21,8.5,8.600000381469727,8.300000190734863,8.600000381469727,38400,0,0.0
2013-11-22,8.600000381469727,9.5,8.600000381469727,9.5,84900,0,0.0
2013-11-25,9.399999618530273,10.5,9.399999618530273,10.5,140500,0,0.0
2013-11-26,10.600000381469727,12.800000190734863,10.600000381469727,12.300000190734863,266900,0,0.0
2013-11-27,12.300000190734863,12.5,11.100000381469727,11.399999618530273,130400,0,0.0
2013-11-29,11.300000190734863,12.0,9.600000381469727,10.600000381469727,77500,0,0.0
2013-12-02,10.300000190734863,11.399999618530273,10.300000190734863,11.199999809265137,55700,0,0.0
2013-12-03,11.600000381469727,12.0,11.300000190734863,11.399999618530273,83400,0,0.0
2013-12-04,11.800000190734863,11.899999618530273,11.300000190734863,11.5,44600,0,0.0
2013-12-05,11.600000381469727,11.600000381469727,10.699999809265137,11.0,53700,0,0.0
2013-12-06,11.800000190734863,11.800000190734863,9.199999809265137,10.100000381469727,143300,0,0.0
2013-12-09,10.300000190734863,10.600000381469727,9.300000190734863,9.300000190734863,72800,0,0.0
2013-12-10,9.300000190734863,9.699999809265137,9.0,9.300000190734863,44200,0,0.0
2013-12-11,9.399999618530273,10.100000381469727,9.399999618530273,9.699999809265137,21900,0,0.0
2013-12-12,9.899999618530273,9.899999618530273,9.399999618530273,9.5,21800,0,0.0
2013-12-13,9.5,10.199999809265137,9.5,9.800000190734863,31700,0,0.0
2013-12-16,9.899999618530273,9.899999618530273,9.600000381469727,9.699999809265137,16600,0,0.0
2013-12-17,9.800000190734863,10.0,9.600000381469727,9.600000381469727,18400,0,0.0
2013-12-18,10.0,10.0,9.699999809265137,9.800000190734863,15300,0,0.0
2013-12-19,9.699999809265137,9.800000190734863,9.5,9.600000381469727,31100,0,0.0
2013-12-20,9.600000381469727,9.800000190734863,9.300000190734863,9.300000190734863,20900,0,0.0
2013-12-23,9.300000190734863,9.600000381469727,9.100000381469727,9.199999809265137,22600,0,0.0
2013-12-24,9.100000381469727,9.5,9.100000381469727,9.399999618530273,8700,0,0.0
2013-12-26,9.199999809265137,9.5,9.0,9.5,38300,0,0.0
2013-12-27,9.100000381469727,9.300000190734863,9.0,9.0,43700,0,0.0
2013-12-30,8.699999809265137,9.199999809265137,8.5,8.800000190734863,39900,0,0.0
2013-12-31,8.699999809265137,9.100000381469727,8.699999809265137,9.100000381469727,25100,0,0.0
2014-01-02,9.199999809265137,9.300000190734863,8.899999618530273,9.300000190734863,9500,0,0.0
2014-01-03,9.300000190734863,9.5,9.0,9.100000381469727,15000,0,0.0
2014-01-06,9.399999618530273,9.399999618530273,9.100000381469727,9.100000381469727,12900,0,0.0
2014-01-07,9.0,10.199999809265137,8.800000190734863,9.0,28200,0,0.0
2014-01-08,9.199999809265137,9.300000190734863,9.0,9.300000190734863,15300,0,0.0
2014-01-09,9.300000190734863,9.300000190734863,9.0,9.199999809265137,9100,0,0.0
2014-01-10,9.300000190734863,9.300000190734863,9.0,9.100000381469727,12300,0,0.0
2014-01-13,9.199999809265137,10.5,9.199999809265137,9.399999618530273,19400,0,0.0
2014-01-14,9.399999618530273,9.399999618530273,9.0,9.300000190734863,19900,0,0.0
2014-01-15,9.199999809265137,9.300000190734863,9.199999809265137,9.199999809265137,13800,0,0.0
2014-01-16,9.100000381469727,10.0,9.100000381469727,9.800000190734863,39000,0,0.0
2014-01-17,9.699999809265137,9.699999809265137,9.5,9.699999809265137,26800,0,0.0
2014-01-21,9.699999809265137,10.199999809265137,9.5,10.0,65000,0,0.0
2014-01-22,10.0,10.5,9.899999618530273,10.100000381469727,49500,0,0.0
2014-01-23,10.199999809265137,10.600000381469727,10.199999809265137,10.5,47000,0,0.0
2014-01-24,10.699999809265137,10.800000190734863,10.300000190734863,10.699999809265137,73400,0,0.0
2014-01-27,10.600000381469727,10.600000381469727,10.199999809265137,10.399999618530273,44300,0,0.0
2014-01-28,10.300000190734863,10.5,10.0,10.399999618530273,31600,0,0.0
2014-01-29,10.600000381469727,10.699999809265137,10.300000190734863,10.600000381469727,32300,0,0.0
2014-01-30,10.699999809265137,10.800000190734863,10.300000190734863,10.5,38800,0,0.0
2014-01-31,10.5,10.800000190734863,10.5,10.800000190734863,26500,0,0.0
2014-02-03,10.600000381469727,10.800000190734863,10.199999809265137,10.600000381469727,40300,0,0.0
2014-02-04,10.100000381469727,10.300000190734863,10.0,10.199999809265137,34300,0,0.0
2014-02-05,10.300000190734863,10.600000381469727,10.100000381469727,10.600000381469727,57500,0,0.0
2014-02-06,10.5,10.899999618530273,10.5,10.899999618530273,28100,0,0.0
2014-02-07,10.899999618530273,11.699999809265137,10.899999618530273,11.5,115400,0,0.0
2014-02-10,11.300000190734863,11.5,11.100000381469727,11.199999809265137,45100,0,0.0
2014-02-11,11.100000381469727,11.5,11.0,11.199999809265137,34600,0,0.0
2014-02-12,11.300000190734863,11.5,11.100000381469727,11.5,31700,0,0.0
2014-02-13,11.100000381469727,11.399999618530273,11.0,11.100000381469727,44300,0,0.0
2014-02-14,11.300000190734863,12.0,11.300000190734863,11.899999618530273,81100,0,0.0
2014-02-18,12.0,12.0,11.100000381469727,11.699999809265137,76600,0,0.0
2014-02-19,11.699999809265137,11.699999809265137,11.199999809265137,11.600000381469727,18900,0,0.0
2014-02-20,11.399999618530273,11.5,11.199999809265137,11.300000190734863,17900,0,0.0
2014-02-21,11.5,11.5,11.300000190734863,11.399999618530273,10900,0,0.0
2014-02-24,11.399999618530273,11.600000381469727,11.199999809265137,11.199999809265137,23400,0,0.0
2014-02-25,11.100000381469727,11.399999618530273,11.100000381469727,11.399999618530273,31700,0,0.0
2014-02-26,11.5,11.5,11.199999809265137,11.399999618530273,13300,0,0.0
2014-02-27,11.300000190734863,11.5,11.199999809265137,11.399999618530273,17000,0,0.0
2014-02-28,11.199999809265137,11.399999618530273,11.199999809265137,11.399999618530273,10700,0,0.0
2014-03-03,11.5,11.5,11.300000190734863,11.399999618530273,14400,0,0.0
2014-03-04,11.399999618530273,11.5,11.300000190734863,11.5,16700,0,0.0
2014-03-05,11.600000381469727,11.800000190734863,11.5,11.699999809265137,33700,0,0.0
2014-03-06,11.800000190734863,12.800000190734863,11.699999809265137,12.699999809265137,109200,0,0.0
2014-03-07,12.699999809265137,13.600000381469727,12.699999809265137,13.100000381469727,106500,0,0.0
2014-03-10,13.100000381469727,14.5,13.100000381469727,14.5,180700,0,0.0
2014-03-11,14.600000381469727,15.600000381469727,14.600000381469727,14.899999618530273,216200,0,0.0
2014-03-12,15.0,15.0,12.199999809265137,13.0,138800,0,0.0
2014-03-13,13.399999618530273,15.0,13.199999809265137,15.0,109000,0,0.0
2014-03-14,14.899999618530273,15.600000381469727,13.600000381469727,14.699999809265137,124600,0,0.0
2014-03-17,14.800000190734863,14.899999618530273,14.0,14.100000381469727,64100,0,0.0
2014-03-18,14.100000381469727,14.199999809265137,13.699999809265137,14.0,38300,0,0.0
2014-03-19,13.800000190734863,14.0,13.199999809265137,13.300000190734863,63200,0,0.0
2014-03-20,13.300000190734863,14.199999809265137,13.300000190734863,14.100000381469727,31300,0,0.0
2014-03-21,14.100000381469727,14.5,13.100000381469727,13.100000381469727,33200,0,0.0
2014-03-24,13.5,14.5,13.5,13.699999809265137,33500,0,0.0
2014-03-25,13.600000381469727,14.0,13.399999618530273,13.5,24200,0,0.0
2014-03-26,13.5,13.699999809265137,13.300000190734863,13.300000190734863,28300,0,0.0
2014-03-27,13.100000381469727,13.899999618530273,13.100000381469727,13.699999809265137,29400,0,0.0
2014-03-28,13.699999809265137,13.899999618530273,13.300000190734863,13.600000381469727,13100,0,0.0
2014-03-31,13.800000190734863,13.800000190734863,13.5,13.699999809265137,19500,0,0.0
2014-04-01,13.399999618530273,13.699999809265137,13.399999618530273,13.5,27700,0,0.0
2014-04-02,13.5,14.199999809265137,13.300000190734863,14.0,58400,0,0.0
2014-04-03,13.899999618530273,14.5,13.699999809265137,13.899999618530273,67700,0,0.0
2014-04-04,14.0,14.300000190734863,13.5,13.600000381469727,26100,0,0.0
2014-04-07,13.800000190734863,14.0,13.5,13.899999618530273,25100,0,0.0
2014-04-08,13.800000190734863,14.0,13.699999809265137,13.899999618530273,17800,0,0.0
2014-04-09,13.800000190734863,13.899999618530273,13.600000381469727,13.899999618530273,17600,0,0.0
2014-04-10,13.899999618530273,13.899999618530273,13.199999809265137,13.300000190734863,46100,0,0.0
2014-04-11,13.300000190734863,13.800000190734863,13.300000190734863,13.600000381469727,21400,0,0.0
2014-04-14,13.899999618530273,14.399999618530273,13.800000190734863,14.100000381469727,57200,0,0.0
2014-04-15,13.899999618530273,14.100000381469727,13.5,13.699999809265137,19000,0,0.0
2014-04-16,13.899999618530273,13.899999618530273,13.399999618530273,13.5,18000,0,0.0
2014-04-17,13.600000381469727,13.600000381469727,13.399999618530273,13.600000381469727,20800,0,0.0
2014-04-21,13.5,13.800000190734863,13.300000190734863,13.300000190734863,11100,0,0.0
2014-04-22,13.600000381469727,13.600000381469727,13.199999809265137,13.199999809265137,20800,0,0.0
2014-04-23,13.300000190734863,13.300000190734863,13.0,13.300000190734863,24800,0,0.0
2014-04-24,13.300000190734863,13.300000190734863,12.5,12.699999809265137,40400,0,0.0
2014-04-25,12.699999809265137,12.699999809265137,11.0,11.5,135900,0,0.0
2014-04-28,11.800000190734863,12.699999809265137,11.699999809265137,12.300000190734863,46000,0,0.0
2014-04-29,12.5,12.800000190734863,12.5,12.5,23100,0,0.0
2014-04-30,12.699999809265137,12.699999809265137,12.300000190734863,12.300000190734863,17800,0,0.0
2014-05-01,12.699999809265137,12.699999809265137,12.300000190734863,12.300000190734863,8700,0,0.0
2014-05-02,12.399999618530273,12.699999809265137,12.300000190734863,12.5,13500,0,0.0
2014-05-05,12.600000381469727,12.600000381469727,12.399999618530273,12.600000381469727,16200,0,0.0
2014-05-06,12.600000381469727,12.600000381469727,12.0,12.0,21500,0,0.0
2014-05-07,12.300000190734863,12.399999618530273,11.899999618530273,11.899999618530273,18600,0,0.0
2014-05-08,12.100000381469727,12.300000190734863,11.800000190734863,12.0,18300,0,0.0
2014-05-09,11.899999618530273,12.100000381469727,11.800000190734863,11.800000190734863,12900,0,0.0
2014-05-12,12.199999809265137,12.199999809265137,11.800000190734863,11.899999618530273,26800,0,0.0
2014-05-13,12.100000381469727,12.100000381469727,11.800000190734863,11.899999618530273,10800,0,0.0
2014-05-14,12.0,12.199999809265137,12.0,12.100000381469727,13200,0,0.0
2014-05-15,11.899999618530273,12.0,11.800000190734863,11.800000190734863,21800,0,0.0
2014-05-16,11.899999618530273,12.0,11.800000190734863,11.800000190734863,7800,0,0.0
2014-05-19,12.0,12.399999618530273,12.0,12.300000190734863,22500,0,0.0
2014-05-20,12.199999809265137,12.300000190734863,11.800000190734863,11.800000190734863,22700,0,0.0
2014-05-21,11.899999618530273,12.100000381469727,11.800000190734863,12.0,11500,0,0.0
2014-05-22,11.800000190734863,11.899999618530273,11.800000190734863,11.899999618530273,5000,0,0.0
2014-05-23,11.899999618530273,12.100000381469727,11.800000190734863,12.100000381469727,13700,0,0.0
2014-05-27,11.899999618530273,12.0,11.5,11.600000381469727,31000,0,0.0
2014-05-28,12.100000381469727,12.100000381469727,11.5,11.5,28000,0,0.0
2014-05-29,11.600000381469727,11.899999618530273,11.600000381469727,11.800000190734863,7700,0,0.0
2014-05-30,11.699999809265137,11.699999809265137,11.300000190734863,11.5,28100,0,0.0
2014-06-02,11.5,11.5,11.300000190734863,11.399999618530273,13900,0,0.0
2014-06-03,11.5,11.5,11.0,11.0,34900,0,0.0
2014-06-04,11.300000190734863,11.399999618530273,11.100000381469727,11.199999809265137,7300,0,0.0
2014-06-05,11.300000190734863,11.5,11.0,11.0,15400,0,0.0
2014-06-06,11.0,11.199999809265137,11.0,11.0,22800,0,0.0
2014-06-09,11.0,11.0,10.800000190734863,10.800000190734863,27700,0,0.0
2014-06-10,10.600000381469727,10.699999809265137,10.0,10.0,86600,0,0.0
2014-06-11,10.0,11.199999809265137,10.0,10.600000381469727,26600,0,0.0
2014-06-12,10.800000190734863,11.0,10.699999809265137,10.899999618530273,12900,0,0.0
2014-06-13,10.800000190734863,11.100000381469727,10.800000190734863,11.100000381469727,9000,0,0.0
2014-06-16,11.100000381469727,11.100000381469727,10.5,10.5,25800,0,0.0
2014-06-17,10.5,10.699999809265137,10.300000190734863,10.699999809265137,16600,0,0.0
2014-06-18,10.699999809265137,11.0,10.600000381469727,11.0,9900,0,0.0
2014-06-19,11.100000381469727,11.199999809265137,10.600000381469727,11.199999809265137,17000,0,0.0
2014-06-20,11.199999809265137,11.699999809265137,11.199999809265137,11.699999809265137,18100,0,0.0
2014-06-23,11.699999809265137,11.699999809265137,10.5,11.100000381469727,50400,0,0.0
2014-06-24,11.0,11.100000381469727,10.600000381469727,10.699999809265137,23100,0,0.0
2014-06-25,10.699999809265137,11.0,10.600000381469727,11.0,11900,0,0.0
2014-06-26,10.899999618530273,11.0,10.600000381469727,10.899999618530273,6600,0,0.0
2014-06-27,10.899999618530273,11.199999809265137,10.600000381469727,10.800000190734863,11800,0,0.0
2014-06-30,10.600000381469727,11.100000381469727,10.600000381469727,10.800000190734863,14400,0,0.0
2014-07-01,10.899999618530273,10.899999618530273,10.600000381469727,10.899999618530273,7200,0,0.0
2014-07-02,10.699999809265137,10.899999618530273,10.600000381469727,10.800000190734863,7700,0,0.0
2014-07-03,10.800000190734863,11.100000381469727,10.600000381469727,10.600000381469727,10600,0,0.0
2014-07-07,10.699999809265137,10.800000190734863,10.5,10.600000381469727,34000,0,0.0
2014-07-08,10.300000190734863,10.800000190734863,10.300000190734863,10.699999809265137,18000,0,0.0
2014-07-09,10.699999809265137,10.800000190734863,10.600000381469727,10.699999809265137,6200,0,0.0
2014-07-10,10.899999618530273,11.100000381469727,10.699999809265137,10.699999809265137,17300,0,0.0
2014-07-11,11.0,11.0,10.399999618530273,10.800000190734863,16700,0,0.0
2014-07-14,10.800000190734863,11.300000190734863,10.600000381469727,11.0,27000,0,0.0
2014-07-15,11.100000381469727,11.399999618530273,10.899999618530273,10.899999618530273,29000,0,0.0
2014-07-16,11.100000381469727,11.199999809265137,10.899999618530273,10.899999618530273,10800,0,0.0
2014-07-17,11.100000381469727,11.100000381469727,10.699999809265137,10.699999809265137,13700,0,0.0
2014-07-18,10.600000381469727,10.899999618530273,10.600000381469727,10.800000190734863,9100,0,0.0
2014-07-21,10.899999618530273,11.199999809265137,10.800000190734863,10.899999618530273,19500,0,0.0
2014-07-22,11.199999809265137,11.399999618530273,11.100000381469727,11.199999809265137,20700,0,0.0
2014-07-23,11.100000381469727,11.800000190734863,11.100000381469727,11.300000190734863,18000,0,0.0
2014-07-24,11.5,11.800000190734863,11.300000190734863,11.800000190734863,13100,0,0.0
2014-07-25,11.800000190734863,12.0,11.5,12.0,20200,0,0.0
2014-07-28,12.5,12.800000190734863,12.0,12.399999618530273,49700,0,0.0
2014-07-29,12.5,12.699999809265137,12.300000190734863,12.399999618530273,24300,0,0.0
2014-07-30,12.5,12.600000381469727,12.100000381469727,12.300000190734863,23800,0,0.0
2014-07-31,12.199999809265137,12.199999809265137,11.399999618530273,11.600000381469727,23000,0,0.0
2014-08-01,11.399999618530273,11.899999618530273,11.399999618530273,11.699999809265137,12300,0,0.0
2014-08-04,11.600000381469727,12.0,11.600000381469727,11.800000190734863,12600,0,0.0
2014-08-05,11.800000190734863,12.0,11.5,11.5,13800,0,0.0
2014-08-06,11.5,11.699999809265137,11.5,11.5,9000,0,0.0
2014-08-07,11.600000381469727,11.800000190734863,11.5,11.699999809265137,14100,0,0.0
2014-08-08,11.800000190734863,12.0,11.699999809265137,12.0,11700,0,0.0
2014-08-11,12.0,12.0,11.899999618530273,12.0,6000,0,0.0
2014-08-12,12.0,12.300000190734863,11.800000190734863,11.800000190734863,13700,0,0.0
2014-08-13,12.0,12.300000190734863,12.0,12.199999809265137,11000,0,0.0
2014-08-14,12.199999809265137,12.5,12.199999809265137,12.5,22200,0,0.0
2014-08-15,12.600000381469727,12.600000381469727,12.100000381469727,12.5,23900,0,0.0
2014-08-18,12.600000381469727,12.600000381469727,12.100000381469727,12.100000381469727,17500,0,0.0
2014-08-19,12.100000381469727,12.5,12.0,12.0,15500,0,0.0
2014-08-20,12.300000190734863,12.399999618530273,12.0,12.0,17500,0,0.0
2014-08-21,12.0,12.199999809265137,11.800000190734863,11.899999618530273,13000,0,0.0
2014-08-22,12.199999809265137,12.199999809265137,11.899999618530273,12.0,3500,0,0.0
2014-08-25,12.0,12.0,11.699999809265137,11.800000190734863,11000,0,0.0
2014-08-26,11.800000190734863,12.0,11.800000190734863,11.899999618530273,5400,0,0.0
2014-08-27,12.0,12.100000381469727,12.0,12.0,4900,0,0.0
2014-08-28,12.0,12.0,11.600000381469727,11.699999809265137,11000,0,0.0
2014-08-29,11.800000190734863,11.899999618530273,11.5,11.5,12100,0,0.0
2014-09-02,11.5,12.0,11.399999618530273,11.800000190734863,25700,0,0.0
2014-09-03,12.300000190734863,12.300000190734863,11.5,11.600000381469727,13600,0,0.0
2014-09-04,11.800000190734863,11.899999618530273,11.5,11.899999618530273,10400,0,0.0
2014-09-05,12.100000381469727,12.100000381469727,11.800000190734863,12.100000381469727,10700,0,0.0
2014-09-08,12.100000381469727,12.100000381469727,11.5,11.5,17600,0,0.0
2014-09-09,11.899999618530273,12.0,11.699999809265137,11.800000190734863,11900,0,0.0
2014-09-10,11.800000190734863,12.0,11.699999809265137,11.899999618530273,14900,0,0.0
2014-09-11,11.800000190734863,12.100000381469727,11.800000190734863,11.800000190734863,13100,0,0.0
2014-09-12,11.899999618530273,12.0,11.699999809265137,12.0,11500,0,0.0
2014-09-15,12.0,12.0,11.600000381469727,11.899999618530273,7900,0,0.0
2014-09-16,11.800000190734863,12.0,11.800000190734863,11.899999618530273,12600,0,0.0
2014-09-17,12.100000381469727,12.100000381469727,11.699999809265137,11.699999809265137,12700,0,0.0
2014-09-18,11.800000190734863,12.0,11.699999809265137,11.899999618530273,19000,0,0.0
2014-09-19,12.0,12.100000381469727,11.699999809265137,11.800000190734863,31300,0,0.0
2014-09-22,11.699999809265137,11.800000190734863,11.5,11.5,17800,0,0.0
2014-09-23,11.600000381469727,11.600000381469727,11.300000190734863,11.300000190734863,25500,0,0.0
2014-09-24,11.300000190734863,11.399999618530273,10.899999618530273,11.0,35400,0,0.0
2014-09-25,11.0,11.0,10.800000190734863,11.0,30000,0,0.0
2014-09-26,10.899999618530273,10.899999618530273,10.699999809265137,10.899999618530273,27500,0,0.0
2014-09-29,10.699999809265137,10.899999618530273,10.399999618530273,10.399999618530273,27100,0,0.0
2014-09-30,10.5,10.899999618530273,10.5,10.800000190734863,22800,0,0.0
2014-10-01,10.800000190734863,10.899999618530273,10.699999809265137,10.800000190734863,22500,0,0.0
2014-10-02,10.800000190734863,10.899999618530273,10.600000381469727,10.600000381469727,19900,0,0.0
2014-10-03,10.699999809265137,10.699999809265137,10.5,10.600000381469727,9900,0,0.0
2014-10-06,10.699999809265137,10.699999809265137,10.5,10.600000381469727,9600,0,0.0
2014-10-07,10.699999809265137,10.899999618530273,10.5,10.699999809265137,17500,0,0.0
2014-10-08,11.0,11.0,10.600000381469727,10.699999809265137,34300,0,0.0
2014-10-09,10.899999618530273,10.899999618530273,10.399999618530273,10.600000381469727,28500,0,0.0
2014-10-10,10.600000381469727,10.699999809265137,10.399999618530273,10.600000381469727,20500,0,0.0
2014-10-13,10.5,10.600000381469727,10.300000190734863,10.399999618530273,9600,0,0.0
2014-10-14,10.600000381469727,10.600000381469727,10.399999618530273,10.600000381469727,17300,0,0.0
2014-10-15,10.399999618530273,10.5,10.300000190734863,10.399999618530273,14800,0,0.0
2014-10-16,10.199999809265137,10.399999618530273,10.199999809265137,10.399999618530273,14400,0,0.0
2014-10-17,10.600000381469727,10.800000190734863,10.300000190734863,10.699999809265137,14100,0,0.0
2014-10-20,10.899999618530273,10.899999618530273,10.5,10.699999809265137,12300,0,0.0
2014-10-21,10.699999809265137,11.0,10.600000381469727,10.800000190734863,7300,0,0.0
2014-10-22,10.699999809265137,10.800000190734863,10.699999809265137,10.699999809265137,5900,0,0.0
2014-10-23,10.800000190734863,10.800000190734863,10.5,10.600000381469727,14400,0,0.0
2014-10-24,10.699999809265137,10.800000190734863,10.600000381469727,10.800000190734863,11700,0,0.0
2014-10-27,10.5,10.699999809265137,10.5,10.5,7700,0,0.0
2014-10-28,10.600000381469727,10.600000381469727,10.399999618530273,10.5,11400,0,0.0
2014-10-29,10.399999618530273,10.600000381469727,10.399999618530273,10.600000381469727,2500,0,0.0
2014-10-30,10.5,10.699999809265137,10.399999618530273,10.600000381469727,8500,0,0.0
2014-10-31,10.600000381469727,10.600000381469727,10.199999809265137,10.5,28400,0,0.0
2014-11-03,10.600000381469727,11.399999618530273,10.600000381469727,11.199999809265137,31800,0,0.0
2014-11-04,11.399999618530273,11.800000190734863,10.800000190734863,11.0,61800,0,0.0
2014-11-05,10.800000190734863,11.300000190734863,10.800000190734863,10.899999618530273,8200,0,0.0
2014-11-06,10.899999618530273,11.199999809265137,10.5,10.699999809265137,17300,0,0.0
2014-11-07,10.800000190734863,11.399999618530273,10.800000190734863,11.300000190734863,13600,0,0.0
2014-11-10,11.300000190734863,11.5,11.0,11.100000381469727,8700,0,0.0
2014-11-11,11.100000381469727,11.100000381469727,10.899999618530273,10.899999618530273,5000,0,0.0
2014-11-12,11.0,11.300000190734863,10.699999809265137,11.300000190734863,15700,0,0.0
2014-11-13,11.300000190734863,11.399999618530273,10.800000190734863,11.0,4100,0,0.0
2014-11-14,11.100000381469727,11.399999618530273,10.800000190734863,11.100000381469727,7400,0,0.0
2014-11-17,11.199999809265137,11.199999809265137,10.699999809265137,10.699999809265137,9400,0,0.0
2014-11-18,10.699999809265137,11.0,10.399999618530273,10.5,20000,0,0.0
2014-11-19,10.699999809265137,11.0,10.399999618530273,11.0,21100,0,0.0
2014-11-20,10.800000190734863,11.199999809265137,10.5,10.899999618530273,9100,0,0.0
2014-11-21,11.199999809265137,11.199999809265137,11.0,11.100000381469727,4300,0,0.0
2014-11-24,11.0,11.199999809265137,11.0,11.199999809265137,2400,0,0.0
2014-11-25,11.199999809265137,11.399999618530273,10.899999618530273,10.899999618530273,20500,0,0.0
2014-11-26,11.0,11.100000381469727,10.800000190734863,10.899999618530273,10200,0,0.0
2014-11-28,10.800000190734863,11.100000381469727,10.600000381469727,10.899999618530273,14300,0,0.0
2014-12-01,10.399999618530273,10.899999618530273,10.399999618530273,10.600000381469727,27800,0,0.0
2014-12-02,10.600000381469727,10.899999618530273,10.5,10.699999809265137,4800,0,0.0
2014-12-03,10.600000381469727,10.899999618530273,10.5,10.5,12900,0,0.0
2014-12-04,10.5,10.699999809265137,10.399999618530273,10.399999618530273,11700,0,0.0
2014-12-05,10.600000381469727,10.800000190734863,10.5,10.800000190734863,7000,0,0.0
2014-12-08,10.800000190734863,10.800000190734863,10.399999618530273,10.399999618530273,12600,0,0.0
2014-12-09,10.600000381469727,10.699999809265137,10.5,10.5,9400,0,0.0
2014-12-10,10.699999809265137,10.800000190734863,10.5,10.5,13200,0,0.0
2014-12-11,10.5,10.699999809265137,10.5,10.5,27500,0,0.0
2014-12-12,10.5,10.600000381469727,10.5,10.5,6100,0,0.0
2014-12-15,10.5,10.600000381469727,10.399999618530273,10.399999618530273,25500,0,0.0
2014-12-16,10.399999618530273,10.600000381469727,10.399999618530273,10.5,11100,0,0.0
2014-12-17,10.5,10.600000381469727,10.399999618530273,10.5,19000,0,0.0
2014-12-18,10.5,10.5,10.199999809265137,10.5,25600,0,0.0
2014-12-19,10.5,10.5,10.100000381469727,10.100000381469727,24100,0,0.0
2014-12-22,10.199999809265137,10.300000190734863,10.100000381469727,10.100000381469727,16400,0,0.0
2014-12-23,10.300000190734863,10.300000190734863,10.100000381469727,10.300000190734863,12600,0,0.0
2014-12-24,10.100000381469727,10.399999618530273,10.100000381469727,10.399999618530273,5800,0,0.0
2014-12-26,10.399999618530273,10.399999618530273,10.199999809265137,10.399999618530273,10600,0,0.0
2014-12-29,10.399999618530273,10.399999618530273,10.199999809265137,10.199999809265137,15400,0,0.0
2014-12-30,10.199999809265137,10.399999618530273,10.199999809265137,10.300000190734863,20000,0,0.0
2014-12-31,10.300000190734863,10.5,10.199999809265137,10.5,22700,0,0.0
2015-01-02,10.5,10.699999809265137,10.399999618530273,10.699999809265137,14700,0,0.0
2015-01-05,10.800000190734863,11.0,10.699999809265137,11.0,24400,0,0.0
2015-01-06,11.0,11.0,10.800000190734863,11.0,10700,0,0.0
2015-01-07,11.0,11.0,10.800000190734863,11.0,8900,0,0.0
2015-01-08,11.0,11.300000190734863,10.899999618530273,11.0,25500,0,0.0
2015-01-09,11.399999618530273,11.800000190734863,11.100000381469727,11.800000190734863,55800,0,0.0
2015-01-12,11.699999809265137,11.899999618530273,11.5,11.5,28200,0,0.0
2015-01-13,11.899999618530273,11.899999618530273,11.0,11.0,38700,0,0.0
2015-01-14,11.100000381469727,11.100000381469727,10.5,11.0,11700,0,0.0
2015-01-15,11.100000381469727,11.300000190734863,10.600000381469727,10.899999618530273,18600,0,0.0
2015-01-16,11.100000381469727,11.100000381469727,10.899999618530273,11.0,8900,0,0.0
2015-01-20,11.100000381469727,11.100000381469727,11.0,11.0,12000,0,0.0
2015-01-21,11.0,11.100000381469727,10.699999809265137,10.899999618530273,15400,0,0.0
2015-01-22,10.800000190734863,11.0,10.699999809265137,10.699999809265137,8300,0,0.0
2015-01-23,11.0,11.0,10.699999809265137,10.699999809265137,13000,0,0.0
2015-01-26,10.0,11.0,10.0,11.0,10100,0,0.0
2015-01-27,10.800000190734863,10.800000190734863,10.600000381469727,10.800000190734863,11300,0,0.0
2015-01-28,10.800000190734863,11.100000381469727,10.600000381469727,10.600000381469727,20400,0,0.0
2015-01-29,10.5,10.600000381469727,10.5,10.5,16600,0,0.0
2015-01-30,10.5,10.600000381469727,10.399999618530273,10.5,11400,0,0.0
2015-02-02,10.399999618530273,11.0,10.399999618530273,10.800000190734863,12800,0,0.0
2015-02-03,10.600000381469727,10.800000190734863,10.100000381469727,10.399999618530273,42500,0,0.0
2015-02-04,10.600000381469727,10.600000381469727,10.0,10.399999618530273,47900,0,0.0
2015-02-05,10.5,10.699999809265137,10.0,10.5,32700,0,0.0
2015-02-06,10.5,10.899999618530273,10.399999618530273,10.600000381469727,18600,0,0.0
2015-02-09,10.600000381469727,10.899999618530273,10.600000381469727,10.899999618530273,21500,0,0.0
2015-02-10,10.699999809265137,10.899999618530273,10.699999809265137,10.899999618530273,6500,0,0.0
2015-02-11,10.800000190734863,10.800000190734863,10.699999809265137,10.800000190734863,6900,0,0.0
2015-02-12,10.800000190734863,10.899999618530273,10.600000381469727,10.800000190734863,5400,0,0.0
2015-02-13,10.800000190734863,10.800000190734863,10.699999809265137,10.699999809265137,5000,0,0.0
2015-02-17,10.699999809265137,10.800000190734863,10.600000381469727,10.699999809265137,11800,0,0.0
2015-02-18,10.699999809265137,10.800000190734863,10.5,10.800000190734863,13400,0,0.0
2015-02-19,10.800000190734863,10.800000190734863,10.5,10.600000381469727,16500,0,0.0
2015-02-20,10.600000381469727,10.800000190734863,10.5,10.800000190734863,5900,0,0.0
2015-02-23,10.800000190734863,10.800000190734863,10.5,10.600000381469727,13400,0,0.0
2015-02-24,10.699999809265137,10.800000190734863,10.5,10.800000190734863,10600,0,0.0
2015-02-25,10.399999618530273,10.800000190734863,9.699999809265137,10.800000190734863,25200,0,0.0
2015-02-26,10.800000190734863,10.899999618530273,10.699999809265137,10.899999618530273,8700,0,0.0
2015-02-27,11.0,11.100000381469727,10.899999618530273,11.0,14900,0,0.0
2015-03-02,11.0,11.0,10.899999618530273,11.0,12400,0,0.0
2015-03-03,10.899999618530273,11.0,10.899999618530273,11.0,15900,0,0.0
2015-03-04,11.0,11.0,10.800000190734863,10.899999618530273,11600,0,0.0
2015-03-05,11.0,11.100000381469727,10.899999618530273,11.0,23100,0,0.0
2015-03-06,11.0,11.100000381469727,10.899999618530273,11.100000381469727,23600,0,0.0
2015-03-09,11.100000381469727,11.5,11.0,11.300000190734863,50200,0,0.0
2015-03-10,11.399999618530273,11.5,11.199999809265137,11.199999809265137,26300,0,0.0
2015-03-11,11.199999809265137,11.699999809265137,11.199999809265137,11.5,34700,0,0.0
2015-03-12,11.699999809265137,12.399999618530273,11.399999618530273,12.399999618530273,100200,0,0.0
2015-03-13,12.5,13.699999809265137,12.399999618530273,13.300000190734863,121200,0,0.0
2015-03-16,13.600000381469727,13.699999809265137,12.300000190734863,12.899999618530273,67900,0,0.0
2015-03-17,12.699999809265137,12.899999618530273,12.399999618530273,12.5,21700,0,0.0
2015-03-18,12.399999618530273,12.800000190734863,12.300000190734863,12.600000381469727,31800,0,0.0
2015-03-19,12.600000381469727,12.699999809265137,12.5,12.600000381469727,17600,0,0.0
2015-03-20,12.5,13.199999809265137,12.5,12.899999618530273,27900,0,0.0
2015-03-23,12.5,12.899999618530273,12.399999618530273,12.899999618530273,13500,0,0.0
2015-03-24,13.0,13.0,12.399999618530273,12.699999809265137,22600,0,0.0
2015-03-25,12.899999618530273,13.199999809265137,12.899999618530273,13.100000381469727,23300,0,0.0
2015-03-26,13.100000381469727,13.199999809265137,13.0,13.100000381469727,17400,0,0.0
2015-03-27,13.100000381469727,13.100000381469727,12.899999618530273,12.899999618530273,7400,0,0.0
2015-03-30,12.899999618530273,13.0,12.5,12.600000381469727,19100,0,0.0
2015-03-31,12.600000381469727,12.899999618530273,12.5,12.899999618530273,9300,0,0.0
2015-04-01,12.899999618530273,12.899999618530273,12.800000190734863,12.899999618530273,11700,0,0.0
2015-04-02,12.899999618530273,12.899999618530273,12.699999809265137,12.899999618530273,15300,0,0.0
2015-04-06,13.0,13.0,12.699999809265137,12.699999809265137,36700,0,0.0
2015-04-07,12.800000190734863,12.899999618530273,12.600000381469727,12.600000381469727,13800,0,0.0
2015-04-08,12.600000381469727,12.899999618530273,12.600000381469727,12.800000190734863,14000,0,0.0
2015-04-09,12.899999618530273,12.899999618530273,12.699999809265137,12.800000190734863,6800,0,0.0
2015-04-10,12.800000190734863,12.899999618530273,12.600000381469727,12.699999809265137,10900,0,0.0
2015-04-13,12.699999809265137,12.899999618530273,12.399999618530273,12.899999618530273,21900,0,0.0
2015-04-14,12.699999809265137,12.800000190734863,12.399999618530273,12.5,11100,0,0.0
2015-04-15,12.600000381469727,12.899999618530273,12.5,12.899999618530273,5400,0,0.0
2015-04-16,12.800000190734863,12.899999618530273,12.699999809265137,12.699999809265137,12100,0,0.0
2015-04-17,12.600000381469727,12.800000190734863,12.5,12.800000190734863,5400,0,0.0
2015-04-20,12.600000381469727,12.899999618530273,12.5,12.699999809265137,22400,0,0.0
2015-04-21,12.699999809265137,12.899999618530273,12.699999809265137,12.699999809265137,7600,0,0.0
2015-04-22,12.800000190734863,12.800000190734863,12.5,12.5,21500,0,0.0
2015-04-23,12.399999618530273,12.699999809265137,12.399999618530273,12.399999618530273,10400,0,0.0
2015-04-24,12.399999618530273,12.699999809265137,12.399999618530273,12.699999809265137,24200,0,0.0
2015-04-27,12.5,12.600000381469727,12.399999618530273,12.399999618530273,10700,0,0.0
2015-04-28,12.699999809265137,12.699999809265137,12.399999618530273,12.399999618530273,16300,0,0.0
2015-04-29,12.399999618530273,12.5,11.600000381469727,11.800000190734863,29200,0,0.0
2015-04-30,11.899999618530273,11.899999618530273,11.5,11.600000381469727,24000,0,0.0
2015-05-01,11.600000381469727,12.0,11.5,11.699999809265137,7200,0,0.0
2015-05-04,11.600000381469727,11.899999618530273,11.5,11.899999618530273,7900,0,0.0
2015-05-05,11.899999618530273,12.0,11.5,11.600000381469727,15000,0,0.0
2015-05-06,11.5,11.699999809265137,11.5,11.5,21000,0,0.0
2015-05-07,11.600000381469727,11.600000381469727,11.300000190734863,11.300000190734863,10800,0,0.0
2015-05-08,11.600000381469727,11.600000381469727,10.800000190734863,11.600000381469727,30100,0,0.0
2015-05-11,11.399999618530273,11.899999618530273,11.399999618530273,11.699999809265137,13100,0,0.0
2015-05-12,11.300000190734863,11.5,10.699999809265137,11.100000381469727,57300,0,0.0
2015-05-13,10.899999618530273,11.399999618530273,10.899999618530273,11.0,19100,0,0.0
2015-05-14,11.0,11.5,11.0,11.300000190734863,5900,0,0.0
2015-05-15,11.199999809265137,11.600000381469727,11.100000381469727,11.600000381469727,12600,0,0.0
2015-05-18,11.399999618530273,11.399999618530273,11.199999809265137,11.199999809265137,6600,0,0.0
2015-05-19,11.300000190734863,11.5,10.899999618530273,11.5,30700,0,0.0
2015-05-20,11.699999809265137,11.699999809265137,11.199999809265137,11.399999618530273,6400,0,0.0
2015-05-21,11.199999809265137,11.399999618530273,11.0,11.300000190734863,6900,0,0.0
2015-05-22,11.300000190734863,11.300000190734863,11.0,11.0,4200,0,0.0
2015-05-26,11.0,11.199999809265137,10.899999618530273,11.199999809265137,9800,0,0.0
2015-05-27,11.199999809265137,11.199999809265137,11.0,11.0,20000,0,0.0
2015-05-28,11.199999809265137,11.199999809265137,11.0,11.0,13300,0,0.0
2015-05-29,11.0,11.199999809265137,10.899999618530273,10.899999618530273,17600,0,0.0
2015-06-01,11.199999809265137,11.199999809265137,10.800000190734863,10.800000190734863,14000,0,0.0
2015-06-02,10.800000190734863,11.100000381469727,10.800000190734863,11.100000381469727,3500,0,0.0
2015-06-03,11.100000381469727,11.199999809265137,10.800000190734863,10.899999618530273,11600,0,0.0
2015-06-04,10.899999618530273,11.199999809265137,10.899999618530273,10.899999618530273,7900,0,0.0
2015-06-05,11.0,11.199999809265137,10.800000190734863,10.899999618530273,15500,0,0.0
2015-06-08,10.800000190734863,11.300000190734863,10.800000190734863,11.199999809265137,14600,0,0.0
2015-06-09,11.100000381469727,11.100000381469727,10.800000190734863,10.899999618530273,20200,0,0.0
2015-06-10,10.800000190734863,11.199999809265137,10.800000190734863,11.199999809265137,13400,0,0.0
2015-06-11,11.0,11.199999809265137,10.800000190734863,11.0,27100,0,0.0
2015-06-12,11.0,11.199999809265137,10.899999618530273,11.100000381469727,8100,0,0.0
2015-06-15,11.300000190734863,11.399999618530273,10.899999618530273,11.100000381469727,18700,0,0.0
2015-06-16,11.199999809265137,11.300000190734863,11.100000381469727,11.100000381469727,11500,0,0.0
2015-06-17,11.199999809265137,11.199999809265137,10.899999618530273,10.899999618530273,29200,0,0.0
2015-06-18,11.0,11.899999618530273,11.0,11.800000190734863,26100,0,0.0
2015-06-19,11.800000190734863,13.300000190734863,11.800000190734863,13.300000190734863,107200,0,0.0
2015-06-22,13.100000381469727,13.300000190734863,12.800000190734863,13.0,41100,0,0.0
2015-06-23,13.199999809265137,13.300000190734863,11.699999809265137,12.0,69300,0,0.0
2015-06-24,12.0,12.600000381469727,12.0,12.199999809265137,19000,0,0.0
2015-06-25,12.300000190734863,12.899999618530273,12.0,12.199999809265137,41100,0,0.0
2015-06-26,12.300000190734863,12.399999618530273,11.5,11.5,28600,0,0.0
2015-06-29,11.5,11.699999809265137,11.399999618530273,11.399999618530273,21900,0,0.0
2015-06-30,11.399999618530273,11.5,11.100000381469727,11.100000381469727,21000,0,0.0
2015-07-01,11.399999618530273,11.699999809265137,11.199999809265137,11.199999809265137,7900,0,0.0
2015-07-02,11.100000381469727,11.399999618530273,11.100000381469727,11.199999809265137,10200,0,0.0
2015-07-06,10.800000190734863,11.300000190734863,10.800000190734863,11.0,28200,0,0.0
2015-07-07,11.199999809265137,11.199999809265137,11.0,11.0,20200,0,0.0
2015-07-08,11.0,11.100000381469727,10.800000190734863,10.800000190734863,29300,0,0.0
2015-07-09,10.899999618530273,11.0,10.800000190734863,10.800000190734863,11600,0,0.0
2015-07-10,11.0,11.0,10.800000190734863,10.899999618530273,15700,0,0.0
2015-07-13,10.899999618530273,10.899999618530273,10.5,10.5,49600,0,0.0
2015-07-14,10.600000381469727,10.699999809265137,10.5,10.699999809265137,29300,0,0.0
2015-07-15,10.699999809265137,10.699999809265137,10.399999618530273,10.399999618530273,35700,0,0.0
2015-07-16,10.600000381469727,10.600000381469727,10.199999809265137,10.199999809265137,25600,0,0.0
2015-07-17,10.300000190734863,10.300000190734863,10.100000381469727,10.100000381469727,25100,0,0.0
2015-07-20,10.199999809265137,10.199999809265137,8.800000190734863,9.399999618530273,92900,0,0.0
2015-07-21,9.5,10.199999809265137,9.300000190734863,10.100000381469727,24400,0,0.0
2015-07-22,10.0,10.100000381469727,9.600000381469727,9.600000381469727,19000,0,0.0
2015-07-23,9.899999618530273,10.100000381469727,9.5,9.600000381469727,18100,0,0.0
2015-07-24,9.5,9.699999809265137,9.199999809265137,9.399999618530273,31700,0,0.0
2015-07-27,9.399999618530273,9.399999618530273,9.199999809265137,9.199999809265137,13200,0,0.0
2015-07-28,9.199999809265137,9.600000381469727,9.199999809265137,9.199999809265137,25700,0,0.0
2015-07-29,9.199999809265137,9.300000190734863,9.199999809265137,9.300000190734863,11400,0,0.0
2015-07-30,9.399999618530273,9.399999618530273,9.199999809265137,9.300000190734863,10400,0,0.0
2015-07-31,9.199999809265137,9.399999618530273,9.100000381469727,9.399999618530273,12900,0,0.0
2015-08-03,9.399999618530273,9.899999618530273,9.300000190734863,9.399999618530273,29500,0,0.0
2015-08-04,9.600000381469727,9.800000190734863,9.0,9.0,11500,0,0.0
2015-08-05,9.399999618530273,9.399999618530273,8.899999618530273,8.899999618530273,16500,0,0.0
2015-08-06,9.0,10.0,8.899999618530273,9.0,25700,0,0.0
2015-08-07,9.199999809265137,9.399999618530273,8.899999618530273,9.199999809265137,23900,0,0.0
2015-08-10,9.199999809265137,9.899999618530273,9.0,9.699999809265137,23400,0,0.0
2015-08-11,9.800000190734863,9.899999618530273,9.399999618530273,9.399999618530273,10200,0,0.0
2015-08-12,9.399999618530273,9.399999618530273,9.0,9.300000190734863,8400,0,0.0
2015-08-13,9.0,9.300000190734863,9.0,9.199999809265137,11700,0,0.0
2015-08-14,9.100000381469727,9.199999809265137,9.0,9.0,15000,0,0.0
2015-08-17,9.199999809265137,9.199999809265137,8.800000190734863,8.899999618530273,22600,0,0.0
2015-08-18,9.0,9.0,8.800000190734863,8.899999618530273,12400,0,0.0
2015-08-19,8.899999618530273,9.0,8.800000190734863,8.899999618530273,15700,0,0.0
2015-08-20,8.800000190734863,8.800000190734863,8.699999809265137,8.800000190734863,16000,0,0.0
2015-08-21,8.800000190734863,9.100000381469727,8.699999809265137,8.899999618530273,11100,0,0.0
2015-08-24,9.0,9.100000381469727,8.699999809265137,8.699999809265137,33700,0,0.0
2015-08-25,8.899999618530273,8.899999618530273,8.199999809265137,8.300000190734863,32100,0,0.0
2015-08-26,8.5,8.600000381469727,8.199999809265137,8.300000190734863,33200,0,0.0
2015-08-27,8.399999618530273,8.699999809265137,8.199999809265137,8.199999809265137,18300,0,0.0
2015-08-28,8.699999809265137,9.199999809265137,8.300000190734863,9.100000381469727,14400,0,0.0
2015-08-31,9.399999618530273,9.399999618530273,9.0,9.199999809265137,9500,0,0.0
2015-09-01,9.399999618530273,9.399999618530273,8.300000190734863,9.0,10700,0,0.0
2015-09-02,8.300000190734863,9.800000190734863,8.300000190734863,8.800000190734863,21300,0,0.0
2015-09-03,9.199999809265137,9.5,9.100000381469727,9.300000190734863,6400,0,0.0
2015-09-04,9.0,9.300000190734863,8.600000381469727,8.699999809265137,12300,0,0.0
2015-09-08,8.800000190734863,9.199999809265137,8.399999618530273,8.800000190734863,6900,0,0.0
2015-09-09,8.800000190734863,9.100000381469727,8.800000190734863,9.0,10900,0,0.0
2015-09-10,9.100000381469727,9.100000381469727,8.899999618530273,8.899999618530273,3200,0,0.0
2015-09-11,8.800000190734863,9.0,8.800000190734863,8.899999618530273,8400,0,0.0
2015-09-14,9.0,9.0,8.699999809265137,8.899999618530273,5400,0,0.0
2015-09-15,9.0,9.0,8.600000381469727,8.699999809265137,10800,0,0.0
2015-09-16,8.800000190734863,8.800000190734863,8.5,8.600000381469727,5000,0,0.0
2015-09-17,8.5,8.800000190734863,8.5,8.600000381469727,25200,0,0.0
2015-09-18,8.699999809265137,8.800000190734863,8.399999618530273,8.399999618530273,8400,0,0.0
2015-09-21,8.5,8.699999809265137,8.5,8.5,3900,0,0.0
2015-09-22,8.5,8.600000381469727,8.399999618530273,8.5,15900,0,0.0
2015-09-23,8.5,8.699999809265137,8.399999618530273,8.600000381469727,10500,0,0.0
2015-09-24,8.699999809265137,8.699999809265137,8.300000190734863,8.5,8100,0,0.0
2015-09-25,8.5,8.5,8.100000381469727,8.300000190734863,18500,0,0.0
2015-09-28,8.100000381469727,8.399999618530273,7.099999904632568,7.300000190734863,93100,0,0.0
2015-09-29,7.5,7.5,6.599999904632568,6.900000095367432,58800,0,0.0
2015-09-30,6.900000095367432,7.0,6.599999904632568,6.800000190734863,48200,0,0.0
2015-10-01,6.699999809265137,7.0,5.5,6.099999904632568,82100,0,0.0
2015-10-02,6.400000095367432,7.0,6.400000095367432,6.599999904632568,16100,0,0.0
2015-10-05,6.699999809265137,8.0,6.699999809265137,8.0,37200,0,0.0
2015-10-06,8.100000381469727,8.100000381469727,7.099999904632568,7.599999904632568,12100,0,0.0
2015-10-07,7.699999809265137,7.699999809265137,7.400000095367432,7.5,11500,0,0.0
2015-10-08,7.5,8.5,7.5,8.300000190734863,33300,0,0.0
2015-10-09,8.0,8.100000381469727,7.699999809265137,7.900000095367432,24100,0,0.0
2015-10-12,8.0,8.399999618530273,7.699999809265137,8.100000381469727,10400,0,0.0
2015-10-13,8.100000381469727,8.100000381469727,7.300000190734863,7.300000190734863,15800,0,0.0
2015-10-14,7.599999904632568,8.100000381469727,7.5,7.800000190734863,7100,0,0.0
2015-10-15,7.800000190734863,8.100000381469727,7.800000190734863,8.100000381469727,9600,0,0.0
2015-10-16,8.100000381469727,8.100000381469727,7.800000190734863,7.800000190734863,6300,0,0.0
2015-10-19,8.0,8.100000381469727,7.5,7.800000190734863,12100,0,0.0
2015-10-20,7.800000190734863,8.199999809265137,7.599999904632568,8.100000381469727,10000,0,0.0
2015-10-21,7.900000095367432,7.900000095367432,7.5,7.599999904632568,4400,0,0.0
2015-10-22,7.800000190734863,8.0,7.599999904632568,8.0,10600,0,0.0
2015-10-23,8.0,8.800000190734863,7.5,8.699999809265137,22400,0,0.0
2015-10-26,8.699999809265137,9.800000190734863,8.399999618530273,9.800000190734863,55100,0,0.0
2015-10-27,9.800000190734863,10.0,9.0,9.5,23500,0,0.0
2015-10-28,9.600000381469727,9.600000381469727,8.899999618530273,8.899999618530273,20900,0,0.0
2015-10-29,8.899999618530273,8.899999618530273,8.100000381469727,8.100000381469727,14900,0,0.0
2015-10-30,8.199999809265137,8.5,8.100000381469727,8.5,9900,0,0.0
2015-11-02,8.399999618530273,8.800000190734863,8.100000381469727,8.699999809265137,20100,0,0.0
2015-11-03,8.800000190734863,9.899999618530273,8.800000190734863,9.800000190734863,40800,0,0.0
2015-11-04,9.800000190734863,9.800000190734863,8.0,9.800000190734863,26800,0,0.0
2015-11-05,8.800000190734863,9.899999618530273,8.800000190734863,9.899999618530273,14500,0,0.0
2015-11-06,9.899999618530273,11.699999809265137,9.600000381469727,11.0,149500,0,0.0
2015-11-09,11.5,11.5,9.199999809265137,10.600000381469727,90400,0,0.0
2015-11-10,10.699999809265137,10.899999618530273,10.0,10.600000381469727,13500,0,0.0
2015-11-11,10.5,10.5,10.0,10.300000190734863,19300,0,0.0
2015-11-12,10.0,10.0,9.5,9.699999809265137,23500,0,0.0
2015-11-13,9.800000190734863,9.800000190734863,9.399999618530273,9.5,21100,0,0.0
2015-11-16,9.699999809265137,9.699999809265137,8.899999618530273,9.0,9400,0,0.0
2015-11-17,9.0,9.399999618530273,9.0,9.100000381469727,13900,0,0.0
2015-11-18,9.199999809265137,9.199999809265137,8.800000190734863,9.0,26500,0,0.0
2015-11-19,9.199999809265137,9.199999809265137,8.800000190734863,8.899999618530273,8200,0,0.0
2015-11-20,8.899999618530273,8.899999618530273,8.5,8.899999618530273,16600,0,0.0
2015-11-23,9.0,9.0,8.5,8.699999809265137,12900,0,0.0
2015-11-24,8.699999809265137,8.699999809265137,8.5,8.600000381469727,7000,0,0.0
2015-11-25,8.600000381469727,8.600000381469727,8.399999618530273,8.5,13800,0,0.0
2015-11-27,8.300000190734863,8.699999809265137,8.300000190734863,8.699999809265137,6400,0,0.0
2015-11-30,8.699999809265137,9.5,8.600000381469727,9.5,19300,0,0.0
2015-12-01,8.899999618530273,10.0,8.899999618530273,9.800000190734863,16400,0,0.0
2015-12-02,10.0,10.199999809265137,9.800000190734863,9.800000190734863,16200,0,0.0
2015-12-03,9.899999618530273,10.0,9.5,9.600000381469727,5000,0,0.0
2015-12-04,9.300000190734863,9.800000190734863,9.300000190734863,9.5,5800,0,0.0
2015-12-07,9.300000190734863,9.300000190734863,8.899999618530273,8.899999618530273,6100,0,0.0
2015-12-08,8.899999618530273,8.899999618530273,8.100000381469727,8.5,19300,0,0.0
2015-12-09,8.600000381469727,9.0,8.600000381469727,8.600000381469727,10000,0,0.0
2015-12-10,8.800000190734863,9.0,8.300000190734863,8.5,17100,0,0.0
2015-12-11,8.399999618530273,8.5,8.199999809265137,8.199999809265137,12600,0,0.0
2015-12-14,8.100000381469727,8.300000190734863,8.0,8.199999809265137,17000,0,0.0
2015-12-15,8.0,8.5,8.0,8.300000190734863,9400,0,0.0
2015-12-16,8.300000190734863,8.5,8.0,8.5,9000,0,0.0
2015-12-17,8.600000381469727,8.600000381469727,8.0,8.100000381469727,13000,0,0.0
2015-12-18,8.100000381469727,8.100000381469727,8.0,8.0,31300,0,0.0
2015-12-21,8.100000381469727,8.699999809265137,8.0,8.600000381469727,12900,0,0.0
2015-12-22,8.600000381469727,8.899999618530273,8.399999618530273,8.5,22000,0,0.0
2015-12-23,8.399999618530273,8.5,7.900000095367432,8.0,28900,0,0.0
2015-12-24,8.0,8.100000381469727,7.900000095367432,7.900000095367432,12600,0,0.0
2015-12-28,7.900000095367432,8.300000190734863,7.900000095367432,8.300000190734863,10300,0,0.0
2015-12-29,8.300000190734863,8.300000190734863,7.900000095367432,8.100000381469727,13500,0,0.0
2015-12-30,8.100000381469727,8.100000381469727,7.900000095367432,7.900000095367432,18000,0,0.0
2015-12-31,8.100000381469727,8.100000381469727,7.800000190734863,7.900000095367432,11300,0,0.0
2016-01-04,7.900000095367432,8.0,7.699999809265137,7.900000095367432,10600,0,0.0
2016-01-05,7.699999809265137,8.600000381469727,7.699999809265137,8.5,7800,0,0.0
2016-01-06,8.199999809265137,8.600000381469727,8.100000381469727,8.399999618530273,7500,0,0.0
2016-01-07,8.199999809265137,8.199999809265137,7.800000190734863,8.100000381469727,13300,0,0.0
2016-01-08,7.900000095367432,8.300000190734863,7.900000095367432,8.199999809265137,4200,0,0.0
2016-01-11,8.100000381469727,8.199999809265137,7.699999809265137,7.900000095367432,19100,0,0.0
2016-01-12,8.0,8.100000381469727,7.0,7.0,28100,0,0.0
2016-01-13,7.199999809265137,7.5,7.0,7.099999904632568,22200,0,0.0
2016-01-14,7.300000190734863,8.199999809265137,7.0,8.100000381469727,13300,0,0.0
2016-01-15,6.800000190734863,7.5,6.800000190734863,7.099999904632568,37300,0,0.0
2016-01-19,7.300000190734863,7.5,7.0,7.199999809265137,16100,0,0.0
2016-01-20,7.300000190734863,7.800000190734863,6.900000095367432,7.300000190734863,12500,0,0.0
2016-01-21,7.099999904632568,7.5,7.0,7.099999904632568,11200,0,0.0
2016-01-22,7.199999809265137,7.300000190734863,7.199999809265137,7.300000190734863,5600,0,0.0
2016-01-25,7.5,7.599999904632568,7.0,7.099999904632568,14200,0,0.0
2016-01-26,7.0,7.400000095367432,6.900000095367432,7.400000095367432,5800,0,0.0
2016-01-27,7.5,7.800000190734863,7.099999904632568,7.5,5200,0,0.0
2016-01-28,7.599999904632568,7.699999809265137,7.099999904632568,7.599999904632568,7900,0,0.0
2016-01-29,7.699999809265137,8.0,7.300000190734863,7.599999904632568,16200,0,0.0
2016-02-01,7.300000190734863,8.199999809265137,7.300000190734863,8.0,14700,0,0.0
2016-02-02,7.699999809265137,9.0,7.699999809265137,8.899999618530273,33900,0,0.0
2016-02-03,9.100000381469727,9.100000381469727,8.399999618530273,8.600000381469727,15800,0,0.0
2016-02-04,8.600000381469727,8.600000381469727,8.0,8.300000190734863,19700,0,0.0
2016-02-05,8.5,8.899999618530273,8.0,8.300000190734863,8700,0,0.0
2016-02-08,8.5,8.5,8.199999809265137,8.5,7300,0,0.0
2016-02-09,8.600000381469727,8.600000381469727,8.0,8.300000190734863,4100,0,0.0
2016-02-10,8.300000190734863,8.600000381469727,8.0,8.399999618530273,5800,0,0.0
2016-02-11,8.5,8.5,7.800000190734863,8.100000381469727,9500,0,0.0
2016-02-12,8.100000381469727,8.5,7.800000190734863,8.300000190734863,5700,0,0.0
2016-02-16,8.300000190734863,8.399999618530273,7.900000095367432,8.0,8200,0,0.0
2016-02-17,8.399999618530273,8.600000381469727,7.900000095367432,8.100000381469727,15700,0,0.0
2016-02-18,8.0,8.600000381469727,8.0,8.300000190734863,8200,0,0.0
2016-02-19,8.300000190734863,8.600000381469727,8.199999809265137,8.5,6000,0,0.0
2016-02-22,8.600000381469727,8.800000190734863,8.5,8.800000190734863,16900,0,0.0
2016-02-23,8.800000190734863,8.800000190734863,8.600000381469727,8.600000381469727,8800,0,0.0
2016-02-24,8.699999809265137,8.699999809265137,8.5,8.600000381469727,12000,0,0.0
2016-02-25,8.399999618530273,8.600000381469727,8.199999809265137,8.199999809265137,6900,0,0.0
2016-02-26,8.300000190734863,8.600000381469727,8.0,8.600000381469727,11700,0,0.0
2016-02-29,8.600000381469727,9.0,8.399999618530273,8.899999618530273,34800,0,0.0
2016-03-01,8.800000190734863,9.0,8.600000381469727,9.0,17100,0,0.0
2016-03-02,9.0,11.899999618530273,9.0,11.300000190734863,187500,0,0.0
2016-03-03,11.600000381469727,12.800000190734863,11.199999809265137,11.300000190734863,299800,0,0.0
2016-03-04,11.199999809265137,11.399999618530273,9.600000381469727,10.0,127700,0,0.0
2016-03-07,10.0,10.699999809265137,9.899999618530273,9.899999618530273,49400,0,0.0
2016-03-08,9.699999809265137,9.699999809265137,8.300000190734863,8.699999809265137,45000,0,0.0
2016-03-09,9.100000381469727,9.600000381469727,9.0,9.0,13000,0,0.0
2016-03-10,9.0,9.399999618530273,8.800000190734863,8.800000190734863,9200,0,0.0
2016-03-11,8.800000190734863,9.300000190734863,8.800000190734863,8.800000190734863,4600,0,0.0
2016-03-14,9.100000381469727,9.5,8.5,8.699999809265137,16500,0,0.0
2016-03-15,8.699999809265137,9.100000381469727,8.300000190734863,8.399999618530273,13500,0,0.0
2016-03-16,8.5,8.5,8.100000381469727,8.199999809265137,19300,0,0.0
2016-03-17,8.399999618530273,8.800000190734863,8.199999809265137,8.800000190734863,18800,0,0.0
2016-03-18,8.5,8.800000190734863,8.300000190734863,8.300000190734863,12300,0,0.0
2016-03-21,8.100000381469727,8.699999809265137,8.100000381469727,8.199999809265137,12200,0,0.0
2016-03-22,8.399999618530273,8.5,8.100000381469727,8.199999809265137,20000,0,0.0
2016-03-23,8.300000190734863,8.399999618530273,8.100000381469727,8.100000381469727,12000,0,0.0
2016-03-24,8.0,8.300000190734863,8.0,8.0,17700,0,0.0
2016-03-28,8.100000381469727,8.300000190734863,7.800000190734863,8.100000381469727,32200,0,0.0
2016-03-29,8.199999809265137,8.300000190734863,8.0,8.100000381469727,15000,0,0.0
2016-03-30,8.199999809265137,8.300000190734863,8.199999809265137,8.300000190734863,8400,0,0.0
2016-03-31,8.399999618530273,8.5,8.300000190734863,8.399999618530273,13600,0,0.0
2016-04-01,8.5,9.0,8.399999618530273,9.0,13200,0,0.0
2016-04-04,8.800000190734863,8.899999618530273,8.300000190734863,8.600000381469727,13200,0,0.0
2016-04-05,8.600000381469727,8.600000381469727,8.100000381469727,8.399999618530273,8600,0,0.0
2016-04-06,8.300000190734863,8.899999618530273,8.199999809265137,8.899999618530273,9000,0,0.0
2016-04-07,8.699999809265137,8.699999809265137,8.100000381469727,8.399999618530273,18200,0,0.0
2016-04-08,8.5,8.699999809265137,8.399999618530273,8.600000381469727,5000,0,0.0
2016-04-11,8.600000381469727,8.800000190734863,8.199999809265137,8.800000190734863,15400,0,0.0
2016-04-12,8.899999618530273,9.100000381469727,8.800000190734863,9.0,18200,0,0.0
2016-04-13,9.100000381469727,9.899999618530273,9.100000381469727,9.600000381469727,31700,0,0.0
2016-04-14,9.699999809265137,9.899999618530273,9.699999809265137,9.800000190734863,18600,0,0.0
2016-04-15,9.800000190734863,9.899999618530273,9.399999618530273,9.600000381469727,13400,0,0.0
2016-04-18,9.5,9.800000190734863,9.0,9.800000190734863,26200,0,0.0
2016-04-19,9.800000190734863,9.899999618530273,9.199999809265137,9.300000190734863,13700,0,0.0
2016-04-20,9.600000381469727,9.899999618530273,9.0,9.100000381469727,26000,0,0.0
2016-04-21,9.5,9.5,8.899999618530273,9.100000381469727,15600,0,0.0
2016-04-22,9.300000190734863,9.399999618530273,8.899999618530273,9.100000381469727,6300,0,0.0
2016-04-25,9.300000190734863,9.300000190734863,8.899999618530273,9.300000190734863,6200,0,0.0
2016-04-26,9.300000190734863,9.300000190734863,8.899999618530273,9.100000381469727,6000,0,0.0
2016-04-27,9.300000190734863,9.300000190734863,8.800000190734863,9.300000190734863,12300,0,0.0
2016-04-28,9.399999618530273,9.5,9.0,9.100000381469727,14100,0,0.0
2016-04-29,9.100000381469727,9.399999618530273,9.0,9.0,7000,0,0.0
2016-05-02,9.0,9.0,8.800000190734863,8.800000190734863,12800,0,0.0
2016-05-03,8.600000381469727,8.899999618530273,8.5,8.600000381469727,12900,0,0.0
2016-05-04,8.600000381469727,8.800000190734863,8.5,8.5,18700,0,0.0
2016-05-05,8.5,8.699999809265137,8.5,8.699999809265137,6600,0,0.0
2016-05-06,8.699999809265137,8.699999809265137,8.5,8.5,8900,0,0.0
2016-05-09,8.5,8.699999809265137,8.5,8.5,13700,0,0.0
2016-05-10,8.5,8.699999809265137,8.5,8.600000381469727,7700,0,0.0
2016-05-11,8.600000381469727,8.699999809265137,8.199999809265137,8.300000190734863,13900,0,0.0
2016-05-12,8.0,8.699999809265137,7.300000190734863,8.199999809265137,6700,0,0.0
2016-05-13,8.300000190734863,8.399999618530273,8.199999809265137,8.399999618530273,9900,0,0.0
2016-05-16,8.399999618530273,8.600000381469727,8.300000190734863,8.300000190734863,4100,0,0.0
2016-05-17,8.399999618530273,8.5,8.199999809265137,8.199999809265137,7900,0,0.0
2016-05-18,8.199999809265137,8.399999618530273,8.199999809265137,8.399999618530273,1800,0,0.0
2016-05-19,8.300000190734863,8.300000190734863,8.100000381469727,8.199999809265137,8100,0,0.0
2016-05-20,8.199999809265137,8.199999809265137,8.0,8.100000381469727,6600,0,0.0
2016-05-23,8.300000190734863,8.300000190734863,8.0,8.199999809265137,15500,0,0.0
2016-05-24,8.0,8.199999809265137,7.900000095367432,7.900000095367432,20900,0,0.0
2016-05-25,8.100000381469727,8.300000190734863,8.0,8.300000190734863,10900,0,0.0
2016-05-26,8.199999809265137,8.300000190734863,8.199999809265137,8.300000190734863,5900,0,0.0
2016-05-27,8.399999618530273,8.399999618530273,8.199999809265137,8.300000190734863,2500,0,0.0
2016-05-31,8.199999809265137,8.199999809265137,8.0,8.0,20500,0,0.0
2016-06-01,7.900000095367432,8.399999618530273,7.900000095367432,8.0,11500,0,0.0
2016-06-02,7.800000190734863,8.199999809265137,7.800000190734863,8.100000381469727,7600,0,0.0
2016-06-03,8.100000381469727,8.399999618530273,8.100000381469727,8.100000381469727,6600,0,0.0
2016-06-06,8.5,8.5,8.199999809265137,8.399999618530273,6400,0,0.0
2016-06-07,8.399999618530273,8.399999618530273,7.800000190734863,8.0,45700,0,0.0
2016-06-08,8.199999809265137,8.199999809265137,7.900000095367432,8.199999809265137,14800,0,0.0
2016-06-09,8.100000381469727,8.199999809265137,8.0,8.199999809265137,4100,0,0.0
2016-06-10,8.199999809265137,8.199999809265137,7.900000095367432,8.0,5100,0,0.0
2016-06-13,8.0,8.0,7.800000190734863,7.800000190734863,9400,0,0.0
2016-06-14,8.0,8.0,7.800000190734863,8.0,5500,0,0.0
2016-06-15,8.0,8.100000381469727,7.800000190734863,7.800000190734863,7800,0,0.0
2016-06-16,8.0,8.0,7.800000190734863,7.800000190734863,6500,0,0.0
2016-06-17,8.0,8.0,7.800000190734863,7.800000190734863,4500,0,0.0
2016-06-20,7.900000095367432,8.100000381469727,7.800000190734863,7.800000190734863,7300,0,0.0
2016-06-21,7.800000190734863,8.100000381469727,7.800000190734863,8.0,13200,0,0.0
2016-06-22,8.199999809265137,8.199999809265137,7.800000190734863,8.0,4000,0,0.0
2016-06-23,7.800000190734863,8.100000381469727,7.800000190734863,7.900000095367432,5900,0,0.0
2016-06-24,8.100000381469727,8.100000381469727,7.699999809265137,7.800000190734863,15200,0,0.0
2016-06-27,7.900000095367432,8.100000381469727,7.599999904632568,7.900000095367432,11500,0,0.0
2016-06-28,7.599999904632568,8.0,7.599999904632568,7.599999904632568,8900,0,0.0
2016-06-29,7.699999809265137,8.0,7.599999904632568,7.900000095367432,4800,0,0.0
2016-06-30,7.699999809265137,7.900000095367432,7.599999904632568,7.699999809265137,3300,0,0.0
2016-07-01,7.5,7.900000095367432,7.5,7.900000095367432,9800,0,0.0
2016-07-05,7.900000095367432,7.900000095367432,7.599999904632568,7.599999904632568,6900,0,0.0
2016-07-06,7.800000190734863,7.900000095367432,7.699999809265137,7.900000095367432,5500,0,0.0
2016-07-07,7.699999809265137,7.900000095367432,7.699999809265137,7.699999809265137,6100,0,0.0
2016-07-08,7.699999809265137,7.900000095367432,7.599999904632568,7.800000190734863,4300,0,0.0
2016-07-11,7.900000095367432,7.900000095367432,7.699999809265137,7.699999809265137,19300,0,0.0
2016-07-12,7.699999809265137,7.800000190734863,7.699999809265137,7.800000190734863,12400,0,0.0
2016-07-13,7.800000190734863,7.900000095367432,7.400000095367432,7.599999904632568,17700,0,0.0
2016-07-14,7.699999809265137,7.800000190734863,7.5,7.599999904632568,10700,0,0.0
2016-07-15,7.699999809265137,7.900000095367432,7.699999809265137,7.800000190734863,19000,0,0.0
2016-07-18,7.800000190734863,7.900000095367432,7.699999809265137,7.699999809265137,9200,0,0.0
2016-07-19,7.599999904632568,7.800000190734863,7.5,7.599999904632568,8600,0,0.0
2016-07-20,7.5,7.699999809265137,7.5,7.5,10300,0,0.0
2016-07-21,7.599999904632568,7.800000190734863,7.5,7.699999809265137,8400,0,0.0
2016-07-22,7.5,7.800000190734863,7.5,7.5,6700,0,0.0
2016-07-25,7.5,7.599999904632568,7.400000095367432,7.599999904632568,22000,0,0.0
2016-07-26,7.5,7.699999809265137,7.400000095367432,7.5,9300,0,0.0
2016-07-27,7.599999904632568,7.699999809265137,7.5,7.5,11000,0,0.0
2016-07-28,7.599999904632568,7.699999809265137,7.5,7.5,7300,0,0.0
2016-07-29,7.5,7.699999809265137,7.5,7.5,6100,0,0.0
2016-08-01,7.400000095367432,7.599999904632568,7.300000190734863,7.400000095367432,21000,0,0.0
2016-08-02,7.5,7.699999809265137,7.300000190734863,7.400000095367432,9300,0,0.0
2016-08-03,7.5,7.900000095367432,7.400000095367432,7.900000095367432,11300,0,0.0
2016-08-04,7.900000095367432,7.900000095367432,7.5,7.900000095367432,19700,0,0.0
2016-08-05,7.900000095367432,8.199999809265137,7.599999904632568,8.199999809265137,15400,0,0.0
2016-08-08,8.300000190734863,8.300000190734863,8.0,8.300000190734863,10600,0,0.0
2016-08-09,8.300000190734863,9.5,8.300000190734863,9.5,112400,0,0.0
2016-08-10,10.0,11.399999618530273,9.800000190734863,10.100000381469727,179500,0,0.0
2016-08-11,10.0,10.0,9.0,9.100000381469727,48900,0,0.0
2016-08-12,9.100000381469727,9.600000381469727,8.800000190734863,9.199999809265137,21800,0,0.0
2016-08-15,9.100000381469727,9.800000190734863,9.0,9.199999809265137,17100,0,0.0
2016-08-16,9.5,9.699999809265137,9.199999809265137,9.399999618530273,11800,0,0.0
2016-08-17,9.5,9.5,9.0,9.300000190734863,4900,0,0.0
2016-08-18,9.5,9.5,8.800000190734863,8.899999618530273,15000,0,0.0
2016-08-19,8.899999618530273,9.399999618530273,8.800000190734863,9.100000381469727,22500,0,0.0
2016-08-22,9.199999809265137,9.199999809265137,8.800000190734863,9.0,13800,0,0.0
2016-08-23,8.899999618530273,9.100000381469727,8.899999618530273,9.0,7100,0,0.0
2016-08-24,8.899999618530273,9.0,8.800000190734863,8.800000190734863,4500,0,0.0
2016-08-25,8.800000190734863,9.100000381469727,8.800000190734863,8.899999618530273,6600,0,0.0
2016-08-26,9.100000381469727,9.300000190734863,8.800000190734863,8.800000190734863,7700,0,0.0
2016-08-29,9.0,9.100000381469727,8.800000190734863,8.899999618530273,7500,0,0.0
2016-08-30,9.0,9.100000381469727,8.899999618530273,8.899999618530273,7200,0,0.0
2016-08-31,8.800000190734863,9.0,8.300000190734863,8.699999809265137,13700,0,0.0
2016-09-01,8.800000190734863,8.899999618530273,8.600000381469727,8.899999618530273,7700,0,0.0
2016-09-02,8.800000190734863,8.899999618530273,8.699999809265137,8.699999809265137,5100,0,0.0
2016-09-06,8.699999809265137,9.0,8.5,8.899999618530273,14300,0,0.0
2016-09-07,9.0,9.0,8.5,8.5,8600,0,0.0
2016-09-08,8.5,9.100000381469727,8.5,9.0,17700,0,0.0
2016-09-09,9.100000381469727,9.199999809265137,8.5,8.899999618530273,12500,0,0.0
2016-09-12,9.100000381469727,9.100000381469727,8.5,8.899999618530273,7600,0,0.0
2016-09-13,8.800000190734863,8.800000190734863,8.100000381469727,8.199999809265137,22700,0,0.0
2016-09-14,8.199999809265137,8.600000381469727,8.100000381469727,8.199999809265137,18100,0,0.0
2016-09-15,8.199999809265137,8.399999618530273,8.100000381469727,8.399999618530273,12200,0,0.0
2016-09-16,8.5,9.0,8.399999618530273,8.800000190734863,6900,0,0.0
2016-09-19,8.800000190734863,8.899999618530273,8.399999618530273,8.5,4700,0,0.0
2016-09-20,8.399999618530273,8.600000381469727,8.199999809265137,8.300000190734863,4700,0,0.0
2016-09-21,8.100000381469727,8.899999618530273,8.100000381469727,8.699999809265137,27100,0,0.0
2016-09-22,8.800000190734863,8.800000190734863,8.399999618530273,8.399999618530273,12400,0,0.0
2016-09-23,8.5,8.5,8.199999809265137,8.199999809265137,21700,0,0.0
2016-09-26,8.5,8.5,8.199999809265137,8.399999618530273,12700,0,0.0
2016-09-27,8.199999809265137,8.199999809265137,8.0,8.199999809265137,14700,0,0.0
2016-09-28,8.300000190734863,8.399999618530273,8.0,8.199999809265137,4000,0,0.0
2016-09-29,8.5,8.600000381469727,8.0,8.300000190734863,14900,0,0.0
2016-09-30,8.300000190734863,8.300000190734863,7.900000095367432,8.0,12400,0,0.0
2016-10-03,8.100000381469727,8.100000381469727,7.800000190734863,7.800000190734863,12600,0,0.0
2016-10-04,8.0,8.0,7.800000190734863,7.900000095367432,9000,0,0.0
2016-10-05,8.0,8.0,7.800000190734863,8.0,17100,0,0.0
2016-10-06,7.900000095367432,7.900000095367432,7.699999809265137,7.800000190734863,14400,0,0.0
2016-10-07,7.699999809265137,7.699999809265137,7.400000095367432,7.699999809265137,36600,0,0.0
2016-10-10,7.599999904632568,7.800000190734863,7.400000095367432,7.5,35000,0,0.0
2016-10-11,7.5,7.599999904632568,7.300000190734863,7.5,25600,0,0.0
2016-10-12,7.5,7.599999904632568,7.199999809265137,7.5,13500,0,0.0
2016-10-13,7.5,7.599999904632568,7.300000190734863,7.5,11200,0,0.0
2016-10-14,7.5,7.5,7.300000190734863,7.400000095367432,14200,0,0.0
2016-10-17,7.400000095367432,7.400000095367432,7.300000190734863,7.400000095367432,7600,0,0.0
2016-10-18,7.400000095367432,7.599999904632568,7.300000190734863,7.599999904632568,5700,0,0.0
2016-10-19,7.5,7.599999904632568,7.400000095367432,7.5,24500,0,0.0
2016-10-20,7.5,8.5,7.400000095367432,8.300000190734863,17200,0,0.0
2016-10-21,8.5,8.5,7.699999809265137,8.0,16200,0,0.0
2016-10-24,7.400000095367432,7.699999809265137,7.400000095367432,7.400000095367432,21300,0,0.0
2016-10-25,7.5,8.300000190734863,7.400000095367432,8.300000190734863,14800,0,0.0
2016-10-26,8.0,8.300000190734863,7.599999904632568,7.900000095367432,13300,0,0.0
2016-10-27,7.5,8.100000381469727,7.5,7.900000095367432,10500,0,0.0
2016-10-28,7.800000190734863,8.199999809265137,7.699999809265137,7.699999809265137,7100,0,0.0
2016-10-31,7.5,7.800000190734863,7.300000190734863,7.400000095367432,48700,0,0.0
2016-11-01,7.400000095367432,8.0,7.300000190734863,7.599999904632568,12100,0,0.0
2016-11-02,7.5,7.599999904632568,7.300000190734863,7.400000095367432,16800,0,0.0
2016-11-03,7.400000095367432,7.900000095367432,7.400000095367432,7.699999809265137,22700,0,0.0
2016-11-04,7.699999809265137,7.699999809265137,7.599999904632568,7.699999809265137,9600,0,0.0
2016-11-07,7.599999904632568,7.699999809265137,7.400000095367432,7.5,19900,0,0.0
2016-11-08,7.5,7.5,7.099999904632568,7.400000095367432,21000,0,0.0
2016-11-09,7.199999809265137,7.699999809265137,7.199999809265137,7.400000095367432,45500,0,0.0
2016-11-10,7.5,8.0,7.5,7.900000095367432,45100,0,0.0
2016-11-11,8.100000381469727,8.600000381469727,7.800000190734863,8.600000381469727,37400,0,0.0
2016-11-14,8.199999809265137,9.0,8.0,8.600000381469727,76600,0,0.0
2016-11-15,9.0,9.199999809265137,8.5,8.699999809265137,42300,0,0.0
2016-11-16,8.699999809265137,9.0,8.699999809265137,8.800000190734863,10000,0,0.0
2016-11-17,8.899999618530273,9.100000381469727,8.800000190734863,9.0,10600,0,0.0
2016-11-18,9.0,9.0,8.600000381469727,8.800000190734863,9300,0,0.0
2016-11-21,8.800000190734863,9.199999809265137,8.800000190734863,8.899999618530273,31500,0,0.0
2016-11-22,8.800000190734863,9.199999809265137,8.800000190734863,9.100000381469727,9300,0,0.0
2016-11-23,9.100000381469727,9.100000381469727,8.5,9.0,16700,0,0.0
2016-11-25,9.100000381469727,9.100000381469727,8.699999809265137,8.800000190734863,2800,0,0.0
2016-11-28,8.800000190734863,8.800000190734863,8.600000381469727,8.699999809265137,10100,0,0.0
2016-11-29,8.699999809265137,8.699999809265137,8.5,8.600000381469727,8300,0,0.0
2016-11-30,8.600000381469727,8.899999618530273,8.600000381469727,8.600000381469727,10400,0,0.0
2016-12-01,8.600000381469727,8.800000190734863,8.5,8.699999809265137,8500,0,0.0
2016-12-02,8.300000190734863,8.800000190734863,8.300000190734863,8.600000381469727,16700,0,0.0
2016-12-05,8.600000381469727,8.800000190734863,8.5,8.600000381469727,7600,0,0.0
2016-12-06,8.399999618530273,8.600000381469727,8.0,8.5,28700,0,0.0
2016-12-07,8.600000381469727,8.699999809265137,8.199999809265137,8.699999809265137,24200,0,0.0
2016-12-08,8.399999618530273,8.800000190734863,8.199999809265137,8.699999809265137,53200,0,0.0
2016-12-09,8.399999618530273,8.800000190734863,8.399999618530273,8.5,17900,0,0.0
2016-12-12,8.300000190734863,8.600000381469727,8.300000190734863,8.399999618530273,13200,0,0.0
2016-12-13,8.5,8.5,8.300000190734863,8.399999618530273,14400,0,0.0
2016-12-14,8.5,8.600000381469727,8.300000190734863,8.399999618530273,10700,0,0.0
2016-12-15,8.300000190734863,8.5,7.800000190734863,7.800000190734863,43500,0,0.0
2016-12-16,8.0,8.0,7.5,7.699999809265137,46000,0,0.0
2016-12-19,7.800000190734863,8.0,7.400000095367432,7.599999904632568,49200,0,0.0
2016-12-20,7.400000095367432,8.0,7.400000095367432,7.900000095367432,19400,0,0.0
2016-12-21,8.0,8.0,7.5,7.5,25300,0,0.0
2016-12-22,7.900000095367432,8.0,7.5,7.599999904632568,22200,0,0.0
2016-12-23,7.5,7.800000190734863,7.400000095367432,7.699999809265137,33700,0,0.0
2016-12-27,7.400000095367432,7.699999809265137,7.400000095367432,7.599999904632568,14400,0,0.0
2016-12-28,7.800000190734863,7.800000190734863,7.5,7.599999904632568,21400,0,0.0
2016-12-29,7.5,7.800000190734863,7.400000095367432,7.400000095367432,30300,0,0.0
2016-12-30,7.400000095367432,7.699999809265137,7.400000095367432,7.400000095367432,15100,0,0.0
2017-01-03,7.699999809265137,7.800000190734863,7.400000095367432,7.699999809265137,9200,0,0.0
2017-01-04,7.800000190734863,7.800000190734863,7.5,7.5,12000,0,0.0
2017-01-05,7.5,8.0,7.5,8.0,21300,0,0.0
2017-01-06,7.900000095367432,8.0,7.599999904632568,7.900000095367432,12500,0,0.0
2017-01-09,7.900000095367432,8.800000190734863,7.5,8.800000190734863,83900,0,0.0
2017-01-10,9.0,9.699999809265137,8.800000190734863,9.399999618530273,145300,0,0.0
2017-01-11,9.5,9.5,8.399999618530273,8.600000381469727,40900,0,0.0
2017-01-12,8.600000381469727,9.0,8.199999809265137,8.399999618530273,14300,0,0.0
2017-01-13,8.5,8.5,8.100000381469727,8.300000190734863,12000,0,0.0
2017-01-17,8.5,8.5,8.199999809265137,8.300000190734863,10400,0,0.0
2017-01-18,8.399999618530273,8.399999618530273,8.100000381469727,8.199999809265137,16700,0,0.0
2017-01-19,8.199999809265137,8.5,7.900000095367432,8.399999618530273,26200,0,0.0
2017-01-20,8.300000190734863,8.5,8.300000190734863,8.399999618530273,7700,0,0.0
2017-01-23,8.600000381469727,8.600000381469727,8.300000190734863,8.600000381469727,11300,0,0.0
2017-01-24,8.699999809265137,8.699999809265137,8.399999618530273,8.5,17000,0,0.0
2017-01-25,8.5,8.600000381469727,8.399999618530273,8.600000381469727,20600,0,0.0
2017-01-26,8.600000381469727,8.899999618530273,8.300000190734863,8.800000190734863,36400,0,0.0
2017-01-27,8.899999618530273,9.100000381469727,8.800000190734863,8.800000190734863,27200,0,0.0
2017-01-30,9.100000381469727,9.199999809265137,8.600000381469727,8.899999618530273,19000,0,0.0
2017-01-31,8.899999618530273,8.899999618530273,8.5,8.800000190734863,10500,0,0.0
2017-02-01,8.5,8.699999809265137,8.300000190734863,8.399999618530273,15500,0,0.0
2017-02-02,8.300000190734863,8.600000381469727,8.300000190734863,8.399999618530273,16900,0,0.0
2017-02-03,8.600000381469727,8.600000381469727,8.300000190734863,8.600000381469727,21300,0,0.0
2017-02-06,8.699999809265137,8.699999809265137,8.300000190734863,8.5,14200,0,0.0
2017-02-07,8.5,8.5,8.300000190734863,8.399999618530273,10600,0,0.0
2017-02-08,8.399999618530273,8.800000190734863,8.399999618530273,8.800000190734863,9700,0,0.0
2017-02-09,8.699999809265137,8.800000190734863,8.5,8.600000381469727,10900,0,0.0
2017-02-10,8.699999809265137,8.800000190734863,8.5,8.800000190734863,17500,0,0.0
2017-02-13,8.600000381469727,8.699999809265137,8.399999618530273,8.5,35600,0,0.0
2017-02-14,8.600000381469727,8.600000381469727,8.399999618530273,8.399999618530273,18900,0,0.0
2017-02-15,8.399999618530273,8.5,8.199999809265137,8.5,27400,0,0.0
2017-02-16,8.300000190734863,8.5,8.300000190734863,8.399999618530273,18100,0,0.0
2017-02-17,8.399999618530273,8.5,8.199999809265137,8.300000190734863,21000,0,0.0
2017-02-21,8.100000381469727,8.5,8.0,8.199999809265137,26200,0,0.0
2017-02-22,8.199999809265137,8.300000190734863,8.0,8.199999809265137,16600,0,0.0
2017-02-23,8.100000381469727,8.300000190734863,8.100000381469727,8.199999809265137,12100,0,0.0
2017-02-24,8.300000190734863,8.300000190734863,8.0,8.100000381469727,18300,0,0.0
2017-02-27,8.199999809265137,8.199999809265137,7.900000095367432,8.0,21900,0,0.0
2017-02-28,8.300000190734863,8.300000190734863,7.699999809265137,7.800000190734863,28300,0,0.0
2017-03-01,7.900000095367432,8.0,7.900000095367432,7.900000095367432,16200,0,0.0
2017-03-02,7.900000095367432,8.0,7.800000190734863,7.800000190734863,20000,0,0.0
2017-03-03,7.900000095367432,8.0,7.699999809265137,8.0,24800,0,0.0
2017-03-06,7.900000095367432,7.900000095367432,7.699999809265137,7.800000190734863,18600,0,0.0
2017-03-07,7.699999809265137,7.900000095367432,7.5,7.800000190734863,29600,0,0.0
2017-03-08,7.800000190734863,7.900000095367432,7.599999904632568,7.800000190734863,26300,0,0.0
2017-03-09,7.699999809265137,7.900000095367432,7.5,7.599999904632568,51500,0,0.0
2017-03-10,7.900000095367432,7.900000095367432,7.5,7.5,38600,0,0.0
2017-03-13,8.0,8.0,7.599999904632568,7.699999809265137,19100,0,0.0
2017-03-14,7.699999809265137,7.699999809265137,7.5,7.5,46800,0,0.0
2017-03-15,7.699999809265137,7.900000095367432,7.400000095367432,7.900000095367432,14400,0,0.0
2017-03-16,7.900000095367432,7.900000095367432,7.5,7.699999809265137,9500,0,0.0
2017-03-17,7.699999809265137,7.699999809265137,7.5,7.699999809265137,23300,0,0.0
2017-03-20,7.699999809265137,7.699999809265137,7.5,7.699999809265137,20200,0,0.0
2017-03-21,7.599999904632568,7.599999904632568,7.400000095367432,7.5,39300,0,0.0
2017-03-22,7.599999904632568,7.699999809265137,7.400000095367432,7.5,19000,0,0.0
2017-03-23,7.599999904632568,7.599999904632568,7.400000095367432,7.400000095367432,23800,0,0.0
2017-03-24,7.599999904632568,7.699999809265137,7.400000095367432,7.5,34000,0,0.0
2017-03-27,7.400000095367432,7.5,7.400000095367432,7.400000095367432,7200,0,0.0
2017-03-28,7.400000095367432,7.599999904632568,7.400000095367432,7.5,11200,0,0.0
2017-03-29,7.5,7.5,7.400000095367432,7.5,11800,0,0.0
2017-03-30,7.5,7.5,7.5,7.5,15800,0,0.0
2017-03-31,7.5,7.5,7.5,7.5,14900,0,0.0
2017-04-03,7.400000095367432,7.900000095367432,7.400000095367432,7.699999809265137,18700,0,0.0
2017-04-04,7.699999809265137,8.100000381469727,7.599999904632568,7.699999809265137,58200,0,0.0
2017-04-05,7.599999904632568,7.800000190734863,7.5,7.699999809265137,21300,0,0.0
2017-04-06,7.599999904632568,7.699999809265137,7.400000095367432,7.599999904632568,19800,0,0.0
2017-04-07,7.699999809265137,7.699999809265137,7.5,7.599999904632568,16500,0,0.0
2017-04-10,7.699999809265137,7.699999809265137,7.599999904632568,7.699999809265137,8000,0,0.0
2017-04-11,7.400000095367432,7.699999809265137,7.300000190734863,7.599999904632568,22700,0,0.0
2017-04-12,7.400000095367432,7.699999809265137,7.400000095367432,7.5,24400,0,0.0
2017-04-13,7.599999904632568,7.699999809265137,7.400000095367432,7.5,13800,0,0.0
2017-04-17,7.5,7.699999809265137,7.199999809265137,7.300000190734863,57800,0,0.0
2017-04-18,7.300000190734863,7.300000190734863,7.0,7.099999904632568,51300,0,0.0
2017-04-19,7.199999809265137,7.300000190734863,6.900000095367432,7.300000190734863,43600,0,0.0
2017-04-20,7.300000190734863,7.400000095367432,7.0,7.0,26200,0,0.0
2017-04-21,7.0,7.5,7.0,7.199999809265137,24100,0,0.0
2017-04-24,7.099999904632568,7.599999904632568,7.0,7.300000190734863,10500,0,0.0
2017-04-25,7.300000190734863,7.300000190734863,7.0,7.0,15400,0,0.0
2017-04-26,7.199999809265137,7.300000190734863,7.099999904632568,7.300000190734863,10200,0,0.0
2017-04-27,7.300000190734863,7.300000190734863,7.0,7.099999904632568,14800,0,0.0
2017-04-28,7.300000190734863,7.300000190734863,7.0,7.099999904632568,15700,0,0.0
2017-05-01,7.099999904632568,7.300000190734863,7.0,7.199999809265137,4500,0,0.0
2017-05-02,7.0,7.400000095367432,7.0,7.099999904632568,19400,0,0.0
2017-05-03,7.099999904632568,7.300000190734863,7.0,7.199999809265137,6600,0,0.0
2017-05-04,7.199999809265137,7.199999809265137,7.0,7.0,19900,0,0.0
2017-05-05,7.0,7.199999809265137,7.0,7.199999809265137,11000,0,0.0
2017-05-08,7.099999904632568,7.199999809265137,6.800000190734863,7.0,33600,0,0.0
2017-05-09,7.0,7.0,6.699999809265137,6.699999809265137,35300,0,0.0
2017-05-10,7.0,7.0,6.699999809265137,6.800000190734863,28400,0,0.0
2017-05-11,7.0,7.0,6.400000095367432,6.800000190734863,53600,0,0.0
2017-05-12,6.699999809265137,6.800000190734863,6.5,6.599999904632568,20300,0,0.0
2017-05-15,6.5,6.900000095367432,6.199999809265137,6.699999809265137,39000,0,0.0
2017-05-16,6.699999809265137,6.800000190734863,6.5,6.699999809265137,7600,0,0.0
2017-05-17,6.699999809265137,6.699999809265137,6.400000095367432,6.699999809265137,16900,0,0.0
2017-05-18,6.900000095367432,6.900000095367432,6.300000190734863,6.699999809265137,8200,0,0.0
2017-05-19,7.0,7.0,6.599999904632568,6.800000190734863,26500,0,0.0
2017-05-22,7.0,7.0,6.599999904632568,6.599999904632568,11200,0,0.0
2017-05-23,6.900000095367432,6.900000095367432,6.599999904632568,6.800000190734863,12300,0,0.0
2017-05-24,6.900000095367432,7.099999904632568,6.699999809265137,6.800000190734863,29600,0,0.0
2017-05-25,6.699999809265137,6.800000190734863,6.699999809265137,6.699999809265137,8400,0,0.0
2017-05-26,6.800000190734863,6.800000190734863,6.300000190734863,6.599999904632568,30200,0,0.0
2017-05-30,6.699999809265137,6.800000190734863,6.400000095367432,6.800000190734863,12800,0,0.0
2017-05-31,6.800000190734863,6.800000190734863,6.5,6.599999904632568,3800,0,0.0
2017-06-01,6.5,6.599999904632568,6.400000095367432,6.5,11000,0,0.0
2017-06-02,6.300000190734863,6.900000095367432,6.300000190734863,6.5,10500,0,0.0
2017-06-05,6.599999904632568,6.699999809265137,6.400000095367432,6.699999809265137,7400,0,0.0
2017-06-06,6.699999809265137,6.699999809265137,6.400000095367432,6.5,6700,0,0.0
2017-06-07,6.699999809265137,6.699999809265137,6.300000190734863,6.400000095367432,8500,0,0.0
2017-06-08,6.400000095367432,6.599999904632568,6.300000190734863,6.400000095367432,10800,0,0.0
2017-06-09,6.300000190734863,6.5,6.300000190734863,6.300000190734863,6000,0,0.0
2017-06-12,6.400000095367432,6.400000095367432,6.099999904632568,6.199999809265137,18700,0,0.0
2017-06-13,6.199999809265137,6.400000095367432,6.0,6.0,29900,0,0.0
2017-06-14,6.199999809265137,6.199999809265137,5.699999809265137,6.099999904632568,16000,0,0.0
2017-06-15,6.099999904632568,6.099999904632568,5.800000190734863,5.800000190734863,10700,0,0.0
2017-06-16,5.800000190734863,6.099999904632568,5.800000190734863,6.0,22200,0,0.0
2017-06-19,6.199999809265137,6.199999809265137,6.0,6.0,20600,0,0.0
2017-06-20,6.099999904632568,6.099999904632568,5.900000095367432,5.900000095367432,16800,0,0.0
2017-06-21,6.0,6.0,5.900000095367432,6.0,10000,0,0.0
2017-06-22,6.0,6.0,5.900000095367432,5.900000095367432,16100,0,0.0
2017-06-23,5.900000095367432,6.0,5.800000190734863,6.0,8300,0,0.0
2017-06-26,6.099999904632568,6.300000190734863,5.900000095367432,6.0,11200,0,0.0
2017-06-27,5.900000095367432,6.0,5.900000095367432,5.900000095367432,13100,0,0.0
2017-06-28,6.099999904632568,6.099999904632568,5.900000095367432,6.0,11400,0,0.0
2017-06-29,6.0,6.199999809265137,6.0,6.199999809265137,8500,0,0.0
2017-06-30,6.099999904632568,6.099999904632568,5.800000190734863,5.900000095367432,12500,0,0.0
2017-07-03,5.900000095367432,6.099999904632568,5.800000190734863,6.099999904632568,6700,0,0.0
2017-07-05,6.099999904632568,6.300000190734863,6.0,6.099999904632568,17000,0,0.0
2017-07-06,6.099999904632568,6.099999904632568,5.800000190734863,5.900000095367432,15500,0,0.0
2017-07-07,5.800000190734863,6.099999904632568,5.800000190734863,6.0,8700,0,0.0
2017-07-10,6.199999809265137,6.199999809265137,5.800000190734863,6.0,12800,0,0.0
2017-07-11,6.0,6.400000095367432,5.900000095367432,6.400000095367432,24500,0,0.0
2017-07-12,6.5,6.599999904632568,6.0,6.400000095367432,16600,0,0.0
2017-07-13,6.5,6.5,6.0,6.300000190734863,12500,0,0.0
2017-07-14,6.400000095367432,6.900000095367432,6.0,6.800000190734863,25600,0,0.0
2017-07-17,7.0,7.099999904632568,6.5,7.0,35800,0,0.0
2017-07-18,7.300000190734863,7.300000190734863,6.699999809265137,6.900000095367432,21100,0,0.0
2017-07-19,6.800000190734863,7.099999904632568,6.599999904632568,6.599999904632568,17800,0,0.0
2017-07-20,6.800000190734863,7.0,6.599999904632568,6.900000095367432,6400,0,0.0
2017-07-21,6.900000095367432,6.900000095367432,6.599999904632568,6.599999904632568,12300,0,0.0
2017-07-24,6.599999904632568,7.0,6.599999904632568,6.800000190734863,8700,0,0.0
2017-07-25,7.0,7.300000190734863,6.800000190734863,6.900000095367432,17800,0,0.0
2017-07-26,6.800000190734863,7.099999904632568,6.599999904632568,7.0,12700,0,0.0
2017-07-27,7.0,7.0,6.699999809265137,7.0,9900,0,0.0
2017-07-28,6.800000190734863,6.900000095367432,6.800000190734863,6.800000190734863,9000,0,0.0
2017-07-31,6.800000190734863,7.0,6.800000190734863,6.800000190734863,6300,0,0.0
2017-08-01,6.800000190734863,7.099999904632568,6.599999904632568,6.900000095367432,10600,0,0.0
2017-08-02,6.900000095367432,6.900000095367432,6.599999904632568,6.699999809265137,6700,0,0.0
2017-08-03,6.699999809265137,6.900000095367432,6.400000095367432,6.599999904632568,8400,0,0.0
2017-08-04,6.5,6.699999809265137,6.400000095367432,6.5,6300,0,0.0
2017-08-07,6.5,6.599999904632568,6.5,6.599999904632568,3600,0,0.0
2017-08-08,6.400000095367432,6.400000095367432,6.199999809265137,6.199999809265137,21300,0,0.0
2017-08-09,6.5,6.5,6.199999809265137,6.300000190734863,7100,0,0.0
2017-08-10,6.300000190734863,6.5,6.199999809265137,6.199999809265137,14700,0,0.0
2017-08-11,6.300000190734863,6.5,6.199999809265137,6.400000095367432,6200,0,0.0
2017-08-14,6.699999809265137,6.699999809265137,6.5,6.5,8000,0,0.0
2017-08-15,6.599999904632568,6.599999904632568,6.300000190734863,6.599999904632568,2900,0,0.0
2017-08-16,6.599999904632568,6.599999904632568,6.099999904632568,6.199999809265137,17800,0,0.0
2017-08-17,6.300000190734863,6.400000095367432,6.0,6.0,21900,0,0.0
2017-08-18,6.099999904632568,6.400000095367432,6.0,6.300000190734863,8000,0,0.0
2017-08-21,6.199999809265137,6.400000095367432,6.0,6.099999904632568,7700,0,0.0
2017-08-22,6.400000095367432,6.400000095367432,6.099999904632568,6.199999809265137,7500,0,0.0
2017-08-23,6.5,6.5,5.800000190734863,5.800000190734863,24600,0,0.0
2017-08-24,6.099999904632568,6.099999904632568,5.900000095367432,6.099999904632568,7200,0,0.0
2017-08-25,6.099999904632568,6.400000095367432,6.0,6.099999904632568,20300,0,0.0
2017-08-28,6.400000095367432,6.400000095367432,6.099999904632568,6.300000190734863,18100,0,0.0
2017-08-29,6.300000190734863,6.300000190734863,6.0,6.099999904632568,20300,0,0.0
2017-08-30,6.099999904632568,6.400000095367432,6.0,6.300000190734863,37300,0,0.0
2017-08-31,6.400000095367432,6.400000095367432,6.099999904632568,6.099999904632568,10500,0,0.0
2017-09-01,6.300000190734863,6.300000190734863,6.199999809265137,6.300000190734863,5400,0,0.0
2017-09-05,6.400000095367432,6.400000095367432,6.099999904632568,6.099999904632568,20900,0,0.0
2017-09-06,6.099999904632568,6.300000190734863,6.099999904632568,6.199999809265137,23100,0,0.0
2017-09-07,6.199999809265137,6.199999809265137,6.099999904632568,6.199999809265137,7700,0,0.0
2017-09-08,6.400000095367432,6.400000095367432,6.0,6.300000190734863,15100,0,0.0
2017-09-11,6.400000095367432,6.400000095367432,6.300000190734863,6.300000190734863,14800,0,0.0
2017-09-12,6.400000095367432,6.400000095367432,6.300000190734863,6.300000190734863,7900,0,0.0
2017-09-13,6.5,6.5,6.099999904632568,6.300000190734863,12100,0,0.0
2017-09-14,6.199999809265137,6.300000190734863,6.099999904632568,6.099999904632568,14100,0,0.0
2017-09-15,6.300000190734863,6.300000190734863,6.099999904632568,6.300000190734863,26800,0,0.0
2017-09-18,6.199999809265137,6.5,6.099999904632568,6.400000095367432,30400,0,0.0
2017-09-19,6.5,6.5,6.199999809265137,6.300000190734863,15600,0,0.0
2017-09-20,6.300000190734863,6.300000190734863,6.099999904632568,6.199999809265137,19100,0,0.0
2017-09-21,6.300000190734863,6.300000190734863,6.199999809265137,6.300000190734863,18800,0,0.0
2017-09-22,6.199999809265137,6.300000190734863,6.099999904632568,6.199999809265137,17000,0,0.0
2017-09-25,6.400000095367432,6.400000095367432,6.099999904632568,6.199999809265137,18600,0,0.0
2017-09-26,6.300000190734863,6.300000190734863,6.099999904632568,6.099999904632568,19700,0,0.0
2017-09-27,6.199999809265137,6.199999809265137,5.800000190734863,5.900000095367432,54500,0,0.0
2017-09-28,5.900000095367432,6.199999809265137,5.900000095367432,6.099999904632568,20700,0,0.0
2017-09-29,6.400000095367432,6.400000095367432,6.0,6.099999904632568,13500,0,0.0
2017-10-02,6.099999904632568,6.099999904632568,5.900000095367432,6.0,9900,0,0.0
2017-10-03,6.099999904632568,6.099999904632568,5.900000095367432,5.900000095367432,25600,0,0.0
2017-10-04,6.099999904632568,6.099999904632568,5.800000190734863,5.900000095367432,28900,0,0.0
2017-10-05,5.900000095367432,6.099999904632568,5.800000190734863,6.099999904632568,16500,0,0.0
2017-10-06,6.099999904632568,6.099999904632568,5.900000095367432,6.0,11000,0,0.0
2017-10-09,6.099999904632568,6.300000190734863,5.900000095367432,6.300000190734863,29300,0,0.0
2017-10-10,6.300000190734863,6.300000190734863,6.0,6.199999809265137,20500,0,0.0
2017-10-11,6.199999809265137,6.5,6.099999904632568,6.400000095367432,31600,0,0.0
2017-10-12,6.5,6.599999904632568,5.900000095367432,5.900000095367432,27600,0,0.0
2017-10-13,6.300000190734863,6.300000190734863,5.900000095367432,5.900000095367432,14300,0,0.0
2017-10-16,6.0,6.199999809265137,5.900000095367432,6.0,12400,0,0.0
2017-10-17,5.900000095367432,6.300000190734863,5.800000190734863,6.0,15300,0,0.0
2017-10-18,6.099999904632568,6.300000190734863,5.900000095367432,6.0,7000,0,0.0
2017-10-19,6.0,6.199999809265137,5.900000095367432,6.099999904632568,6800,0,0.0
2017-10-20,5.900000095367432,6.0,5.900000095367432,6.0,19800,0,0.0
2017-10-23,5.900000095367432,6.0,5.800000190734863,5.900000095367432,22900,0,0.0
2017-10-24,5.900000095367432,6.0,5.900000095367432,5.900000095367432,39100,0,0.0
2017-10-25,6.199999809265137,7.300000190734863,6.0,6.900000095367432,128300,0,0.0
2017-10-26,7.0,7.5,6.5,6.699999809265137,88100,0,0.0
2017-10-27,6.5,6.800000190734863,6.199999809265137,6.5,57200,0,0.0
2017-10-30,6.5,6.599999904632568,6.199999809265137,6.300000190734863,26800,0,0.0
2017-10-31,6.300000190734863,6.5,6.099999904632568,6.300000190734863,22200,0,0.0
2017-11-01,6.599999904632568,6.599999904632568,6.099999904632568,6.199999809265137,23500,0,0.0
2017-11-02,6.300000190734863,6.300000190734863,6.0,6.099999904632568,27800,0,0.0
2017-11-03,6.300000190734863,6.300000190734863,6.099999904632568,6.099999904632568,8000,0,0.0
2017-11-06,6.0,6.599999904632568,6.0,6.599999904632568,41600,0,0.0
2017-11-07,6.400000095367432,6.400000095367432,6.099999904632568,6.099999904632568,23800,0,0.0
2017-11-08,6.400000095367432,6.400000095367432,6.099999904632568,6.099999904632568,12600,0,0.0
2017-11-09,6.099999904632568,6.300000190734863,6.099999904632568,6.199999809265137,8800,0,0.0
2017-11-10,6.5,6.5,6.0,6.099999904632568,20200,0,0.0
2017-11-13,6.099999904632568,6.400000095367432,6.099999904632568,6.199999809265137,14700,0,0.0
2017-11-14,6.300000190734863,6.300000190734863,6.099999904632568,6.199999809265137,6800,0,0.0
2017-11-15,6.300000190734863,6.300000190734863,6.099999904632568,6.300000190734863,9300,0,0.0
2017-11-16,6.099999904632568,6.300000190734863,6.099999904632568,6.199999809265137,4500,0,0.0
2017-11-17,6.300000190734863,6.400000095367432,6.0,6.199999809265137,24200,0,0.0
2017-11-20,6.199999809265137,6.300000190734863,6.0,6.0,30700,0,0.0
2017-11-21,6.0,6.199999809265137,6.0,6.099999904632568,13000,0,0.0
2017-11-22,6.099999904632568,6.199999809265137,6.0,6.0,9600,0,0.0
2017-11-24,6.0,6.199999809265137,6.0,6.199999809265137,12700,0,0.0
2017-11-27,6.099999904632568,6.099999904632568,6.0,6.0,17200,0,0.0
2017-11-28,6.199999809265137,6.199999809265137,6.0,6.099999904632568,30600,0,0.0
2017-11-29,6.199999809265137,7.0,6.099999904632568,6.5,95000,0,0.0
2017-11-30,6.5,6.599999904632568,6.199999809265137,6.300000190734863,27900,0,0.0
2017-12-01,6.5,6.599999904632568,6.300000190734863,6.300000190734863,29500,0,0.0
2017-12-04,6.599999904632568,7.5,6.300000190734863,7.199999809265137,102000,0,0.0
2017-12-05,7.199999809265137,8.199999809265137,7.199999809265137,7.400000095367432,196400,0,0.0
2017-12-06,7.400000095367432,7.5,7.0,7.099999904632568,26400,0,0.0
2017-12-07,7.099999904632568,7.099999904632568,6.699999809265137,7.0,26800,0,0.0
2017-12-08,6.699999809265137,7.0,6.699999809265137,6.800000190734863,18900,0,0.0
2017-12-11,6.699999809265137,7.0,6.5,6.699999809265137,21800,0,0.0
2017-12-12,6.599999904632568,7.0,6.599999904632568,6.699999809265137,13800,0,0.0
2017-12-13,6.599999904632568,7.099999904632568,6.599999904632568,6.800000190734863,26000,0,0.0
2017-12-14,7.300000190734863,7.400000095367432,6.800000190734863,7.0,35700,0,0.0
2017-12-15,7.5,7.5,6.699999809265137,7.099999904632568,31400,0,0.0
2017-12-18,7.199999809265137,7.199999809265137,6.699999809265137,6.900000095367432,38200,0,0.0
2017-12-19,7.0,7.099999904632568,6.800000190734863,6.900000095367432,40100,0,0.0
2017-12-20,7.199999809265137,7.199999809265137,6.800000190734863,7.0,13800,0,0.0
2017-12-21,6.900000095367432,7.099999904632568,6.800000190734863,6.800000190734863,26300,0,0.0
2017-12-22,7.099999904632568,7.199999809265137,6.800000190734863,6.900000095367432,26000,0,0.0
2017-12-26,7.099999904632568,7.5,7.0,7.300000190734863,52800,0,0.0
2017-12-27,7.5,8.100000381469727,7.400000095367432,8.100000381469727,78100,0,0.0
2017-12-28,8.100000381469727,8.600000381469727,8.100000381469727,8.199999809265137,82600,0,0.0
2017-12-29,8.5,8.600000381469727,8.0,8.600000381469727,64300,0,0.0
2018-01-02,8.699999809265137,10.100000381469727,8.600000381469727,9.199999809265137,205500,0,0.0
2018-01-03,9.199999809265137,9.5,8.600000381469727,8.800000190734863,84800,0,0.0
2018-01-04,9.399999618530273,9.399999618530273,8.699999809265137,9.0,39500,0,0.0
2018-01-05,9.5,10.600000381469727,9.5,9.899999618530273,265500,0,0.0
2018-01-08,10.399999618530273,11.300000190734863,9.899999618530273,11.199999809265137,194800,0,0.0
2018-01-09,11.399999618530273,11.399999618530273,10.300000190734863,10.600000381469727,143500,0,0.0
2018-01-10,10.899999618530273,11.100000381469727,10.199999809265137,10.600000381469727,82600,0,0.0
2018-01-11,10.600000381469727,10.600000381469727,10.100000381469727,10.199999809265137,75900,0,0.0
2018-01-12,10.300000190734863,10.5,10.100000381469727,10.5,53400,0,0.0
2018-01-16,10.600000381469727,10.600000381469727,10.0,10.199999809265137,61200,0,0.0
2018-01-17,10.199999809265137,10.199999809265137,9.5,9.5,81600,0,0.0
2018-01-18,9.399999618530273,9.800000190734863,8.899999618530273,9.800000190734863,103500,0,0.0
2018-01-19,10.5,10.5,9.699999809265137,10.0,40400,0,0.0
2018-01-22,10.199999809265137,10.199999809265137,9.800000190734863,10.0,24400,0,0.0
2018-01-23,10.5,10.5,9.899999618530273,10.100000381469727,34200,0,0.0
2018-01-24,10.399999618530273,10.399999618530273,9.899999618530273,10.100000381469727,35100,0,0.0
2018-01-25,10.5,10.600000381469727,10.0,10.300000190734863,67800,0,0.0
2018-01-26,10.300000190734863,10.5,10.100000381469727,10.5,36300,0,0.0
2018-01-29,10.600000381469727,10.899999618530273,10.5,10.899999618530273,74300,0,0.0
2018-01-30,11.0,11.199999809265137,10.699999809265137,11.199999809265137,67000,0,0.0
2018-01-31,11.399999618530273,13.399999618530273,11.199999809265137,13.199999809265137,390700,0,0.0
2018-02-01,12.199999809265137,13.600000381469727,11.199999809265137,11.899999618530273,247400,0,0.0
2018-02-02,11.899999618530273,12.199999809265137,11.199999809265137,11.800000190734863,84300,0,0.0
2018-02-05,11.800000190734863,12.5,11.5,12.199999809265137,111700,0,0.0
2018-02-06,12.399999618530273,12.5,11.399999618530273,11.699999809265137,74800,0,0.0
2018-02-07,11.899999618530273,11.899999618530273,11.600000381469727,11.699999809265137,50700,0,0.0
2018-02-08,12.300000190734863,12.300000190734863,11.600000381469727,11.899999618530273,55200,0,0.0
2018-02-09,12.100000381469727,12.300000190734863,10.699999809265137,11.5,104600,0,0.0
2018-02-12,11.800000190734863,12.0,11.5,11.800000190734863,36000,0,0.0
2018-02-13,11.899999618530273,12.100000381469727,11.300000190734863,11.899999618530273,34000,0,0.0
2018-02-14,11.899999618530273,12.0,11.699999809265137,11.899999618530273,35100,0,0.0
2018-02-15,11.899999618530273,12.100000381469727,11.800000190734863,12.0,37000,0,0.0
2018-02-16,12.199999809265137,12.199999809265137,11.800000190734863,11.899999618530273,19100,0,0.0
2018-02-20,12.0,12.100000381469727,11.800000190734863,12.0,40500,0,0.0
2018-02-21,11.800000190734863,12.0,11.800000190734863,12.0,31000,0,0.0
2018-02-22,12.0,12.0,11.800000190734863,12.0,33000,0,0.0
2018-02-23,12.0,12.199999809265137,11.899999618530273,12.100000381469727,48000,0,0.0
2018-02-26,12.100000381469727,12.699999809265137,12.0,12.5,112800,0,0.0
2018-02-27,12.600000381469727,12.600000381469727,12.300000190734863,12.399999618530273,39500,0,0.0
2018-02-28,12.300000190734863,12.5,12.199999809265137,12.5,25400,0,0.0
2018-03-01,12.600000381469727,12.699999809265137,11.800000190734863,12.199999809265137,50200,0,0.0
2018-03-02,12.199999809265137,12.199999809265137,11.800000190734863,11.899999618530273,31300,0,0.0
2018-03-05,12.100000381469727,12.100000381469727,11.399999618530273,11.600000381469727,73100,0,0.0
2018-03-06,11.699999809265137,11.800000190734863,11.600000381469727,11.800000190734863,21800,0,0.0
2018-03-07,11.800000190734863,11.800000190734863,11.600000381469727,11.600000381469727,26600,0,0.0
2018-03-08,11.699999809265137,11.699999809265137,10.800000190734863,11.399999618530273,86100,0,0.0
2018-03-09,11.399999618530273,11.699999809265137,11.100000381469727,11.300000190734863,20000,0,0.0
2018-03-12,11.5,11.5,10.600000381469727,10.899999618530273,51200,0,0.0
2018-03-13,10.800000190734863,11.0,10.100000381469727,10.600000381469727,62200,0,0.0
2018-03-14,10.600000381469727,10.899999618530273,10.300000190734863,10.899999618530273,32200,0,0.0
2018-03-15,11.0,11.199999809265137,10.600000381469727,11.199999809265137,20800,0,0.0
2018-03-16,11.5,11.5,10.699999809265137,11.199999809265137,20400,0,0.0
2018-03-19,11.100000381469727,11.100000381469727,10.5,10.699999809265137,27900,0,0.0
2018-03-20,10.800000190734863,10.899999618530273,10.5,10.5,18300,0,0.0
2018-03-21,10.5,11.199999809265137,10.5,11.0,22900,0,0.0
2018-03-22,11.0,11.300000190734863,10.5,10.699999809265137,24400,0,0.0
2018-03-23,10.600000381469727,10.600000381469727,10.399999618530273,10.600000381469727,33000,0,0.0
2018-03-26,10.399999618530273,10.600000381469727,9.899999618530273,10.100000381469727,99100,0,0.0
2018-03-27,9.899999618530273,10.300000190734863,9.300000190734863,9.699999809265137,67600,0,0.0
2018-03-28,9.699999809265137,9.899999618530273,8.699999809265137,9.0,89800,0,0.0
2018-03-29,8.899999618530273,8.899999618530273,7.800000190734863,8.699999809265137,104900,0,0.0
2018-04-02,9.0,9.0,8.199999809265137,8.600000381469727,69900,0,0.0
2018-04-03,8.699999809265137,8.899999618530273,8.300000190734863,8.800000190734863,53300,0,0.0
2018-04-04,9.0,9.100000381469727,8.5,9.0,34700,0,0.0
2018-04-05,9.300000190734863,9.300000190734863,8.800000190734863,9.0,36100,0,0.0
2018-04-06,9.0,9.0,8.699999809265137,8.899999618530273,33200,0,0.0
2018-04-09,9.199999809265137,9.199999809265137,8.5,8.600000381469727,31300,0,0.0
2018-04-10,8.899999618530273,9.100000381469727,8.600000381469727,9.0,19800,0,0.0
2018-04-11,9.0,9.0,8.699999809265137,8.899999618530273,14700,0,0.0
2018-04-12,8.899999618530273,8.899999618530273,8.600000381469727,8.699999809265137,12300,0,0.0
2018-04-13,8.800000190734863,8.800000190734863,8.300000190734863,8.800000190734863,43300,0,0.0
2018-04-16,8.800000190734863,8.800000190734863,8.5,8.699999809265137,20100,0,0.0
2018-04-17,8.600000381469727,8.800000190734863,8.600000381469727,8.699999809265137,25000,0,0.0
2018-04-18,8.800000190734863,8.899999618530273,8.399999618530273,8.600000381469727,44800,0,0.0
2018-04-19,8.5,8.699999809265137,8.300000190734863,8.399999618530273,14800,0,0.0
2018-04-20,8.5,8.5,8.399999618530273,8.5,13900,0,0.0
2018-04-23,8.5,8.5,8.0,8.199999809265137,33000,0,0.0
2018-04-24,8.300000190734863,8.300000190734863,7.900000095367432,8.199999809265137,52300,0,0.0
2018-04-25,8.199999809265137,8.399999618530273,7.800000190734863,8.0,45000,0,0.0
2018-04-26,8.0,8.100000381469727,7.800000190734863,7.900000095367432,46200,0,0.0
2018-04-27,8.199999809265137,8.300000190734863,7.900000095367432,8.199999809265137,19300,0,0.0
2018-04-30,8.399999618530273,8.399999618530273,8.199999809265137,8.199999809265137,26500,0,0.0
2018-05-01,8.300000190734863,8.5,8.199999809265137,8.300000190734863,30300,0,0.0
2018-05-02,8.199999809265137,8.600000381469727,8.199999809265137,8.5,16000,0,0.0
2018-05-03,8.600000381469727,8.600000381469727,8.199999809265137,8.399999618530273,30700,0,0.0
2018-05-04,8.5,8.5,8.199999809265137,8.300000190734863,7900,0,0.0
2018-05-07,8.399999618530273,8.399999618530273,8.199999809265137,8.199999809265137,8300,0,0.0
2018-05-08,8.199999809265137,8.300000190734863,8.0,8.100000381469727,10500,0,0.0
2018-05-09,8.100000381469727,8.100000381469727,8.0,8.0,6600,0,0.0
2018-05-10,8.100000381469727,8.100000381469727,8.0,8.0,10100,0,0.0
2018-05-11,8.100000381469727,8.399999618530273,8.0,8.100000381469727,6600,0,0.0
2018-05-14,8.100000381469727,8.199999809265137,7.900000095367432,7.900000095367432,16700,0,0.0
2018-05-15,7.900000095367432,7.900000095367432,7.699999809265137,7.800000190734863,40700,0,0.0
2018-05-16,7.900000095367432,8.0,7.699999809265137,8.0,9700,0,0.0
2018-05-17,8.199999809265137,8.199999809265137,7.699999809265137,7.900000095367432,10600,0,0.0
2018-05-18,7.900000095367432,8.0,7.800000190734863,8.0,5000,0,0.0
2018-05-21,7.800000190734863,8.0,7.699999809265137,7.900000095367432,12600,0,0.0
2018-05-22,7.800000190734863,8.0,7.800000190734863,7.800000190734863,15200,0,0.0
2018-05-23,7.900000095367432,8.300000190734863,7.699999809265137,8.300000190734863,21300,0,0.0
2018-05-24,8.199999809265137,8.399999618530273,8.0,8.100000381469727,7600,0,0.0
2018-05-25,8.100000381469727,8.199999809265137,7.800000190734863,8.0,13500,0,0.0
2018-05-29,8.0,8.0,7.5,7.900000095367432,17400,0,0.0
2018-05-30,8.0,8.0,7.699999809265137,7.800000190734863,8900,0,0.0
2018-05-31,8.0,8.0,7.699999809265137,7.800000190734863,8100,0,0.0
2018-06-01,7.900000095367432,7.900000095367432,7.699999809265137,7.800000190734863,9500,0,0.0
2018-06-04,7.699999809265137,7.800000190734863,7.699999809265137,7.699999809265137,12200,0,0.0
2018-06-05,7.800000190734863,8.0,7.699999809265137,7.800000190734863,10300,0,0.0
2018-06-06,7.800000190734863,8.0,7.699999809265137,7.800000190734863,18200,0,0.0
2018-06-07,8.0,8.0,7.800000190734863,7.800000190734863,4700,0,0.0
2018-06-08,7.699999809265137,8.0,7.5,7.699999809265137,26300,0,0.0
2018-06-11,8.0,9.600000381469727,7.800000190734863,9.5,196300,0,0.0
2018-06-12,9.800000190734863,11.5,8.5,9.100000381469727,272000,0,0.0
2018-06-13,9.5,9.899999618530273,9.100000381469727,9.100000381469727,45400,0,0.0
2018-06-14,9.300000190734863,10.5,9.199999809265137,9.899999618530273,139600,0,0.0
2018-06-15,10.5,10.5,9.800000190734863,10.100000381469727,69900,0,0.0
2018-06-18,10.5,10.5,10.0,10.100000381469727,58500,0,0.0
2018-06-19,11.0,11.0,10.300000190734863,10.600000381469727,114900,0,0.0
2018-06-20,10.899999618530273,10.899999618530273,10.399999618530273,10.699999809265137,85800,0,0.0
2018-06-21,10.899999618530273,11.0,10.5,10.5,57700,0,0.0
2018-06-22,10.399999618530273,10.699999809265137,9.5,9.800000190734863,70200,0,0.0
2018-06-25,10.0,10.199999809265137,9.699999809265137,10.0,28300,0,0.0
2018-06-26,9.899999618530273,10.0,9.399999618530273,9.699999809265137,26500,0,0.0
2018-06-27,9.699999809265137,10.0,9.699999809265137,9.899999618530273,15900,0,0.0
2018-06-28,10.0,10.0,9.699999809265137,9.899999618530273,18300,0,0.0
2018-06-29,10.399999618530273,10.399999618530273,9.699999809265137,9.899999618530273,22800,0,0.0
2018-07-02,10.0,10.0,9.699999809265137,9.899999618530273,20000,0,0.0
2018-07-03,9.800000190734863,10.0,9.600000381469727,10.0,10600,0,0.0
2018-07-05,9.899999618530273,9.899999618530273,8.699999809265137,9.399999618530273,54200,0,0.0
2018-07-06,9.300000190734863,9.5,9.0,9.5,11500,0,0.0
2018-07-09,9.5,9.5,9.0,9.199999809265137,21200,0,0.0
2018-07-10,9.5,9.5,9.199999809265137,9.399999618530273,12300,0,0.0
2018-07-11,9.5,9.5,9.0,9.0,13800,0,0.0
2018-07-12,9.0,9.300000190734863,8.899999618530273,8.899999618530273,8400,0,0.0
2018-07-13,9.100000381469727,9.100000381469727,8.899999618530273,9.0,6500,0,0.0
2018-07-16,9.0,9.0,8.899999618530273,8.899999618530273,10700,0,0.0
2018-07-17,8.899999618530273,9.100000381469727,8.800000190734863,9.0,15500,0,0.0
2018-07-18,9.0,9.100000381469727,8.899999618530273,9.0,7600,0,0.0
2018-07-19,9.0,9.0,8.800000190734863,8.899999618530273,6200,0,0.0
2018-07-20,8.899999618530273,8.899999618530273,8.300000190734863,8.5,30300,0,0.0
2018-07-23,9.0,9.100000381469727,8.399999618530273,8.600000381469727,22300,0,0.0
2018-07-24,8.5,9.0,8.300000190734863,8.5,34200,0,0.0
2018-07-25,8.199999809265137,8.5,8.0,8.199999809265137,48000,0,0.0
2018-07-26,8.100000381469727,8.399999618530273,8.100000381469727,8.399999618530273,17700,0,0.0
2018-07-27,8.199999809265137,8.5,8.0,8.0,60700,0,0.0
2018-07-30,8.100000381469727,8.300000190734863,8.0,8.0,15800,0,0.0
2018-07-31,8.0,8.300000190734863,7.900000095367432,7.900000095367432,39700,0,0.0
2018-08-01,8.300000190734863,8.300000190734863,7.900000095367432,8.0,20500,0,0.0
2018-08-02,8.0,8.199999809265137,7.900000095367432,8.0,11100,0,0.0
2018-08-03,8.100000381469727,8.100000381469727,7.900000095367432,8.0,8000,0,0.0
2018-08-06,8.0,8.0,7.900000095367432,7.900000095367432,25200,0,0.0
2018-08-07,7.900000095367432,8.300000190734863,7.900000095367432,8.0,6600,0,0.0
2018-08-08,8.100000381469727,8.300000190734863,7.900000095367432,8.0,12600,0,0.0
2018-08-09,8.0,8.199999809265137,8.0,8.199999809265137,30200,0,0.0
2018-08-10,8.5,9.0,8.199999809265137,8.5,35000,0,0.0
2018-08-13,8.5,8.699999809265137,8.199999809265137,8.199999809265137,15300,0,0.0
2018-08-14,8.399999618530273,8.600000381469727,8.199999809265137,8.5,6500,0,0.0
2018-08-15,8.699999809265137,8.699999809265137,8.399999618530273,8.5,13500,0,0.0
2018-08-16,8.5,8.800000190734863,8.5,8.5,16000,0,0.0
2018-08-17,8.5,8.800000190734863,8.5,8.800000190734863,8100,0,0.0
2018-08-20,8.699999809265137,8.800000190734863,8.300000190734863,8.5,20100,0,0.0
2018-08-21,8.5,8.600000381469727,8.199999809265137,8.300000190734863,28300,0,0.0
2018-08-22,8.399999618530273,9.0,8.199999809265137,8.399999618530273,12400,0,0.0
2018-08-23,8.399999618530273,8.399999618530273,8.199999809265137,8.199999809265137,12400,0,0.0
2018-08-24,8.199999809265137,8.399999618530273,8.199999809265137,8.300000190734863,12400,0,0.0
2018-08-27,8.199999809265137,8.399999618530273,8.100000381469727,8.199999809265137,25800,0,0.0
2018-08-28,8.399999618530273,8.399999618530273,8.100000381469727,8.300000190734863,16700,0,0.0
2018-08-29,8.0,8.300000190734863,8.0,8.199999809265137,14100,0,0.0
2018-08-30,8.199999809265137,8.300000190734863,8.100000381469727,8.199999809265137,14700,0,0.0
2018-08-31,8.199999809265137,8.300000190734863,8.0,8.100000381469727,30400,0,0.0
2018-09-04,8.100000381469727,8.399999618530273,8.100000381469727,8.300000190734863,25100,0,0.0
2018-09-05,8.600000381469727,8.699999809265137,8.100000381469727,8.699999809265137,19600,0,0.0
2018-09-06,8.600000381469727,9.0,8.5,8.899999618530273,32500,0,0.0
2018-09-07,9.199999809265137,10.100000381469727,9.0,9.699999809265137,93200,0,0.0
2018-09-10,9.899999618530273,10.0,9.0,9.100000381469727,29400,0,0.0
2018-09-11,9.100000381469727,9.600000381469727,8.800000190734863,8.800000190734863,15500,0,0.0
2018-09-12,8.899999618530273,9.199999809265137,8.899999618530273,8.899999618530273,8800,0,0.0
2018-09-13,8.899999618530273,9.199999809265137,8.899999618530273,9.0,7400,0,0.0
2018-09-14,9.0,9.0,8.899999618530273,9.0,11700,0,0.0
2018-09-17,9.0,9.199999809265137,8.899999618530273,8.899999618530273,19200,0,0.0
2018-09-18,9.0,9.0,8.5,8.800000190734863,23200,0,0.0
2018-09-19,8.699999809265137,9.0,8.600000381469727,8.699999809265137,9400,0,0.0
2018-09-20,8.899999618530273,9.199999809265137,8.699999809265137,9.0,32000,0,0.0
2018-09-21,9.0,9.399999618530273,8.899999618530273,9.100000381469727,32100,0,0.0
2018-09-24,9.199999809265137,9.5,9.0,9.0,15200,0,0.0
2018-09-25,9.399999618530273,9.399999618530273,9.0,9.199999809265137,17600,0,0.0
2018-09-26,9.100000381469727,9.199999809265137,9.0,9.100000381469727,11000,0,0.0
2018-09-27,9.100000381469727,10.300000190734863,9.0,9.699999809265137,55900,0,0.0
2018-09-28,10.0,10.5,9.899999618530273,10.199999809265137,57200,0,0.0
2018-10-01,10.5,10.5,9.399999618530273,10.0,29500,0,0.0
2018-10-02,10.100000381469727,10.100000381469727,9.600000381469727,9.699999809265137,13600,0,0.0
2018-10-03,9.5,9.899999618530273,9.399999618530273,9.5,11700,0,0.0
2018-10-04,9.5,9.699999809265137,9.300000190734863,9.5,9600,0,0.0
2018-10-05,9.399999618530273,9.5,9.300000190734863,9.399999618530273,19200,0,0.0
2018-10-08,9.300000190734863,9.699999809265137,9.300000190734863,9.399999618530273,14900,0,0.0
2018-10-09,9.300000190734863,9.600000381469727,9.199999809265137,9.5,16100,0,0.0
2018-10-10,9.600000381469727,9.600000381469727,9.199999809265137,9.300000190734863,29800,0,0.0
2018-10-11,9.399999618530273,9.399999618530273,9.199999809265137,9.300000190734863,18800,0,0.0
2018-10-12,9.300000190734863,9.5,9.300000190734863,9.399999618530273,19800,0,0.0
2018-10-15,10.0,10.0,9.199999809265137,9.300000190734863,31500,0,0.0
2018-10-16,9.300000190734863,9.5,9.199999809265137,9.199999809265137,31600,0,0.0
2018-10-17,9.5,9.5,9.199999809265137,9.199999809265137,15000,0,0.0
2018-10-18,9.399999618530273,9.399999618530273,9.100000381469727,9.300000190734863,9900,0,0.0
2018-10-19,9.300000190734863,9.300000190734863,9.100000381469727,9.199999809265137,12400,0,0.0
2018-10-22,9.300000190734863,9.5,9.100000381469727,9.300000190734863,23800,0,0.0
2018-10-23,9.300000190734863,9.399999618530273,9.100000381469727,9.199999809265137,22900,0,0.0
2018-10-24,9.199999809265137,9.300000190734863,9.100000381469727,9.199999809265137,11200,0,0.0
2018-10-25,9.199999809265137,9.300000190734863,9.100000381469727,9.199999809265137,20300,0,0.0
2018-10-26,9.5,9.5,9.100000381469727,9.100000381469727,13500,0,0.0
2018-10-29,9.300000190734863,9.300000190734863,8.800000190734863,8.800000190734863,14400,0,0.0
2018-10-30,8.899999618530273,9.100000381469727,8.800000190734863,9.100000381469727,27500,0,0.0
2018-10-31,9.300000190734863,9.300000190734863,9.0,9.100000381469727,12000,0,0.0
2018-11-01,9.300000190734863,12.5,9.100000381469727,11.300000190734863,332800,0,0.0
2018-11-02,12.399999618530273,12.399999618530273,9.199999809265137,9.300000190734863,271000,0,0.0
2018-11-05,10.0,10.0,9.0,9.100000381469727,107700,0,0.0
2018-11-06,9.199999809265137,9.600000381469727,9.100000381469727,9.5,66300,0,0.0
2018-11-07,9.5,9.5,9.0,9.300000190734863,47800,0,0.0
2018-11-08,9.300000190734863,9.300000190734863,9.0,9.100000381469727,34900,0,0.0
2018-11-09,9.399999618530273,9.399999618530273,8.800000190734863,9.0,44000,0,0.0
2018-11-12,9.399999618530273,9.399999618530273,8.699999809265137,9.0,62600,0,0.0
2018-11-13,8.800000190734863,9.0,8.399999618530273,8.699999809265137,49000,0,0.0
2018-11-14,8.800000190734863,8.800000190734863,8.399999618530273,8.5,56300,0,0.0
2018-11-15,8.399999618530273,8.5,8.0,8.199999809265137,107100,0,0.0
2018-11-16,8.199999809265137,8.399999618530273,8.100000381469727,8.300000190734863,41000,0,0.0
2018-11-19,8.399999618530273,8.399999618530273,8.0,8.0,34600,0,0.0
2018-11-20,8.199999809265137,8.199999809265137,8.0,8.100000381469727,35100,0,0.0
2018-11-21,8.199999809265137,8.199999809265137,8.0,8.100000381469727,20400,0,0.0
2018-11-23,8.100000381469727,8.600000381469727,8.100000381469727,8.300000190734863,13500,0,0.0
2018-11-26,8.300000190734863,8.600000381469727,8.300000190734863,8.399999618530273,28900,0,0.0
2018-11-27,8.5,8.5,8.100000381469727,8.100000381469727,18700,0,0.0
2018-11-28,8.300000190734863,8.399999618530273,8.100000381469727,8.100000381469727,39800,0,0.0
2018-11-29,8.300000190734863,8.300000190734863,8.100000381469727,8.100000381469727,27500,0,0.0
2018-11-30,8.300000190734863,8.300000190734863,8.100000381469727,8.100000381469727,23100,0,0.0
2018-12-03,8.399999618530273,8.399999618530273,8.0,8.100000381469727,21900,0,0.0
2018-12-04,8.0,8.399999618530273,8.0,8.0,37100,0,0.0
2018-12-06,8.100000381469727,8.199999809265137,8.0,8.0,30700,0,0.0
2018-12-07,8.199999809265137,8.300000190734863,8.0,8.199999809265137,61000,0,0.0
2018-12-10,8.199999809265137,8.399999618530273,8.100000381469727,8.300000190734863,43300,0,0.0
2018-12-11,8.199999809265137,8.300000190734863,8.0,8.100000381469727,13900,0,0.0
2018-12-12,8.300000190734863,8.5,8.199999809265137,8.199999809265137,56200,0,0.0
2018-12-13,8.399999618530273,8.5,8.300000190734863,8.300000190734863,43400,0,0.0
2018-12-14,8.199999809265137,8.300000190734863,8.199999809265137,8.199999809265137,30100,0,0.0
2018-12-17,8.199999809265137,8.199999809265137,8.0,8.0,26900,0,0.0
2018-12-18,8.199999809265137,8.5,8.0,8.199999809265137,22100,0,0.0
2018-12-19,8.0,8.199999809265137,8.0,8.0,33700,0,0.0
2018-12-20,8.199999809265137,8.399999618530273,8.0,8.100000381469727,131100,0,0.0
2018-12-21,8.5,8.800000190734863,8.100000381469727,8.300000190734863,102700,0,0.0
2018-12-24,8.5,8.600000381469727,8.199999809265137,8.300000190734863,33600,0,0.0
2018-12-26,8.5,8.5,8.199999809265137,8.300000190734863,36300,0,0.0
2018-12-27,8.300000190734863,8.5,8.100000381469727,8.300000190734863,25600,0,0.0
2018-12-28,8.199999809265137,8.300000190734863,8.100000381469727,8.100000381469727,20400,0,0.0
2018-12-31,8.199999809265137,8.5,8.0,8.100000381469727,43900,0,0.0
2019-01-02,8.5,8.5,8.100000381469727,8.300000190734863,21800,0,0.0
2019-01-03,8.399999618530273,8.399999618530273,8.100000381469727,8.100000381469727,17200,0,0.0
2019-01-04,8.399999618530273,8.399999618530273,8.0,8.100000381469727,27400,0,0.0
2019-01-07,8.100000381469727,8.300000190734863,8.100000381469727,8.199999809265137,12400,0,0.0
2019-01-08,8.300000190734863,8.300000190734863,8.0,8.199999809265137,25700,0,0.0
2019-01-09,8.199999809265137,8.199999809265137,7.800000190734863,8.0,73900,0,0.0
2019-01-10,8.100000381469727,8.100000381469727,8.0,8.0,17000,0,0.0
2019-01-11,8.100000381469727,8.100000381469727,7.800000190734863,7.800000190734863,42800,0,0.0
2019-01-14,7.800000190734863,8.0,7.800000190734863,7.800000190734863,33300,0,0.0
2019-01-15,8.0,8.0,7.800000190734863,7.900000095367432,21100,0,0.0
2019-01-16,8.0,8.100000381469727,7.800000190734863,8.0,21900,0,0.0
2019-01-17,7.900000095367432,7.900000095367432,7.800000190734863,7.800000190734863,19500,0,0.0
2019-01-18,7.900000095367432,7.900000095367432,7.699999809265137,7.800000190734863,40700,0,0.0
2019-01-22,7.900000095367432,7.900000095367432,7.599999904632568,7.800000190734863,51100,0,0.0
2019-01-23,7.699999809265137,7.900000095367432,7.699999809265137,7.800000190734863,31300,0,0.0
2019-01-24,7.800000190734863,7.900000095367432,7.699999809265137,7.699999809265137,13700,0,0.0
2019-01-25,7.699999809265137,7.800000190734863,7.599999904632568,7.699999809265137,45000,0,0.0
2019-01-28,7.900000095367432,7.900000095367432,7.199999809265137,7.599999904632568,42900,0,0.0
2019-01-29,7.599999904632568,7.699999809265137,7.300000190734863,7.5,22900,0,0.0
2019-01-30,7.599999904632568,7.599999904632568,7.400000095367432,7.5,27900,0,0.0
2019-01-31,7.5,7.5,7.300000190734863,7.400000095367432,30600,0,0.0
2019-02-01,7.400000095367432,7.5,7.300000190734863,7.5,21900,0,0.0
2019-02-04,7.5,7.5,7.300000190734863,7.400000095367432,27100,0,0.0
2019-02-05,7.400000095367432,7.5,7.300000190734863,7.400000095367432,31200,0,0.0
2019-02-06,7.5,7.5,7.300000190734863,7.400000095367432,30300,0,0.0
2019-02-07,7.400000095367432,7.400000095367432,7.099999904632568,7.400000095367432,44100,0,0.0
2019-02-08,7.400000095367432,7.400000095367432,7.300000190734863,7.400000095367432,12800,0,0.0
2019-02-11,7.800000190734863,7.800000190734863,7.099999904632568,7.300000190734863,20000,0,0.0
2019-02-12,7.300000190734863,7.300000190734863,7.199999809265137,7.199999809265137,38700,0,0.0
2019-02-13,7.199999809265137,7.300000190734863,7.099999904632568,7.099999904632568,40000,0,0.0
2019-02-14,7.199999809265137,7.199999809265137,7.099999904632568,7.199999809265137,16900,0,0.0
2019-02-15,7.199999809265137,7.199999809265137,7.199999809265137,7.199999809265137,14400,0,0.0
2019-02-19,7.199999809265137,7.199999809265137,7.099999904632568,7.199999809265137,27700,0,0.0
2019-02-20,7.099999904632568,7.300000190734863,7.099999904632568,7.199999809265137,27800,0,0.0
2019-02-21,7.199999809265137,7.199999809265137,7.099999904632568,7.099999904632568,21500,0,0.0
2019-02-22,7.199999809265137,7.199999809265137,7.099999904632568,7.099999904632568,25800,0,0.0
2019-02-25,7.199999809265137,7.199999809265137,6.900000095367432,7.0,33800,0,0.0
2019-02-26,7.0,7.099999904632568,7.0,7.099999904632568,27400,0,0.0
2019-02-27,6.900000095367432,7.0,6.599999904632568,6.699999809265137,77700,0,0.0
2019-02-28,6.800000190734863,6.800000190734863,6.599999904632568,6.699999809265137,36400,0,0.0
2019-03-01,6.800000190734863,6.900000095367432,6.699999809265137,6.900000095367432,32400,0,0.0
2019-03-04,6.900000095367432,6.900000095367432,6.699999809265137,6.800000190734863,55800,0,0.0
2019-03-05,6.699999809265137,6.900000095367432,6.599999904632568,6.699999809265137,28700,0,0.0
2019-03-06,6.800000190734863,6.800000190734863,6.5,6.699999809265137,56400,0,0.0
2019-03-07,6.800000190734863,6.900000095367432,6.5,6.5,45700,0,0.0
2019-03-08,6.599999904632568,6.699999809265137,6.5,6.699999809265137,44800,0,0.0
2019-03-11,6.800000190734863,6.900000095367432,6.599999904632568,6.699999809265137,33000,0,0.0
2019-03-12,6.699999809265137,6.900000095367432,6.699999809265137,6.900000095367432,34500,0,0.0
2019-03-13,6.800000190734863,6.800000190734863,6.5,6.599999904632568,84600,0,0.0
2019-03-14,6.699999809265137,6.699999809265137,6.5,6.599999904632568,33700,0,0.0
2019-03-15,6.599999904632568,6.699999809265137,6.599999904632568,6.699999809265137,29700,0,0.0
2019-03-18,6.699999809265137,6.800000190734863,6.5,6.599999904632568,44800,0,0.0
2019-03-19,6.699999809265137,6.800000190734863,6.5,6.699999809265137,38300,0,0.0
2019-03-20,6.599999904632568,6.800000190734863,6.599999904632568,6.699999809265137,35800,0,0.0
2019-03-21,6.800000190734863,6.900000095367432,6.5,6.699999809265137,58700,0,0.0
2019-03-22,6.800000190734863,9.100000381469727,6.699999809265137,7.0,642200,0,0.0
2019-03-25,7.0,8.0,7.0,7.5,313400,0,0.0
2019-03-26,7.5,8.300000190734863,7.300000190734863,7.800000190734863,193400,0,0.0
2019-03-27,7.800000190734863,7.800000190734863,7.099999904632568,7.199999809265137,100000,0,0.0
2019-03-28,7.199999809265137,7.599999904632568,6.800000190734863,6.900000095367432,127300,0,0.0
2019-03-29,7.0,7.0,6.800000190734863,6.800000190734863,76600,0,0.0
2019-04-01,6.900000095367432,7.0,6.099999904632568,6.5,212900,0,0.0
2019-04-02,6.599999904632568,6.599999904632568,6.099999904632568,6.199999809265137,118300,0,0.0
2019-04-03,6.300000190734863,6.5,6.0,6.199999809265137,102900,0,0.0
2019-04-04,6.099999904632568,6.099999904632568,5.699999809265137,5.699999809265137,214600,0,0.0
2019-04-05,6.0,6.0,5.699999809265137,5.800000190734863,102200,0,0.0
2019-04-08,6.0,6.0,5.699999809265137,5.699999809265137,82700,0,0.0
2019-04-09,5.800000190734863,5.800000190734863,4.699999809265137,5.199999809265137,199600,0,0.0
2019-04-10,5.199999809265137,5.5,5.0,5.099999904632568,96400,0,0.0
2019-04-11,5.199999809265137,5.5,4.900000095367432,5.0,95200,0,0.0
2019-04-12,5.0,5.099999904632568,4.800000190734863,5.0,119900,0,0.0
2019-04-15,5.0,5.199999809265137,4.800000190734863,4.900000095367432,113700,0,0.0
2019-04-16,5.0,6.0,5.0,5.900000095367432,155400,0,0.0
2019-04-17,6.0,6.400000095367432,5.300000190734863,5.400000095367432,111200,0,0.0
2019-04-18,5.599999904632568,5.800000190734863,5.400000095367432,5.5,46900,0,0.0
2019-04-22,5.800000190734863,6.0,5.5,5.800000190734863,43700,0,0.0
2019-04-23,6.0,6.0,5.5,5.599999904632568,36300,0,0.0
2019-04-24,5.900000095367432,5.900000095367432,5.5,5.699999809265137,31200,0,0.0
2019-04-25,5.599999904632568,5.699999809265137,5.5,5.599999904632568,56800,0,0.0
2019-04-26,5.599999904632568,5.599999904632568,5.400000095367432,5.599999904632568,27000,0,0.0
2019-04-29,5.599999904632568,5.599999904632568,5.300000190734863,5.5,37400,0,0.0
2019-04-30,5.400000095367432,5.5,5.300000190734863,5.300000190734863,38200,0,0.0
2019-05-01,5.5,5.599999904632568,5.199999809265137,5.300000190734863,42800,0,0.0
2019-05-02,5.300000190734863,5.400000095367432,5.199999809265137,5.300000190734863,42700,0,0.0
2019-05-03,5.300000190734863,5.300000190734863,5.099999904632568,5.099999904632568,55200,0,0.0
2019-05-06,5.099999904632568,5.199999809265137,5.0,5.099999904632568,61300,0,0.0
2019-05-07,5.0,5.300000190734863,4.800000190734863,5.0,71300,0,0.0
2019-05-08,5.199999809265137,5.199999809265137,4.900000095367432,5.0,44700,0,0.0
2019-05-09,5.0,5.099999904632568,4.900000095367432,4.900000095367432,33400,0,0.0
2019-05-10,5.0,5.0,4.800000190734863,4.900000095367432,44500,0,0.0
2019-05-13,4.900000095367432,5.0,4.800000190734863,4.900000095367432,22400,0,0.0
2019-05-14,5.0,5.0,4.900000095367432,4.900000095367432,19900,0,0.0
2019-05-15,4.900000095367432,4.900000095367432,4.699999809265137,4.800000190734863,28000,0,0.0
2019-05-16,4.800000190734863,4.800000190734863,4.599999904632568,4.699999809265137,47600,0,0.0
2019-05-17,4.699999809265137,4.900000095367432,4.699999809265137,4.900000095367432,16800,0,0.0
2019-05-20,5.0,5.199999809265137,5.0,5.199999809265137,32400,0,0.0
2019-05-21,5.199999809265137,5.199999809265137,4.900000095367432,4.900000095367432,30800,0,0.0
2019-05-22,5.0,5.199999809265137,4.900000095367432,4.900000095367432,23400,0,0.0
2019-05-23,5.0,5.0,4.800000190734863,5.0,15800,0,0.0
2019-05-24,5.0,5.0,4.800000190734863,5.0,29300,0,0.0
2019-05-28,4.800000190734863,4.800000190734863,4.199999809265137,4.400000095367432,145100,0,0.0
2019-05-29,4.5,4.5,4.0,4.099999904632568,66300,0,0.0
2019-05-30,4.199999809265137,4.300000190734863,3.5999999046325684,4.300000190734863,96700,0,0.0
2019-05-31,4.400000095367432,4.400000095367432,3.5999999046325684,4.300000190734863,75000,0,0.0
2019-06-03,4.5,4.5,4.099999904632568,4.099999904632568,41500,0,0.0
2019-06-04,4.099999904632568,4.400000095367432,4.099999904632568,4.300000190734863,27800,0,0.0
2019-06-05,4.199999809265137,4.400000095367432,4.099999904632568,4.199999809265137,27900,0,0.0
2019-06-06,4.099999904632568,4.199999809265137,3.9000000953674316,4.0,50300,0,0.0
2019-06-07,4.0,4.0,3.799999952316284,3.9000000953674316,31600,0,0.0
2019-06-10,3.799999952316284,3.9000000953674316,3.700000047683716,3.799999952316284,56500,0,0.0
2019-06-11,3.799999952316284,3.9000000953674316,3.700000047683716,3.700000047683716,71500,0,0.0
2019-06-12,3.700000047683716,3.9000000953674316,3.700000047683716,3.799999952316284,32700,0,0.0
2019-06-13,3.9000000953674316,4.0,3.9000000953674316,3.9000000953674316,23600,0,0.0
2019-06-14,3.9000000953674316,3.9000000953674316,3.799999952316284,3.9000000953674316,31700,0,0.0
2019-06-17,3.9000000953674316,4.0,3.799999952316284,4.0,38600,0,0.0
2019-06-18,4.0,4.0,3.799999952316284,3.9000000953674316,67300,0,0.0
2019-06-19,3.9000000953674316,4.0,3.9000000953674316,3.9000000953674316,23200,0,0.0
2019-06-20,3.9000000953674316,4.0,3.9000000953674316,3.9000000953674316,46800,0,0.0
2019-06-21,3.9000000953674316,3.9000000953674316,3.9000000953674316,3.9000000953674316,42500,0,0.0
2019-06-24,3.9000000953674316,4.0,3.9000000953674316,4.0,41900,0,0.0
2019-06-25,4.300000190734863,4.300000190734863,3.9000000953674316,4.099999904632568,143200,0,0.0
2019-06-26,4.400000095367432,4.400000095367432,3.9000000953674316,4.0,42700,0,0.0
2019-06-27,4.199999809265137,4.300000190734863,4.0,4.300000190734863,67300,0,0.0
2019-06-28,4.300000190734863,4.300000190734863,4.0,4.300000190734863,56600,0,0.0
2019-07-01,4.400000095367432,4.900000095367432,4.099999904632568,4.800000190734863,87100,0,0.0
2019-07-02,5.0,5.0,4.800000190734863,5.0,133600,0,0.0
2019-07-03,5.0,5.099999904632568,4.699999809265137,4.900000095367432,28900,0,0.0
2019-07-05,4.900000095367432,4.900000095367432,4.599999904632568,4.800000190734863,31700,0,0.0
2019-07-08,4.800000190734863,4.800000190734863,4.099999904632568,4.199999809265137,70200,0,0.0
2019-07-09,4.400000095367432,4.5,4.199999809265137,4.300000190734863,56500,0,0.0
2019-07-10,4.5,4.5,4.199999809265137,4.199999809265137,40300,0,0.0
2019-07-11,4.300000190734863,4.400000095367432,4.199999809265137,4.199999809265137,39900,0,0.0
2019-07-12,4.300000190734863,4.300000190734863,4.199999809265137,4.199999809265137,12300,0,0.0
2019-07-15,4.300000190734863,4.300000190734863,4.0,4.099999904632568,56300,0,0.0
2019-07-16,4.099999904632568,4.099999904632568,4.0,4.099999904632568,56500,0,0.0
2019-07-17,4.099999904632568,4.199999809265137,3.9000000953674316,4.099999904632568,43200,0,0.0
2019-07-18,4.199999809265137,4.199999809265137,4.0,4.0,26900,0,0.0
2019-07-19,4.0,4.199999809265137,3.9000000953674316,4.0,24600,0,0.0
2019-07-22,4.0,4.099999904632568,3.9000000953674316,4.0,12200,0,0.0
2019-07-23,4.0,4.099999904632568,3.9000000953674316,3.9000000953674316,39600,0,0.0
2019-07-24,4.0,4.099999904632568,3.799999952316284,3.9000000953674316,10100,0,0.0
2019-07-25,3.9000000953674316,4.0,3.799999952316284,3.799999952316284,76900,0,0.0
2019-07-26,3.799999952316284,3.9000000953674316,3.799999952316284,3.799999952316284,23600,0,0.0
2019-07-29,3.9000000953674316,3.9000000953674316,3.700000047683716,3.799999952316284,33800,0,0.0
2019-07-30,3.799999952316284,3.9000000953674316,3.700000047683716,3.799999952316284,30600,0,0.0
2019-07-31,3.799999952316284,3.9000000953674316,3.700000047683716,3.799999952316284,26700,0,0.0
2019-08-01,3.799999952316284,3.799999952316284,3.700000047683716,3.799999952316284,18100,0,0.0
2019-08-02,3.700000047683716,3.799999952316284,3.700000047683716,3.799999952316284,26900,0,0.0
2019-08-05,3.799999952316284,3.799999952316284,3.5999999046325684,3.700000047683716,31500,0,0.0
2019-08-06,3.9000000953674316,4.099999904632568,3.700000047683716,3.799999952316284,46700,0,0.0
2019-08-07,3.799999952316284,4.0,3.5999999046325684,3.700000047683716,39400,0,0.0
2019-08-08,3.700000047683716,3.9000000953674316,3.700000047683716,3.799999952316284,12400,0,0.0
2019-08-09,3.799999952316284,3.799999952316284,3.5,3.700000047683716,57800,0,0.0
2019-08-12,3.700000047683716,3.799999952316284,3.5,3.5,40700,0,0.0
2019-08-13,3.700000047683716,3.700000047683716,3.5999999046325684,3.5999999046325684,35000,0,0.0
2019-08-14,3.5999999046325684,3.5999999046325684,3.4000000953674316,3.5,34100,0,0.0
2019-08-15,3.5,3.5999999046325684,3.4000000953674316,3.5,27700,0,0.0
2019-08-16,3.5999999046325684,3.700000047683716,3.5999999046325684,3.5999999046325684,14800,0,0.0
2019-08-19,3.5,3.700000047683716,3.4000000953674316,3.4000000953674316,33600,0,0.0
2019-08-20,3.5999999046325684,3.5999999046325684,3.200000047683716,3.4000000953674316,48600,0,0.0
2019-08-21,3.5999999046325684,3.700000047683716,3.4000000953674316,3.4000000953674316,78300,0,0.0
2019-08-22,3.5999999046325684,3.5999999046325684,3.4000000953674316,3.5,32100,0,0.0
2019-08-23,3.5999999046325684,3.5999999046325684,3.4000000953674316,3.5,15300,0,0.0
2019-08-26,3.4000000953674316,3.5,3.4000000953674316,3.4000000953674316,10600,0,0.0
2019-08-27,3.4000000953674316,3.4000000953674316,3.299999952316284,3.4000000953674316,18400,0,0.0
2019-08-28,3.4000000953674316,3.4000000953674316,3.299999952316284,3.4000000953674316,15300,0,0.0
2019-08-29,3.299999952316284,3.4000000953674316,3.299999952316284,3.4000000953674316,19300,0,0.0
2019-08-30,3.4000000953674316,3.4000000953674316,3.299999952316284,3.4000000953674316,10000,0,0.0
2019-09-03,3.5,3.5,3.4000000953674316,3.4000000953674316,17700,0,0.0
2019-09-04,3.5,3.5,3.4000000953674316,3.4000000953674316,22400,0,0.0
2019-09-05,3.5,3.700000047683716,3.4000000953674316,3.700000047683716,38300,0,0.0
2019-09-06,3.700000047683716,3.9000000953674316,3.5999999046325684,3.700000047683716,19300,0,0.0
2019-09-09,3.799999952316284,3.799999952316284,3.700000047683716,3.700000047683716,27100,0,0.0
2019-09-10,3.700000047683716,3.799999952316284,3.4000000953674316,3.5,29900,0,0.0
2019-09-11,3.5,3.700000047683716,3.4000000953674316,3.5999999046325684,45900,0,0.0
2019-09-12,3.5,3.700000047683716,3.4000000953674316,3.5,23600,0,0.0
2019-09-13,3.5999999046325684,3.700000047683716,3.5,3.5,23200,0,0.0
2019-09-16,3.700000047683716,3.700000047683716,3.5,3.5,11800,0,0.0
2019-09-17,3.700000047683716,3.700000047683716,3.4000000953674316,3.5,16200,0,0.0
2019-09-18,3.5999999046325684,3.5999999046325684,3.299999952316284,3.5,32700,0,0.0
2019-09-19,3.5,3.5,3.4000000953674316,3.5,16000,0,0.0
2019-09-20,3.5999999046325684,3.5999999046325684,3.4000000953674316,3.4000000953674316,7700,0,0.0
2019-09-23,3.5,3.5,3.299999952316284,3.4000000953674316,30300,0,0.0
2019-09-24,3.4000000953674316,3.4000000953674316,3.4000000953674316,3.4000000953674316,14200,0,0.0
2019-09-25,3.299999952316284,3.4000000953674316,3.299999952316284,3.4000000953674316,21600,0,0.0
2019-09-26,3.299999952316284,3.4000000953674316,3.200000047683716,3.299999952316284,37000,0,0.0
2019-09-27,3.4000000953674316,3.4000000953674316,3.200000047683716,3.200000047683716,15500,0,0.0
2019-09-30,3.200000047683716,3.299999952316284,3.200000047683716,3.200000047683716,15200,0,0.0
2019-10-01,3.200000047683716,3.5999999046325684,3.0999999046325684,3.200000047683716,72500,0,0.0
2019-10-02,3.4000000953674316,3.5,3.0999999046325684,3.299999952316284,12900,0,0.0
2019-10-03,3.4000000953674316,3.4000000953674316,3.0,3.0999999046325684,45500,0,0.0
2019-10-04,3.200000047683716,3.299999952316284,3.0999999046325684,3.299999952316284,22400,0,0.0
2019-10-07,3.299999952316284,3.5,3.200000047683716,3.5,60200,0,0.0
2019-10-08,3.700000047683716,3.700000047683716,3.200000047683716,3.4000000953674316,54100,0,0.0
2019-10-09,3.5,3.5,3.200000047683716,3.299999952316284,15300,0,0.0
2019-10-10,3.200000047683716,3.4000000953674316,3.200000047683716,3.4000000953674316,11500,0,0.0
2019-10-11,3.5,3.5,3.299999952316284,3.299999952316284,20900,0,0.0
2019-10-14,3.4000000953674316,3.5,3.200000047683716,3.299999952316284,10900,0,0.0
2019-10-15,3.299999952316284,3.299999952316284,3.200000047683716,3.299999952316284,13600,0,0.0
2019-10-16,3.200000047683716,3.299999952316284,3.0999999046325684,3.200000047683716,14100,0,0.0
2019-10-17,3.0999999046325684,3.299999952316284,3.0999999046325684,3.200000047683716,19200,0,0.0
2019-10-18,3.299999952316284,3.299999952316284,3.200000047683716,3.299999952316284,6200,0,0.0
2019-10-21,3.299999952316284,3.299999952316284,3.200000047683716,3.200000047683716,21900,0,0.0
2019-10-22,3.200000047683716,3.299999952316284,3.200000047683716,3.299999952316284,18400,0,0.0
2019-10-23,3.299999952316284,3.299999952316284,3.0,3.200000047683716,15400,0,0.0
2019-10-24,3.200000047683716,3.299999952316284,3.0999999046325684,3.200000047683716,17100,0,0.0
2019-10-25,3.200000047683716,3.200000047683716,3.0,3.0,28000,0,0.0
2019-10-28,3.0,3.0999999046325684,2.9000000953674316,3.0,62000,0,0.0
2019-10-29,3.0,3.0999999046325684,2.9000000953674316,2.9000000953674316,15800,0,0.0
2019-10-30,3.299999952316284,3.299999952316284,2.9000000953674316,3.299999952316284,65300,0,0.0
2019-10-31,3.299999952316284,3.5,3.0,3.0999999046325684,37000,0,0.0
2019-11-01,3.0999999046325684,3.0999999046325684,3.0,3.0999999046325684,21900,0,0.0
2019-11-04,3.0999999046325684,3.299999952316284,3.0,3.200000047683716,45100,0,0.0
2019-11-05,3.200000047683716,3.299999952316284,3.0999999046325684,3.200000047683716,23800,0,0.0
2019-11-06,3.200000047683716,3.200000047683716,3.0999999046325684,3.200000047683716,19700,0,0.0
2019-11-07,3.200000047683716,3.200000047683716,3.0999999046325684,3.200000047683716,23700,0,0.0
2019-11-08,3.299999952316284,3.299999952316284,3.0999999046325684,3.200000047683716,14200,0,0.0
2019-11-11,3.299999952316284,3.299999952316284,3.0999999046325684,3.200000047683716,20100,0,0.0
2019-11-12,3.299999952316284,3.299999952316284,3.0999999046325684,3.200000047683716,22200,0,0.0
2019-11-13,3.200000047683716,3.4000000953674316,3.200000047683716,3.4000000953674316,34900,0,0.0
2019-11-14,3.4000000953674316,3.4000000953674316,3.299999952316284,3.4000000953674316,20300,0,0.0
2019-11-15,3.4000000953674316,3.4000000953674316,3.299999952316284,3.4000000953674316,9800,0,0.0
2019-11-18,3.299999952316284,3.4000000953674316,3.200000047683716,3.200000047683716,49300,0,0.0
2019-11-19,3.299999952316284,3.299999952316284,3.0999999046325684,3.0999999046325684,24300,0,0.0
2019-11-20,3.0999999046325684,3.299999952316284,3.0999999046325684,3.0999999046325684,15000,0,0.0
2019-11-21,3.200000047683716,3.299999952316284,3.0999999046325684,3.200000047683716,22100,0,0.0
2019-11-22,3.0999999046325684,3.200000047683716,3.0,3.0,49300,0,0.0
2019-11-25,3.0,3.200000047683716,3.0,3.0999999046325684,28000,0,0.0
2019-11-26,3.0,3.0999999046325684,3.0,3.0999999046325684,24200,0,0.0
2019-11-27,3.0999999046325684,3.0999999046325684,3.0,3.0999999046325684,14100,0,0.0
2019-11-29,3.0999999046325684,3.0999999046325684,3.0,3.0999999046325684,6200,0,0.0
2019-12-02,3.0999999046325684,3.0999999046325684,3.0,3.0999999046325684,23700,0,0.0
2019-12-03,3.0999999046325684,3.0999999046325684,3.0,3.0999999046325684,12600,0,0.0
2019-12-04,3.0,3.0999999046325684,3.0,3.0999999046325684,21700,0,0.0
2019-12-05,3.0999999046325684,3.0999999046325684,3.0,3.0,24200,0,0.0
2019-12-06,3.0,3.0,2.9000000953674316,3.0,44500,0,0.0
2019-12-09,3.0,3.0,2.799999952316284,2.799999952316284,63400,0,0.0
2019-12-10,2.799999952316284,2.799999952316284,2.799999952316284,2.799999952316284,35600,0,0.0
2019-12-11,2.799999952316284,2.799999952316284,2.5999999046325684,2.5999999046325684,53100,0,0.0
2019-12-12,2.5999999046325684,2.700000047683716,2.5999999046325684,2.700000047683716,48200,0,0.0
2019-12-13,2.799999952316284,2.799999952316284,2.700000047683716,2.700000047683716,17600,0,0.0
2019-12-16,2.700000047683716,2.799999952316284,2.5999999046325684,2.700000047683716,46300,0,0.0
2019-12-17,2.799999952316284,2.799999952316284,2.5999999046325684,2.700000047683716,36000,0,0.0
2019-12-18,2.799999952316284,2.799999952316284,2.5999999046325684,2.5999999046325684,25700,0,0.0
2019-12-19,2.700000047683716,2.799999952316284,2.4000000953674316,2.4000000953674316,117300,0,0.0
2019-12-20,2.5,2.5999999046325684,2.4000000953674316,2.5999999046325684,80700,0,0.0
2019-12-23,2.299999952316284,2.5,2.299999952316284,2.4000000953674316,134800,0,0.0
2019-12-24,2.4000000953674316,2.4000000953674316,2.299999952316284,2.299999952316284,38600,0,0.0
2019-12-26,2.5,2.5999999046325684,2.299999952316284,2.5,91800,0,0.0
2019-12-27,2.4000000953674316,2.5,2.299999952316284,2.5,90900,0,0.0
2019-12-30,2.4000000953674316,2.5,2.299999952316284,2.4000000953674316,148300,0,0.0
2019-12-31,2.5,2.5999999046325684,2.5,2.5,76800,0,0.0
2020-01-02,2.5999999046325684,2.5999999046325684,2.5,2.5999999046325684,37800,0,0.0
2020-01-03,2.5999999046325684,2.5999999046325684,2.5,2.5999999046325684,29700,0,0.0
2020-01-06,2.5999999046325684,2.9000000953674316,2.5,2.9000000953674316,69300,0,0.0
2020-01-07,2.9000000953674316,2.9000000953674316,2.700000047683716,2.9000000953674316,57700,0,0.0
2020-01-08,2.9000000953674316,3.5999999046325684,2.799999952316284,3.299999952316284,124400,0,0.0
2020-01-09,3.799999952316284,5.0,3.5,4.0,588100,0,0.0
2020-01-10,5.300000190734863,5.400000095367432,3.700000047683716,4.199999809265137,943500,0,0.0
2020-01-13,4.0,4.0,2.700000047683716,2.799999952316284,571100,0,0.0
2020-01-14,2.9000000953674316,3.200000047683716,2.9000000953674316,2.9000000953674316,215600,0,0.0
2020-01-15,2.9000000953674316,3.200000047683716,2.9000000953674316,3.0,206200,0,0.0
2020-01-16,3.0,3.0,2.799999952316284,2.9000000953674316,110400,0,0.0
2020-01-17,3.200000047683716,3.200000047683716,2.9000000953674316,3.0,111300,0,0.0
2020-01-21,3.0,3.0999999046325684,2.799999952316284,2.9000000953674316,77000,0,0.0
2020-01-22,2.799999952316284,2.9000000953674316,2.700000047683716,2.799999952316284,62100,0,0.0
2020-01-23,2.799999952316284,2.9000000953674316,2.799999952316284,2.9000000953674316,30300,0,0.0
2020-01-24,2.799999952316284,2.9000000953674316,2.5999999046325684,2.700000047683716,93900,0,0.0
2020-01-27,2.700000047683716,2.799999952316284,2.5999999046325684,2.5999999046325684,52000,0,0.0
2020-01-28,2.5999999046325684,2.799999952316284,2.5999999046325684,2.700000047683716,36900,0,0.0
2020-01-29,2.700000047683716,2.700000047683716,2.5,2.5999999046325684,37900,0,0.0
2020-01-30,2.5999999046325684,2.700000047683716,2.5,2.5999999046325684,30600,0,0.0
2020-01-31,2.5999999046325684,2.5999999046325684,2.5,2.5999999046325684,28400,0,0.0
2020-02-03,2.5,2.5999999046325684,2.5,2.5,33200,0,0.0
2020-02-04,2.5,2.5999999046325684,2.5,2.5999999046325684,45900,0,0.0
2020-02-05,2.5999999046325684,2.799999952316284,2.5,2.700000047683716,28900,0,0.0
2020-02-06,2.700000047683716,2.799999952316284,2.5999999046325684,2.5999999046325684,49600,0,0.0
2020-02-07,2.5999999046325684,2.799999952316284,2.5999999046325684,2.700000047683716,25200,0,0.0
2020-02-10,2.700000047683716,2.799999952316284,2.5999999046325684,2.700000047683716,41400,0,0.0
2020-02-11,2.799999952316284,2.799999952316284,2.700000047683716,2.700000047683716,51800,0,0.0
2020-02-12,2.799999952316284,2.799999952316284,2.700000047683716,2.799999952316284,27000,0,0.0
2020-02-13,2.799999952316284,3.4000000953674316,2.799999952316284,3.0999999046325684,206200,0,0.0
2020-02-14,3.0,3.0999999046325684,2.799999952316284,2.799999952316284,66900,0,0.0
2020-02-18,2.9000000953674316,3.0,2.799999952316284,2.9000000953674316,58000,0,0.0
2020-02-19,2.9000000953674316,3.0,2.9000000953674316,2.9000000953674316,29900,0,0.0
2020-02-20,3.0,3.0999999046325684,2.9000000953674316,3.0,37100,0,0.0
2020-02-21,2.9000000953674316,3.0999999046325684,2.9000000953674316,3.0,34300,0,0.0
2020-02-24,3.0999999046325684,3.0999999046325684,2.9000000953674316,3.0,32400,0,0.0
2020-02-25,3.0,3.200000047683716,3.0,3.0,40400,0,0.0
2020-02-26,3.0,3.0,3.0,3.0,28800,0,0.0
2020-02-27,3.0,3.0,2.9000000953674316,3.0,43700,0,0.0
2020-02-28,2.9000000953674316,3.0,2.799999952316284,2.9000000953674316,53800,0,0.0
2020-03-02,3.0,3.0999999046325684,2.799999952316284,2.9000000953674316,32000,0,0.0
2020-03-03,3.0,3.299999952316284,2.9000000953674316,3.200000047683716,64700,0,0.0
2020-03-04,3.0,3.200000047683716,3.0,3.200000047683716,19000,0,0.0
2020-03-05,3.299999952316284,3.299999952316284,3.0999999046325684,3.200000047683716,39400,0,0.0
2020-03-06,3.200000047683716,3.200000047683716,2.9000000953674316,3.0,42500,0,0.0
2020-03-09,3.0,3.0,2.700000047683716,2.799999952316284,45200,0,0.0
2020-03-10,2.799999952316284,3.0,2.799999952316284,2.9000000953674316,24100,0,0.0
2020-03-11,2.9000000953674316,3.0,2.700000047683716,2.700000047683716,45500,0,0.0
2020-03-12,2.700000047683716,3.0,2.299999952316284,2.4000000953674316,112800,0,0.0
2020-03-13,2.4000000953674316,2.4000000953674316,2.299999952316284,2.4000000953674316,93200,0,0.0
2020-03-16,2.299999952316284,2.5,2.0,2.200000047683716,71400,0,0.0
2020-03-17,2.200000047683716,2.4000000953674316,2.0999999046325684,2.200000047683716,41900,0,0.0
2020-03-18,2.299999952316284,2.4000000953674316,2.0,2.0999999046325684,117300,0,0.0
2020-03-19,1.7999999523162842,2.299999952316284,1.5,2.200000047683716,55200,0,0.0
2020-03-20,2.200000047683716,2.5,1.7999999523162842,2.0999999046325684,73400,0,0.0
2020-03-23,3.0,3.0,2.0,2.0999999046325684,43700,0,0.0
2020-03-24,2.200000047683716,2.200000047683716,1.7000000476837158,2.0,68000,0,0.0
2020-03-25,2.299999952316284,2.299999952316284,2.0,2.0999999046325684,50900,0,0.0
2020-03-26,2.0999999046325684,2.5,2.0,2.4000000953674316,110600,0,0.0
2020-03-27,2.4000000953674316,2.5,2.200000047683716,2.299999952316284,34100,0,0.0
2020-03-30,2.5,2.5,2.299999952316284,2.4000000953674316,28100,0,0.0
2020-03-31,2.5,2.5,2.299999952316284,2.4000000953674316,24000,0,0.0
2020-04-01,2.5,2.5,2.0999999046325684,2.0999999046325684,50200,0,0.0
2020-04-02,2.200000047683716,2.4000000953674316,2.0999999046325684,2.4000000953674316,19900,0,0.0
2020-04-03,2.4000000953674316,2.4000000953674316,2.200000047683716,2.200000047683716,33700,0,0.0
2020-04-06,2.299999952316284,2.4000000953674316,2.200000047683716,2.200000047683716,357300,0,0.0
2020-04-07,2.4000000953674316,2.4000000953674316,2.299999952316284,2.299999952316284,250200,0,0.0
2020-04-08,2.299999952316284,2.4000000953674316,2.299999952316284,2.4000000953674316,315200,0,0.0
2020-04-09,2.4000000953674316,2.5,2.299999952316284,2.299999952316284,368800,0,0.0
2020-04-13,2.4000000953674316,2.4000000953674316,2.200000047683716,2.4000000953674316,516200,0,0.0
2020-04-14,2.5,2.5,2.299999952316284,2.299999952316284,653200,0,0.0
2020-04-15,2.4000000953674316,2.4000000953674316,2.200000047683716,2.299999952316284,351000,0,0.0
2020-04-16,2.4000000953674316,2.4000000953674316,2.299999952316284,2.299999952316284,232400,0,0.0
2020-04-17,2.299999952316284,2.4000000953674316,2.299999952316284,2.4000000953674316,268400,0,0.0
2020-04-20,2.4000000953674316,2.4000000953674316,2.299999952316284,2.4000000953674316,295100,0,0.0
2020-04-21,2.4000000953674316,2.4000000953674316,2.299999952316284,2.299999952316284,336900,0,0.0
2020-04-22,2.4000000953674316,2.4000000953674316,2.299999952316284,2.299999952316284,209300,0,0.0
2020-04-23,2.4000000953674316,2.4000000953674316,2.299999952316284,2.4000000953674316,322900,0,0.0
2020-04-24,2.4000000953674316,2.5,2.299999952316284,2.5,438000,0,0.0
2020-04-27,2.5,2.5,2.299999952316284,2.4000000953674316,601700,0,0.0
2020-04-28,2.4000000953674316,2.5999999046325684,2.4000000953674316,2.5,416900,0,0.0
2020-04-29,2.5999999046325684,2.799999952316284,2.4000000953674316,2.799999952316284,1120100,0,0.0
2020-04-30,2.799999952316284,2.9000000953674316,2.700000047683716,2.9000000953674316,407600,0,0.0
2020-05-01,2.9000000953674316,2.9000000953674316,2.700000047683716,2.700000047683716,398600,0,0.0
2020-05-04,2.9000000953674316,2.9000000953674316,2.700000047683716,2.700000047683716,231300,0,0.0
2020-05-05,2.799999952316284,2.799999952316284,2.5999999046325684,2.700000047683716,253000,0,0.0
2020-05-06,2.9000000953674316,2.9000000953674316,2.5999999046325684,2.700000047683716,213500,0,0.0
2020-05-07,2.799999952316284,2.799999952316284,2.700000047683716,2.700000047683716,136500,0,0.0
2020-05-08,2.700000047683716,2.799999952316284,2.700000047683716,2.799999952316284,128800,0,0.0
2020-05-11,2.799999952316284,2.799999952316284,2.700000047683716,2.799999952316284,14200,0,0.0
2020-05-12,2.700000047683716,2.9000000953674316,2.700000047683716,2.799999952316284,21600,0,0.0
2020-05-13,2.799999952316284,2.799999952316284,2.5999999046325684,2.5999999046325684,32200,0,0.0
2020-05-14,2.5999999046325684,2.700000047683716,2.5,2.5999999046325684,33900,0,0.0
2020-05-15,2.700000047683716,2.700000047683716,2.5999999046325684,2.700000047683716,21600,0,0.0
2020-05-18,2.799999952316284,2.799999952316284,2.700000047683716,2.700000047683716,25300,0,0.0
2020-05-19,2.799999952316284,2.799999952316284,2.700000047683716,2.700000047683716,25100,0,0.0
2020-05-20,2.700000047683716,2.700000047683716,2.5,2.5999999046325684,68900,0,0.0
2020-05-21,2.5999999046325684,2.5999999046325684,2.5,2.5999999046325684,38100,0,0.0
2020-05-22,2.5999999046325684,2.5999999046325684,2.5,2.5999999046325684,28900,0,0.0
2020-05-26,2.5999999046325684,2.700000047683716,2.5,2.5,80700,0,0.0
2020-05-27,2.5999999046325684,2.5999999046325684,2.5,2.5,45500,0,0.0
2020-05-28,2.5999999046325684,2.5999999046325684,2.5,2.5,43500,0,0.0
2020-05-29,2.5,2.5,2.4000000953674316,2.4000000953674316,20100,0,0.0
2020-06-01,2.5999999046325684,2.5999999046325684,2.4000000953674316,2.5,41000,0,0.0
2020-06-02,2.5,2.5999999046325684,2.5,2.5,30300,0,0.0
2020-06-03,2.5,2.5,2.4000000953674316,2.5,47400,0,0.0
2020-06-04,2.5999999046325684,2.5999999046325684,2.4000000953674316,2.5,49300,0,0.0
2020-06-05,2.5999999046325684,2.5999999046325684,2.4000000953674316,2.5,90500,0,0.0
2020-06-08,2.5999999046325684,2.9000000953674316,2.5,2.799999952316284,180100,0,0.0
2020-06-09,3.0999999046325684,9.699999809265137,3.0999999046325684,4.800000190734863,11826200,0,0.0
2020-06-10,4.800000190734863,4.800000190734863,3.5,3.5999999046325684,1902700,0,0.0
2020-06-11,3.299999952316284,3.5,3.0,3.200000047683716,572600,0,0.0
2020-06-12,3.299999952316284,3.4000000953674316,3.0,3.200000047683716,429000,0,0.0
2020-06-15,3.0,3.0999999046325684,2.799999952316284,3.0999999046325684,340900,0,0.0
2020-06-16,3.200000047683716,6.0,3.0999999046325684,4.199999809265137,9092700,0,0.0
2020-06-17,4.5,6.0,4.5,4.800000190734863,4988300,0,0.0
2020-06-18,5.400000095367432,5.5,4.300000190734863,4.599999904632568,1804900,0,0.0
2020-06-19,4.300000190734863,4.5,4.099999904632568,4.400000095367432,745100,0,0.0
2020-06-22,4.300000190734863,4.599999904632568,4.0,4.400000095367432,1019400,0,0.0
2020-06-23,4.199999809265137,4.5,4.099999904632568,4.300000190734863,587400,0,0.0
2020-06-24,4.099999904632568,4.199999809265137,3.799999952316284,3.9000000953674316,549900,0,0.0
2020-06-25,3.799999952316284,4.699999809265137,3.799999952316284,4.0,1427100,0,0.0
2020-06-26,3.9000000953674316,4.0,3.5999999046325684,3.799999952316284,446100,0,0.0
2020-06-29,3.5999999046325684,4.099999904632568,3.5,3.9000000953674316,639400,0,0.0
2020-06-30,3.700000047683716,4.400000095367432,3.5999999046325684,4.099999904632568,1291100,0,0.0
2020-07-01,4.099999904632568,4.900000095367432,3.9000000953674316,4.300000190734863,1928600,0,0.0
2020-07-02,4.300000190734863,4.5,3.9000000953674316,4.099999904632568,679400,0,0.0
2020-07-06,4.199999809265137,4.800000190734863,4.099999904632568,4.400000095367432,1469900,0,0.0
2020-07-07,4.400000095367432,5.099999904632568,4.300000190734863,4.5,1309500,0,0.0
2020-07-08,4.5,4.599999904632568,4.300000190734863,4.5,347400,0,0.0
2020-07-09,4.300000190734863,4.5,4.199999809265137,4.400000095367432,286700,0,0.0
2020-07-10,4.300000190734863,4.400000095367432,4.199999809265137,4.300000190734863,228700,0,0.0
2020-07-13,4.199999809265137,4.599999904632568,4.099999904632568,4.099999904632568,508400,0,0.0
2020-07-14,4.099999904632568,4.099999904632568,3.799999952316284,4.0,341900,0,0.0
2020-07-15,3.9000000953674316,4.099999904632568,3.9000000953674316,4.099999904632568,173500,0,0.0
2020-07-16,4.0,4.099999904632568,3.9000000953674316,3.9000000953674316,140500,0,0.0
2020-07-17,4.0,4.0,3.799999952316284,3.9000000953674316,187900,0,0.0
2020-07-20,3.9000000953674316,4.099999904632568,3.700000047683716,4.0,601700,0,0.0
2020-07-21,4.0,4.300000190734863,3.799999952316284,4.099999904632568,413100,0,0.0
2020-07-22,4.0,4.599999904632568,4.0,4.400000095367432,1414900,0,0.0
2020-07-23,6.0,7.099999904632568,5.0,6.0,15356000,0,0.0
2020-07-24,6.400000095367432,6.5,5.099999904632568,5.400000095367432,3310600,0,0.0
2020-07-27,5.300000190734863,5.900000095367432,4.800000190734863,5.5,2129500,0,0.0
2020-07-28,5.400000095367432,5.5,5.0,5.199999809265137,1009200,0,0.0
2020-07-29,5.0,5.199999809265137,4.900000095367432,5.0,1262700,0,0.0
2020-07-30,4.800000190734863,4.900000095367432,4.5,4.599999904632568,804700,0,0.0
2020-07-31,4.5,5.0,4.5,4.800000190734863,765100,0,0.0
2020-08-03,4.699999809265137,4.699999809265137,4.5,4.699999809265137,452500,0,0.0
2020-08-04,4.5,5.0,4.5,4.900000095367432,614900,0,0.0
2020-08-05,4.800000190734863,5.099999904632568,4.699999809265137,5.099999904632568,829100,0,0.0
2020-08-06,5.099999904632568,5.199999809265137,4.900000095367432,5.0,456600,0,0.0
2020-08-07,4.699999809265137,5.0,4.599999904632568,4.900000095367432,366900,0,0.0
2020-08-10,4.699999809265137,4.900000095367432,4.599999904632568,4.900000095367432,240400,0,0.0
2020-08-11,4.699999809265137,4.800000190734863,4.599999904632568,4.699999809265137,242300,0,0.0
2020-08-12,4.5,4.800000190734863,4.5,4.5,467200,0,0.0
2020-08-13,4.599999904632568,4.800000190734863,4.5,4.599999904632568,288900,0,0.0
2020-08-14,4.699999809265137,4.699999809265137,4.400000095367432,4.5,283300,0,0.0
2020-08-17,4.400000095367432,4.800000190734863,4.400000095367432,4.599999904632568,562100,0,0.0
2020-08-18,4.599999904632568,4.900000095367432,4.599999904632568,4.599999904632568,474900,0,0.0
2020-08-19,4.599999904632568,4.699999809265137,4.300000190734863,4.400000095367432,273300,0,0.0
2020-08-20,4.400000095367432,4.5,4.099999904632568,4.199999809265137,483300,0,0.0
2020-08-21,4.199999809265137,4.400000095367432,4.099999904632568,4.199999809265137,522500,0,0.0
2020-08-24,3.5999999046325684,3.5999999046325684,3.200000047683716,3.4000000953674316,750200,0,0.0
2020-08-25,3.4000000953674316,3.5,3.299999952316284,3.4000000953674316,371500,0,0.0
2020-08-26,2.940000057220459,4.0,2.930000066757202,3.4800000190734863,2304200,0,0.1
2020-08-27,3.4000000953674316,3.569999933242798,3.319999933242798,3.4000000953674316,428800,0,0.0
2020-08-28,3.390000104904175,3.740000009536743,3.2100000381469727,3.2100000381469727,874900,0,0.0
2020-08-31,3.130000114440918,3.319999933242798,2.9700000286102295,3.1600000858306885,1297500,0,0.0
2020-09-01,3.0399999618530273,3.140000104904175,2.9100000858306885,2.940000057220459,1052500,0,0.0
2020-09-02,2.940000057220459,3.0,2.819999933242798,2.9000000953674316,440900,0,0.0
2020-09-03,2.799999952316284,2.890000104904175,2.6500000953674316,2.690000057220459,593800,0,0.0
2020-09-04,3.200000047683716,6.380000114440918,3.009999990463257,4.400000095367432,101636400,0,0.0
2020-09-08,4.010000228881836,4.079999923706055,3.5,3.680000066757202,4449800,0,0.0
2020-09-09,3.630000114440918,3.630000114440918,3.180000066757202,3.259999990463257,1596800,0,0.0
2020-09-10,3.2899999618530273,3.640000104904175,3.1700000762939453,3.4200000762939453,1811300,0,0.0
2020-09-11,3.6500000953674316,3.740000009536743,3.430000066757202,3.509999990463257,2360300,0,0.0
2020-09-14,3.5199999809265137,3.7899999618530273,3.4100000858306885,3.609999895095825,1002400,0,0.0
2020-09-15,3.6700000762939453,3.740000009536743,3.559999942779541,3.5899999141693115,719000,0,0.0
2020-09-16,3.509999990463257,3.7100000381469727,3.490000009536743,3.5999999046325684,690800,0,0.0
2020-09-17,3.509999990463257,3.75,3.509999990463257,3.700000047683716,463100,0,0.0
2020-09-18,3.75,4.079999923706055,3.740000009536743,3.890000104904175,1410700,0,0.0
2020-09-21,4.019999980926514,4.170000076293945,3.7699999809265137,3.930000066757202,1462900,0,0.0
2020-09-22,3.880000114440918,3.9600000381469727,3.799999952316284,3.880000114440918,465000,0,0.0
2020-09-23,3.7200000286102295,3.7799999713897705,3.259999990463257,3.3499999046325684,1125300,0,0.0
2020-09-24,3.259999990463257,3.619999885559082,3.25,3.5,428000,0,0.0
2020-09-25,3.4700000286102295,3.559999942779541,3.3399999141693115,3.450000047683716,721100,0,0.0
2020-09-28,3.690000057220459,3.880000114440918,3.5299999713897705,3.6600000858306885,3863400,0,0.0
2020-09-29,3.7200000286102295,3.75,3.5999999046325684,3.7200000286102295,420600,0,0.0
2020-09-30,3.6700000762939453,3.799999952316284,3.630000114440918,3.6500000953674316,197900,0,0.0
2020-10-01,3.7699999809265137,3.869999885559082,3.680000066757202,3.859999895095825,653500,0,0.0
2020-10-02,3.75,3.9800000190734863,3.7100000381469727,3.9100000858306885,826400,0,0.0
2020-10-05,3.9200000762939453,4.429999828338623,3.9100000858306885,4.420000076293945,2628700,0,0.0
2020-10-06,4.619999885559082,4.900000095367432,4.03000020980835,4.110000133514404,3643300,0,0.0
2020-10-07,4.150000095367432,4.389999866485596,3.869999885559082,4.360000133514404,876500,0,0.0
2020-10-08,4.5,4.5,4.25,4.300000190734863,421500,0,0.0
2020-10-09,4.28000020980835,4.449999809265137,4.190000057220459,4.400000095367432,428800,0,0.0
2020-10-12,4.46999979019165,4.480000019073486,4.159999847412109,4.300000190734863,375400,0,0.0
2020-10-13,4.340000152587891,4.389999866485596,4.230000019073486,4.340000152587891,370700,0,0.0
2020-10-14,4.239999771118164,4.349999904632568,4.170000076293945,4.170000076293945,302000,0,0.0
2020-10-15,4.159999847412109,4.210000038146973,3.8499999046325684,3.940000057220459,926100,0,0.0
2020-10-16,3.890000104904175,4.0,3.890000104904175,3.940000057220459,169500,0,0.0
2020-10-19,3.940000057220459,3.950000047683716,3.7899999618530273,3.809999942779541,225100,0,0.0
2020-10-20,3.809999942779541,3.950000047683716,3.690000057220459,3.819999933242798,924100,0,0.0
2020-10-21,3.869999885559082,3.890000104904175,3.5299999713897705,3.630000114440918,641300,0,0.0
2020-10-22,3.609999895095825,3.759999990463257,3.5399999618530273,3.759999990463257,325400,0,0.0
2020-10-23,3.8399999141693115,3.8399999141693115,3.7100000381469727,3.7899999618530273,85200,0,0.0
2020-10-26,3.7899999618530273,3.8399999141693115,3.5999999046325684,3.700000047683716,730100,0,0.0
2020-10-27,3.5999999046325684,3.700000047683716,3.5299999713897705,3.630000114440918,145200,0,0.0
2020-10-28,3.5899999141693115,3.5899999141693115,3.309999942779541,3.450000047683716,370600,0,0.0
2020-10-29,3.4600000381469727,3.549999952316284,3.369999885559082,3.5,187900,0,0.0
2020-10-30,3.5,3.5,3.3299999237060547,3.380000114440918,171900,0,0.0
2020-11-02,3.299999952316284,3.369999885559082,3.2699999809265137,3.2799999713897705,207200,0,0.0
2020-11-03,3.3399999141693115,3.4600000381469727,3.299999952316284,3.359999895095825,282000,0,0.0
2020-11-04,3.359999895095825,3.380000114440918,3.140000104904175,3.1600000858306885,238300,0,0.0
2020-11-05,3.119999885559082,3.549999952316284,3.0799999237060547,3.4800000190734863,750700,0,0.0
2020-11-06,3.4200000762939453,3.4600000381469727,3.1500000953674316,3.1700000762939453,327200,0,0.0
2020-11-09,3.180000066757202,3.380000114440918,3.180000066757202,3.3299999237060547,641700,0,0.0
