Date,Open,High,Low,Close,Volume,Dividends,Stock Splits
2007-02-01,6.106062910809437,6.716669201890381,6.106062910809437,6.136593341827393,18300,0.0,0
2007-02-02,6.292297132126053,6.292297132126053,6.182387828826904,6.182387828826904,14700,0.0,0
2007-02-05,6.109114616593166,6.2587130538557805,6.106061515956859,6.1671223640441895,14200,0.0,0
2007-02-06,6.258713483810425,6.258713483810425,6.106061935424805,6.106061935424805,44400,0.0,0
2007-02-07,6.1060612252268,6.258712755857471,6.072477702145853,6.127432346343994,19600,0.0,0
2007-02-08,6.228184028865835,6.228184028865835,6.106062887578179,6.148805141448975,18800,0.0,0
2007-02-09,6.640341875043491,6.640341875043491,6.252606830399238,6.267872333526611,43400,0.0,0
2007-02-12,6.258711514919984,6.686135599475057,6.185438864623622,6.264817714691162,11300,0.0,0
2007-02-13,6.277030721074254,6.411364229892862,6.182386935968117,6.243447780609131,10800,0.0,0
2007-02-14,6.304508050183155,6.304508050183155,6.182386943080017,6.1976518630981445,12700,0.0,0
2007-02-15,6.3045104256634,6.3045104256634,6.197654198315967,6.255661964416504,10100,0.0,0
2007-02-16,6.350304702553591,6.350304702553591,6.151857789783696,6.179335117340088,18100,0.0,0
2007-02-20,6.1365890965642045,6.167119506461367,6.106058686667042,6.109111785888672,17100,0.0,0
2007-02-21,6.106062437962873,6.197653141604519,6.106062437962873,6.179335117340088,71100,0.0,0
2007-02-22,6.533485876444332,6.533485876444332,6.182387446560345,6.228182792663574,22500,0.0,0
2007-02-23,6.182385885884891,6.182385885884891,6.1060601342073,6.15185546875,15700,0.0,0
2007-02-26,6.029736161231995,6.1365923615658176,6.01447123932121,6.106061935424805,53900,0.0,0
2007-02-27,6.106061935424805,6.164069686860785,6.106061935424805,6.106061935424805,136600,0.0,0
2007-02-28,6.2434452400447045,6.2434452400447045,6.106058686667042,6.109111785888672,61900,0.0,0
2007-03-01,6.106061935424805,6.115221237962942,6.106061935424805,6.106061935424805,47200,0.0,0
2007-03-02,6.060263362980867,6.109111785888672,6.060263362980867,6.109111785888672,76900,0.0,0
2007-03-05,6.072478408437746,6.151857283476602,6.0694253075917,6.106061935424805,165400,0.0,0
2007-03-06,6.106061935424805,6.1365923615658176,6.106061935424805,6.106061935424805,49200,0.0,0
2007-03-07,6.106061935424805,6.133539260719772,6.106061935424805,6.106061935424805,20400,0.0,0
2007-03-08,6.106061935424805,6.139645462411863,6.106061935424805,6.106061935424805,14000,0.0,0
2007-03-09,6.106061935424805,6.133539260719772,6.106061935424805,6.106061935424805,8300,0.0,0
2007-03-12,6.151854010353219,6.151854010353219,6.106058686667042,6.109111785888672,7500,0.0,0
2007-03-13,6.106061935424805,6.12743305902768,6.106061935424805,6.106061935424805,10300,0.0,0
2007-03-14,6.106061935424805,6.133539260719772,6.09079701351402,6.106061935424805,12900,0.0,0
2007-03-15,6.106062150150272,6.106062150150272,6.075531722935628,6.096902847290039,4600,0.0,0
2007-03-16,6.1060630837522245,6.142699718475342,6.1060630837522245,6.142699718475342,4400,0.0,0
2007-03-19,6.151857499812507,6.151857499812507,6.0388956761336265,6.096902847290039,14400,0.0,0
2007-03-20,6.138442375166051,6.203547377019277,6.138442375166051,6.200447082519531,36100,0.304,0
2007-03-21,6.169444728842791,6.215947963697545,6.169444728842791,6.200447082519531,25400,0.0,0
2007-03-22,6.2314536177755775,6.2314536177755775,6.169448868814184,6.184950351715088,12000,0.0,0
2007-03-23,6.1694492462701644,6.184950730119471,6.1694492462701644,6.181850433349609,11800,0.0,0
2007-03-26,6.181851059145803,6.2128534386616785,6.051641538236091,6.091944217681885,90700,0.0,0
2007-03-27,6.132245441465068,6.144646034339296,6.045438926061443,6.12914514541626,24100,0.0,0
2007-03-28,6.067140906263738,6.113644168179969,5.992735568933557,6.036138534545898,17200,0.0,0
2007-03-29,5.989635418923086,6.132246095779911,5.983434826163861,6.014437198638916,19000,0.0,0
2007-03-30,6.079540454556295,6.079540454556295,5.989633659914169,5.992733955383301,4100,0.0,0
2007-04-02,5.967933177947998,6.076441172174888,5.943131401380794,5.967933177947998,26000,0.0,0
2007-04-03,6.029939651489258,6.104345002617637,5.9555337090397105,6.029939651489258,30100,0.0,0
2007-04-04,5.989634712232609,6.085741523377098,5.989634712232609,5.995835304260254,30300,0.0,0
2007-04-05,5.989635389778676,6.153947549172207,5.989635389778676,6.1074442863464355,16400,0.0,0
2007-04-09,6.2469528320865235,6.262454310825374,6.203549874259645,6.256253719329834,80100,0.0,0
2007-04-10,6.349261446282916,6.349261446282916,6.240753439548488,6.29035758972168,49400,0.0,0
2007-04-11,6.343060063669842,6.343060063669842,6.200449997560037,6.228352069854736,36800,0.0,0
2007-04-12,6.200450339839257,6.277955969087248,6.200450339839257,6.212851524353027,33100,0.0,0
2007-04-13,6.299657450665322,6.299657450665322,6.2035506359677,6.212851524353027,34600,0.0,0
2007-04-16,6.343060833528179,6.343060833528179,6.20665134277693,6.222152233123779,46500,0.0,0
2007-04-17,6.22215060324997,6.243852080579347,6.200449125920594,6.215950012207031,50900,0.0,0
2007-04-18,6.206647671519022,6.215947963697545,6.200447082519531,6.200447082519531,27900,0.0,0
2007-04-19,6.200449067864538,6.203549363356979,6.184948181723238,6.188047885894775,40500,0.0,0
2007-04-20,6.1849509647980385,6.219053047918173,6.1229462096904275,6.147747993469238,43400,0.0,0
2007-04-23,6.197349938069211,6.200450234144805,6.138445495274951,6.157047271728516,38900,0.0,0
2007-04-24,6.194250651951686,6.194250651951686,6.122945604549942,6.132246494293213,33900,0.0,0
2007-04-25,6.200450611107515,6.225252389899103,6.091942607148923,6.101243495941162,73500,0.0,0
2007-04-26,6.12294659719776,6.144648085462512,6.06094183816601,6.091944217681885,26500,0.0,0
2007-04-27,6.073341275452779,6.135346016607504,6.06094009069342,6.1229448318481445,19800,0.0,0
2007-04-30,6.116746255297066,6.116746255297066,6.054742085029346,6.073343276977539,23700,0.0,0
2007-05-01,6.0454379487269545,6.0826409039772456,6.0020349937023765,6.060938835144043,48900,0.0,0
2007-05-02,6.0516385398221555,6.119843267906623,6.0454379487269545,6.060938835144043,53700,0.0,0
2007-05-03,6.011338515388589,6.126047146931778,6.011338515388589,6.073343276977539,30400,0.0,0
2007-05-04,6.033038583298422,6.181849857791024,6.033038583298422,6.1787495613098145,53100,0.0,0
2007-05-07,6.194250221146309,6.200450813877242,6.107444288197511,6.1601481437683105,65800,0.0,0
2007-05-08,6.153947102860964,6.200450362314115,6.0764414733320375,6.119844436645508,52900,0.0,0
2007-05-09,6.163248275653824,6.1973509467147005,6.116745009593334,6.184950351715088,53700,0.0,0
2007-05-10,6.18804590452055,6.200447082519531,6.082638848132774,6.200447082519531,55600,0.0,0
2007-05-11,6.200450362314115,6.200450362314115,6.091942362709412,6.119844436645508,29400,0.0,0
2007-05-14,6.1384474912950955,6.14774838254622,6.0764433235845505,6.091944217681885,38500,0.0,0
2007-05-15,6.091941199299133,6.147745336514113,6.0454379487269545,6.060938835144043,34600,0.0,0
2007-05-16,6.04853852894427,6.057839416024811,6.002035276183452,6.017536163330078,31200,0.0,0
2007-05-17,6.002035148142149,6.045438104283539,5.890426870840371,5.909028053283691,62000,0.0,0
2007-05-18,5.909029069808385,6.060940033757278,5.909029069808385,6.042338848114014,29700,0.0,0
2007-05-21,6.0113376586776885,6.073342411429978,5.961734093004315,6.008237361907959,55200,0.0,0
2007-05-22,5.9741341065413565,6.076441514560857,5.967933514219925,6.042338848114014,51500,0.0,0
2007-05-23,6.095042255387579,6.126044623411151,5.9586321908764495,5.964832782745361,77000,0.0,0
2007-05-24,5.940028331580975,6.0454359805996525,5.940028331580975,5.95552921295166,76900,0.0,0
2007-05-25,5.936929225921631,6.002034241621471,5.936929225921631,5.936929225921631,38300,0.0,0
2007-05-29,5.902828362897324,6.042338125519584,5.893527475527457,5.971033096313477,72200,0.0,0
2007-05-30,5.915229328827565,6.039238211663584,5.91212903284154,5.967933177947998,69200,0.0,0
2007-05-31,5.967932480451648,6.036137210209847,5.940030411159446,6.002035140991211,46300,0.0,0
2007-06-01,6.023740234151895,6.048542022705078,6.002038743083021,6.048542022705078,23700,0.0,0
2007-06-04,6.029935873854017,6.119842061730928,5.989632630999598,6.005134105682373,63600,0.0,0
2007-06-05,5.992735068739223,6.079541584039503,5.992735068739223,6.076441287994385,33600,0.0,0
2007-06-06,6.036138912678527,6.051640395169063,5.97103446018156,6.03303861618042,36500,0.0,0
2007-06-07,6.014434652287715,6.070238780852621,5.971031703990931,5.983432292938232,41700,0.0,0
2007-06-08,5.971034231966481,6.045439571113971,5.971034231966481,6.014437198638916,20400,0.0,0
2007-06-11,6.060939455808827,6.06403975167391,5.967932945140226,6.039237976074219,29600,0.0,0
2007-06-12,6.002035462892076,6.0671399005182725,5.955531617363697,5.971033096313477,43900,0.0,0
2007-06-13,6.023737286031694,6.051639358413433,5.967933141268217,6.045438766479492,25900,0.0,0
2007-06-14,6.051639938357986,6.169448239787767,6.051639938357986,6.101243495941162,46500,0.0,0
2007-06-15,6.144643983946053,6.188046931504323,6.122942510166918,6.150844573974609,40100,0.0,0
2007-06-18,6.200450796370995,6.200450796370995,6.04543952646172,6.144646644592285,53200,0.0,0
2007-06-19,6.190040755294539,6.332888091833454,6.126552915618373,6.253528594970703,59200,0.463,0
2007-06-20,6.209085022428155,6.244003384434304,6.129725549115805,6.161469459533691,50500,0.0,0
2007-06-21,6.120202560807491,6.148772018521412,6.037668639130023,6.132899761199951,55800,0.0,0
2007-06-22,6.085284209339901,6.110679215627818,6.00909919047615,6.015448093414307,50600,0.0,0
2007-06-25,5.964658300496429,6.113853892249215,5.964658300496429,6.047191619873047,59300,0.0,0
2007-06-26,5.986879695711868,6.15194696307827,5.955135780865124,6.002751350402832,79800,0.0,0
2007-06-27,5.977354316357846,6.082108776068641,5.977354316357846,6.01862096786499,30500,0.0,0
2007-06-28,6.123378135822026,6.123378135822026,5.983705273088792,6.069413661956787,30200,0.0,0
2007-06-29,6.0440184291618095,6.142424017139387,6.0440184291618095,6.110680103302002,38900,0.0,0
2007-07-02,6.142424962919494,6.180517181017769,6.113855496613342,6.167819976806641,50300,0.0,0
2007-07-03,6.190041487502887,6.25352933468891,6.186867034597087,6.237657070159912,27800,0.0,0
2007-07-05,6.170993756323773,6.29479435984095,6.066239259778894,6.275748252868652,46200,0.0,0
2007-07-06,6.247176126828297,6.348756128001998,6.247176126828297,6.3424072265625,55300,0.0,0
2007-07-09,6.345584392547607,6.348758844625699,6.190039873510057,6.345584392547607,108600,0.0,0
2007-07-10,6.231306539595601,6.345584392547607,6.1963887776662405,6.345584392547607,54600,0.0,0
2007-07-11,6.218610334784155,6.370980426197767,6.218610334784155,6.310667037963867,45700,0.0,0
2007-07-12,6.348757853479689,6.348757853479689,6.193213358725203,6.336060047149658,46600,0.0,0
2007-07-13,6.345581862511562,6.348756313323975,6.294791860442137,6.348756313323975,40900,0.0,0
2007-07-16,6.310667853480067,6.348760683988599,6.2344827979280035,6.244006156921387,50400,0.0,0
2007-07-17,6.221784061466554,6.336061313961398,6.221784061466554,6.326538562774658,70300,0.0,0
2007-07-18,6.317016576409949,6.317016576409949,6.190041487502887,6.237657070159912,51100,0.0,0
2007-07-19,6.323365250385199,6.323365250385199,6.161471790914898,6.209087371826172,40100,0.0,0
2007-07-20,6.202736361155602,6.202736361155602,6.0154479666788045,6.031319618225098,175800,0.0,0
2007-07-23,6.050365389558581,6.107504300737018,5.9741803764755534,6.028144836425781,92700,0.0,0
2007-07-24,5.983706776571112,5.999578435328036,5.875777801722108,5.907521724700928,56000,0.0,0
2007-07-25,5.910694416186953,6.018622753408863,5.828160483222723,5.904345512390137,45000,0.0,0
2007-07-26,5.799590353947069,5.9964015052729245,5.771020895615135,5.885298728942871,110300,0.0,0
2007-07-27,5.936089826849544,5.967833137048073,5.748801390447036,5.942438125610352,63500,0.0,0
2007-07-30,6.012274174780351,6.024971376317239,5.8789502285868345,5.923391342163086,55200,0.0,0
2007-07-31,6.015448349788213,6.034494453949703,5.951960528630262,5.999576091766357,85500,0.0,0
2007-08-01,5.948786735534668,6.024971766078769,5.904345619083476,5.948786735534668,41200,0.0,0
2007-08-02,6.024972371483865,6.0313212760333625,5.977356798292364,5.990054607391357,33300,0.0,0
2007-08-03,6.021797016844885,6.024971468643943,5.951960893659926,5.955135345458984,48500,0.0,0
2007-08-06,6.015448570685713,6.015448570685713,5.777370140797858,5.90117073059082,81100,0.0,0
2007-08-07,5.958310180273538,5.986879642836806,5.904345707150123,5.980530738830566,59200,0.0,0
2007-08-08,6.024969648274392,6.158293556228807,5.999574647019483,6.148770809173584,89100,0.0,0
2007-08-09,6.031318771691565,6.132898780445717,5.9678309634879145,6.01862096786499,91200,0.0,0
2007-08-10,5.971007280509578,5.983705088304484,5.812288315862058,5.878950595855713,30400,0.0,0
2007-08-13,5.904347637545433,6.037671637941991,5.834510881573658,5.866254806518555,68100,0.0,0
2007-08-14,5.926566224941051,5.926566224941051,5.555163819638084,5.602779388427734,95000,0.0,0
2007-08-15,5.574209772156136,5.694836522255188,5.396444704365986,5.421839714050293,95700,0.0,0
2007-08-16,5.380573846449458,5.380573846449458,5.0472636138798705,5.3551788330078125,134800,0.0,0
2007-08-17,5.67896469165716,5.67896469165716,5.310736720694075,5.51389741897583,88000,0.0,0
2007-08-20,5.698010370537983,5.698010370537983,5.542465271551168,5.678963661193848,73300,0.0,0
2007-08-21,5.710708582799301,5.742452498530706,5.567861870205228,5.70118522644043,94600,0.0,0
2007-08-22,5.742452396910003,6.3170149001679015,5.710708481740351,5.783719062805176,71600,0.0,0
2007-08-23,5.790069188727693,5.869428690665515,5.704360781323257,5.75197696685791,75400,0.0,0
2007-08-24,5.678964271321511,5.907519964288545,5.678964271321511,5.904345512390137,66000,0.0,0
2007-08-27,5.967831913619533,5.996401371313225,5.802764675846178,5.84403133392334,84400,0.0,0
2007-08-28,5.793244367969729,5.837685500879319,5.615479230866345,5.656745910644531,101000,0.0,0
2007-08-29,5.853556613135742,5.853556613135742,5.656744796024272,5.78689432144165,91400,0.0,0
2007-08-30,5.774197101593018,5.824987130623118,5.732929824590496,5.774197101593018,37900,0.0,0
2007-08-31,5.955135254202449,5.955135254202449,5.7519751858941435,5.923391342163086,55400,0.0,0
2007-09-04,5.872601844449515,6.056715824002853,5.872601844449515,6.002751350402832,90100,0.0,0
2007-09-05,5.913866451852448,6.0090981632512905,5.913866451852448,5.936087608337402,47100,0.0,0
2007-09-06,6.028145550740962,6.028145550740962,5.971006632791753,5.999576091766357,48600,0.0,0
2007-09-07,5.996401619151415,5.996401619151415,5.910693847992646,5.929739952087402,46900,0.0,0
2007-09-10,6.059891004493175,6.059891004493175,5.92021812565632,5.974182605743408,43400,0.0,0
2007-09-11,6.040843633573357,6.059889738606353,5.90434523566323,6.0376691818237305,58400,0.0,0
2007-09-12,6.037669848262751,6.059890407498083,5.983705373492017,5.986879825592041,38600,0.0,0
2007-09-13,6.113854952577773,6.120203856850831,5.996402645385543,6.0217976570129395,39900,0.0,0
2007-09-14,6.0598896836285645,6.0598896836285645,5.85990346346979,5.958309650421143,46800,0.0,0
2007-09-17,6.053540161280792,6.053540161280792,5.7646717443314355,5.917041778564453,75600,0.0,0
2007-09-18,6.01862320487641,6.0598904771864515,5.926566514776413,6.0217976570129395,56100,0.0,0
2007-09-19,6.182209338016843,6.231016129720887,5.951190234332093,6.104118347167969,107700,0.463,0
2007-09-20,6.136656949223129,6.139910818368173,5.990235940756542,5.996743679046631,67900,0.0,0
2007-09-21,6.039043222859663,6.100865500368124,5.973967696556349,6.0683274269104,36700,0.0,0
2007-09-24,6.1464180745165935,6.162687420608342,5.990236075708389,6.003251552581787,78100,0.0,0
2007-09-25,6.042297022361063,6.052058630469084,5.938175684990673,6.009758949279785,74800,0.0,0
2007-09-26,6.100863993656633,6.1301481904751425,6.006503665994327,6.065072059631348,54800,0.0,0
2007-09-27,6.149670712905789,6.152924581472891,6.055311006907709,6.084595203399658,65200,0.0,0
2007-09-28,6.178956638865557,6.178956638865557,6.071581428545132,6.1138811111450195,30200,0.0,0
2007-10-01,6.1659398164632115,6.185462406496252,6.120386278903521,6.18220853805542,49800,0.0,0
2007-10-02,6.143164899707975,6.276571070291862,6.143164899707975,6.195226192474365,50200,0.0,0
2007-10-03,6.214746601851786,6.247284665648151,6.149670474259055,6.18220853805542,72300,0.0,0
2007-10-04,6.257046140353766,6.257046140353766,6.162686430628052,6.198477745056152,53600,0.0,0
2007-10-05,6.182209231169652,6.279822812890681,6.182209231169652,6.24728536605835,59500,0.0,0
2007-10-08,6.289585033735613,6.289585033735613,6.169194358614191,6.214747905731201,39100,0.0,0
2007-10-09,6.318868631525027,6.341645092601411,6.224508297794844,6.279822826385498,57200,0.0,0
2007-10-10,6.263556273032785,6.34164728975557,6.2505407932728705,6.309109210968018,53000,0.0,0
2007-10-11,6.377438069199007,6.455529071604041,6.279823850733624,6.33839225769043,65900,0.0,0
2007-10-12,6.409974361480816,6.507587932219327,6.328629512328074,6.383944034576416,120100,0.0,0
2007-10-15,6.475054305213193,6.475054305213193,6.292841892028477,6.348156452178955,30400,0.0,0
2007-10-16,6.351404063775069,6.351404063775069,6.188714414317379,6.253789901733398,62600,0.0,0
2007-10-17,6.354660554196289,6.367675408806818,6.182209231169652,6.24728536605835,63900,0.0,0
2007-10-18,6.247284374406889,6.335136335765985,6.2049847072599915,6.315613746643066,60100,0.0,0
2007-10-19,6.257048904035672,6.328632805733827,6.104120731465355,6.120389461517334,55900,0.0,0
2007-10-22,6.165941855523703,6.322123868660894,6.094357967376709,6.094357967376709,57100,0.0,0
2007-10-23,6.283076831037677,6.286330699920654,6.1757016403475555,6.286330699920654,60500,0.0,0
2007-10-24,6.270061827085788,6.270061827085788,6.149671163725302,6.24728536605835,43400,0.0,0
2007-10-25,6.325376362371583,6.367675415666391,6.188716975447715,6.263554096221924,40600,0.0,0
2007-10-26,6.393706048292212,6.403467655181884,6.3123611860477515,6.403467655181885,53800,0.0,0
2007-10-29,6.465292052763677,6.4750530422548165,6.370931683600982,6.429500102996826,37600,0.0,0
2007-10-30,6.422989427918426,6.458781361330016,6.361167166738035,6.387197494506836,68600,0.0,0
2007-10-31,6.475050766874908,6.475050766874908,6.31886878377764,6.380691051483154,38000,0.0,0
2007-11-01,6.380690890902959,6.380690890902959,6.263554096221924,6.263554096221924,49000,0.0,0
2007-11-02,6.263553154022876,6.357913473457724,6.263553154022876,6.30259895324707,41400,0.0,0
2007-11-05,6.279823370895469,6.3026004545588235,6.227762706603376,6.283077239990234,51200,0.0,0
2007-11-06,6.374183104061131,6.374183104061131,6.2505385727166365,6.331883430480957,33900,0.0,0
2007-11-07,6.312360666955734,6.331883258517607,6.195224496972504,6.198477745056152,53200,0.0,0
2007-11-08,6.270061429318503,6.279822414504166,5.94793588534005,6.048803329467773,90200,0.0,0
2007-11-09,5.925161360932283,6.003252999773875,5.759218335077575,5.908892631530762,64000,0.0,0
2007-11-12,5.9544446038352685,5.9544446038352685,5.778739996492203,5.781993865966797,61500,0.0,0
2007-11-13,5.90238244935522,5.990235041242935,5.824291463436803,5.9446821212768555,62100,0.0,0
2007-11-14,6.081341501787081,6.081341501787081,5.843814054763411,5.9446821212768555,76400,0.0,0
2007-11-15,5.928411937835112,5.947935147006928,5.791752576691906,5.8730974197387695,47500,0.0,0
2007-11-16,5.967459329224848,5.967459329224848,5.817784455328552,5.918652534484863,46900,0.0,0
2007-11-19,5.94793658023467,5.94793658023467,5.765723641062702,5.801515579223633,73400,0.0,0
2007-11-20,5.954444256249721,6.006504923579939,5.742947717644193,5.804769992828369,74200,0.0,0
2007-11-21,5.716916635517962,5.830799563122756,5.697394042978064,5.736439228057861,67400,0.0,0
2007-11-23,5.817784309387207,5.817784309387207,5.778739122819509,5.817784309387207,20200,0.0,0
2007-11-26,5.821039334687228,5.8665928888812395,5.700649261474609,5.700649261474609,88900,0.0,0
2007-11-27,5.733186385652475,5.801515774685041,5.694140577196673,5.75596284866333,95300,0.0,0
2007-11-28,5.856831673787712,6.032536921895207,5.856831673787712,5.973968505859375,61700,0.0,0
2007-11-29,6.019520762030436,6.019520762030436,5.957698483135479,5.980474948883057,42200,0.0,0
2007-11-30,6.113880623557289,6.156179682171643,5.954444134918639,6.003251552581787,46200,0.0,0
2007-12-03,5.941430027352567,6.03578976412684,5.928414548839054,5.954444885253906,53800,0.0,0
2007-12-04,5.94142981678431,6.016266953748209,5.902384003239755,5.951191425323486,69700,0.0,0
2007-12-05,6.068326614746371,6.143163739254698,6.048804021529427,6.0911030769348145,55500,0.0,0
2007-12-06,6.1399100717153505,6.1399100717153505,6.02928101668538,6.07808780670166,123800,0.0,0
2007-12-07,6.1334037073999665,6.1334037073999665,6.078089167500829,6.1138811111450195,61500,0.0,0
2007-12-10,6.117132177699241,6.143162503623462,6.100863456726074,6.100863456726074,95300,0.0,0
2007-12-11,6.1431647679716255,6.182210581556063,5.928414344787598,5.928414344787598,195100,0.0,0
2007-12-12,6.022773445990777,6.078087975037729,5.873098582435248,5.921905994415283,95900,0.0,0
2007-12-13,6.035788504106982,6.035788504106982,5.856830056190426,5.892621994018555,66100,0.0,0
2007-12-14,5.980475562670354,5.980475562670354,5.8600854826166895,5.91540002822876,75700,0.0,0
2007-12-17,5.9739683097264935,5.9739683097264935,5.837308883666992,5.837308883666992,68900,0.0,0
2007-12-18,6.011989899031854,6.239109619368263,5.821610320824385,5.8282904624938965,124800,0.463,0
2007-12-19,5.938508878343268,5.938508878343268,5.738109133980853,5.811588764190674,124700,0.0,0
2007-12-20,5.895090757639513,5.895090757639513,5.798231238671359,5.824951171875,137700,0.0,0
2007-12-21,5.88172984191808,5.97190919888626,5.868369559668975,5.935169696807861,133700,0.0,0
2007-12-24,5.9852687158033095,6.028688353454223,5.958548791775077,6.011988639831543,74100,0.0,0
2007-12-26,6.055410081457661,6.115530087694926,6.015330502001771,6.058750152587891,105500,0.0,0
2007-12-27,6.142249429541151,6.142249429541151,5.991950065442056,5.998629570007324,98300,0.0,0
2007-12-28,6.015328755553031,6.118868382315439,6.011988685392535,6.022008895874023,108300,0.0,0
2007-12-31,6.048729268689846,6.1355691881432275,6.011989131252913,6.085468769073486,89300,0.0,0
2008-01-02,6.189009690017391,6.20570940675751,6.03202954962549,6.122209548950195,80500,0.0,0
2008-01-03,6.202368856314443,6.239108994765294,6.142248861414253,6.22908878326416,77600,0.0,0
2008-01-04,6.182329649014707,6.212389649278336,6.08880957741082,6.108850002288818,68100,0.0,0
2008-01-07,6.195688975239203,6.195688975239203,5.978589480033194,6.001969337463379,82100,0.0,0
2008-01-08,6.011991207541392,6.128891163987622,5.915131043411984,5.941851615905762,73700,0.0,0
2008-01-09,5.908448548097917,6.011988165913761,5.885068696047874,5.978588104248047,59600,0.0,0
2008-01-10,6.011988865932426,6.118868566064925,5.93516916109385,5.991949081420898,62500,0.0,0
2008-01-11,6.058748999752132,6.058748999752132,5.908449649810791,5.908449649810791,59200,0.0,0
2008-01-14,5.898430333227932,6.035370059020104,5.895090262226488,5.931830406188965,89800,0.0,0
2008-01-15,5.938509918344635,5.938509918344635,5.811589781964729,5.861689567565918,54900,0.0,0
2008-01-16,5.808251352136292,5.838311359399562,5.677991745364468,5.801571846008301,52600,0.0,0
2008-01-17,5.834970117582372,5.834970117582372,5.514330953817642,5.607851028442383,61700,0.0,0
2008-01-18,5.65461212197941,5.65461212197941,5.440852627500305,5.514332294464111,57800,0.0,0
2008-01-22,5.1870100480757095,5.4441893934330245,5.0834704233243055,5.410789966583252,109100,0.0,0
2008-01-23,5.283870460591329,5.510990156863316,5.096830973036348,5.337310314178467,100200,0.0,0
2008-01-24,5.280529416261616,5.507648738420961,5.280529416261616,5.464229106903076,62700,0.0,0
2008-01-25,5.611190218638776,5.611190218638776,5.380731068585798,5.444190502166748,62000,0.0,0
2008-01-28,5.4642308962585755,5.507650541994963,5.427490754983153,5.437510967254639,27200,0.0,0
2008-01-29,5.57778883057027,5.57778883057027,5.410789172613713,5.477588653564453,77400,0.0,0
2008-01-30,5.5610920877878645,5.5610920877878645,5.450872267563368,5.490952491760254,91300,0.0,0
2008-01-31,5.490949648772704,5.6178691250843205,5.417469381965727,5.597829341888428,80400,0.0,0
2008-02-01,5.671308342834029,5.677988482176405,5.577788940253376,5.667968273162842,49200,0.0,0
2008-02-04,5.711389669255435,5.711389669255435,5.544389975049447,5.564429759979248,41500,0.0,0
2008-02-05,5.510991052480844,5.531030841569457,5.427491188049316,5.427491188049316,51100,0.0,0
2008-02-06,5.440850930537043,5.51099050389188,5.3773908615112305,5.3773908615112305,70600,0.0,0
2008-02-07,5.287212063829075,5.487611891403179,5.280532239457535,5.440852165222168,69500,0.0,0
2008-02-08,5.40745096749354,5.484270683748188,5.370710826218118,5.437510967254639,48200,0.0,0
2008-02-11,5.3907499916491,5.500969765703339,5.3907499916491,5.474249839782715,44000,0.0,0
2008-02-12,5.571109767083269,5.571109767083269,5.430830001831055,5.430830001831055,52800,0.0,0
2008-02-13,5.52768902236907,5.57778943482605,5.4809293169326425,5.571109294891357,62900,0.0,0
2008-02-14,5.604509520248623,5.604509520248623,5.434169769287109,5.434169769287109,29900,0.0,0
2008-02-15,5.484271121344892,5.484271121344892,5.347331394641459,5.427491188049316,40000,0.0,0
2008-02-19,5.561091948035525,5.561091948035525,5.380732536315918,5.380732536315918,29900,0.0,0
2008-02-20,5.417472466576531,5.417472466576531,5.323952681851799,5.404112815856934,66500,0.0,0
2008-02-21,5.497631549443253,5.497631549443253,5.3439920828470795,5.384072303771973,53900,0.0,0
2008-02-22,5.484271428277179,5.49429164190898,5.30391172375215,5.424151420593262,27600,0.0,0
2008-02-25,5.4508710481615985,5.487611192368562,5.30391142691386,5.427491188049316,49600,0.0,0
2008-02-26,5.470911534157468,5.470911534157468,5.347332075806655,5.440852165222168,79800,0.0,0
2008-02-27,5.434170193605457,5.477589833725657,5.40411019773252,5.457550048828125,50500,0.0,0
2008-02-28,5.467571634437368,5.5009710719793095,5.43417155984199,5.480931282043457,31700,0.0,0
2008-02-29,5.510989427686668,5.510989427686668,5.347329818098723,5.390749454498291,49400,0.0,0
2008-03-03,5.4241507769692365,5.4241507769692365,5.243791093845498,5.313930988311768,73100,0.0,0
2008-03-04,5.260491129390169,5.317271059126039,5.213731093570428,5.313930988311768,74300,0.0,0
2008-03-05,5.3573516066675495,5.3773913957522534,5.293891531337011,5.354011535644531,40100,0.0,0
2008-03-06,5.350671070891778,5.350671070891778,5.260491071066404,5.300570964813232,33300,0.0,0
2008-03-07,5.267173357573807,5.310593021252998,5.21373315895555,5.283873081207275,27000,0.0,0
2008-03-10,5.307251376585122,5.307251376585122,5.11353172101559,5.143591403961182,47000,0.0,0
2008-03-11,5.267171466886206,5.267171466886206,5.133571496087414,5.1769914627075195,33000,0.0,0
2008-03-12,5.290548908568084,5.3105886879871695,5.193689125305036,5.213728904724121,33200,0.0,0
2008-03-13,5.193691486870907,5.25381117099107,5.083471694369465,5.24713134765625,44400,0.0,0
2008-03-14,5.2805298459314285,5.2805298459314285,5.083470179128461,5.150269985198975,36700,0.0,0
2008-03-17,5.083471496121071,5.113531496272201,4.846331884239211,5.0200114250183105,105800,0.0,0
2008-03-18,5.093491487397283,5.187011241912842,5.016671768676888,5.187011241912842,81600,0.0,0
2008-03-19,5.222470491053965,5.260339308333716,5.126076929050616,5.177716255187988,100700,0.463,0
2008-03-20,5.122634468261836,5.229355835006857,5.112306668196315,5.2121429443359375,57700,0.0,0
2008-03-24,5.239684723827634,5.377389839069337,5.239684723827634,5.363619327545166,56100,0.0,0
2008-03-25,5.384275258988868,5.391160350593507,5.30509457148872,5.363619327545166,84000,0.0,0
2008-03-26,5.391158265972318,5.4049287721717905,5.305092520146924,5.325748443603516,52900,0.0,0
2008-03-27,5.404929748910229,5.404929748910229,5.222470426715846,5.250011444091797,55500,0.0,0
2008-03-28,5.294765422290785,5.294765422290785,5.188043738905297,5.215584754943848,22200,0.0,0
2008-03-31,5.305094141648795,5.305094141648795,5.215585659836576,5.270668029785156,23400,0.0,0
2008-04-01,5.3532899289815665,5.508208219491815,5.32919129476723,5.504765510559082,91700,0.0,0
2008-04-02,5.408371288809373,5.521978371315555,5.408371288809373,5.473781108856201,68000,0.0,0
2008-04-03,5.391158546947849,5.53230632492745,5.391158546947849,5.521978855133057,75100,0.0,0
2008-04-04,5.5082091434849545,5.604603039882633,5.470340323816841,5.570176601409912,72200,0.0,0
2008-04-07,5.625257934724415,5.6562416598005285,5.521979288890447,5.604602336883545,63000,0.0,0
2008-04-08,5.546077549735203,5.549520258785017,5.422142650460348,5.449683666229248,45500,0.0,0
2008-04-09,5.466896162857721,5.477223960331591,5.3567321142970865,5.398043632507324,48400,0.0,0
2008-04-10,5.453125514447625,5.504764828783819,5.394600783098737,5.473781108856201,41800,0.0,0
2008-04-11,5.422141387435041,5.425584095682916,5.318862438201904,5.318862438201904,38700,0.0,0
2008-04-14,5.429029695468104,5.429029695468104,5.2741110249503205,5.2982096672058105,41600,0.0,0
2008-04-15,5.353290286877058,5.353290286877058,5.2568967285196795,5.308536052703857,48500,0.0,0
2008-04-16,5.415256377507313,5.473781108856201,5.353289265966831,5.473781108856201,35000,0.0,0
2008-04-17,5.470339647620084,5.470339647620084,5.398044398415772,5.453126430511475,27300,0.0,0
2008-04-18,5.504765634924091,5.625257823773581,5.497880545217869,5.597716808319092,69300,0.0,0
2008-04-21,5.635585874521055,5.635585874521055,5.5426347023842535,5.611486911773682,72800,0.0,0
2008-04-22,5.625258814583942,5.625258814583942,5.494438803975611,5.5323076248168945,42300,0.0,0
2008-04-23,5.577062020430396,5.625258640314386,5.570176601409912,5.570176601409912,63500,0.0,0
2008-04-24,5.6149286578117135,5.676896095275879,5.549519168603523,5.676896095275879,61400,0.0,0
2008-04-25,5.680338803649386,5.680338803649386,5.611485949438206,5.676896095275879,54800,0.0,0
2008-04-28,5.680338116514116,5.680338116514116,5.642468985615946,5.645911693572998,35100,0.0,0
2008-04-29,5.680340201684411,5.680340201684411,5.601159859494469,5.6562418937683105,38800,0.0,0
2008-04-30,5.714766581597969,5.731979470904765,5.649356420298798,5.652799129486084,44200,0.0,0
2008-05-01,5.611487293983829,5.824930667877197,5.611487293983829,5.824930667877197,58100,0.0,0
2008-05-02,5.855912404125796,5.859355112154325,5.773289381329365,5.838698863983154,56600,0.0,0
2008-05-05,5.849028663451518,5.859356790495468,5.776733744032676,5.7870612144470215,27800,0.0,0
2008-05-06,5.818043512522287,5.838699104916392,5.766404203222304,5.835257053375244,29800,0.0,0
2008-05-07,5.8042752269392786,5.855914553058345,5.74919319152832,5.74919319152832,64100,0.0,0
2008-05-08,5.814602396229629,5.8180451053427396,5.756077654566002,5.797389507293701,36700,0.0,0
2008-05-09,5.787060957286156,5.7973890838711535,5.738864346481984,5.752634525299072,38400,0.0,0
2008-05-12,5.797389286414652,5.862799443812389,5.749192673926634,5.831815719604492,31100,0.0,0
2008-05-13,5.88689778501783,5.88689778501783,5.814602209226852,5.852471351623535,42400,0.0,0
2008-05-14,5.9144383746369265,5.969520401450694,5.852470930314048,5.8559136390686035,76900,0.0,0
2008-05-15,5.91099677596275,5.969521522521973,5.85591473880462,5.969521522521973,30500,0.0,0
2008-05-16,5.972966032623105,5.972966032623105,5.914441268420128,5.962637901306152,48400,0.0,0
2008-05-19,5.869683366396079,6.048700268098885,5.869683366396079,5.941978931427002,121200,0.0,0
2008-05-20,5.924767204935054,5.935095333570645,5.869685165471313,5.917882442474365,50000,0.0,0
2008-05-21,5.990175559446769,5.990175559446769,5.776732885304174,5.811158657073975,67400,0.0,0
2008-05-22,5.787061193837337,5.859356769628314,5.787061193837337,5.852471351623535,50700,0.0,0
2008-05-23,5.81804640228987,5.81804640228987,5.735423335045928,5.76984977722168,36900,0.0,0
2008-05-27,5.776732102771802,5.8937815494958965,5.766403978662234,5.886896133422852,71500,0.0,0
2008-05-28,5.938535382309143,5.948863506317139,5.859355068136081,5.948863506317139,57200,0.0,0
2008-05-29,5.9385368810530235,6.031488050695387,5.928208754438457,5.990176200866699,48400,0.0,0
2008-05-30,6.055588848183248,6.055588848183248,5.997064086542217,6.01427698135376,38200,0.0,0
2008-06-02,6.041816987903463,6.041816987903463,5.935095613487871,5.972964763641357,93500,0.0,0
2008-06-03,5.9316523211751795,6.0142753761523355,5.900668593480037,5.966078758239746,73300,0.0,0
2008-06-04,5.959193394318694,5.990177122298851,5.9213249041660285,5.969521522521973,91400,0.0,0
2008-06-05,6.0039473268358625,6.059029358186041,5.959192765970338,6.045258522033691,59100,0.0,0
2008-06-06,6.072801567131077,6.079686987508237,5.862801498666339,5.8972272872924805,86100,0.0,0
2008-06-09,5.969519200029777,5.969519200029777,5.790502320599056,5.842141628265381,45000,0.0,0
2008-06-10,5.8455842936139994,5.948863564821421,5.804273110434565,5.886896133422852,58700,0.0,0
2008-06-11,5.917883048948046,5.917883048948046,5.7870626993427114,5.790505409240723,46100,0.0,0
2008-06-12,5.852471484117838,5.880012500130855,5.766405726998458,5.793946743011475,35900,0.0,0
2008-06-13,5.7664057052583875,5.862799589255339,5.7664057052583875,5.859356880187988,38900,0.0,0
2008-06-16,5.800832401761626,5.935094778314913,5.800832401761626,5.931652069091797,37500,0.0,0
2008-06-17,5.952309705474252,5.976408018997662,5.907555131819521,5.928210735321045,51400,0.0,0
2008-06-18,5.9454211117394555,5.9454211117394555,5.831814368180142,5.8731255531311035,38900,0.0,0
2008-06-19,5.891883285443039,5.920192608212983,5.8352646399031505,5.906038284301758,62600,0.463,0
2008-06-20,5.842340208852608,5.870649522268328,5.697254893228634,5.77864408493042,68900,0.0,0
2008-06-23,5.842340085576507,5.842340085576507,5.683099779131082,5.711409091949463,40300,0.0,0
2008-06-24,5.732642737790517,5.732642737790517,5.644175695566642,5.6724853515625,59100,0.0,0
2008-06-25,5.775106679640823,5.817570997114989,5.69017871963992,5.792800426483154,59200,0.0,0
2008-06-26,5.746795410134306,5.746795410134306,5.6335581685469815,5.665406227111816,65200,0.0,0
2008-06-27,5.683100700879245,5.683100700879245,5.520322294509169,5.587556838989258,45300,0.0,0
2008-06-30,5.622942777647715,5.622942777647715,5.534476090168841,5.576940059661865,33700,0.0,0
2008-07-01,5.552168671060707,5.644174098968506,5.438931429004095,5.644174098968506,77100,0.0,0
2008-07-02,5.70079211525465,5.70079211525465,5.538013100491665,5.55570650100708,69500,0.0,0
2008-07-03,5.622940971504498,5.622940971504498,5.4778553671642,5.523858070373535,32300,0.0,0
2008-07-07,5.5663250208611,5.58401842968721,5.4778583142042585,5.5415544509887695,90200,0.0,0
2008-07-08,5.576942266404963,5.725566387176514,5.5026302060191865,5.725566387176514,70500,0.0,0
2008-07-09,5.729103220781947,5.729103220781947,5.605249715741292,5.626481533050537,27000,0.0,0
2008-07-10,5.622944379197821,5.739720075458947,5.562786987580021,5.651253700256348,68300,0.0,0
2008-07-11,5.615865280662062,5.7574121831124385,5.506166777173492,5.576940059661865,84400,0.0,0
2008-07-14,5.608788736418014,5.658329870857579,5.346927056275116,5.428316593170166,52800,0.0,0
2008-07-15,5.354005690600152,5.368160351655342,5.155840098353752,5.2584614753723145,88600,0.0,0
2008-07-16,5.318618210219488,5.378775596618652,5.219535595110035,5.378775596618652,56400,0.0,0
2008-07-17,5.477858965018149,5.481397714698543,5.339851102220198,5.4707818031311035,45600,0.0,0
2008-07-18,5.4849355371880355,5.4849355371880355,5.389391336810938,5.449548721313477,41600,0.0,0
2008-07-21,5.484934403007963,5.484934403007963,5.378774314809859,5.424777030944824,59300,0.0,0
2008-07-22,5.463703660972528,5.463703660972528,5.322157065146959,5.446010589599609,31900,0.0,0
2008-07-23,5.484935812724184,5.633559906905575,5.484935812724184,5.5415544509887695,57800,0.0,0
2008-07-24,5.587556439956201,5.587556439956201,5.47078042961146,5.47785758972168,30000,0.0,0
2008-07-25,5.499087513827556,5.534474312441974,5.45308481061822,5.523858070373535,38300,0.0,0
2008-07-28,5.56278589755657,5.56278589755657,5.385852506873874,5.410623073577881,43300,0.0,0
2008-07-29,5.5380165136565545,5.552171175297914,5.42477922052568,5.545094013214111,40900,0.0,0
2008-07-30,5.821109212989334,5.821109212989334,5.523860705281033,5.63709831237793,68200,0.0,0
2008-07-31,5.4920127852547145,5.637098116280809,5.4920127852547145,5.630020618438721,62300,0.0,0
2008-08-01,5.690179600003575,5.690179600003575,5.488475579426098,5.580481052398682,23400,0.0,0
2008-08-04,5.580480017900951,5.580480017900951,5.484935812724184,5.5415544509887695,17400,0.0,0
2008-08-05,5.856494404512069,5.856494404512069,5.562785368389781,5.711409091949463,39400,0.0,0
2008-08-06,5.760953015564948,5.760953015564948,5.62294481168449,5.718488693237305,51800,0.0,0
2008-08-07,5.746797059577902,5.746797059577902,5.633559785489256,5.6724853515625,24200,0.0,0
2008-08-08,5.640636965397602,5.849418780781317,5.640636965397602,5.845880031585693,78500,0.0,0
2008-08-11,5.817570545156103,6.005119522482395,5.817570545156103,5.913114070892334,59400,0.0,0
2008-08-12,5.909576167212125,5.909576167212125,5.845880031585693,5.845880031585693,70100,0.0,0
2008-08-13,5.856494959636283,5.881266201279227,5.810492575051172,5.8671112060546875,37600,0.0,0
2008-08-14,5.867112712387774,5.927270107642343,5.84588088904719,5.906038284301758,94400,0.0,0
2008-08-15,5.92019030081106,5.941422790823749,5.863571677338355,5.891880989074707,48600,0.0,0
2008-08-18,5.927269271584478,5.927269271584478,5.743258362061346,5.775106430053711,61200,0.0,0
2008-08-19,5.722027637283438,5.753875711373594,5.693718313086358,5.725566387176514,57000,0.0,0
2008-08-20,5.732641466789195,5.778643846083107,5.654790351903313,5.697254657745361,76800,0.0,0
2008-08-21,5.722025926060286,5.722025926060286,5.633559230032729,5.679561614990234,66100,0.0,0
2008-08-22,5.729103011453058,5.789260387420654,5.697254949179197,5.789260387420654,62400,0.0,0
2008-08-25,5.806953300958122,5.806953300958122,5.644174582810865,5.693716049194336,81500,0.0,0
2008-08-26,5.718486920908891,5.718486920908891,5.5875562571535795,5.668945789337158,51800,0.0,0
2008-08-27,5.722025221591872,5.746795785438382,5.640635695780504,5.697254657745361,72400,0.0,0
2008-08-28,5.71494935108276,5.753874919602654,5.707871852270518,5.750336170196533,38100,0.0,0
2008-08-29,5.7397171069749655,5.7397171069749655,5.644173282184511,5.707869052886963,41100,0.0,0
2008-09-02,5.782182216867144,5.835262089492803,5.612326017012558,5.665406227111816,59200,0.0,0
2008-09-03,5.693719266105467,5.693719266105467,5.587559113860368,5.647716522216797,30200,0.0,0
2008-09-04,5.626482125738897,5.626482125738897,5.410623493830411,5.449548721313477,48700,0.0,0
2008-09-05,5.414163460634006,5.428318122672675,5.308003326607111,5.368160724639893,43500,0.0,0
2008-09-08,5.53801447946333,5.548630724900163,5.283230663504662,5.431854724884033,95000,0.0,0
2008-09-09,5.453088420238741,5.453088420238741,5.2903096463148795,5.3256964683532715,29900,0.0,0
2008-09-10,5.375235548059542,5.375235548059542,5.290307612781222,5.329233169555664,38800,0.0,0
2008-09-11,5.300923798781892,5.343388106125333,5.226612104614956,5.322155952453613,59500,0.0,0
2008-09-12,5.3540058463927975,5.3540058463927975,5.276155039587054,5.332773685455322,36600,0.0,0
2008-09-15,5.191226233020774,5.223074300550447,5.08860486957721,5.127530097961426,62600,0.0,0
2008-09-16,4.993061306881339,5.131069504705338,4.826744124537498,5.05675745010376,122500,0.0,0
2008-09-17,4.968290616990986,5.046141419368801,4.840898671033069,4.915210723876953,119300,0.0,0
2008-09-18,5.564249162637378,5.564249162637378,4.498988345701845,5.007824420928955,146900,0.463,0
2008-09-19,5.282375812530518,5.4397852460535665,5.161573069754654,5.282375812530518,64400,0.0,0
2008-09-22,5.260410834748269,5.260410834748269,5.000501863065302,5.037108898162842,42900,0.0,0
2008-09-23,4.945592272496207,4.971216990774129,4.769878971004538,4.905324459075928,86700,0.0,0
2008-09-24,4.956574662274453,5.01514565133538,4.857736205511798,4.934610366821289,79300,0.0,0
2008-09-25,5.007825923667414,5.051754178370196,4.930951390659862,4.978540420532227,56100,0.0,0
2008-09-26,4.8980052747503295,4.8980052747503295,4.788184459796856,4.861398220062256,82400,0.0,0
2008-09-29,4.784521982806375,4.788182756795313,4.250061199293229,4.414792537689209,118900,0.0,0
2008-09-30,4.498989984790473,4.583186073546425,4.30131265137267,4.528275489807129,75100,0.0,0
2008-10-01,4.539254316033742,4.667378573378535,4.466040604312652,4.634432315826416,86900,0.0,0
2008-10-02,4.520954454311109,4.616132174558857,4.429437160491943,4.429437160491943,68500,0.0,0
2008-10-03,4.539255251789072,4.612469327713563,4.363542307435703,4.400149345397949,74600,0.0,0
2008-10-06,4.345239319911197,4.345239319911197,3.7192612681468016,4.173186779022217,204800,0.0,0
2008-10-07,4.217113928806287,4.2573813824438345,3.9096159945253484,4.004793643951416,125400,0.0,0
2008-10-08,3.73390369014294,4.023098183077771,3.371495467815228,3.8583672046661377,201800,0.0,0
2008-10-09,3.719262906628794,3.869351218351725,3.3056046809156405,3.4520325660705566,103800,0.0,0
2008-10-10,3.133550590445988,3.4190842941825395,2.478286962338903,3.203103542327881,193700,0.0,0
2008-10-13,3.3495316542065123,3.9572065679832042,3.3165857330937123,3.931581497192383,95500,0.0,0
2008-10-14,4.030420841613845,4.209794615350926,3.8437255183638888,4.041402816772461,176900,0.0,0
2008-10-15,3.8913144973185845,3.968189020750492,3.6606909270228614,3.66435170173645,39500,0.0,0
2008-10-16,3.7082786802060763,3.8583669009237305,3.4776551889409353,3.8473849296569824,80400,0.0,0
2008-10-17,3.66435097685753,4.059705490838437,3.66435097685753,3.8803317546844482,49700,0.0,0
2008-10-20,3.964528292440755,4.085331066517622,3.8949753176219244,4.041402816772461,59600,0.0,0
2008-10-21,4.056046250741086,4.067028227751816,3.8656904697418217,3.8656904697418213,54100,0.0,0
2008-10-22,3.825421691031762,3.8327432399653687,3.697297726689659,3.7448863983154297,82400,0.0,0
2008-10-23,3.785154397763983,3.9352426668754776,3.6204233792052856,3.7339046001434326,67200,0.0,0
2008-10-24,3.5838157660316563,3.711940065328475,3.5142628044003685,3.6350655555725098,89500,0.0,0
2008-10-27,3.657030388869532,3.6899766652016255,3.5435491582931142,3.6021201610565186,85400,0.0,0
2008-10-28,3.7265819966186777,3.9132768944872587,3.580154208177756,3.909616470336914,98200,0.0,0
2008-10-29,3.913279250315048,4.107296160615827,3.810779981078348,3.9901537895202637,55900,0.0,0
2008-10-30,3.990153969125974,4.151224605715985,3.968190013570559,3.9791719913482666,58900,0.0,0
2008-10-31,3.843726398527128,4.063368046658702,3.829083645259075,3.993814706802368,66100,0.0,0
2008-11-03,4.0121174293536255,4.096313156446501,3.953546428052372,3.957207202911377,34100,0.0,0
2008-11-04,4.045063044979459,4.239079542417019,4.030420297042863,4.16952657699585,66500,0.0,0
2008-11-05,4.081669161481948,4.1292581728053905,3.9755091667175293,3.9755091667175293,67200,0.0,0
2008-11-06,3.9681893453235,3.9681893453235,3.7558692821185797,3.799797534942627,49700,0.0,0
2008-11-07,3.7522095882816466,3.876673181701891,3.7522095882816466,3.803459405899048,38800,0.0,0
2008-11-10,3.8583672760671948,3.9132774868503475,3.7522072792053223,3.7522072792053223,44500,0.0,0
2008-11-11,3.711941201574693,3.711941201574693,3.550870584633457,3.580156087875366,40600,0.0,0
2008-11-12,3.5325658764338903,3.5728336917578054,3.4410486221313477,3.4410486221313477,50100,0.0,0
2008-11-13,3.441049195437727,3.576495061589202,3.199443659683295,3.5581915378570557,104700,0.0,0
2008-11-14,3.477657055909883,3.539888841681342,3.2982832494442715,3.3678362369537354,106500,0.0,0
2008-11-17,3.3531930167889614,3.397121268423798,3.2433722131465132,3.265336513519287,55300,0.0,0
2008-11-18,3.276318229970722,3.3239072527548497,3.107926437469455,3.181140184402466,68100,0.0,0
2008-11-19,3.1408724603523694,3.2543540208803097,2.9358739852905273,2.9358739852905273,77900,0.0,0
2008-11-20,2.89926690256678,2.957837894681559,2.745517873710159,2.749178647994995,151100,0.0,0
2008-11-21,2.8260533194078246,2.8773031180759774,2.6503401478942834,2.8150713443756104,138900,0.0,0
2008-11-24,2.862661074465629,3.0713205716568024,2.862661074465629,3.05667781829834,111000,0.0,0
2008-11-25,3.0969443655961504,3.107926340014069,3.012748297430315,3.082301616668701,64200,0.0,0
2008-11-26,3.0603384733290295,3.2543554062049243,3.009089007302857,3.206766366958618,85600,0.0,0
2008-11-28,3.2031042100626737,3.2470324544788265,3.1774794880975814,3.1957826614379883,25900,0.0,0
2008-12-01,3.0932833059796345,3.1115868277295835,2.994444847106933,2.9944448471069336,55100,0.0,0
2008-12-02,2.9688206345258723,3.214086989130175,2.9688206345258723,3.126230478286743,227300,0.0,0
2008-12-03,2.990784480225675,3.2689970712026417,2.990784480225675,3.228729248046875,149700,0.0,0
2008-12-04,3.184801040135959,3.602119931948249,3.1115872913383713,3.173819065093994,110400,0.0,0
2008-12-05,3.08230126674753,3.3165855721000366,3.045694224029421,3.2433714866638184,61700,0.0,0
2008-12-08,3.287299606974227,3.5289054515858598,3.287299606974227,3.4410486221313477,55300,0.0,0
2008-12-09,3.3678361686935845,3.4410499301435156,3.243372599673326,3.3348898887634277,88200,0.0,0
2008-12-10,3.334889964387763,3.4373895818527727,3.3129260100100897,3.389800548553467,46200,0.0,0
2008-12-11,3.473995449349846,3.473995449349846,3.258014638534237,3.331228733062744,46500,0.0,0
2008-12-12,3.2067658359551903,3.345872154769036,3.2067658359551903,3.3239078521728516,63100,0.0,0
2008-12-15,3.3897983980065085,3.5581901208846656,3.2397101915715174,3.3129239082336426,85700,0.0,0
2008-12-16,3.3092636611229524,3.477655410766601,3.3092636611229524,3.4776554107666016,72300,0.0,0
2008-12-17,3.4018461742167765,3.6134995692817253,3.355667311711202,3.467266321182251,67900,0.463,0
2008-12-18,3.4441770878770948,3.536534823116957,3.4249358012862023,3.428784132003784,41100,0.0,0
2008-12-19,3.4249351213628434,3.555775403809877,3.37875626291041,3.4518730640411377,52200,0.0,0
2008-12-22,3.401845589882288,3.5211408724477797,3.317184172999192,3.363363027572632,91000,0.0,0
2008-12-23,3.4210875004404997,3.4557213724947506,3.3325777376432435,3.3556673526763916,67300,0.0,0
2008-12-24,3.4018455743785596,3.4518727583543516,3.3556667200155776,3.4364798069000244,31400,0.0,0
2008-12-26,3.4056935366972594,3.517292514454737,3.3903005869030167,3.513444185256958,53200,0.0,0
2008-12-29,3.4788109450594007,3.5211414772736003,3.444176706430976,3.467266321182251,52300,0.0,0
2008-12-30,3.517293613682265,3.5711687713007874,3.4634180890667556,3.5403828620910645,79200,0.0,0
2008-12-31,3.5095963607826968,3.655829588356591,3.5095963607826968,3.575016498565674,85600,0.0,0
2009-01-02,3.540382592936744,3.8751796053875913,3.540382592936744,3.852090358734131,69300,0.0,0
2009-01-05,3.882875319311006,3.9867776379235464,3.6712219859190327,3.848241090774536,104700,0.0,0
2009-01-06,3.9406009794904837,4.056048349791357,3.8636361882889263,4.036807060241699,86700,0.0,0
2009-01-07,4.036806448535092,4.036806448535092,3.7789741618319916,3.879028558731079,73900,0.0,0
2009-01-08,3.8482414340692865,3.9021169462651413,3.7327941176478276,3.8867239952087402,76000,0.0,0
2009-01-09,3.9059652030672116,3.9059652030672116,3.794366207750918,3.8366971015930176,37700,0.0,0
2009-01-12,3.8982684342434033,3.9059647259128294,3.6558291912078857,3.6558291912078857,44600,0.0,0
2009-01-13,3.655829021889025,3.7789726188715527,3.655829021889025,3.671221971511841,39600,0.0,0
2009-01-14,3.6904631656138505,3.6904631656138505,3.505747407381397,3.659677267074585,64100,0.0,0
2009-01-15,3.6866161163160815,3.6866161163160815,3.528838239782249,3.6058030128479004,53700,0.0,0
2009-01-16,3.6943124414632944,3.7404913011069665,3.463417776247981,3.6635265350341797,62400,0.0,0
2009-01-20,3.7481870477407124,3.7481870477407124,3.5403820261430954,3.682766914367676,39600,0.0,0
2009-01-21,3.6673726758413716,3.7173998406803612,3.5519254005973018,3.6750693321228027,69800,0.0,0
2009-01-22,3.690464042091489,3.732794570887178,3.5788650416329024,3.617347240447998,54700,0.0,0
2009-01-23,3.3094878740782487,3.748187175141924,3.3094878740782487,3.6789190769195557,48800,0.0,0
2009-01-26,3.7481882080239863,3.8328496480667966,3.675071760030432,3.759733200073242,32000,0.0,0
2009-01-27,3.825151232352666,3.825151232352666,3.7020076429479936,3.740490198135376,33100,0.0,0
2009-01-28,3.879028558731079,3.890573183912661,3.782822492558191,3.879028558731079,31900,0.0,0
2009-01-29,3.902117447919255,3.9059654109303708,3.813607692718506,3.813607692718506,19400,0.0,0
2009-01-30,3.8097591273658478,3.8559383506160474,3.736642696714063,3.7443389892578125,30100,0.0,0
2009-02-02,4.021411543330072,4.140707169037019,3.675070019788473,3.7212488651275635,47800,0.0,0
2009-02-03,3.959842660305626,3.959842660305626,3.7520375200300027,3.875181198120117,34700,0.0,0
2009-02-04,3.925207426454423,3.9713862941777673,3.7520365807426286,3.879028558731079,68000,0.0,0
2009-02-05,3.917510257978338,4.03295721803126,3.8290005060079038,4.025260925292969,30300,0.0,0
2009-02-06,3.994474893632202,4.1368597912447145,3.990626563886666,4.098377227783203,43900,0.0,0
2009-02-09,4.1561015790225255,4.190735816955566,4.102226057015909,4.190735816955566,62200,0.0,0
2009-02-10,4.209976354975193,4.221521344578035,3.990626690478318,4.025260925292969,58000,0.0,0
2009-02-11,4.0445026966757585,4.079136935678213,3.8213046753232462,3.8905727863311768,97800,0.0,0
2009-02-12,3.836697249088215,3.9059653532253016,3.752035825146283,3.8636348247528076,122600,0.0,0
2009-02-13,3.8982692190380104,3.9175105025805332,3.8290007450837114,3.852090358734131,51800,0.0,0
2009-02-17,3.7674281297062158,3.7751247882843018,3.675070428750466,3.7751247882843018,94700,0.0,0
2009-02-18,3.817455997972035,3.817455997972035,3.7443391962807273,3.7520358562469482,67100,0.0,0
2009-02-19,3.821303969983811,3.821303969983811,3.6750707472969486,3.6789190769195557,76600,0.0,0
2009-02-20,3.6904631252096673,3.6904631252096673,3.5403815962262355,3.5981054306030273,69300,0.0,0
2009-02-23,3.5981061524754145,3.6211953972609416,3.459569215774536,3.459569215774536,83400,0.0,0
2009-02-24,3.482658748046684,3.7212496850326144,3.4480245146621757,3.6904637813568115,109900,0.0,0
2009-02-25,3.7250973932197393,3.732793684356126,3.540381634987286,3.659677267074585,56100,0.0,0
2009-02-26,3.655829346682759,3.8251518075767983,3.58271292122774,3.644284725189209,55500,0.0,0
2009-02-27,3.6135003673310155,3.651982577752718,3.536535212493496,3.5480802059173584,41500,0.0,0
2009-03-02,3.4826586771350363,3.4865070067653847,3.2748536480561,3.363363027572632,76100,0.0,0
2009-03-03,3.3479711275435875,3.378757040261462,3.0901388332836177,3.2710063457489014,82000,0.0,0
2009-03-04,3.2517649880708643,3.4133912098350656,3.1286213398684333,3.386453628540039,74500,0.0,0
2009-03-05,3.286398209312484,3.355666673393019,3.182495880188587,3.309487819671631,84700,0.0,0
2009-03-06,3.2710052939264394,3.3056395263463427,3.136316693848351,3.194040536880493,88100,0.0,0
2009-03-09,3.217129479434316,3.251763708613121,3.1055305004119873,3.1055305004119873,78200,0.0,0
2009-03-10,3.2094345203131525,3.324881876503696,3.1863449022762325,3.2710063457489014,85800,0.0,0
2009-03-11,3.42493487169112,3.42493487169112,3.305639587801319,3.3171842098236084,70000,0.0,0
2009-03-12,3.451873008474712,3.50190019607544,3.3287290209202522,3.5019001960754395,89500,0.0,0
2009-03-13,3.548079111065813,3.586561309612838,3.4865072997930175,3.5557754039764404,51100,0.0,0
2009-03-16,3.594257121151864,3.5981054501973113,3.4788098187664422,3.4826581478118896,125500,0.0,0
2009-03-17,3.536534000760876,3.590409517288208,3.46341756911379,3.590409517288208,120300,0.0,0
2009-03-18,3.713552821147411,3.713552821147411,3.524989079766188,3.644284725189209,53300,0.0,0
2009-03-19,3.682765621407463,3.721248168821077,3.636586784709189,3.6750693321228027,87400,0.0,0
2009-03-20,3.676284534073043,3.676284534073043,3.5185560185204405,3.57922101020813,170000,0.463,0
2009-03-23,3.664150966938366,3.7976133823394775,3.6520177395774778,3.7976133823394775,112800,0.0,0
2009-03-24,3.825924304688281,3.825924304688281,3.7248163689255844,3.7854809761047363,143300,0.0,0
2009-03-25,3.8542344254019043,3.8744560898097467,3.7409936446926224,3.8501904010772705,117000,0.0,0
2009-03-26,3.9512983528220302,3.9998301161723226,3.8906333593620377,3.987696886062622,138200,0.0,0
2009-03-27,4.01196400677814,4.01196400677814,3.7652607156577598,3.979609489440918,100600,0.0,0
2009-03-30,3.9310771473792774,3.9310771473792774,3.809747531987431,3.8340132236480713,54400,0.0,0
2009-03-31,4.036229374755869,4.036229374755869,3.8825456227098187,3.9391658306121826,72000,0.0,0
2009-04-01,4.0362285021360265,4.1211591813240664,3.8421014558183084,4.028140068054199,84000,0.0,0
2009-04-02,4.189912467861606,4.218222950450607,4.064538851025116,4.117115020751953,123000,0.0,0
2009-04-03,4.177778866778681,4.22631061795073,4.0443164546315264,4.1454243659973145,81400,0.0,0
2009-04-06,4.104981004025287,4.266753891927804,4.048360821101064,4.218222141265869,67000,0.0,0
2009-04-07,4.1252040188092165,4.206090296492496,4.060494996662593,4.198001861572266,63300,0.0,0
2009-04-08,4.185868482836948,4.282932003685722,4.14138074650915,4.270799160003662,74600,0.0,0
2009-04-09,4.331463066430223,4.424482162503437,4.291019746409471,4.3597731590271,70000,0.0,0
2009-04-13,4.408305462080722,4.448748787151461,4.24653293319003,4.436615943908691,74800,0.0,0
2009-04-14,4.464926781912743,4.570079136011402,4.246533638775018,4.254622459411621,95700,0.0,0
2009-04-15,4.254622089995281,4.254622089995281,4.165646999199077,4.202045917510986,101500,0.0,0
2009-04-16,4.210134337863019,4.4204390271065614,4.210134337863019,4.335508346557617,61300,0.0,0
2009-04-17,4.408305679171452,4.5377240943534565,4.396172835331191,4.521546840667725,92100,0.0,0
2009-04-20,4.485147004421019,4.485147004421019,4.315285682678223,4.315285682678223,52300,0.0,0
2009-04-21,4.343596256628933,4.448748588562012,4.246532743627375,4.448748588562012,73900,0.0,0
2009-04-22,4.319329885987266,4.509412472369003,4.319329885987266,4.456836700439453,75000,0.0,0
2009-04-23,4.5417669947409625,4.5943431526347975,4.448747905487601,4.590299129486084,55500,0.0,0
2009-04-24,4.602432902529032,4.768249841789589,4.570078396609711,4.667141914367676,80600,0.0,0
2009-04-27,4.659055140777445,4.828916164528034,4.5741244360540145,4.772295951843262,69600,0.0,0
2009-04-28,4.74802850830651,4.8046490904384145,4.68331949198214,4.699496746063232,53700,0.0,0
2009-04-29,4.7682491534659865,4.808692472874985,4.679274082183838,4.679274082183838,75100,0.0,0
2009-04-30,4.687363634021011,4.808693225542714,4.570078452212464,4.594344139099121,78300,0.0,0
2009-05-01,5.035174729398798,5.035174729398798,4.602432921657249,4.723762512207031,52300,0.0,0
2009-05-04,4.715673669028033,4.824870415680157,4.715673669028033,4.800604343414307,44000,0.0,0
2009-05-05,4.889579726586744,4.889579726586744,4.6024331799710145,4.869358062744141,67900,0.0,0
2009-05-06,4.743983664152893,4.897667756704891,4.743983664152893,4.853180408477783,64900,0.0,0
2009-05-07,5.0230448754238175,5.0230448754238175,4.691410798158582,4.760164260864258,73100,0.0,0
2009-05-08,4.921933779538801,4.921933779538801,4.663097354808395,4.832958698272705,87300,0.0,0
2009-05-11,4.772294735022674,4.8855355172148105,4.735895815751159,4.85722541809082,75000,0.0,0
2009-05-12,4.889577843704463,4.889577843704463,4.7116277332501015,4.796558380126953,101400,0.0,0
2009-05-13,4.748028282404836,4.756117101908614,4.570078495979312,4.574122905731201,105900,0.0,0
2009-05-14,4.570077822619524,4.626698008018917,4.493235591440224,4.586255073547363,84000,0.0,0
2009-05-15,4.561989353730496,4.594343858064349,4.448748588562012,4.448748588562012,80900,0.0,0
2009-05-18,4.420438098147526,4.735894680023193,4.420438098147526,4.735894680023193,79000,0.0,0
2009-05-19,4.735895056482557,4.853180229945051,4.691407709891994,4.788471221923828,70600,0.0,0
2009-05-20,4.8612696725703195,5.027086623325558,4.687363901926454,4.699496746063232,92500,0.0,0
2009-05-21,4.7480291410652224,4.7480291410652224,4.557946476704554,4.610522270202637,43900,0.0,0
2009-05-22,4.578166315688443,4.760160873149912,4.549856222614921,4.739939212799072,68900,0.0,0
2009-05-26,4.748029701397843,4.942157184847732,4.671187821627762,4.845093250274658,70800,0.0,0
2009-05-27,4.877445854085231,4.954287697648609,4.812736466294504,4.885534286499023,49600,0.0,0
2009-05-28,4.946199862174959,4.982598779508406,4.873402413204219,4.942155838012695,61000,0.0,0
2009-05-29,4.9866437911987305,4.9866437911987305,4.913845947745955,4.9866437911987305,41200,0.0,0
2009-06-01,4.986642716175744,5.132237985997594,4.978554282922588,5.116060733795166,80100,0.0,0
2009-06-02,5.152458512198155,5.152458512198155,5.006863274461955,5.014951705932617,105200,0.0,0
2009-06-03,4.978554755346141,5.010909262821171,4.877446823062636,4.942155838012695,83300,0.0,0
2009-06-04,4.925978136714038,5.051351745364631,4.917889317732133,5.039218902587891,79800,0.0,0
2009-06-05,5.11606019613966,5.152459106193928,5.018996693125664,5.055395603179932,83300,0.0,0
2009-06-08,4.986642810590044,5.148415335677231,4.962377124675028,5.023041725158691,64300,0.0,0
2009-06-09,4.978554174389253,5.083706118564644,4.978554174389253,4.994731426239014,79900,0.0,0
2009-06-10,4.978554526977733,5.067529225604681,4.853180526990838,4.990687370300293,110700,0.0,0
2009-06-11,4.946200062495253,5.0149534900882315,4.946200062495253,4.970466136932373,96400,0.0,0
2009-06-12,4.990686628733662,5.148414725578504,4.970464969070045,5.112016201019287,73900,0.0,0
2009-06-15,5.116061131832014,5.1362827950823515,5.055396527777146,5.091795444488525,86000,0.0,0
2009-06-16,5.148414725578504,5.148414725578504,5.07966169983593,5.112016201019287,61100,0.0,0
2009-06-17,5.148416444160799,5.152460854582794,5.0634861394761375,5.12415075302124,74500,0.0,0
2009-06-18,5.175779999804038,5.226152506819333,5.121209683789527,5.154791355133057,78200,0.463,0
2009-06-19,5.163188271893959,5.242944661315708,5.154792651783668,5.184176921844482,45200,0.0,0
2009-06-22,5.112816812768903,5.20096884058648,4.953303600512084,4.957501411437988,73500,0.0,0
2009-06-23,4.949107676662408,5.024666700837928,4.881944277539917,4.9407124519348145,81200,0.0,0
2009-06-24,4.936513172844127,5.0876307759749535,4.936513172844127,5.079235553741455,48600,0.0,0
2009-06-25,5.087629294329906,5.272328933581517,5.070838454427505,5.209362983703613,123100,0.0,0
2009-06-26,5.138002075365085,5.25134055071479,5.138002075365085,5.2387471199035645,50600,0.0,0
2009-06-29,5.209363536048032,5.2723294926021635,5.196770504867303,5.259736061096191,48500,0.0,0
2009-06-30,5.297516626870506,5.297516626870506,5.112817330988276,5.146399021148682,65400,0.0,0
2009-07-01,5.16318866296621,5.310108423097526,5.16318866296621,5.297515392303467,97600,0.0,0
2009-07-02,5.255538040990848,5.314305779897488,5.121210922793107,5.289119720458984,76800,0.0,0
2009-07-06,5.205166506979467,5.2891211283221224,5.175782629704719,5.272330284118652,48700,0.0,0
2009-07-07,5.234548698414951,5.276525592031604,5.175780566961463,5.205164432525635,34100,0.0,0
2009-07-08,5.2051655731798885,5.226154224750217,5.079234464408381,5.158990859985352,63800,0.0,0
2009-07-09,5.154792971928662,5.200968084752619,5.104420449114076,5.108618259429932,61400,0.0,0
2009-07-10,5.091827469811265,5.188374706097662,5.087629659453101,5.142199993133545,79400,0.0,0
2009-07-13,5.196770086147429,5.347887649115896,5.13380413466666,5.2933173179626465,92700,0.0,0
2009-07-14,5.343690658888172,5.347888469696045,5.259736444357087,5.347888469696045,65600,0.0,0
2009-07-15,5.423446936599694,5.729879889980639,5.398260474522038,5.6081461906433105,99300,0.0,0
2009-07-16,5.939766481933124,5.939766481933124,5.574565330071451,5.8348236083984375,87900,0.0,0
2009-07-17,5.86420748098767,5.918777819503191,5.725682929496449,5.860009670257568,93900,0.0,0
2009-07-20,5.901987575197387,5.96075533007508,5.8516146419803565,5.918778419494629,125600,0.0,0
2009-07-21,5.977545543609257,5.977545543609257,5.826427960880324,5.843218803405762,95000,0.0,0
2009-07-22,5.843217268906601,5.927171459486406,5.603947725672869,5.654320240020752,142800,0.0,0
2009-07-23,5.784450482371732,5.822229977011701,5.595553409497141,5.725682735443115,110600,0.0,0
2009-07-24,5.750868134628895,5.771856784820557,5.67950696417237,5.771856784820557,66400,0.0,0
2009-07-27,5.830625457957309,5.973347411583722,5.763461691143109,5.805438995361328,116300,0.0,0
2009-07-28,5.843214885072256,5.901982994665294,5.7466673050497645,5.897785186767578,51800,0.0,0
2009-07-29,5.956558587115556,5.956558587115556,5.834824844048583,5.855813503265381,68700,0.0,0
2009-07-30,5.964952354846197,6.149651617766183,5.893591175909435,6.036313533782959,101000,0.0,0
2009-07-31,6.137059541282293,6.250398043227552,6.090884818448288,6.191629886627197,122300,0.0,0
2009-08-03,6.179036120361491,6.527446406736587,6.179036120361491,6.31756067276001,112200,0.0,0
2009-08-04,6.225209316774563,6.338547777587162,6.174836800966242,6.250395774841309,91700,0.0,0
2009-08-05,6.334351756017536,6.384724286045823,6.2084202307841805,6.304967880249023,74300,0.0,0
2009-08-06,6.27138554658638,6.359537570750207,5.94396391411728,6.006929874420166,125900,0.0,0
2009-08-07,6.019524179295985,6.359538915598277,6.002733333062851,6.233607769012451,87500,0.0,0
2009-08-10,6.279781662421233,6.304968128590066,6.002732536190565,6.032116413116455,97000,0.0,0
2009-08-11,6.082489338170238,6.082489338170238,5.960755611192774,5.964953422546387,56500,0.0,0
2009-08-12,5.956555489758655,5.964951109209876,5.708890720825171,5.8767991065979,152300,0.0,0
2009-08-13,5.94396247064982,6.048905312011082,5.9061829837077395,5.990137577056885,56200,0.0,0
2009-08-14,6.082489010227538,6.082489010227538,5.7340786931691134,5.755067348480225,123200,0.0,0
2009-08-17,5.708891779135979,5.738275652012079,5.482215216159049,5.528389930725098,205000,0.0,0
2009-08-18,5.566168995709278,5.897788393776863,5.566168995709278,5.839020252227783,102600,0.0,0
2009-08-19,5.839021419417896,5.922975638180586,5.776055855427201,5.8348236083984375,65400,0.0,0
2009-08-20,5.8767991065979,5.918776403203667,5.780251884859873,5.8767991065979,72200,0.0,0
2009-08-21,5.935568833281691,6.044709113135103,5.872602871490012,5.952359676361084,57600,0.0,0
2009-08-24,6.15385134323285,6.162246967049719,5.855813503265381,5.855813503265381,128900,0.0,0
2009-08-25,6.03631422419881,6.086686756211177,5.93137134909172,6.032116413116455,90000,0.0,0
2009-08-26,5.977545810150455,6.086686491595055,5.83482344215756,5.872602939605713,120200,0.0,0
2009-08-27,5.876796547603994,5.9523554884629,5.666910956618136,5.897785186767578,88600,0.0,0
2009-08-28,5.981744766235351,5.981744766235351,5.918779191984069,5.981744766235352,73400,0.0,0
2009-08-31,5.99853152107294,5.99853152107294,5.935565989771001,5.977542877197266,63500,0.0,0
2009-09-01,5.9859410386155005,6.044708786050762,5.717287163557037,5.7592644691467285,108000,0.0,0
2009-09-02,5.792845435012218,5.792845435012218,5.687902584379117,5.771856784820557,133100,0.0,0
2009-09-03,5.742473439359242,5.834822868118937,5.742473439359242,5.805438995361328,47800,0.0,0
2009-09-04,5.847415456071046,6.002730818753329,5.847415456071046,5.985939979553223,79900,0.0,0
2009-09-08,6.0824875831604,6.0824875831604,5.990138161978923,6.0824875831604,76300,0.0,0
2009-09-09,6.082487316016263,6.082487316016263,6.006928738397713,6.053103446960449,57800,0.0,0
2009-09-10,6.082489040635784,6.082489040635784,6.015325663564699,6.074093818664551,70300,0.0,0
2009-09-11,6.082487213647917,6.191627868768663,6.040510315749681,6.124464511871338,61700,0.0,0
2009-09-14,6.137056851743718,6.296570006617033,6.120266014405745,6.275581359863281,84000,0.0,0
2009-09-15,6.296571096957144,6.380525298184864,6.279780256711599,6.359536647796631,104500,0.0,0
2009-09-16,6.40151381902218,6.653376817933461,6.40151381902218,6.552631378173828,114800,0.0,0
2009-09-17,6.55263240657036,6.607202744909799,6.506457689664032,6.577818870544434,130400,0.0,0
2009-09-18,6.488279015808111,6.678601685432467,6.449349275711075,6.561812877655029,142800,0.463,0
2009-09-21,6.553160940294625,6.553160940294625,6.246049083215661,6.345536231994629,121600,0.0,0
2009-09-22,6.544512486246576,6.544512486246576,6.384468279198618,6.397444725036621,99900,0.0,0
2009-09-23,6.384467353900587,6.501256174544015,6.323909927910174,6.380141735076904,118000,0.0,0
2009-09-24,6.483955065804445,6.483955065804445,6.220098466441978,6.237400531768799,93600,0.0,0
2009-09-25,6.272004118353337,6.3585144374830485,6.142238433401899,6.297957420349121,130100,0.0,0
2009-09-28,6.371489648222997,6.488278865814209,6.3412111455202345,6.488278865814209,79300,0.0,0
2009-09-29,6.4882795976655325,6.4882795976655325,6.362839541944547,6.466651916503906,61400,0.0,0
2009-09-30,6.535860300106047,6.535860300106047,6.358514053472206,6.380141735076904,85500,0.0,0
2009-10-01,6.29795828937618,6.375817381079478,6.146564900623783,6.181169033050537,91100,0.0,0
2009-10-02,6.129262796433197,6.129262796433197,5.925963210300324,6.055728912353516,106400,0.0,0
2009-10-05,6.047077272070103,6.2374003991317295,6.047077272070103,6.1638665199279785,73500,0.0,0
2009-10-06,6.129262705071617,6.276330471038818,6.129262705071617,6.276330471038818,65100,0.0,0
2009-10-07,6.3152599047788005,6.358514860967617,6.228749167373631,6.33256196975708,68400,0.0,0
2009-10-08,6.401769416681603,6.488279730586682,6.310933483952841,6.380141735076904,148900,0.0,0
2009-10-09,6.3368860744519795,6.483953807444993,6.3368860744519795,6.410419940948486,54100,0.0,0
2009-10-12,6.4017712211119475,6.5142348671448875,6.4017712211119475,6.458003044128418,48400,0.0,0
2009-10-13,6.4233994483947745,6.466654414916012,6.4017717588772225,6.423399448394775,53600,0.0,0
2009-10-14,6.488281325458439,6.531536699300355,6.423398677209382,6.4277238845825195,67300,0.0,0
2009-10-15,6.336887290269647,6.436374475064407,6.310934398593641,6.397444725036621,48000,0.0,0
2009-10-16,6.34121199069119,6.423397098286301,6.328235546733857,6.380141735076904,54200,0.0,0
2009-10-19,6.367164891331791,6.527209065135607,6.323909530838354,6.479628086090088,58500,0.0,0
2009-10-20,6.566139763621062,6.566139763621062,6.462326965816278,6.505582332611084,51500,0.0,0
2009-10-21,6.488278708846696,6.531534065244468,6.432046910535053,6.440698146820068,45700,0.0,0
2009-10-22,6.401769285532733,6.509907278827159,6.384467223106173,6.466651916503906,41100,0.0,0
2009-10-23,6.466651916503905,6.548837022415345,6.445024235342279,6.466651916503906,58100,0.0,0
2009-10-26,6.496930300306971,6.55316168917903,6.341211338773044,6.349862575531006,65000,0.0,0
2009-10-27,6.34553726231572,6.4190711282400255,6.163865406798459,6.293631076812744,101900,0.0,0
2009-10-28,6.12061062069576,6.2936316677997945,5.9908453510099,6.038425922393799,135700,0.0,0
2009-10-29,6.055728149794667,6.4796289222736965,6.055728149794667,6.254702091217041,87200,0.0,0
2009-10-30,6.1984701404922635,6.2547019501163215,5.947590012947225,6.021123886108398,93900,0.0,0
2009-11-02,5.995172367364153,6.012474436046482,5.796198371260438,5.947591781616211,127900,0.0,0
2009-11-03,5.865404011977644,5.951914310455323,5.843776334229813,5.951914310455322,64300,0.0,0
2009-11-04,5.969216946405041,6.11195905580161,5.943263648099445,6.060052871704102,66700,0.0,0
2009-11-05,6.124935664542805,6.341211643728715,6.077355097626834,6.293631076812744,83900,0.0,0
2009-11-06,6.272003952560288,6.280655190501444,6.202795699085957,6.241725444793701,50100,0.0,0
2009-11-09,6.315260244836704,6.401770574386428,6.272004873804947,6.3931193351745605,65000,0.0,0
2009-11-10,6.328237862025866,6.488282104433564,6.280657275098346,6.423399448394775,122000,0.0,0
2009-11-11,6.410421027503257,6.548837959230057,6.380142517053847,6.483954906463623,98000,0.0,0
2009-11-12,6.406096211353496,6.4882809215200155,6.40177059173584,6.40177059173584,69700,0.0,0
2009-11-13,6.423398337177289,6.436374783637411,6.349864453046947,6.367166519165039,66100,0.0,0
2009-11-16,6.319585451928847,6.445025532904395,6.319585451928847,6.3931193351745605,88600,0.0,0
2009-11-17,6.34121248275012,6.401769913439607,6.315259592821588,6.388793468475342,58000,0.0,0
2009-11-18,6.388792093518211,6.531534194946289,6.336885499804675,6.531534194946289,120800,0.0,0
2009-11-19,6.423398040661914,6.423398040661914,6.310934409828934,6.371491432189941,65300,0.0,0
2009-11-20,6.293631956374912,6.34986376832353,6.22442369936546,6.319584846496582,75600,0.0,0
2009-11-23,6.397441950092447,6.397441950092447,6.228746577316337,6.302280426025391,58400,0.0,0
2009-11-24,6.259027206891884,6.302282156974453,6.228748288069005,6.272003650665283,64800,0.0,0
2009-11-25,6.272003818347664,6.328235626220703,6.263352580591633,6.328235626220703,47300,0.0,0
2009-11-27,6.142238271039053,6.284980396958293,6.107634144301888,6.241725444793701,32000,0.0,0
2009-11-30,6.302280948729139,6.310932184595303,6.211445034702579,6.267676830291748,50600,0.0,0
2009-12-01,6.246051344376074,6.440700094515,6.22442407215066,6.397444725036621,67600,0.0,0
2009-12-02,6.358514832798369,6.527210274974579,6.358514832798369,6.483954906463623,87700,0.0,0
2009-12-03,6.53153399350394,6.566138113236615,6.384466278383248,6.4926042556762695,73300,0.0,0
2009-12-04,6.509908802337876,6.618046820939789,6.509908802337876,6.583442687988281,62100,0.0,0
2009-12-07,6.535860503062152,6.652649739845917,6.5272096776598705,6.579115867614746,55600,0.0,0
2009-12-08,6.514232767632892,6.661300089068472,6.49260508690264,6.553162097930908,49200,0.0,0
2009-12-09,6.5185601326722304,6.596419644082219,6.5185601326722304,6.566141128540039,64300,0.0,0
2009-12-10,6.5964159753414755,6.5964159753414755,6.535858565423606,6.587764739990234,60600,0.0,0
2009-12-11,6.5964159753414755,6.635345709394848,6.553160623612483,6.587764739990234,91600,0.0,0
2009-12-14,6.583442237692134,6.70455669473839,6.535861248752916,6.700231075286865,76100,0.0,0
2009-12-15,6.618048075235035,6.704558424009805,6.618048075235035,6.6613030433654785,80000,0.0,0
2009-12-16,6.667097199392046,6.738450680876596,6.618041787196492,6.684935569763184,90200,0.463,0
2009-12-17,6.613584152558304,6.667099280375245,6.560069024741363,6.586826801300049,53200,0.0,0
2009-12-18,6.5912842747670375,6.649259087048045,6.564526930822151,6.604663372039795,36600,0.0,0
2009-12-21,6.6225016984038145,6.8008854078334195,6.604663327460854,6.720612525939941,88500,0.0,0
2009-12-22,6.738452257212236,6.9168364279535695,6.689396833541077,6.863321304321289,123500,0.0,0
2009-12-23,6.8811626162590755,6.8811626162590755,6.778591599870275,6.83656644821167,54500,0.0,0
2009-12-24,6.881158829806654,6.881158829806654,6.791966542791128,6.823184013366699,28600,0.0,0
2009-12-28,6.867779895077191,6.898997366395966,6.7027748406507,6.756289958953857,81700,0.0,0
2009-12-29,6.7116946130789765,6.7562903348291075,6.689396539553721,6.693856239318848,54800,0.0,0
2009-12-30,6.640340155384627,6.671557198614204,6.243435865135741,6.3593854904174805,354700,0.0,0
2009-12-31,6.439660128764973,6.4574985059798164,6.274655033202555,6.426281452178955,122900,0.0,0
2010-01-04,6.350466196881465,6.551147982223724,6.279112711008691,6.319249153137207,255800,0.0,0
2010-01-05,6.354926909700736,6.359386609604199,6.261275338229972,6.305871486663818,149600,0.0,0
2010-01-06,6.288034915924073,6.305873295354049,6.221140674086277,6.288034915924072,123700,0.0,0
2010-01-07,6.2568147971015105,6.292491540931714,6.230057451879025,6.2657341957092285,107900,0.0,0
2010-01-08,6.24343554726139,6.296950658059023,6.24343554726139,6.2924909591674805,63400,0.0,0
2010-01-11,6.28357256762433,6.305870638843291,6.230057451879025,6.2657341957092285,112800,0.0,0
2010-01-12,6.274653277072991,6.274653277072991,6.091809855469352,6.10964822769165,133800,0.0,0
2010-01-13,6.131946608123165,6.332628412056215,6.047214442124895,6.279113292694092,184700,0.0,0
2010-01-14,6.283573682308792,6.283573682308792,6.216679456785103,6.270195007324219,58900,0.0,0
2010-01-15,6.225597325741785,6.261274067125954,6.11410740259118,6.194380283355713,88500,0.0,0
2010-01-19,6.176543431831382,6.270195007324218,6.176543431831382,6.270195007324219,86600,0.0,0
2010-01-20,6.274651498532008,6.274651498532008,6.131944561203702,6.172080993652344,85500,0.0,0
2010-01-21,6.158704973371211,6.252356547596131,6.109649123591242,6.136406898498535,74900,0.0,0
2010-01-22,6.08289055568088,6.118567298211534,5.882208347320556,5.882208347320557,159800,0.0,0
2010-01-25,5.926804380173698,5.984779192055043,5.824233853591533,5.864369869232178,139200,0.0,0
2010-01-26,5.81977592470106,5.868831353382979,5.7082859660872485,5.712745666503906,294000,0.0,0
2010-01-27,5.690446165706634,5.735041882811971,5.601254306195626,5.699365139007568,249300,0.0,0
2010-01-28,5.659230406695088,5.6949075865850824,5.556659843575301,5.605715274810791,152200,0.0,0
2010-01-29,5.735041936075471,5.735041936075471,5.543279542670918,5.570036888122559,154200,0.0,0
2010-02-01,5.650310732353191,5.654770432450806,5.5477397566101025,5.628012657165527,78900,0.0,0
2010-02-02,5.636931313215404,5.68152703240313,5.574496795992165,5.663688659667969,76600,0.0,0
2010-02-03,5.654769943330257,5.748421510777538,5.650310243618393,5.743961811065674,78200,0.0,0
2010-02-04,5.735040576701667,5.735040576701667,5.556656898305128,5.587873935699463,103200,0.0,0
2010-02-05,5.5477393396454024,5.6190932599430905,5.480845544410519,5.614633560180664,120200,0.0,0
2010-02-08,5.601254626213347,5.645850345866581,5.476385590463432,5.534360408782959,75100,0.0,0
2010-02-09,5.547739025032974,5.636931314021893,5.547739025032974,5.61909294128418,59700,0.0,0
2010-02-10,5.6324710290798885,5.641390001871541,5.547738448407492,5.601253986358643,73500,0.0,0
2010-02-11,5.61017536805506,5.699367260770464,5.574498610968899,5.69044828414917,73800,0.0,0
2010-02-12,5.6815278203520725,5.717204570770264,5.596795644433972,5.717204570770264,51800,0.0,0
2010-02-16,5.726121440859612,5.793015212010686,5.7127427716894426,5.7840962409973145,72200,0.0,0
2010-02-17,5.797475922465986,5.824233690778729,5.770718154153242,5.815314292907715,66900,0.0,0
2010-02-18,5.7974773936009045,5.859911918640138,5.77963901863261,5.859911918640137,63300,0.0,0
2010-02-19,5.797476084530793,5.900046611112957,5.775178014530227,5.864369869232178,74100,0.0,0
2010-02-22,5.8643707668825495,5.917886313195575,5.850992092954481,5.8911285400390625,91000,0.0,0
2010-02-23,5.877751793469854,5.882211069374523,5.784100194663564,5.833155632019043,119600,0.0,0
2010-02-24,5.824234745098345,5.8911285400390625,5.819775045355531,5.8911285400390625,71400,0.0,0
2010-02-25,5.824234221694632,5.904506683349609,5.7751783795329,5.904506683349609,69000,0.0,0
2010-02-26,5.868829675196641,5.931264187275444,5.84207233094881,5.882208347320557,64600,0.0,0
2010-03-01,6.149785162164874,6.149785162164874,5.868830458273032,5.993699073791504,123000,0.0,0
2010-03-02,6.065053042345612,6.06951231681749,6.0026185214351555,6.038295269012451,130100,0.0,0
2010-03-03,6.087349357558281,6.105187727440566,6.047213344298356,6.0561323165893555,75300,0.0,0
2010-03-04,6.056132847382951,6.100728988647461,6.024915803677987,6.100728988647461,54300,0.0,0
2010-03-05,6.181002818710263,6.243437345271124,6.1096493170980875,6.230058670043945,94400,0.0,0
2010-03-08,6.261274919573385,6.292491966209532,6.15424468084914,6.279113292694092,109100,0.0,0
2010-03-09,6.020457832510899,6.354927712094838,6.020457832510899,6.301412582397461,93300,0.0,0
2010-03-10,6.332627245544459,6.377223382781506,6.3103291769259355,6.346005916595459,68700,0.0,0
2010-03-11,6.354927586015831,6.40398301427341,6.319250833592058,6.386144638061523,106600,0.0,0
2010-03-12,6.368306575656299,6.426281407526825,6.35938759976108,6.395064353942871,74300,0.0,0
2010-03-15,6.395064353942872,6.408443030435929,6.332629821474507,6.395064353942871,92200,0.0,0
2010-03-16,6.381685721792077,6.426281452178956,6.3549279433195816,6.426281452178955,68400,0.0,0
2010-03-17,6.399522619527459,6.497633458877025,6.399522619527459,6.453037738800049,101400,0.0,0
2010-03-18,6.43297863314962,6.478570435626889,6.355472829815654,6.4512152671813965,107500,0.316,0
2010-03-19,6.287083625793458,6.451213281561973,6.259728465767613,6.287083625793457,117200,0.0,0
2010-03-22,6.2369351313398695,6.350914206489819,6.218698496707704,6.337236404418945,64300,0.0,0
2010-03-23,6.369151343064166,6.478571159480351,6.287086263354177,6.3645920753479,89700,0.0,0
2010-03-24,6.287082633736741,6.382825026526455,6.2369320221975375,6.259727478027344,98800,0.0,0
2010-03-25,6.259727565348916,6.3509111291219265,6.259727565348916,6.332674503326416,70200,0.0,0
2010-03-26,6.2962031301216,6.36003112205037,6.27796649888544,6.341794490814209,66700,0.0,0
2010-03-29,6.30532171576818,6.410182679578961,6.30532171576818,6.396504878997803,58500,0.0,0
2010-03-30,6.378267569366837,6.419300097163908,6.341794307946236,6.410181999206543,40200,0.0,0
2010-03-31,6.391946743111108,6.391946743111108,6.314440937225489,6.337236404418945,67700,0.0,0
2010-04-01,6.382828711417265,6.405624615202894,6.337236903846004,6.3645920753479,89300,0.0,0
2010-04-05,6.15486958744959,6.341795186834461,6.136632954211935,6.30076265335083,371900,0.0,0
2010-04-06,6.291646251350012,6.34179689758318,6.2688503449546635,6.314442157745361,108300,0.0,0
2010-04-07,6.282524618663521,6.350912304146136,6.282524618663521,6.309879779815674,67600,0.0,0
2010-04-08,6.29164408321791,6.337235445501845,6.268848184678141,6.31899881362915,68800,0.0,0
2010-04-09,6.296201251735393,6.346351863974185,6.296201251735393,6.332674503326416,50500,0.0,0
2010-04-12,6.314437877530905,6.378265850417465,6.314437877530905,6.332674503326416,119200,0.0,0
2010-04-13,6.282525095371643,6.378267514475659,6.282525095371643,6.373708248138428,57400,0.0,0
2010-04-14,6.3828292086359575,6.474012396085896,6.373710672493097,6.4648942947387695,151400,0.0,0
2010-04-15,6.4192998569947575,6.496805643312658,6.4192998569947575,6.487687110900879,68600,0.0,0
2010-04-16,6.437536734288471,6.483128528507436,6.382826842103055,6.4284186363220215,70700,0.0,0
2010-04-19,6.382826586104606,6.496805632285046,6.3235574299153114,6.405622482299805,58000,0.0,0
2010-04-20,6.446655736840941,6.478569734242558,6.410182472726063,6.474010467529297,53400,0.0,0
2010-04-21,6.483129725475964,6.519602993666901,6.460333824157716,6.460333824157715,58600,0.0,0
2010-04-22,6.446654570653138,6.49680519104004,6.378266886712242,6.496805191040039,59000,0.0,0
2010-04-23,6.519601085687005,6.519601085687005,6.483127828170071,6.496805191040039,46300,0.0,0
2010-04-26,6.451213650828012,6.5196013374093615,6.451213650828012,6.501364707946777,43300,0.0,0
2010-04-27,6.474011381558019,6.492248016190183,6.31899976978678,6.337236404418945,116000,0.0,0
2010-04-28,6.3645920753479,6.428420518988525,6.346355439278536,6.3645920753479,50600,0.0,0
2010-04-29,6.369150187865759,6.492247350308414,6.369150187865759,6.478569984436035,47500,0.0,0
2010-04-30,6.414740786880433,6.483128477672647,6.341794264538527,6.346353530883789,48400,0.0,0
2010-05-03,6.360030689909407,6.442095742293901,6.360030689909407,6.405622482299805,47700,0.0,0
2010-05-04,6.2688493692703675,6.3235592752267005,6.227816831104198,6.2323760986328125,96700,0.0,0
2010-05-05,6.163987623571706,6.246052249114587,6.122955093402466,6.191342353820801,82500,0.0,0
2010-05-06,6.118395700311685,6.19590149240828,5.470994633855175,5.917792320251465,291900,0.0,0
2010-05-07,5.881319022677762,5.990739245152101,5.64880208255931,5.808372497558594,148700,0.0,0
2010-05-10,6.446655101124553,6.446655101124553,5.986179643588036,6.10015869140625,111700,0.0,0
2010-05-11,5.995296546500986,6.154867355563413,5.995296546500986,6.077361583709717,89500,0.0,0
2010-05-12,6.086481829873275,6.191342353820801,6.086481829873275,6.191342353820801,59800,0.0,0
2010-05-13,6.154868582183524,6.246051733478983,6.095599425142586,6.10015869140625,57100,0.0,0
2010-05-14,6.0408892162527215,6.072803208826654,5.890436915839127,5.931469440460205,109200,0.0,0
2010-05-17,5.990739562502062,5.9952983944668174,5.8448460697396625,5.94970703125,82700,0.0,0
2010-05-18,5.972500989079194,6.0545655901151445,5.894995218526292,5.940586566925049,66300,0.0,0
2010-05-19,5.926910141564301,5.949706036760194,5.8448450927773,5.904114246368408,71400,0.0,0
2010-05-20,5.835727619911587,5.835727619911587,5.644242775452938,5.680716037750244,143800,0.0,0
2010-05-21,5.598651463122946,5.794695590978413,5.484672399913139,5.735426425933838,80500,0.0,0
2010-05-24,5.698951963953406,5.812931003232475,5.685274600982666,5.685274600982666,96400,0.0,0
2010-05-25,5.470993401569435,5.749102076289504,5.452756774289356,5.6761555671691895,112300,0.0,0
2010-05-26,5.76733992700745,5.8220502552489934,5.644242775452938,5.680716037750244,77900,0.0,0
2010-05-27,5.913233488501233,5.917792320251465,5.776458535695736,5.917792320251465,60600,0.0,0
2010-05-28,5.876760502266605,5.9588251299751205,5.840287237774907,5.94970703125,42800,0.0,0
2010-06-01,5.863082397270186,5.949706722032647,5.826609134674071,5.826609134674072,52900,0.0,0
2010-06-02,5.799252832162547,5.977059830392167,5.785575036302215,5.958823204040527,49000,0.0,0
2010-06-03,5.972501737994983,6.013533826260401,5.945146577689182,5.981619834899902,39200,0.0,0
2010-06-04,5.88587781619998,5.949706237947712,5.781017303466797,5.781017303466797,54400,0.0,0
2010-06-07,5.8402864114842385,5.8402864114842385,5.698952205478334,5.717188835144043,53000,0.0,0
2010-06-08,5.703510483353939,5.721747109859812,5.607768085499239,5.68983268737793,112900,0.0,0
2010-06-09,5.735423482391934,5.781015258195431,5.607767118855698,5.626003742218018,41300,0.0,0
2010-06-10,5.667039174827175,5.803813703153813,5.667039174827175,5.790136337280273,74000,0.0,0
2010-06-11,5.717188657341633,5.835726963880017,5.717188657341633,5.831167697906494,45200,0.0,0
2010-06-14,5.899555695596311,5.954266024617416,5.858523601023866,5.872200965881348,52000,0.0,0
2010-06-15,5.949704943880894,6.02721071243286,5.913231692185317,6.027210712432861,69500,0.0,0
2010-06-16,5.94970681414772,6.081922501804532,5.94970681414772,6.054567337036133,60400,0.0,0
2010-06-17,6.036331423161682,6.08648249206733,5.97250342243907,6.022654056549072,64600,0.0,0
2010-06-18,5.964733898982497,6.072164284037294,5.918024764770914,6.058151721954346,91500,0.316,0
2010-06-21,6.179594880075311,6.179594880075311,5.974075662520423,5.9927592277526855,129600,0.0,0
2010-06-22,5.974077451146814,6.044140730381766,5.908684730529784,5.908684730529785,70900,0.0,0
2010-06-23,5.894670392314102,5.955392090613735,5.8339486940144685,5.8899993896484375,89100,0.0,0
2010-06-24,5.824606323823701,5.880657011659981,5.782568196583675,5.819935321807861,76000,0.0,0
2010-06-25,5.875986288371859,5.913353415368557,5.8012520343784635,5.88532829284668,94000,0.0,0
2010-06-28,5.838618246760604,5.8806563694094764,5.815263684683318,5.861972808837891,65700,0.0,0
2010-06-29,5.805924018699074,5.805924018699074,5.6097463460569355,5.656455039978027,81800,0.0,0
2010-06-30,5.665796363102606,5.679808925044783,5.567707538604737,5.567707538604736,78900,0.0,0
2010-07-01,5.539682174601465,5.558365739700659,5.39488465644554,5.502315044403076,141200,0.0,0
2010-07-02,5.502314981571445,5.525669549041582,5.371530027370533,5.497644424438477,89700,0.0,0
2010-07-06,5.511656761169434,5.60507458177543,5.441593061626458,5.511656761169434,85400,0.0,0
2010-07-07,5.483630426149351,5.675137042999268,5.460275862897869,5.675137042999268,71000,0.0,0
2010-07-08,5.656453543123569,5.731188235432905,5.605073859771448,5.703162670135498,73100,0.0,0
2010-07-09,5.661127070557799,5.76388692855835,5.661127070557799,5.76388692855835,55400,0.0,0
2010-07-12,5.759214010324565,5.838619268005544,5.759214010324565,5.815264701843262,108900,0.0,0
2010-07-13,5.866647030259693,5.932039305425257,5.8479634594336085,5.908684730529785,77400,0.0,0
2010-07-14,5.946049915661553,5.955391920726385,5.899341226691353,5.932037353515625,81400,0.0,0
2010-07-15,5.9647328070796215,5.9647328070796215,5.857301996239771,5.922694683074951,86700,0.0,0
2010-07-16,5.927367819753573,5.927367819753573,5.777899265289306,5.777899265289307,40800,0.0,0
2010-07-19,5.829277003786372,5.871315131916291,5.768555758100134,5.852631568908691,62900,0.0,0
2010-07-20,6.072165383183113,6.123545083755236,5.735860714157349,5.936709403991699,40800,0.0,0
2010-07-21,6.04413741304804,6.04413741304804,5.824605687694721,5.861972808837891,98300,0.0,0
2010-07-22,5.983418526735256,6.002102094649398,5.922696819651442,5.988089084625244,86000,0.0,0
2010-07-23,6.011442026381075,6.020784030531542,5.936707774982445,6.002100467681885,39900,0.0,0
2010-07-26,6.039469397372787,6.048810958862306,5.932038544809166,6.048810958862305,59900,0.0,0
2010-07-27,6.016114659222156,6.0674943596232005,5.988089084625244,5.988089084625244,87100,0.0,0
2010-07-28,6.0674956688556625,6.0674956688556625,5.96006524153106,6.006773948669434,44300,0.0,0
2010-07-29,6.114202936103941,6.114202936103941,5.927366828807712,6.034797668457031,48400,0.0,0
2010-07-30,5.941379378953079,6.011442635374281,5.927366371307782,5.983417510986328,33300,0.0,0
2010-08-02,6.067493588873817,6.132886290992227,6.039468463288313,6.100190162658691,63000,0.0,0
2010-08-03,6.048809234301143,6.118872930028184,6.048809234301143,6.109530925750732,54700,0.0,0
2010-08-04,6.114202937462641,6.165582633118561,6.086177365454005,6.137557506561279,58700,0.0,0
2010-08-05,6.086176909267051,6.104860474055271,6.062822341918945,6.062822341918945,46400,0.0,0
2010-08-06,6.067494102873919,6.118874246552181,6.030126968626844,6.076836109161377,47900,0.0,0
2010-08-09,6.104860483009584,6.165582180023193,6.0721643559450715,6.165582180023193,53400,0.0,0
2010-08-10,6.132885743981668,6.151569307856008,6.025454917615741,6.123543739318848,60000,0.0,0
2010-08-11,6.067496140957985,6.067496140957985,5.9086855443374295,5.927369117736816,67700,0.0,0
2010-08-12,5.885328063243738,5.950720310211181,5.838618933594473,5.950720310211182,33100,0.0,0
2010-08-13,5.9273659766294955,5.946049540127845,5.8479611658499815,5.88532829284668,53800,0.0,0
2010-08-16,5.843289935649654,5.950720310211181,5.843289935649654,5.950720310211182,70000,0.0,0
2010-08-17,5.969404243161077,6.072164067491138,5.922695556066541,6.020784378051758,135800,0.0,0
2010-08-18,5.978747891998076,6.123545440896952,5.978747891998076,6.086178302764893,97700,0.0,0
2010-08-19,6.025454587155499,6.062821712854815,5.955391337832102,6.002100467681885,44700,0.0,0
2010-08-20,5.964736245880346,6.016115957368004,5.95072323283249,6.006773948669434,28100,0.0,0
2010-08-23,6.025453885039527,6.062821006384638,5.941378084738638,5.964732646942139,42700,0.0,0
2010-08-24,5.9320375227367474,5.9320375227367474,5.838619696680132,5.8899993896484375,50500,0.0,0
2010-08-25,5.880657196044922,5.913353320278437,5.815264502126607,5.880657196044922,52400,0.0,0
2010-08-26,5.885330518490882,5.927368218171015,5.791912220220027,5.82460880279541,62200,0.0,0
2010-08-27,5.82927817973803,5.889999883125055,5.7452023519686914,5.838620185852051,47100,0.0,0
2010-08-30,5.838619784804922,5.871315913055401,5.791910648345946,5.791910648345947,54900,0.0,0
2010-08-31,5.7685577033610045,5.801253838287205,5.731190564744938,5.777899265289307,43400,0.0,0
2010-09-01,5.796580811522129,5.950720315879752,5.77789724873488,5.899340629577637,64800,0.0,0
2010-09-02,5.880658680481772,5.988089084625244,5.871316673799002,5.988089084625244,62800,0.0,0
2010-09-03,6.025456591937439,6.086178302764892,6.002102464693469,6.086178302764893,32700,0.0,0
2010-09-07,6.044139228823597,6.114202936103941,5.969404964085648,6.034797668457031,40600,0.0,0
2010-09-08,6.081506054690059,6.1562403101874175,6.081506054690059,6.123543739318848,51400,0.0,0
2010-09-09,6.156242569173552,6.21229328136395,6.1142044236678865,6.1422295570373535,63100,0.0,0
2010-09-10,6.174926139903684,6.174926139903684,6.109533419622487,6.1422295570373535,36700,0.0,0
2010-09-13,6.1982779457282104,6.27301219526278,6.170252379427115,6.24965763092041,53200,0.0,0
2010-09-14,6.268339861019032,6.305706977844238,6.23564374515977,6.305706977844238,54500,0.0,0
2010-09-15,6.301039044512536,6.343077182769775,6.254330348466683,6.343077182769775,68400,0.0,0
2010-09-16,6.35241712007761,6.35241712007761,6.296365990357896,6.333733558654785,26700,0.0,0
2010-09-17,6.329063546338194,6.389785241817608,6.310379981994629,6.310379981994629,69100,0.0,0
2010-09-20,6.31324896906392,6.471080159081521,6.31324896906392,6.451949119567871,118900,0.316,0
2010-09-21,6.4089038786258685,6.451948829627197,6.399338587358874,6.413686752319336,66600,0.0,0
2010-09-22,6.423251331979132,6.461513402331067,6.361075353627274,6.384989261627197,56700,0.0,0
2010-09-23,6.38977336883545,6.447166489547508,6.28455287559,6.389773368835449,57300,0.0,0
2010-09-24,6.418472438207515,6.533258720423651,6.418472438207515,6.5045623779296875,69100,0.0,0
2010-09-27,6.557171459657328,6.581085378165849,6.456733366817585,6.475864410400391,78300,0.0,0
2010-09-28,6.561955519037756,6.566737938706656,6.428037733665457,6.5045623779296875,73600,0.0,0
2010-09-29,6.466299533843994,6.514126917826575,6.428036988089808,6.466299533843994,58600,0.0,0
2010-09-30,6.547602832562992,6.547602832562992,6.361075353627274,6.384989261627197,68600,0.0,0
2010-10-01,6.42803615263286,6.490212154237229,6.384991649479091,6.418470859527588,81400,0.0,0
2010-10-04,6.270203527951636,6.365859174192424,6.227159034487191,6.260638236999512,138200,0.0,0
2010-10-05,6.361075904715647,6.4328171788108275,6.322813831048898,6.42803430557251,71800,0.0,0
2010-10-06,6.4328192230970345,6.4328192230970345,6.318032965618851,6.380208969116211,101400,0.0,0
2010-10-07,6.451948829627197,6.451948829627197,6.375424675011476,6.413686752319336,51600,0.0,0
2010-10-08,6.432818889617919,6.447167057028869,6.384991512874748,6.43281888961792,27300,0.0,0
2010-10-11,6.471080357024646,6.485428979188763,6.432818276826953,6.447166442871094,24300,0.0,0
2010-10-12,6.437602520438149,6.490212777872461,6.399340432100454,6.471081733703613,70400,0.0,0
2010-10-13,6.499776229440592,6.547603594889038,6.466297028014688,6.514124393463135,65500,0.0,0
2010-10-14,6.533256151530873,6.533256151530873,6.451949119567871,6.451949119567871,38900,0.0,0
2010-10-15,6.514127602629972,6.595434665679932,6.475865508973537,6.595434665679932,75000,0.0,0
2010-10-18,6.3849924390948,6.681523859949977,6.3849924390948,6.624130725860596,62100,0.0,0
2010-10-19,6.585869441862819,6.643262582970888,6.5045623779296875,6.5045623779296875,70200,0.0,0
2010-10-20,6.561952559694943,6.619345674919571,6.504559444470314,6.528472900390625,47700,0.0,0
2010-10-21,6.514127673387629,6.605000488898842,6.485431330893665,6.5045623779296875,34900,0.0,0
2010-10-22,6.595432951632655,6.595432951632655,6.528474077075363,6.557170867919922,52000,0.0,0
2010-10-25,6.6671734754453995,6.6671734754453995,6.5428219457840955,6.552387237548828,57600,0.0,0
2010-10-26,6.504559895201569,6.595432219907547,6.432818154109513,6.585866928100586,67100,0.0,0
2010-10-27,6.61456326784579,6.619346141815186,6.528473360876528,6.6193461418151855,45700,0.0,0
2010-10-28,6.6958695866264675,6.6958695866264675,6.5571694491482875,6.590648651123047,59800,0.0,0
2010-10-29,6.624130725860597,6.638478895352921,6.576302886059403,6.624130725860596,46100,0.0,0
2010-11-01,6.695872775558109,6.695872775558109,6.581086494588802,6.595434665679932,76400,0.0,0
2010-11-02,6.657610756668308,6.657610756668308,6.547606894080584,6.638479709625244,74800,0.0,0
2010-11-03,6.695872850754436,6.695872850754436,6.6002176155391155,6.638479709625244,55700,0.0,0
2010-11-04,6.695870549556359,6.767611837282184,6.6910876754093085,6.748480796813965,83500,0.0,0
2010-11-05,6.715001529022385,6.772394649905656,6.715001529022385,6.73891544342041,97400,0.0,0
2010-11-08,6.77717978005523,6.801093702413926,6.738917686729367,6.753265857696533,52500,0.0,0
2010-11-09,6.815439604598104,6.820222478701704,6.715001529022385,6.73891544342041,49900,0.0,0
2010-11-10,6.801092316412516,6.801092316412516,6.681523185106276,6.695871353149414,122800,0.0,0
2010-11-11,6.648043518178904,6.748481606720946,6.590650389886313,6.695871353149414,100700,0.0,0
2010-11-12,6.719784951759046,6.719784951759046,6.538039826063555,6.557170867919922,70500,0.0,0
2010-11-15,6.600215011267937,6.657608129751316,6.557170058375414,6.576301097869873,69600,0.0,0
2010-11-16,6.600215878456529,6.600215878456529,6.447167086272133,6.499777793884277,66200,0.0,0
2010-11-17,6.55716942554811,6.561952298990123,6.475862401513544,6.523690223693848,54900,0.0,0
2010-11-18,6.657609042255584,6.681522958931334,6.614564083463238,6.633695125579834,60300,0.0,0
2010-11-19,6.648043969783993,6.648043969783993,6.576302668574841,6.628912925720215,37200,0.0,0
2010-11-22,6.561950929666028,6.714999198913574,6.561950929666028,6.714999198913574,54200,0.0,0
2010-11-23,6.533257040437701,6.662391916814738,6.514125998321106,6.633695125579834,86900,0.0,0
2010-11-24,6.652826009555653,6.79152617563401,6.652826009555653,6.772395133972168,41800,0.0,0
2010-11-26,6.734134811033601,6.762831609088064,6.700655593403505,6.753265857696533,18300,0.0,0
2010-11-29,6.781960459723336,6.781960459723336,6.67673950908814,6.748480796813965,42100,0.0,0
2010-11-30,6.671954259157746,6.714999198913574,6.662388970389685,6.714999198913574,33800,0.0,0
2010-12-01,6.791525840759277,6.829787922196345,6.767611925831113,6.791525840759277,59000,0.0,0
2010-12-02,6.786742519437565,6.86326713339023,6.786742519437565,6.825005054473877,61100,0.0,0
2010-12-03,6.78674352773064,6.84891952923707,6.767612485430202,6.834571361541748,54300,0.0,0
2010-12-06,6.834571032281794,6.887181282043457,6.8010918238989175,6.887181282043457,45200,0.0,0
2010-12-07,6.93979268895498,6.949357982550618,6.882399559020996,6.882399559020996,58400,0.0,0
2010-12-08,6.93500781993149,6.963704604706731,6.863266542173271,6.90631103515625,48500,0.0,0
2010-12-09,7.006748898180285,7.054576719403867,6.882397384014804,6.911093711853027,65700,0.0,0
2010-12-10,7.001968104710615,7.001968104710615,6.906312440080897,6.997185230255127,72000,0.0,0
2010-12-13,6.995229504029122,7.132103182279707,6.9414573522171885,6.980564117431641,67300,0.316,0
2010-12-14,6.96590136891807,6.985454757621836,6.824139184268372,6.897464275360107,104300,0.0,0
2010-12-15,6.921904889856705,6.921904889856705,6.794807652917825,6.843691349029541,53700,0.0,0
2010-12-16,6.887686586042814,6.8925750488945425,6.83391442705275,6.8779096603393555,52700,0.0,0
2010-12-17,6.912127174586499,6.921903632319017,6.780141498777065,6.789918422698975,96800,0.0,0
2010-12-20,6.741036016833759,6.902351562693701,6.741036016833759,6.814361095428467,74300,0.0,0
2010-12-21,6.897463045556795,6.897463045556795,6.829026430390497,6.8779096603393555,62400,0.0,0
2010-12-22,6.892572860959282,7.063664810754141,6.86813102064878,6.990339756011963,83300,0.0,0
2010-12-23,7.034337997436523,7.058779382058244,6.961012445002775,7.034337997436523,42700,0.0,0
2010-12-27,7.000118531473344,7.01967191696167,6.970788686335597,7.01967191696167,44800,0.0,0
2010-12-28,7.088107798535858,7.088107798535858,6.936568737030029,6.936568737030029,70000,0.0,0
2010-12-29,6.9659002168971895,6.990342065282094,6.917016520127381,6.951235294342041,42200,0.0,0
2010-12-30,6.946346611858808,6.980564918802372,6.858356146930253,6.902351379394531,52800,0.0,0
2010-12-31,6.94145897567027,6.975677752877989,6.8534689664535495,6.892575740814209,16500,0.0,0
2011-01-03,6.995230534743375,7.053890691208352,6.887686681462842,7.01967191696167,86300,0.0,0
2011-01-04,7.03922502505078,7.073443797948981,7.000118255615234,7.000118255615234,97500,0.0,0
2011-01-05,7.039223425290151,7.088107109069825,7.034335429863671,7.088107109069824,56100,0.0,0
2011-01-06,7.08810846758817,7.102773389057031,6.9952300100327856,7.0832200050354,55800,0.0,0
2011-01-07,7.1223272489961165,7.1321041747549545,6.965900166370534,7.049002170562744,75400,0.0,0
2011-01-10,7.088108869105055,7.088108869105055,7.00500686575832,7.044113636016846,65100,0.0,0
2011-01-11,7.156545611895436,7.1760989961005,7.0538902282714835,7.053890228271484,70000,0.0,0
2011-01-12,7.132103236865519,7.161433077906128,7.107661391872066,7.117438316345215,45800,0.0,0
2011-01-13,7.151659150505571,7.156547614472112,7.088110517509289,7.09299898147583,65500,0.0,0
2011-01-14,7.112550810556772,7.171210966715633,7.1076623476628304,7.151657581329346,49500,0.0,0
2011-01-18,7.136991699102094,7.136991699102094,7.088108009115187,7.117438316345215,41900,0.0,0
2011-01-19,7.136992565022948,7.136992565022948,7.039225173187161,7.044113636016846,45200,0.0,0
2011-01-20,6.980565285691788,7.0392254433307695,6.946346976949754,6.995230674743652,65600,0.0,0
2011-01-21,7.0832212328694935,7.09788662306996,7.005007683225118,7.034337997436523,43600,0.0,0
2011-01-24,6.907239743934814,7.0881086677908804,6.907239743934814,7.063666820526123,67900,0.0,0
2011-01-25,7.078331542482631,7.08810846758817,7.014783394054416,7.0832200050354,59000,0.0,0
2011-01-26,7.088107349793045,7.185874254483351,7.0734424306368435,7.171209335327148,105100,0.0,0
2011-01-27,7.185874130986632,7.22986935388851,7.161432288686771,7.195651054382324,30300,0.0,0
2011-01-28,7.234759509395208,7.234759509395208,7.068555502271549,7.112550735473633,64200,0.0,0
2011-01-31,7.0734428921125,7.166321341080392,7.0734428921125,7.136991500854492,45800,0.0,0
2011-02-01,7.156545248864397,7.239647244067759,7.156545248864397,7.229870319366455,50600,0.0,0
2011-02-02,7.278756413340934,7.33252811838081,7.215207780372217,7.298309803009033,60200,0.0,0
2011-02-03,7.317859896796233,7.317859896796233,7.229869449824894,7.268976211547852,52100,0.0,0
2011-02-04,7.3276373223858515,7.3276373223858515,7.25431225101368,7.303195476531982,42600,0.0,0
2011-02-07,7.332526554443175,7.366744862516608,7.308084706023801,7.356968402862549,48200,0.0,0
2011-02-08,7.381407995214355,7.400961374735625,7.332524313316508,7.3667426109313965,92700,0.0,0
2011-02-09,7.400962596564608,7.400962596564608,7.303195216628445,7.3178606033325195,52500,0.0,0
2011-02-10,7.293418758348479,7.356967368831218,7.283641833879096,7.3178606033325195,36400,0.0,0
2011-02-11,7.317860611340881,7.3960741424238705,7.3080836868607975,7.352078914642334,34400,0.0,0
2011-02-14,7.400963435125233,7.400963435125233,7.3520797396184205,7.376521587371826,68500,0.0,0
2011-02-15,7.3423041585637945,7.376522469798292,7.3129738445131345,7.33741569519043,66400,0.0,0
2011-02-16,7.400963636779525,7.420517022277128,7.308084706023801,7.356968402862549,110600,0.0,0
2011-02-17,7.420516021948329,7.4547343254089355,7.342302490501559,7.4547343254089355,77000,0.0,0
2011-02-18,7.454734451892934,7.454734451892934,7.405850760814586,7.43029260635376,79100,0.0,0
2011-02-22,7.381409140827341,7.391185599010636,7.259200383304964,7.312972068786621,96700,0.0,0
2011-02-23,7.376522655930341,7.376522655930341,7.078332909284252,7.180988311767578,124200,0.0,0
2011-02-24,7.161432411763431,7.21031609720327,7.0978842733567635,7.171209335327148,69200,0.0,0
2011-02-25,7.210317021714603,7.308083938940643,7.210317021714603,7.303195476531982,52500,0.0,0
2011-02-28,7.361855685379379,7.361855685379379,7.2445349250155715,7.308083534240723,66300,0.0,0
2011-03-01,7.35207782497001,7.35207782497001,7.210315704345702,7.210315704345703,56800,0.0,0
2011-03-02,7.180986307178834,7.2787536850629975,7.180986307178834,7.273865222930908,43800,0.0,0
2011-03-03,7.303195655179123,7.454734730228434,7.278754274916817,7.449846267700195,75900,0.0,0
2011-03-04,7.479176016710424,7.479176016710424,7.37652064225048,7.410738945007324,40000,0.0,0
2011-03-07,7.474287591421006,7.474287591421006,7.254311921118609,7.312972068786621,71800,0.0,0
2011-03-08,7.386297209860533,7.386297209860533,7.283641833879096,7.3178606033325195,65700,0.0,0
2011-03-09,7.332525784794512,7.35207916823972,7.264088709641567,7.303195476531982,49000,0.0,0
2011-03-10,7.308083578943708,7.317860503279417,7.210316666533676,7.244534969329834,58400,0.0,0
2011-03-11,7.302476091411035,7.3524248192175214,7.2675122677543165,7.342434883117676,46800,0.316,0
2011-03-14,7.342434339619939,7.342434339619939,7.242537367747857,7.297480583190918,38100,0.0,0
2011-03-15,7.242538372365499,7.252528309111586,7.017770035388954,7.222558975219727,172900,0.0,0
2011-03-16,7.192590165206938,7.207575071417509,7.027760007662152,7.052734375,86600,0.0,0
2011-03-17,7.08769706392789,7.177604581350526,7.017769418240382,7.03774881362915,98200,0.0,0
2011-03-18,7.117666958303375,7.117666958303375,7.017769973456116,7.0577287673950195,49900,0.0,0
2011-03-21,7.077707714346993,7.177604692842565,7.077707714346993,7.15263032913208,43100,0.0,0
2011-03-22,7.152630825743577,7.1676157308181,7.117666999929159,7.127656936645508,32500,0.0,0
2011-03-23,7.137646099355013,7.152630527458242,7.077707910595721,7.142641067504883,68800,0.0,0
2011-03-24,7.14264019694132,7.182598984577234,7.13265026185918,7.162619590759277,49100,0.0,0
2011-03-25,7.237544506668074,7.237544506668074,7.162621875043194,7.167616844177246,49800,0.0,0
2011-03-28,7.162619393925175,7.2375419995970045,7.162619393925175,7.172608852386475,32700,0.0,0
2011-03-29,7.237542827218351,7.237542827218351,7.177604640557625,7.227553367614746,48900,0.0,0
2011-03-30,7.302477613452808,7.337441444396972,7.267513782508644,7.337441444396973,52300,0.0,0
2011-03-31,7.337440410997652,7.367409744976414,7.302476584977765,7.317461013793945,66400,0.0,0
2011-04-01,7.382392490743558,7.427346243289875,7.362413098094784,7.402371883392334,52500,0.0,0
2011-04-04,7.372403032592318,7.417356785138636,7.372403032592318,7.402371883392334,44000,0.0,0
2011-04-05,7.417357857556572,7.437337253094012,7.367409130539791,7.372404098510742,55100,0.0,0
2011-04-06,7.362414278970996,7.417357974827406,7.3324454233642005,7.342434883117676,41000,0.0,0
2011-04-07,7.392385683224045,7.397380652674203,7.322457539961353,7.3823957443237305,28200,0.0,0
2011-04-08,7.417357956964763,7.417357956964763,7.352424801511252,7.3674092292785645,31700,0.0,0
2011-04-11,7.487285805209285,7.487285805209285,7.337440094472382,7.357419490814209,81400,0.0,0
2011-04-12,7.2874926525795924,7.347430848273654,7.252528824177999,7.292487621307373,41300,0.0,0
2011-04-13,7.352423993040037,7.352423993040037,7.277500909749266,7.2874908447265625,31000,0.0,0
2011-04-14,7.242537021636963,7.302475201895849,7.242537021636963,7.242537021636963,27800,0.0,0
2011-04-15,7.242540735563534,7.26751510923134,7.202581928233666,7.247535705566406,36500,0.0,0
2011-04-18,7.147635021980305,7.242537021636963,7.102681267699562,7.242537021636963,37300,0.0,0
2011-04-19,7.2774995784080385,7.377397004520559,7.212566441973392,7.28249454498291,40600,0.0,0
2011-04-20,7.457318857036579,7.457318857036579,7.322457539961353,7.3823957443237305,78500,0.0,0
2011-04-21,7.442332347534207,7.467306713065477,7.39238409281807,7.462311744689941,31400,0.0,0
2011-04-25,7.49228261591646,7.49228261591646,7.442333874605084,7.4573187828063965,45000,0.0,0
2011-04-26,7.492280998288378,7.492280998288378,7.427347839141645,7.4423322677612305,79800,0.0,0
2011-04-27,7.487286110221212,7.487286110221212,7.397379061193605,7.462311744689941,46900,0.0,0
2011-04-28,7.487286409740538,7.487286409740538,7.397379357116313,7.447327613830566,32200,0.0,0
2011-04-29,7.49227951541179,7.592176480348019,7.442330794770523,7.517253875732422,56000,0.0,0
2011-05-02,7.582188866086238,7.592178326836239,7.497276306152344,7.497276306152344,77000,0.0,0
2011-05-03,7.497275205010308,7.527244059205136,7.392383262635715,7.432342052459717,47200,0.0,0
2011-05-04,7.427348215875581,7.447327613830566,7.357420084859921,7.447327613830566,51000,0.0,0
2011-05-05,7.312465190887451,7.397377732635762,7.282495862363093,7.312465190887451,72600,0.0,0
2011-05-06,7.442332044353575,7.442332044353575,7.317460698130553,7.357419490814209,37000,0.0,0
2011-05-09,7.397379675575971,7.427348535625408,7.332446510340269,7.407369136810303,54400,0.0,0
2011-05-10,7.457316267504063,7.52224941876874,7.412362510755723,7.512259483337402,51600,0.0,0
2011-05-11,7.512261279500183,7.512261279500183,7.357420577716802,7.422353744506836,42600,0.0,0
2011-05-12,7.407367689733128,7.457316415186306,7.327450110085123,7.432342052459717,128400,0.0,0
2011-05-13,7.452321980697681,7.452321980697681,7.317460698130553,7.357419490814209,39100,0.0,0
2011-05-16,7.3873864613240725,7.3873864613240725,7.2774995784080385,7.28249454498291,87000,0.0,0
2011-05-17,7.24253710491631,7.327449647012689,7.222557711266945,7.262516498565674,88100,0.0,0
2011-05-18,7.312466206304883,7.402373251669919,7.267512445449174,7.357419490814209,75600,0.0,0
2011-05-19,7.422352349181159,7.422352349181159,7.337439799060449,7.372404098510742,52200,0.0,0
2011-05-20,7.412362988926869,7.417357956964763,7.327450437668152,7.3674092292785645,28000,0.0,0
2011-05-23,7.342435081513874,7.3474300496987635,7.277501924149464,7.3324456214904785,60600,0.0,0
2011-05-24,7.362415036037023,7.382394433944794,7.307471810877256,7.352425575256348,38000,0.0,0
2011-05-25,7.367409744976414,7.412363507771356,7.31246652175282,7.317461013793945,59300,0.0,0
2011-05-26,7.347428211964402,7.382392027820732,7.332443787504014,7.377397537231445,26800,0.0,0
2011-05-27,7.407368800416115,7.407368800416115,7.342435638129251,7.352425575256348,34600,0.0,0
2011-05-31,7.357418785140228,7.417357444763184,7.357418785140228,7.417357444763184,56900,0.0,0
2011-06-01,7.4173581561860775,7.442332044353575,7.35741949081421,7.357419490814209,54400,0.0,0
2011-06-02,7.342434883117676,7.40736803872756,7.3074710594609575,7.342434883117676,34600,0.0,0
2011-06-03,7.297480303357542,7.34243405806274,7.2675114511182874,7.2874908447265625,27400,0.0,0
2011-06-06,7.3324458164732125,7.3324458164732125,7.192589561655587,7.202579498291016,61300,0.0,0
2011-06-07,7.207574249767228,7.277501898725855,7.1975843134323485,7.237543106079102,42400,0.0,0
2011-06-08,7.197584188505369,7.2225585525627105,7.132651032494831,7.1476359367370605,49400,0.0,0
2011-06-09,7.147635051197004,7.2025782642389915,7.1276556576957075,7.1925883293151855,36600,0.0,0
2011-06-10,7.142638998235546,7.162618388700483,7.0777058601379395,7.0777058601379395,58700,0.0,0
2011-06-13,7.188055539355031,7.208490646221267,7.116532908928893,7.147185325622559,140000,0.316,0
2011-06-14,7.172734014553999,7.264692299103313,7.172734014553999,7.228930473327637,63000,0.0,0
2011-06-15,7.188059180463503,7.228929414898777,7.050122261047363,7.050122261047363,65800,0.0,0
2011-06-16,7.060335933768556,7.096097735859362,6.947943090658519,6.958160400390625,79600,0.0,0
2011-06-17,7.0245764772978285,7.0245764772978285,6.896856904983323,6.963271141052246,170400,0.0,0
2011-06-20,6.947944552967364,7.034793896420317,6.947944552967364,6.993923187255859,19900,0.0,0
2011-06-21,6.978596467662426,7.131860032431572,6.973487568487451,7.111424922943115,46500,0.0,0
2011-06-22,7.106315387198937,7.1369682922915185,7.0756629693177535,7.085880279541016,31100,0.0,0
2011-06-23,6.983707024950423,7.090991497039795,6.978598124562463,7.090991497039795,68100,0.0,0
2011-06-24,7.05011953165734,7.106315960446995,7.0399017333984375,7.0399017333984375,31500,0.0,0
2011-06-27,7.070556344021058,7.136970587066555,7.050121229792563,7.131861686706543,21800,0.0,0
2011-06-28,7.131863024306885,7.254473732673827,7.131863024306885,7.213603496551514,31100,0.0,0
2011-06-29,7.280016489390842,7.280016489390842,7.228928459492948,7.27490758895874,44400,0.0,0
2011-06-30,7.259579063470416,7.346428394317627,7.239143955459979,7.346428394317627,56000,0.0,0
2011-07-01,7.407736994463245,7.45882503068902,7.341322742254388,7.4281721115112305,45100,0.0,0
2011-07-05,7.382192095305706,7.453715240043373,7.382192095305706,7.423062324523926,48000,0.0,0
2011-07-06,7.341321922268815,7.45371529708482,7.341321922268815,7.417953968048096,64400,0.0,0
2011-07-07,7.530346954145344,7.601870100365843,7.484367823518707,7.560999870300293,88100,0.0,0
2011-07-08,7.535453983951709,7.535453983951709,7.489474864739866,7.520127773284912,46800,0.0,0
2011-07-11,7.49458379962085,7.49458379962085,7.387299350020925,7.402625560760498,60000,0.0,0
2011-07-12,7.331104497360684,7.39751825393311,7.315777796110223,7.351539611816406,75200,0.0,0
2011-07-13,7.4281708225396015,7.4281708225396015,7.336212568174891,7.3413214683532715,59800,0.0,0
2011-07-14,7.392410016365058,7.417954031844503,7.290234441658846,7.300451755523682,40500,0.0,0
2011-07-15,7.387300940311029,7.412844955183571,7.300451582071322,7.351539611816406,44600,0.0,0
2011-07-18,7.366865091486505,7.371973991394043,7.295341954415511,7.371973991394043,39700,0.0,0
2011-07-19,7.371973800617969,7.499693371732146,7.371973800617969,7.463931560516357,49200,0.0,0
2011-07-20,7.5303458848205675,7.535454784656181,7.474149448263341,7.494584560394287,39100,0.0,0
2011-07-21,7.5354574934380265,7.586545535735838,7.4639343316634275,7.581436634063721,36700,0.0,0
2011-07-22,7.54056409021451,7.6120867429153725,7.520128976984045,7.576325416564941,30000,0.0,0
2011-07-25,7.479258634568539,7.56610798625443,7.479258634568539,7.509911060333252,36500,0.0,0
2011-07-26,7.479257553365819,7.560997993204006,7.453713544113523,7.520127773284912,55800,0.0,0
2011-07-27,7.509911649508241,7.509911649508241,7.269798688526639,7.27490758895874,129700,0.0,0
2011-07-28,7.3106689453125,7.417953411586236,7.285124931968938,7.3106689453125,56600,0.0,0
2011-07-29,7.203384525780526,7.320886305827221,7.193166725492187,7.269798278808594,62900,0.0,0
2011-08-01,7.40773419376251,7.40773419376251,7.188056403143271,7.193165302276611,90800,0.0,0
2011-08-02,7.198275206524107,7.234036531028059,6.999032497406006,6.999032497406006,153500,0.0,0
2011-08-03,7.029686154018948,7.096100397427755,6.947945696657818,7.090991497039795,127000,0.0,0
2011-08-04,6.978597175592549,7.009250086540479,6.815116283100896,6.825333595275879,169700,0.0,0
2011-08-05,6.799787985601302,7.0245741438309,6.666959557587232,6.723155975341797,226300,0.0,0
2011-08-08,6.6414169783464265,6.677178298476013,6.22249698638916,6.22249698638916,242800,0.0,0
2011-08-09,6.227605409664807,6.605655670166016,6.227605409664807,6.605655670166016,159000,0.0,0
2011-08-10,6.661852327641764,6.74359276928462,6.447283424723536,6.472827434539795,135000,0.0,0
2011-08-11,6.488153518728773,6.764027747486959,6.488153518728773,6.712940216064453,65900,0.0,0
2011-08-12,6.8457689635164085,6.8457689635164085,6.738484501993305,6.804898738861084,78700,0.0,0
2011-08-15,6.89685722526279,6.947945251445644,6.825334086049102,6.937727451324463,45200,0.0,0
2011-08-16,6.89685743308729,6.94794546080959,6.825334291718378,6.84576940536499,61600,0.0,0
2011-08-17,6.912184667283028,6.963272702549803,6.758921048694313,6.840662002563477,63800,0.0,0
2011-08-18,6.646527698271933,6.651636598893212,6.51369920538814,6.539243221282959,51000,0.0,0
2011-08-19,6.406412788380248,6.580111459210899,6.385977679294961,6.391086578369141,67400,0.0,0
2011-08-22,6.477936598708458,6.59032946695532,6.31445522152955,6.375760555267334,68000,0.0,0
2011-08-23,6.4830457787917135,6.580112934112549,6.39619691112105,6.580112934112549,81800,0.0,0
2011-08-24,6.60054784087818,6.702723406004006,6.590330040759834,6.6720709800720215,42600,0.0,0
2011-08-25,6.723156754743666,6.784462077731467,6.590328311331065,6.620981216430664,25700,0.0,0
2011-08-26,6.580112823185424,6.702723503112793,6.518807483221739,6.702723503112793,72000,0.0,0
2011-08-29,6.764027782595604,6.907074040628592,6.764027782595604,6.901965141296387,71500,0.0,0
2011-08-30,6.9019639788356075,6.958160400390625,6.845767070069215,6.958160400390625,36600,0.0,0
2011-08-31,7.024575326937153,7.050119334659209,6.947943790982408,6.978596210479736,51900,0.0,0
2011-09-01,6.968380006554746,7.101207990826882,6.968380006554746,7.004141330718994,69300,0.0,0
2011-09-02,6.907074361775593,6.907074361775593,6.8304423298638595,6.8764214515686035,50600,0.0,0
2011-09-06,6.6567446401165915,6.794682025909424,6.6567446401165915,6.794682025909424,44500,0.0,0
2011-09-07,6.9019669400748285,6.95305448507685,6.8457700071975465,6.947946071624756,42100,0.0,0
2011-09-08,6.886641037150479,6.978599310920384,6.866205919336239,6.922402858734131,20800,0.0,0
2011-09-09,6.835553977265578,6.891750433488808,6.7435956968896775,6.810009956359863,41700,0.0,0
2011-09-12,6.764029244748708,6.8304434887894985,6.67717988617318,6.784464359283447,50900,0.0,0
2011-09-13,6.837784023899221,6.895288144652225,6.790734971215466,6.879605293273926,49000,0.302,0
2011-09-14,6.963249880750071,7.031209588116279,6.879607317391357,6.958022594451904,38100,0.0,0
2011-09-15,7.0834865788965695,7.0834865788965695,6.968477802740404,7.036437511444092,45700,0.0,0
2011-09-16,7.10439863292781,7.135764351767503,7.052121770129505,7.0834879875183105,55300,0.0,0
2011-09-19,7.067802261274762,7.1357614573783685,6.984159215014728,7.1305341720581055,34800,0.0,0
2011-09-20,7.1671276620444955,7.21417671976923,7.099167967391979,7.1305341720581055,32800,0.0,0
2011-09-21,7.167129143901413,7.172356928851468,7.020754655142937,7.036437511444092,44400,0.0,0
2011-09-22,6.848240168626575,6.879605874030979,6.7123207824104245,6.8064188957214355,68200,0.0,0
2011-09-23,6.806421434234155,6.8534700098879275,6.754144574331183,6.83778715133667,83100,0.0,0
2011-09-26,6.848239590517326,6.90574371127033,6.738458633771514,6.879605293273926,55300,0.0,0
2011-09-27,7.04166515781062,7.04166515781062,6.937111953612225,6.958022594451904,44900,0.0,0
2011-09-28,6.937111735316872,7.025981582177219,6.858696460723877,6.858696460723877,33300,0.0,0
2011-09-29,6.958022395400469,6.978933035641948,6.743687709739082,6.811647415161133,124600,0.0,0
2011-09-30,6.764598566986483,6.816875418541696,6.691411573067991,6.759371280670166,93500,0.0,0
2011-10-03,6.722774823325222,6.7332303892271055,6.529351341079772,6.550261974334717,89100,0.0,0
2011-10-04,6.47184960083177,6.534581523632764,6.2366047656907915,6.503215312957764,266200,0.0,0
2011-10-05,6.477077457578352,6.722777366638184,6.477077457578352,6.722777366638184,52500,0.0,0
2011-10-06,6.748914860205468,6.863923620000111,6.675727875512557,6.780281066894531,51500,0.0,0
2011-10-07,6.8691527796959,6.8691527796959,6.623452356837133,6.71232271194458,84100,0.0,0
2011-10-10,6.869152228616723,6.952794791760773,6.837786018163202,6.90051794052124,43900,0.0,0
2011-10-11,6.884835791355254,6.994616791389014,6.884835791355254,6.952795505523682,44800,0.0,0
2011-10-12,6.999844293642873,7.057348434744622,6.994616508483887,6.994616508483887,59300,0.0,0
2011-10-13,7.036436196585484,7.057346833929243,6.926655225893517,7.010297775268555,61200,0.0,0
2011-10-14,7.109624389728125,7.177583594000628,7.0730303967941195,7.156672954559326,56000,0.0,0
2011-10-17,7.151446609908925,7.151446609908925,6.989388758996494,7.052120685577393,40600,0.0,0
2011-10-18,7.104395955251607,7.177582937325824,6.989387199572079,7.172355651855469,46200,0.0,0
2011-10-19,7.172356544498682,7.172356544498682,7.0312093497050565,7.057347774505615,36500,0.0,0
2011-10-20,7.1148542780018715,7.1148542780018715,6.963251961965213,7.046894550323486,29200,0.0,0
2011-10-21,7.172357747256905,7.17758503425441,7.057348957977604,7.109625816345215,58700,0.0,0
2011-10-24,7.156673036421913,7.266454019381733,7.146217965856155,7.224632740020752,72800,0.0,0
2011-10-25,7.266455295674825,7.266455295674825,7.062576647617676,7.088715076446533,66700,0.0,0
2011-10-26,7.172355562147905,7.172355562147905,6.9998426800607625,7.104395866394043,40200,0.0,0
2011-10-27,7.261226931595176,7.266454217746265,7.182811656740971,7.219405651092529,65600,0.0,0
2011-10-28,7.266452466945913,7.266452466945913,7.208948344747232,7.25076961517334,26600,0.0,0
2011-10-31,7.214176836681217,7.214176836681217,7.104395866394043,7.104395866394043,55900,0.0,0
2011-11-01,7.005071482001127,7.036437693966074,6.926656699912296,6.973705768585205,40600,0.0,0
2011-11-02,7.036436776408349,7.09916869360892,6.978932643611732,7.0312089920043945,57000,0.0,0
2011-11-03,7.140988448270105,7.208948135375977,7.046890343269842,7.208948135375977,41600,0.0,0
2011-11-04,7.140989446288716,7.177582937325824,7.093940387213048,7.172355651855469,36600,0.0,0
2011-11-07,7.172355651855469,7.188038505364383,7.078257533704134,7.172355651855469,23300,0.0,0
2011-11-08,7.188040386873435,7.266455173492432,7.140991315482414,7.266455173492432,67000,0.0,0
2011-11-09,7.09916869360892,7.130534901483686,7.005070568533583,7.0312089920043945,33700,0.0,0
2011-11-10,7.099168355420366,7.120078993491086,6.999842949221676,7.062574863433838,40200,0.0,0
2011-11-11,7.240314336559016,7.240314336559016,7.088712111030179,7.208948135375977,61600,0.0,0
2011-11-14,7.214176614032855,7.214176614032855,7.120078499962557,7.203721046447754,38200,0.0,0
2011-11-15,7.208951029875104,7.266455173492432,7.140991315482414,7.266455173492432,33500,0.0,0
2011-11-16,7.20895096238439,7.229861605190292,7.114852820483303,7.15144681930542,27500,0.0,0
2011-11-17,7.151446146856184,7.151446146856184,6.905745743078206,6.958022594451904,90400,0.0,0
2011-11-18,7.0103002184446,7.0103002184446,6.884836350656339,6.916202068328857,41500,0.0,0
2011-11-21,6.848241331820755,6.895289897918701,6.764598273254557,6.895289897918701,69500,0.0,0
2011-11-22,6.8952890382523915,6.8952890382523915,6.790735851265983,6.8691511154174805,38400,0.0,0
2011-11-23,6.775053078339895,6.816874353631277,6.707093381354168,6.738459587097168,69900,0.0,0
2011-11-25,6.696640234432626,6.74368880873153,6.6861846633334885,6.691412448883057,18900,0.0,0
2011-11-28,6.942339343186213,6.942339343186213,6.759371357754401,6.827331066131592,45700,0.0,0
2011-11-29,6.853468734795959,6.869152088978403,6.754143317718767,6.822103023529053,33400,0.0,0
2011-11-30,6.952794946439249,7.036437511444092,6.8952903090866595,7.036437511444092,84900,0.0,0
2011-12-01,7.046892244078428,7.093941309269439,7.015526532983746,7.067803382873535,31300,0.0,0
2011-12-02,7.1409903350282145,7.1409903350282145,7.0312093497050565,7.057347774505615,39700,0.0,0
2011-12-05,7.140989356973462,7.161899994240118,7.078257445173493,7.104395866394043,34800,0.0,0
2011-12-06,7.09916876005056,7.1619006778382435,7.073030336335117,7.1462178230285645,32400,0.0,0
2011-12-07,7.109623597197826,7.146217087503679,7.015525480926873,7.140989303588867,38400,0.0,0
2011-12-08,7.04689104679953,7.146216945004689,7.005069773412801,7.0155253410339355,39900,0.0,0
2011-12-09,7.041663954594075,7.135761573019568,7.041663954594075,7.104395866394043,26700,0.0,0
2011-12-12,7.099169214223127,7.099169214223127,6.968477585833822,7.041665077209473,38400,0.0,0
2011-12-13,7.058775310329253,7.133641293750755,6.999952365487008,7.005300045013428,91800,0.302,0
2011-12-14,6.919740706190472,6.989259030214992,6.871613106465438,6.876960277557373,56900,0.0,0
2011-12-15,6.978563464878441,6.978563464878441,6.78605104572024,6.855569362640381,58800,0.0,0
2011-12-16,6.834178997223065,6.957173096702437,6.834178997223065,6.887654781341553,30600,0.0,0
2011-12-19,6.957172863824898,6.957172863824898,6.77000813565803,6.775355815887451,41300,0.0,0
2011-12-20,6.9250865473357015,6.983910003564582,6.909044018356371,6.930434226989746,53700,0.0,0
2011-12-21,6.941130234551082,6.957173276190246,6.855569385740419,6.903697490692139,33600,0.0,0
2011-12-22,6.957172364391176,6.957172364391176,6.882306376502254,6.90904426574707,53200,0.0,0
2011-12-23,6.994605152795043,6.994605152795043,6.898348954826314,6.914391994476318,47200,0.0,0
2011-12-27,6.946476312312122,6.994604406159073,6.909043577090167,6.978561878204346,70100,0.0,0
2011-12-28,7.005302317596865,7.015997170136422,6.898350732303575,6.946478843688965,96000,0.0,0
2011-12-29,6.92508709372381,6.978562874517875,6.876958993005718,6.893002033233643,58600,0.0,0
2011-12-30,6.844874263460298,6.983910892260918,6.743270377035667,6.967867851257324,73000,0.0,0
2012-01-03,7.080168561793829,7.1122541427612305,7.037388127159298,7.1122541427612305,79000,0.0,0
2012-01-04,7.0266904160990284,7.1443363085119564,6.962519790242123,7.064123153686523,134200,0.0,0
2012-01-05,7.032038243234464,7.187117397716975,7.032038243234464,7.171074867248535,88000,0.0,0
2012-01-06,7.219204191325118,7.299417367235557,7.213856510268973,7.288722515106201,78300,0.0,0
2012-01-09,7.326154686566253,7.326154686566253,7.278026580810547,7.278026580810547,57300,0.0,0
2012-01-10,7.326155978585,7.417064525493045,7.326155978585,7.358241558074951,100700,0.0,0
2012-01-11,7.401020800085453,7.43310586443067,7.358240374303228,7.427758693695068,65700,0.0,0
2012-01-12,7.443801334262583,7.443801334262583,7.368935333062057,7.390325546264648,51200,0.0,0
2012-01-13,7.411715629894829,7.411715629894829,7.326154778580246,7.3796305656433105,59400,0.0,0
2012-01-17,7.433105972669831,7.449149015058958,7.368935333062057,7.390325546264648,51400,0.0,0
2012-01-18,7.449148784280573,7.459843635559082,7.411715529848556,7.459843635559082,39400,0.0,0
2012-01-19,7.475885585295306,7.52936136747219,7.44380052397546,7.497276306152344,105900,0.0,0
2012-01-20,7.5240147255447045,7.5240147255447045,7.443801551193107,7.50262451171875,39400,0.0,0
2012-01-23,7.545405911803409,7.561448956727656,7.486582943696811,7.550753593444824,62000,0.0,0
2012-01-24,7.566793808737773,7.566793808737773,7.486580648638354,7.5133185386657715,73900,0.0,0
2012-01-25,7.550750032605556,7.668396423321178,7.550750032605556,7.66304874420166,61800,0.0,0
2012-01-26,7.67374742986573,7.67374742986573,7.566795841030955,7.61492395401001,42800,0.0,0
2012-01-27,7.604227175093855,7.6683978061515985,7.593531814926143,7.657702445983887,46800,0.0,0
2012-01-30,7.641660560773938,7.673746134002684,7.572142243764059,7.630965709686279,80700,0.0,0
2012-01-31,7.721872247346298,7.721872247346298,7.647006774147788,7.716525077819824,63000,0.0,0
2012-02-01,7.695137438628199,7.807436195897373,7.695137438628199,7.780698299407959,72000,0.0,0
2012-02-02,7.834173456122116,7.8609113521805325,7.780698173988232,7.812783241271973,73300,0.0,0
2012-02-03,7.8288260500367475,7.9518196542396025,7.8288260500367475,7.882301330566406,110400,0.0,0
2012-02-06,7.860911576172103,7.882301791631747,7.823478826613467,7.834173679351807,69100,0.0,0
2012-02-07,7.871606478453648,7.887649011614252,7.780697940572002,7.882301330566406,51800,0.0,0
2012-02-08,7.9357748523718366,7.957165060465179,7.892994436185152,7.941122531890869,80600,0.0,0
2012-02-09,7.978558980414528,8.064119852593285,7.957168762369839,8.021339416503906,89300,0.0,0
2012-02-10,7.962512624854242,7.999945360980655,7.914384529844409,7.973207473754883,71600,0.0,0
2012-02-13,8.021336029663534,8.042726238676659,7.973207931888304,8.01598834991455,61900,0.0,0
2012-02-14,8.021338063166072,8.021338063166072,7.951819738754013,7.98390531539917,75700,0.0,0
2012-02-15,8.053424009210627,8.080161395994567,7.909039672659116,7.925082206726074,106700,0.0,0
2012-02-16,7.98925383444536,8.053424998562454,7.887650426228841,8.021339416503906,81900,0.0,0
2012-02-17,8.074814450886642,8.074814450886642,7.946472644805908,7.946472644805908,48600,0.0,0
2012-02-21,7.99460082004582,8.037381252408613,7.957168069224122,7.999948501586914,61900,0.0,0
2012-02-22,8.048075929078726,8.05877078126578,7.99460013819464,8.02668571472168,86700,0.0,0
2012-02-23,8.155023782253446,8.155023782253446,7.983902134935062,8.085505485534668,81700,0.0,0
2012-02-24,8.106896581101322,8.155024677186885,8.090854052400399,8.122939109802246,82700,0.0,0
2012-02-27,8.085506372839161,8.144329318064408,8.074811523699475,8.122939109802246,67000,0.0,0
2012-02-28,8.155025579330587,8.245934101997161,8.101549797768065,8.16572093963623,82900,0.0,0
2012-02-29,8.16572093963623,8.224543891368723,8.096202627598093,8.16572093963623,67000,0.0,0
2012-03-01,8.25663150335963,8.25663150335963,8.149680417172913,8.224546432495117,65800,0.0,0
2012-03-02,8.25662742738807,8.26197510655322,8.176414279841854,8.245932579040527,60800,0.0,0
2012-03-05,8.256628390438687,8.261976070227588,8.058768828094687,8.112244606018066,89100,0.0,0
2012-03-06,8.021335684745207,8.037378213319515,7.914384644278495,7.941122531890869,133600,0.0,0
2012-03-07,7.962515750765216,8.053424297031896,7.962515750765216,7.999948501586914,108200,0.0,0
2012-03-08,8.005293493394781,8.155024956355632,7.999945813650477,8.149677276611328,53600,0.0,0
2012-03-09,8.219199531461959,8.245937433044322,8.14968119134104,8.208504676818848,84300,0.0,0
2012-03-12,8.261976380806555,8.261976380806555,8.1336351209453,8.187110900878906,60700,0.0,0
2012-03-13,8.302761840598444,8.357313182163137,8.27003061946354,8.346403121948242,75800,0.302,0
2012-03-14,8.373678753287455,8.379133523077206,8.319126893429228,8.362768173217773,71800,0.0,0
2012-03-15,8.379136186036156,8.428232771462845,8.368226122744256,8.406412124633789,48400,0.0,0
2012-03-16,8.455506408201277,8.455506408201277,8.34640320375738,8.384589195251465,55900,0.0,0
2012-03-19,8.406411473482777,8.428232118621631,8.346404829412235,8.390046119689941,76000,0.0,0
2012-03-20,8.36822384464616,8.40095454585677,8.34640320375738,8.384589195251465,52100,0.0,0
2012-03-21,8.411865208126889,8.455506490328329,8.379133986353247,8.422775268554688,47600,0.0,0
2012-03-22,8.368221438791142,8.422772765207084,8.335490226745605,8.335490226745605,56300,0.0,0
2012-03-23,8.390044759084297,8.40641011022318,8.319127543822297,8.379134178161621,68300,0.0,0
2012-03-26,8.471870941286548,8.51005744934082,8.444595012746372,8.51005744934082,104400,0.0,0
2012-03-27,8.51005821193123,8.56460955365489,8.493692341193533,8.553699493408203,72400,0.0,0
2012-03-28,8.597340748718556,8.608250808932038,8.499147605571672,8.56460952758789,75100,0.0,0
2012-03-29,8.559154429165405,8.575520300220045,8.46096180406318,8.520968437194824,86100,0.0,0
2012-03-30,8.531878392256722,8.662802229622482,8.49369188284123,8.602795600891113,149500,0.0,0
2012-04-02,8.624615632537274,8.804635506042498,8.548243139334565,8.755538940429688,118700,0.0,0
2012-04-03,8.739173159246013,8.739173159246013,8.493690357950907,8.63552474975586,83800,0.0,0
2012-04-04,8.640980152947508,8.679166135767062,8.59188359203951,8.662800788879395,70000,0.0,0
2012-04-05,8.619162082162768,8.78281716047978,8.619162082162768,8.777361869812012,75900,0.0,0
2012-04-09,8.750086324188473,8.804637149057795,8.624617241959426,8.760995864868164,83800,0.0,0
2012-04-10,8.804636264618058,8.804636264618058,8.368223466560108,8.471871376037598,143700,0.0,0
2012-04-11,8.575518767895431,8.62461533179624,8.455505002831792,8.542787551879883,80600,0.0,0
2012-04-12,8.60279539560429,8.804635916542875,8.586429526140291,8.766449928283691,86200,0.0,0
2012-04-13,8.76099509929724,8.782816259730378,8.575519917821445,8.608250617980957,76300,0.0,0
2012-04-16,8.717353618662349,8.717353618662349,8.40095408308168,8.433685302734375,100000,0.0,0
2012-04-17,8.428232197467262,8.575521943716321,8.406411552124277,8.5264253616333,50400,0.0,0
2012-04-18,8.553699031817683,8.624616240452074,8.49369188284123,8.602795600891113,53800,0.0,0
2012-04-19,8.60279529423038,8.662801920822714,8.433684953477341,8.51005744934082,58500,0.0,0
2012-04-20,8.586428528842958,8.657345727548169,8.477325346313792,8.559152603149414,51000,0.0,0
2012-04-23,8.537333788004341,8.559154429165405,8.466417094414725,8.520968437194824,65200,0.0,0
2012-04-24,8.531877678211476,8.559153085196144,8.439139837777489,8.499146461486816,79800,0.0,0
2012-04-25,8.673712540415291,8.717353820800781,8.640981840248722,8.717353820800781,59400,0.0,0
2012-04-26,8.717352118586616,8.760993390450391,8.570062956107623,8.662800788879395,101100,0.0,0
2012-04-27,8.570062550217513,8.662800378597092,8.548241915319082,8.65188980102539,66000,0.0,0
2012-04-30,8.65734615623691,8.700987431409576,8.602794822393596,8.679166793823242,38000,0.0,0
2012-05-01,8.673712099956218,8.744629827287746,8.597340123282397,8.64643669128418,70000,0.0,0
2012-05-02,8.646437537421283,8.668258178641317,8.482782468148475,8.619161605834961,111000,0.0,0
2012-05-03,8.646438466546469,8.673713880818616,8.564610662994486,8.630072593688965,42800,0.0,0
2012-05-04,8.624614617637425,8.624614617637425,8.346401125400252,8.428228378295898,65200,0.0,0
2012-05-07,8.324582834283635,8.455506683884959,8.259120909482975,8.379134178161621,77600,0.0,0
2012-05-08,8.357314306630867,8.39550082313373,8.182749157744118,8.31367301940918,115300,0.0,0
2012-05-09,8.171836885605732,8.330037169369692,8.079099559624726,8.27003002166748,80500,0.0,0
2012-05-10,8.335492840859512,8.357313482318105,8.220934343140616,8.330038070678711,56000,0.0,0
2012-05-11,8.248209600928561,8.351858029569911,8.248209600928561,8.32458209991455,63700,0.0,0
2012-05-14,8.259119765809828,8.275485114682535,8.188202560368016,8.204567909240723,59000,0.0,0
2012-05-15,8.16092502770027,8.237297507833686,8.095463124833753,8.188200950622559,63200,0.0,0
2012-05-16,8.21547721133344,8.237297846519459,8.073642822501824,8.111828804016113,46000,0.0,0
2012-05-17,8.144560217665946,8.144560217665946,7.860891433010806,7.899077415466309,135400,0.0,0
2012-05-18,7.882711621329212,7.904532255814578,7.637229353307603,7.659049987792969,129000,0.0,0
2012-05-21,7.729968491502562,7.860892320629064,7.6863272151270605,7.849982261657715,108700,0.0,0
2012-05-22,7.926353340182379,8.051822385778303,7.855436144018594,7.899077415466309,62300,0.0,0
2012-05-23,7.806341718953893,7.920900210267518,7.7845210787153505,7.904534339904785,67300,0.0,0
2012-05-24,7.991816928265684,8.090010069798415,7.8608930863854445,8.002727508544922,65100,0.0,0
2012-05-25,7.959086227918175,8.051824079311288,7.948175647638937,8.002727508544922,32500,0.0,0
2012-05-29,8.002725651094536,8.166380675582692,7.986360304719215,8.100918769836426,62300,0.0,0
2012-05-30,8.035456320742556,8.122739381731613,7.9809049928999976,8.111828804016113,59400,0.0,0
2012-05-31,8.111831938915222,8.111831938915222,7.986363368168263,8.106376647949219,38000,0.0,0
2012-06-01,7.980904794890141,7.980904794890141,7.81179448621046,7.817249774932861,74100,0.0,0
2012-06-04,7.899078777129411,7.909989356994629,7.768154940217285,7.909989356994629,49100,0.0,0
2012-06-05,7.86089384123934,7.9918176956917355,7.817252556421875,7.9372663497924805,60900,0.0,0
2012-06-06,8.035458127715069,8.073644638061523,8.013637487622136,8.073644638061523,56000,0.0,0
2012-06-07,7.909988309840396,8.171835949000265,7.909988309840396,7.991815567016602,55400,0.0,0
2012-06-08,8.019092565062726,8.150016402148587,7.969995996094258,8.128195762634277,67600,0.0,0
2012-06-11,8.220932742953696,8.220932742953696,8.01909171868835,8.046367645263672,49300,0.0,0
2012-06-12,8.040915221057276,8.182749673591717,8.040915221057276,8.144563674926758,88900,0.0,0
2012-06-13,8.179081852526595,8.179081852526595,8.073294094576218,8.112268447875977,68000,0.302,0
2012-06-14,8.151243942288673,8.190218298505695,8.039887728550134,8.140108108520508,40000,0.0,0
2012-06-15,8.106701669187569,8.179082464737528,8.101133752303486,8.140108108520508,38700,0.0,0
2012-06-18,8.134539327064095,8.234759696382634,8.05102270662246,8.229191780090332,48000,0.0,0
2012-06-19,8.268165687402215,8.396224561098245,8.2236234242918,8.357250213623047,84700,0.0,0
2012-06-20,8.396223432464893,8.424062475913152,8.32384213189366,8.390655517578125,47900,0.0,0
2012-06-21,8.424066914412396,8.424066914412396,8.184651757993384,8.20135498046875,54300,0.0,0
2012-06-22,8.318276930446304,8.435200526281237,8.240328220546857,8.429633140563965,88200,0.0,0
2012-06-25,8.323843250797404,8.373953429543038,8.251461940496565,8.357250213623047,56300,0.0,0
2012-06-26,8.401794520899887,8.435200960867695,8.307142056014783,8.318277359008789,50100,0.0,0
2012-06-27,8.40179306817533,8.457470635489926,8.323843836752058,8.362818717956543,72500,0.0,0
2012-06-28,8.385091963409037,8.412930488586426,8.273735738756159,8.412930488586426,92900,0.0,0
2012-06-29,8.490875636560453,8.563256935213337,8.479739807082053,8.50757884979248,67600,0.0,0
2012-07-02,8.563260829865584,8.61337102333783,8.535421774493688,8.574396133422852,73800,0.0,0
2012-07-03,8.546557500427452,8.685752244532226,8.546557500427452,8.635642051696777,58900,0.0,0
2012-07-05,8.546554420385,8.652342154146654,8.479740500025873,8.602231979370117,47800,0.0,0
2012-07-06,8.57996202328759,8.66904655463872,8.463038443142807,8.61336898803711,50000,0.0,0
2012-07-09,8.64677546868706,8.685750349603785,8.568826768824998,8.65791130065918,50000,0.0,0
2012-07-10,8.635640487353012,8.7247250224847,8.585530303595007,8.60780143737793,56100,0.0,0
2012-07-11,8.607799191155792,8.674612575069473,8.401791124675544,8.50757884979248,80600,0.0,0
2012-07-12,8.474174158072588,8.513148507254263,8.385089627951226,8.502013206481934,37500,0.0,0
2012-07-13,8.490878411286165,8.61336992064958,8.446336140787785,8.59109878540039,32100,0.0,0
2012-07-16,8.646775564845667,8.669046698051883,8.552123115972819,8.596665382385254,36300,0.0,0
2012-07-17,8.630072916168995,8.685751018345023,8.535420461061186,8.579962730407715,58000,0.0,0
2012-07-18,8.552122823891771,8.696885450280947,8.524284306574044,8.669046401977539,77600,0.0,0
2012-07-19,8.674616264170153,8.769268731047626,8.663480960941758,8.713590621948242,64000,0.0,0
2012-07-20,8.713588983583794,8.769267082214355,8.691317850328709,8.769267082214355,44400,0.0,0
2012-07-23,8.735860436739653,8.797106453673196,8.591098330773372,8.719157218933105,48400,0.0,0
2012-07-24,8.791537801069643,8.791537801069643,8.635639875632489,8.730292320251465,60600,0.0,0
2012-07-25,8.674614906311035,8.730293006694987,8.63007263839816,8.674614906311035,79800,0.0,0
2012-07-26,8.74699594895927,8.797106131529636,8.708021598509298,8.769267082214355,42400,0.0,0
2012-07-27,8.735862416645292,8.824947504103903,8.67461691681672,8.808243751525879,77600,0.0,0
2012-07-30,8.752564494598724,8.824945815630622,8.752564494598724,8.819377899169922,36000,0.0,0
2012-07-31,8.84164901246439,8.847216928911513,8.785970909964641,8.797106742858887,59100,0.0,0
2012-08-01,8.852784023356929,8.880623073691655,8.719157218933105,8.719157218933105,52500,0.0,0
2012-08-02,8.708024392150653,8.763701977657568,8.652346275657866,8.7024564743042,27800,0.0,0
2012-08-03,8.84164748761079,8.891757665021284,8.78040201021221,8.81380844116211,63200,0.0,0
2012-08-06,8.869486998825284,8.89732551574707,8.824944734567616,8.89732551574707,44600,0.0,0
2012-08-07,8.897324786420995,8.90846061706543,8.86948627178117,8.90846061706543,64400,0.0,0
2012-08-08,8.886191145833871,8.90846228029518,8.847216793273013,8.875055313110352,43200,0.0,0
2012-08-09,8.89732551574707,8.908461347304325,8.869486998825284,8.89732551574707,50600,0.0,0
2012-08-10,8.902894953379693,8.902894953379693,8.852784764777601,8.880623817443848,27600,0.0,0
2012-08-13,8.902894953379693,8.908462870110094,8.863920598238405,8.880623817443848,72300,0.0,0
2012-08-14,8.902893877559684,8.958571976164073,8.886190660372648,8.919597625732422,53600,0.0,0
2012-08-15,8.880623658036958,8.936301231384277,8.880623658036958,8.936301231384277,55900,0.0,0
2012-08-16,8.936299183623802,8.964138760396633,8.936299183623802,8.9530029296875,78000,0.0,0
2012-08-17,8.964139938354492,8.97527577052696,8.958572022268259,8.964139938354492,66400,0.0,0
2012-08-20,8.97527577052696,8.97527577052696,8.925165587722265,8.964139938354492,42800,0.0,0
2012-08-21,8.975275356886888,9.019817621552548,8.880622380740263,8.925165176391602,69800,0.0,0
2012-08-22,8.8249429564805,8.986408233642578,8.8249429564805,8.986408233642578,52700,0.0,0
2012-08-23,8.936301231384277,8.958572897906112,8.830513470334344,8.936301231384277,47400,0.0,0
2012-08-24,8.914028532387647,8.975274538960775,8.880621571439974,8.90846061706543,51200,0.0,0
2012-08-27,8.953002877671906,8.986409307633949,8.852782525814519,8.90846061706543,91600,0.0,0
2012-08-28,8.66347999710812,8.886191346756867,8.607801894203062,8.863920211791992,104200,0.0,0
2012-08-29,8.886191514581855,9.042089462280273,8.886191514581855,9.042089462280273,54400,0.0,0
2012-08-30,8.958573119913835,8.99754747532138,8.869488575561864,8.947437286376953,29600,0.0,0
2012-08-31,8.936300624158934,9.025385160249915,8.902894188617674,9.019818305969238,51000,0.0,0
2012-09-04,8.964138760396633,9.042087451418022,8.88618953838961,8.9530029296875,42200,0.0,0
2012-09-05,8.90846315118648,8.964141258275708,8.880624097641865,8.958573341369629,24800,0.0,0
2012-09-06,8.92516806554317,9.053226985164265,8.92516806554317,9.03095531463623,82900,0.0,0
2012-09-07,9.025386337467074,9.159014221004604,8.980844063611755,9.09220027923584,53900,0.0,0
2012-09-10,9.1701468771831,9.181282708570478,9.064359664916992,9.064359664916992,50400,0.0,0
2012-09-11,9.053226324921283,9.14231087659317,8.991980297407503,9.069930076599121,45600,0.0,0
2012-09-12,9.156154990877498,9.354708761682373,9.082407003908775,9.09942626953125,39900,0.302,0
2012-09-13,9.139139493714923,9.263944232206136,9.059717853844067,9.14481258392334,63600,0.0,0
2012-09-14,9.23557889397271,9.354710529753302,9.037025085640515,9.110773086547852,96300,0.0,0
2012-09-17,9.054044762420213,9.207214410917288,9.054044762420213,9.127793312072754,37700,0.0,0
2012-09-18,9.088082447348821,9.275290089581192,9.088082447348821,9.139139175415039,43000,0.0,0
2012-09-19,9.20721385555677,9.275289851911108,9.15615712879883,9.263943672180176,36100,0.0,0
2012-09-20,9.1901945818795,9.280961844937424,9.156156046709434,9.212885856628418,45200,0.0,0
2012-09-21,9.286636800758394,9.326347351074219,9.246925168411227,9.326347351074219,64200,0.0,0
2012-09-24,9.258269808846169,9.326345799513197,9.190194900210303,9.218559265136719,62800,0.0,0
2012-09-25,9.241252899169922,9.292308546683406,9.207214358119181,9.241252899169922,63500,0.0,0
2012-09-26,9.190195215068004,9.286635573965514,9.161829767138618,9.207213401794434,67600,0.0,0
2012-09-27,9.224231231703598,9.297979220753966,9.167501426725067,9.280961036682129,58100,0.0,0
2012-09-28,9.235579861955566,9.297981690177135,8.99731494237498,9.127793312072754,93500,0.0,0
2012-10-01,9.297981690177135,9.297981690177135,9.127793312072754,9.127793312072754,54100,0.0,0
2012-10-02,9.21288472593436,9.21288472593436,8.951928606162097,9.008658409118652,61100,0.0,0
2012-10-03,9.025680037494972,9.110774228292263,9.008661307538649,9.082409858703613,52300,0.0,0
2012-10-04,9.042696197292218,9.150482177734375,9.025677472173038,9.150482177734375,62800,0.0,0
2012-10-05,9.150483587966864,9.246923946864372,9.076735587412863,9.207213401794434,46000,0.0,0
2012-10-08,9.144811440355813,9.144811440355813,8.974622001479618,9.002986907958984,72900,0.0,0
2012-10-09,8.946258623411268,9.076736450195312,8.895201894316415,9.076736450195312,158500,0.0,0
2012-10-10,9.020005366077653,9.133464988606892,9.020005366077653,9.071062088012695,105600,0.0,0
2012-10-11,9.008660591846292,9.08240913715231,8.9122202280627,8.940585136413574,63900,0.0,0
2012-10-12,8.90087223622535,8.99731258037506,8.838469883370163,8.917891502380371,47800,0.0,0
2012-10-15,9.065390403036824,9.150484592100437,8.9973149435828,9.14481258392334,110600,0.0,0
2012-10-16,9.212886807794302,9.235579166917173,9.076735899150789,9.195867538452148,48100,0.0,0
2012-10-17,9.150481557978216,9.235576800857217,9.09942592709416,9.190193176269531,21800,0.0,0
2012-10-18,9.178851445057926,9.190197627207699,9.076737969772942,9.184524536132812,52100,0.0,0
2012-10-19,9.178847426330982,9.190193603513118,8.9916398309498,9.059715270996094,65400,0.0,0
2012-10-22,9.082407599549382,9.190194124831892,8.93491053390781,9.173174858093262,90200,0.0,0
2012-10-23,9.065389224036677,9.07106231350728,8.923565233365148,8.946257591247559,101800,0.0,0
2012-10-24,9.025678161519377,9.116445423774808,8.656936023352802,8.815778732299805,134800,0.0,0
2012-10-25,8.798760193139097,8.923564910888672,8.588860759452372,8.923564910888672,104900,0.0,0
2012-10-26,8.872509183728061,8.923565366679474,8.793087552999866,8.827125549316406,64600,0.0,0
2012-10-31,8.776070052161156,8.883856063702405,8.707994591027369,8.742032051086426,59000,0.0,0
2012-11-01,8.742030829032855,8.906546639029003,8.7363577394775,8.827125549316406,87200,0.0,0
2012-11-02,8.872508631399297,8.889527357990323,8.759049011417616,8.793087005615234,31000,0.0,0
2012-11-05,8.81010641459998,8.889528046535707,8.787414597049144,8.861163139343262,29500,0.0,0
2012-11-06,8.929237773896352,8.929237773896352,8.83279742288729,8.912219047546387,37600,0.0,0
2012-11-07,8.838468890128672,8.8498150662903,8.645588223504621,8.747701644897461,71300,0.0,0
2012-11-08,8.747702066696926,8.747702066696926,8.58885937988318,8.617223739624023,60600,0.0,0
2012-11-09,8.554823049484481,8.61722541043533,8.254156341607715,8.28252124786377,249000,0.0,0
2012-11-12,8.271174979207293,8.378961513607624,8.271174979207293,8.30521297454834,69900,0.0,0
2012-11-13,8.299542719927485,8.339253277209165,8.225794155678818,8.231467247009277,57200,0.0,0
2012-11-14,8.310887658431962,8.327906930983428,8.072623252868652,8.072623252868652,122900,0.0,0
2012-11-15,8.146371550640408,8.146371550640408,7.6131134710911,7.874069690704346,284700,0.0,0
2012-11-16,7.885412758359698,8.180406884729042,7.817337315585741,8.169060707092285,112100,0.0,0
2012-11-19,8.310885479272418,8.384634017944336,8.276848025125734,8.384634017944336,81200,0.0,0
2012-11-20,8.333576267246162,8.447035876441051,8.305211905962953,8.424344062805176,52700,0.0,0
2012-11-21,8.458383152646729,8.509439878480107,8.356269700979968,8.49242115020752,53700,0.0,0
2012-11-23,8.509438887398467,8.588860511779785,8.469728345715584,8.588860511779785,31700,0.0,0
2012-11-26,8.54347590165717,8.668280601501465,8.458381197928249,8.668280601501465,53500,0.0,0
2012-11-27,8.742031188867394,8.747704278656263,8.605880280028263,8.719339370727539,75100,0.0,0
2012-11-28,8.656937675318755,8.804434775137842,8.560497305515172,8.787415504455566,49700,0.0,0
2012-11-29,8.776067964977123,8.861162135902768,8.764721786978747,8.80443286895752,43600,0.0,0
2012-11-30,8.838472907221579,8.878183459804847,8.730686889774551,8.855491638183594,36800,0.0,0
2012-12-03,8.855490276829062,8.917893182456089,8.838471548483337,8.889528274536133,49400,0.0,0
2012-12-04,8.878181589253835,8.929238312398398,8.742030688212054,8.759049415588379,67800,0.0,0
2012-12-05,8.71933760950076,8.832796677282337,8.679627071031085,8.770394325256348,46900,0.0,0
2012-12-06,8.707992743625372,8.832797458718808,8.707992743625372,8.815778732299805,41800,0.0,0
2012-12-07,8.798761317270433,8.906547322009565,8.679629132550529,8.895201683044434,45800,0.0,0
2012-12-10,8.895198688905905,8.895198688905905,8.622896412196818,8.747701644897461,57100,0.0,0
2012-12-11,8.713663927436587,8.957601312315894,8.713663927436587,8.92923641204834,95500,0.0,0
2012-12-12,8.970882268654144,8.99401798388553,8.832067977265819,8.843635559082031,99500,0.302,0
2012-12-13,8.83206666041445,8.901473795760085,8.762658973469934,8.808930397033691,48100,0.0,0
2012-12-14,8.75109139941597,8.895689736052189,8.733739753467308,8.780011177062988,29000,0.0,0
2012-12-17,8.762660528796363,8.92461109161377,8.762660528796363,8.92461109161377,38200,0.0,0
2012-12-18,8.9014764397843,9.017155033053948,8.791581362478853,8.878340721130371,101800,0.0,0
2012-12-19,8.93617791777053,8.93617791777053,8.814715281732528,8.860986709594727,50700,0.0,0
2012-12-20,8.820499843850644,8.895691056252394,8.756876764864069,8.843635559082031,31200,0.0,0
2012-12-21,8.675902038873117,8.82050040618767,8.537087738634906,8.814716339111328,57800,0.0,0
2012-12-24,8.814716592798556,8.814716592798556,8.62384678657804,8.716389656066895,29400,0.0,0
2012-12-26,8.699038924654607,8.756878499993162,8.612280113245845,8.722174644470215,65500,0.0,0
2012-12-27,8.70482467477504,8.727960399061784,8.548658122140132,8.64120101928711,63800,0.0,0
2012-12-28,8.537085625889807,8.60649275883214,8.49081420392825,8.519733428955078,61600,0.0,0
2012-12-31,8.66433506913166,8.7742301519551,8.502385030422406,8.722174644470215,90800,0.0,0
2013-01-02,8.965099400220158,8.965099400220158,8.878340594406028,8.953531265258789,83800,0.0,0
2013-01-03,8.889907167138634,8.96509838104248,8.884123100315499,8.96509838104248,100100,0.0,0
2013-01-04,8.901475131674763,9.022937774658203,8.901475131674763,9.022937774658203,95200,0.0,0
2013-01-07,8.988232707966448,9.155966758728027,8.947745349658135,9.155966758728027,91600,0.0,0
2013-01-08,9.092343688300838,9.155966758728027,9.046072264063083,9.155966758728027,70500,0.0,0
2013-01-09,9.138616875219313,9.225375674499647,9.138616875219313,9.208024024963379,54900,0.0,0
2013-01-10,9.167536487051184,9.265863418579102,9.138616703966683,9.265863418579102,93200,0.0,0
2013-01-11,9.202238892556837,9.28321361541748,9.196454826181384,9.28321361541748,56700,0.0,0
2013-01-14,9.208024024963379,9.254295458126089,9.15596852475558,9.208024024963379,68200,0.0,0
2013-01-15,9.190672795909434,9.231160163879395,9.080777723420942,9.231160163879395,36000,0.0,0
2013-01-16,9.248512136936226,9.271648406982422,9.19645663253036,9.271648406982422,44700,0.0,0
2013-01-17,9.312134795740118,9.364190294664219,9.288998528130312,9.329485893249512,40100,0.0,0
2013-01-18,9.317917776348065,9.381540298461914,9.317917776348065,9.381540298461914,47600,0.0,0
2013-01-22,9.38732624053955,9.48565317967069,9.358407006817826,9.38732624053955,120700,0.0,0
2013-01-23,9.445163632843723,9.485650991995762,9.387324075541752,9.462515830993652,59400,0.0,0
2013-01-24,9.46251802723692,9.46251802723692,9.329486683606575,9.358407020568848,92500,0.0,0
2013-01-25,9.381542107966267,9.537708616653758,9.13861734711743,9.398894309997559,62600,0.0,0
2013-01-28,9.398893186612536,9.456732749938965,9.358405823243409,9.456732749938965,53300,0.0,0
2013-01-29,9.479869677530147,9.508790016174316,9.427814171168755,9.508790016174316,35200,0.0,0
2013-01-30,9.508788300563168,9.508788300563168,9.422029506680236,9.47408390045166,58700,0.0,0
2013-01-31,9.456731929535936,9.468300061837231,9.40467643737793,9.40467643737793,36400,0.0,0
2013-02-01,9.468300841329263,9.50300413789233,9.450948641448777,9.491436004638672,20500,0.0,0
2013-02-04,9.42781282419526,9.479868323119362,9.312134795740118,9.329485893249512,49000,0.0,0
2013-02-05,9.352621830031792,9.46830095759301,9.352621830031792,9.416245460510254,54100,0.0,0
2013-02-06,9.416246690074473,9.468302193954587,9.335270848928705,9.341054916381836,38800,0.0,0
2013-02-07,9.358407006817826,9.416246577459328,9.312135570944234,9.38732624053955,35800,0.0,0
2013-02-08,9.387325233444885,9.456732931408077,9.346837869298831,9.369974136352539,26500,0.0,0
2013-02-11,9.375758217902558,9.398894487715081,9.341054916381836,9.341054916381836,39800,0.0,0
2013-02-12,9.346838885783939,9.369975155353757,9.323703719412174,9.358407020568848,28000,0.0,0
2013-02-13,9.3584070859766,9.38154225251006,9.300567514845858,9.34683895111084,23400,0.0,0
2013-02-14,9.306352682131354,9.346840055748375,9.260081240397875,9.294784545898438,45600,0.0,0
2013-02-15,9.335270797513632,9.34683893235618,9.265864194854455,9.32370376586914,25000,0.0,0
2013-02-19,9.341056021206475,9.393111531243516,9.265865341818634,9.289000511169434,62400,0.0,0
2013-02-20,9.265862528208572,9.283213624153404,9.208022967597458,9.254294395446777,89400,0.0,0
2013-02-21,9.213807732727195,9.277431364544242,9.09234508751162,9.173319816589355,77400,0.0,0
2013-02-22,9.202239068316983,9.225374782661756,9.173319287486281,9.196455001831055,27600,0.0,0
2013-02-25,9.202238785923168,9.277430544734909,9.080776151440757,9.092344284057617,49200,0.0,0
2013-02-26,9.144401018759776,9.167536735534668,9.05185760006121,9.167536735534668,54000,0.0,0
2013-02-27,9.144399533466562,9.271646230859725,9.132831401158588,9.219590187072754,41000,0.0,0
2013-02-28,9.236944553512165,9.283215438807444,9.231160486000617,9.271648406982422,49800,0.0,0
2013-03-01,9.213808695994887,9.381542238505789,9.184888910472685,9.375758171081543,67000,0.0,0
2013-03-04,9.33526990701698,9.358406174495094,9.22537539449081,9.312134742736816,70800,0.0,0
2013-03-05,9.335269556633673,9.468300883243833,9.335269556633673,9.456732749938965,61300,0.0,0
2013-03-06,9.479869958374946,9.485654026275137,9.410463349968975,9.433598518371582,51800,0.0,0
2013-03-07,9.416245376550137,9.537707466528271,9.341053613346416,9.485651969909668,82000,0.0,0
2013-03-08,9.51457219751907,9.537707360649453,9.46251670147834,9.531923294067383,42700,0.0,0
2013-03-11,9.531923294067383,9.531923294067383,9.43938043515006,9.531923294067383,34200,0.0,0
2013-03-12,9.51457216574327,9.537707328796387,9.474083699803998,9.537707328796387,43100,0.0,0
2013-03-13,9.503535356146319,9.59780580949592,9.468184638502125,9.532995223999023,47300,0.302,0
2013-03-14,9.509427329716859,9.59191383592538,9.49764450635483,9.532995223999023,41800,0.0,0
2013-03-15,9.568345593498172,9.568345593498172,9.47996824071378,9.544778823852539,53800,0.0,0
2013-03-18,9.450509841569556,9.544779171140105,9.426941947287391,9.532995223999023,36600,0.0,0
2013-03-19,9.568343054896278,9.580126998482172,9.409263749712215,9.462289810180664,76000,0.0,0
2013-03-20,9.468183344617445,9.550668715774787,9.432832631804143,9.474075317382812,42900,0.0,0
2013-03-21,9.415155253197865,9.527100470819105,9.403371871384207,9.49174976348877,53300,0.0,0
2013-03-22,9.456401036284635,9.568346290650027,9.450510186278276,9.521211624145508,40800,0.0,0
2013-03-25,9.562455706060815,9.56834768070223,9.456402410073867,9.538888931274414,38700,0.0,0
2013-03-26,9.568346455353543,9.61548112266941,9.550670533692927,9.58602237701416,61400,0.0,0
2013-03-27,9.591913486922815,9.591913486922815,9.538886850496379,9.544778823852539,44000,0.0,0
2013-03-28,9.586021077500352,9.586021077500352,9.497643728736229,9.52710247039795,94100,0.0,0
2013-04-01,9.609587227188122,9.609587227188122,9.338563225262366,9.368021965026855,89400,0.0,0
2013-04-02,9.426941660806419,9.49175224433375,9.320888387317705,9.34445571899414,77200,0.0,0
2013-04-03,9.303211943924609,9.403373232339224,9.12056472331871,9.144132614135742,85500,0.0,0
2013-04-04,9.179483413696289,9.250185401150024,9.173591440936114,9.179483413696289,34800,0.0,0
2013-04-05,9.150024111784871,9.185375386456462,9.049862822419717,9.179483413696289,44700,0.0,0
2013-04-08,9.167701073146535,9.173592484687571,9.067539772385247,9.1382417678833,30500,0.0,0
2013-04-09,9.144133692229111,9.267861762269412,9.132349745431268,9.197159767150879,48000,0.0,0
2013-04-10,9.13824004806728,9.350345994643119,9.13824004806728,9.279644012451172,77100,0.0,0
2013-04-11,9.256078679196138,9.29732137055447,9.232511346721445,9.2384033203125,35900,0.0,0
2013-04-12,9.23840176648852,9.373913764953613,9.173591191666576,9.373913764953613,42300,0.0,0
2013-04-15,9.314995933618352,9.314995933618352,9.150024068451476,9.161808013916016,35600,0.0,0
2013-04-16,9.208943324784427,9.291429263214999,9.108782028793549,9.191267967224121,45300,0.0,0
2013-04-17,9.108782558830992,9.14413383789817,9.014513230504539,9.026296615600586,38200,0.0,0
2013-04-18,9.096999465530208,9.13824272196054,8.879001482845442,8.902568817138672,72600,0.0,0
2013-04-19,8.914350730152295,9.002728073103645,8.884891428538698,8.99683666229248,40700,0.0,0
2013-04-22,9.032188456977329,9.108782425594592,9.002729151833842,9.049863815307617,85000,0.0,0
2013-04-23,9.1323513899956,9.167702674865723,9.120567441075691,9.167702674865723,37400,0.0,0
2013-04-24,9.167702674865723,9.167702674865723,9.020406684704502,9.167702674865723,145300,0.0,0
2013-04-25,9.150025919113315,9.267862588144833,9.150025919113315,9.220727920532227,41200,0.0,0
2013-04-26,9.226619506067827,9.226619506067827,9.161809481301015,9.214836120605469,24200,0.0,0
2013-04-29,9.197160453310394,9.332673042148043,9.197160453310394,9.244295120239258,59900,0.0,0
2013-04-30,9.197159755544039,9.34445571899414,9.197159755544039,9.34445571899414,56100,0.0,0
2013-05-01,9.291430349057674,9.362132349450972,9.244295120239258,9.244295120239258,48300,0.0,0
2013-05-02,9.326780014872085,9.421049338082321,9.261969995637422,9.356239318847656,52000,0.0,0
2013-05-03,9.42694273016488,9.532996015683898,9.421050756105029,9.468185424804688,68100,0.0,0
2013-05-06,9.438725894428474,9.544779171140105,9.438725894428474,9.532995223999023,48300,0.0,0
2013-05-07,9.532994443486086,9.544778389662358,9.485859782559956,9.52710247039795,31200,0.0,0
2013-05-08,9.491751755170169,9.60369587250224,9.491751755170169,9.59780502319336,74000,0.0,0
2013-05-09,9.58013162998506,9.60369840477146,9.527104981991585,9.538888931274414,29100,0.0,0
2013-05-10,9.574236869812012,9.609587583596294,9.532994183100527,9.574236869812012,51400,0.0,0
2013-05-13,9.497643812972115,9.59191313566046,9.497643812972115,9.562453269958496,57500,0.0,0
2013-05-14,9.56834524309889,9.662614565787235,9.544778474316287,9.562453269958496,110300,0.0,0
2013-05-15,9.532992980351885,9.633154259919417,9.532992980351885,9.621370315551758,60400,0.0,0
2013-05-16,9.56245481642954,9.668508102549952,9.56245481642954,9.644941329956055,51000,0.0,0
2013-05-17,9.692074688871996,9.692074688871996,9.621372133088673,9.662614822387695,53800,0.0,0
2013-05-20,9.674399028858778,9.709749745810543,9.656723108493381,9.686182975769043,63500,0.0,0
2013-05-21,9.680287971452094,9.709746705725308,9.674395999841716,9.692071914672852,66300,0.0,0
2013-05-22,9.662616927328692,9.72742752393374,9.574239556181329,9.580131530761719,83400,0.0,0
2013-05-23,9.544778389181763,9.639047711029276,9.521210496830406,9.59780502319336,72600,0.0,0
2013-05-24,9.521212654620767,9.597807198342325,9.4917539062843,9.556563377380371,30500,0.0,0
2013-05-28,9.639048843401943,9.721534228763964,9.586022203160903,9.591914176940918,73700,0.0,0
2013-05-29,9.59780502319336,9.621371791765757,9.550669238490643,9.59780502319336,79100,0.0,0
2013-05-30,9.550669838713265,9.692074954150257,9.550669838713265,9.615480422973633,39500,0.0,0
2013-05-31,9.53888615602773,9.692074080798193,9.53888615602773,9.574236869812012,53400,0.0,0
2013-06-03,9.574237915213757,9.627264553569573,9.468184638502125,9.532995223999023,66800,0.0,0
2013-06-04,9.532995562919863,9.639048843401943,9.485860896458838,9.591914176940918,58500,0.0,0
2013-06-05,9.515317741432398,9.58602028889464,9.438724345145598,9.444616317749023,87800,0.0,0
2013-06-06,9.403371777919268,9.462289810180664,9.096995987358321,9.462289810180664,156000,0.0,0
2013-06-07,9.432835537589698,9.586023505342109,9.426943563009308,9.580131530761719,46100,0.0,0
2013-06-10,9.5919154799225,9.633158178205987,9.556563632440158,9.580131530761719,42600,0.0,0
2013-06-11,9.438725121633826,9.597805023676624,9.438725121633826,9.52710247039795,55700,0.0,0
2013-06-12,9.60635475715559,9.612358866298818,9.402219626952695,9.444247245788574,29500,0.302,0
2013-06-13,9.450251733371148,9.54631519317627,9.414228222235922,9.54631519317627,50600,0.0,0
2013-06-14,9.57033239134742,9.57033239134742,9.45025304986306,9.510293006896973,27800,0.0,0
2013-06-17,9.540311880206698,9.600351257701822,9.480271930128174,9.552319526672363,57600,0.0,0
2013-06-18,9.564327094795317,9.612358822555848,9.49227950315452,9.606354713439941,68500,0.0,0
2013-06-19,9.61236007148612,9.61236007148612,9.45025253979424,9.486276626586914,57800,0.0,0
2013-06-20,9.372200092507676,9.438244151007819,9.22210079240137,9.318164825439453,67200,0.0,0
2013-06-21,9.27013530809173,9.318167625335075,9.162064168898997,9.234111785888672,59900,0.0,0
2013-06-24,9.156057493814407,9.156057493814407,8.927906484274926,8.93991470336914,121000,0.0,0
2013-06-25,9.072002482365198,9.132042437993517,8.999954879161287,9.120034217834473,58100,0.0,0
2013-06-26,9.210092492534088,9.34818356399211,9.162060765715355,9.336175918579102,63300,0.0,0
2013-06-27,9.37220287322998,9.390215206847017,9.31216347892387,9.37220287322998,78500,0.0,0
2013-06-28,9.300153370062635,9.432240926877038,9.270133392707073,9.408225059509277,70600,0.0,0
2013-07-01,9.516296754587204,9.636375518913619,9.38420919769464,9.618364334106445,78500,0.0,0
2013-07-02,9.62436754728147,9.750450409850604,9.540311732985323,9.59434700012207,65200,0.0,0
2013-07-03,9.37219965381991,9.540311274330156,9.37219965381991,9.444247245788574,39200,0.0,0
2013-07-05,9.462259387764323,9.690409804901815,9.462259387764323,9.648382186889648,48600,0.0,0
2013-07-08,9.70842235770538,9.750449976694716,9.558323064076768,9.654386520385742,41800,0.0,0
2013-07-09,9.726434232627794,9.726434232627794,9.630370780788672,9.642377853393555,44900,0.0,0
2013-07-10,9.672397921821174,9.726433753967285,9.552318040348347,9.726433753967285,53800,0.0,0
2013-07-11,9.780472508512132,9.846515432405813,9.696416108298507,9.840511322021484,44000,0.0,0
2013-07-12,9.810492578414626,9.816496689204806,9.768464948050406,9.786476135253906,24800,0.0,0
2013-07-15,9.738443151161558,9.840510731233442,9.726436076280725,9.732439041137695,72200,0.0,0
2013-07-16,9.762457822404464,9.762457822404464,9.636373825082195,9.690409660339355,65900,0.0,0
2013-07-17,9.762458128153323,9.762458128153323,9.702418182079798,9.74444580078125,49600,0.0,0
2013-07-18,9.762459531434825,9.786474826216223,9.702419576731,9.756455421447754,40800,0.0,0
2013-07-19,9.678402821230463,9.678402821230463,9.606354657426412,9.63037109375,32300,0.0,0
2013-07-22,9.70241802295292,9.70241802295292,9.594346350826376,9.648382186889648,40000,0.0,0
2013-07-23,9.70842162473569,9.70842162473569,9.630370501814904,9.66038990020752,33500,0.0,0
2013-07-24,9.738440825981272,9.744444934571575,9.666393813230872,9.726433753967285,49500,0.0,0
2013-07-25,9.756454691731527,9.762458801269531,9.690410631980276,9.762458801269531,47800,0.0,0
2013-07-26,9.774465477523094,9.816493092488598,9.696413211015768,9.726433753967285,40600,0.0,0
2013-07-29,9.690409102425464,9.810488983898294,9.690409102425464,9.726433753967285,24600,0.0,0
2013-07-30,9.804487604843967,9.834507010986165,9.708424130988607,9.768464088439941,46500,0.0,0
2013-07-31,9.78047157525254,9.912558555603027,9.78047157525254,9.912558555603027,107000,0.0,0
2013-08-01,9.8825377252927,9.996613518129253,9.8825377252927,9.930570602416992,105200,0.0,0
2013-08-02,9.906551673511585,9.966591609657081,9.870528169890898,9.960587501525879,38100,0.0,0
2013-08-05,9.960590080305822,9.990609483567278,9.960590080305822,9.978602409362793,39400,0.0,0
2013-08-06,10.002616780427433,10.002616780427433,9.840509269365871,9.882536888122559,81700,0.0,0
2013-08-07,9.834505160233954,9.990608562163601,9.81649397800493,9.882536888122559,31800,0.0,0
2013-08-08,9.918561857892929,9.960589477984268,9.846513691188662,9.870530128479004,47300,0.0,0
2013-08-09,9.870529399421672,9.930569343046095,9.792477129159918,9.876533508300781,70200,0.0,0
2013-08-12,9.840510514308379,9.93657398223877,9.756455266161005,9.93657398223877,35800,0.0,0
2013-08-13,9.954585368661682,9.954585368661682,9.810490180419908,9.870530128479004,38600,0.0,0
2013-08-14,9.918562797731115,9.93657398223877,9.804487000126201,9.93657398223877,41500,0.0,0
2013-08-15,9.816493657661626,9.828501875533592,9.690409660339355,9.690409660339355,78700,0.0,0
2013-08-16,9.65438784888768,9.732438988441505,9.606356114123738,9.618364334106445,70700,0.0,0
2013-08-19,9.612358822555848,9.69040995072919,9.606354713439941,9.606354713439941,55400,0.0,0
2013-08-20,9.678403259231322,9.708422660827637,9.606355092166696,9.708422660827637,64500,0.0,0
2013-08-21,9.660391077934099,9.73844221037033,9.582339372914477,9.66639518737793,45800,0.0,0
2013-08-22,9.678404132510767,9.900550472767929,9.678404132510767,9.798482894897461,38200,0.0,0
2013-08-23,9.828503668518735,9.84051074341443,9.768463713372679,9.804487228393555,26500,0.0,0
2013-08-26,9.756454041823313,9.894545116498337,9.756454041823313,9.81649398803711,29000,0.0,0
2013-08-27,9.744445559857636,9.792477286495565,9.516295144619145,9.600350379943848,70300,0.0,0
2013-08-28,9.558324601330806,9.636375742697197,9.528304623260333,9.624368667602539,45500,0.0,0
2013-08-29,9.582339726781253,9.726435495837547,9.582339726781253,9.696414947509766,27700,0.0,0
2013-08-30,9.66039173425747,9.6844070284976,9.612360000610352,9.612360000610352,30500,0.0,0
2013-09-03,9.642378302055437,9.73243764919926,9.624367119726712,9.654386520385742,27000,0.0,0
2013-09-04,9.648383362727486,9.798482671158634,9.648383362727486,9.792478561401367,31500,0.0,0
2013-09-05,9.756455048024607,9.852518513807196,9.756455048024607,9.792478561401367,21900,0.0,0
2013-09-06,9.834507150596236,9.88253888820577,9.768464227112473,9.864527702331543,38700,0.0,0
2013-09-09,9.858520228861458,9.95458367130957,9.762456786413349,9.942575454711914,59900,0.0,0
2013-09-10,9.960590080305822,9.990609483567278,9.918562457673053,9.978602409362793,34100,0.0,0
2013-09-11,9.998170437099134,10.016514957057371,9.894213880680146,9.985939979553223,60500,0.302,0
2013-09-12,9.992054822581677,9.992054822581677,9.900328727249699,9.924788475036621,24800,0.0,0
2013-09-13,9.95536324981675,10.059319787938463,9.930902339030265,10.004283905029297,34000,0.0,0
2013-09-16,10.065434509900927,10.120470396422274,9.961479131316716,9.9675931930542,72100,0.0,0
2013-09-17,9.96759360945521,10.034859954982606,9.918672948988162,9.97982406616211,25800,0.0,0
2013-09-18,9.992055377856829,10.1265869140625,9.900329277427478,10.1265869140625,76700,0.0,0
2013-09-19,10.151047352565856,10.151047352565856,9.98593967973514,10.040975570678711,39100,0.0,0
2013-09-20,10.06543696014322,10.096013108076326,10.004286996998577,10.04709243774414,38600,0.0,0
2013-09-23,10.034861419549387,10.034861419549387,9.98594075194247,10.016515731811523,47700,0.0,0
2013-09-24,10.01651674294579,10.03486243253559,9.955366777034797,10.01040267944336,28800,0.0,0
2013-09-25,10.022629884910657,10.077665775854229,9.979824451145788,10.040975570678711,42800,0.0,0
2013-09-26,10.083781657507721,10.120471865059436,10.047091449956007,10.096012115478516,35600,0.0,0
2013-09-27,10.05932179583138,10.05932179583138,9.967594528433246,10.028745651245117,17100,0.0,0
2013-09-30,9.784141363893378,9.961479485967006,9.784141363893378,9.814716339111328,121600,0.0,0
2013-10-01,9.906445016978479,10.01040158052018,9.814717745459967,9.992055892944336,95600,0.0,0
2013-10-02,9.906444418321126,10.132702052946666,9.888098731853932,10.102127075195312,61400,0.0,0
2013-10-03,10.06543696014322,10.096013108076326,9.96759561947885,10.04709243774414,49500,0.0,0
2013-10-04,10.02874425384113,10.065434455871582,9.979823595680363,10.065434455871582,17800,0.0,0
2013-10-07,9.985941759990293,10.03486243253559,9.771913380219312,10.01040267944336,73500,0.0,0
2013-10-08,9.930903371746991,9.99816971704444,9.802487075845178,9.857522964477539,54700,0.0,0
2013-10-09,9.796373186412598,9.863638374542843,9.741337290258315,9.826948165893555,40400,0.0,0
2013-10-10,9.912560167991932,10.01040267944336,9.89421564476297,10.01040267944336,27000,0.0,0
2013-10-11,10.022630945635516,10.108242988586426,9.95536575675496,10.108242988586426,33600,0.0,0
2013-10-14,9.998172182760074,10.193854872217946,9.992056952919413,10.181624412536621,41000,0.0,0
2013-10-15,10.151049512152104,10.163279971932779,10.053208166628394,10.083783149719238,48500,0.0,0
2013-10-16,10.096011223460069,10.193852545860459,10.096011223460069,10.169391632080078,28100,0.0,0
2013-10-17,10.083783067807685,10.212200561739934,10.053208084965204,10.181624412536621,55700,0.0,0
2013-10-18,10.218312915293119,10.273348808288574,10.181622708749694,10.273348808288574,67900,0.0,0
2013-10-21,10.328381538391113,10.3773021875881,10.2978065700281,10.328381538391113,39400,0.0,0
2013-10-22,10.395650297116948,10.456801414489746,10.297808975864692,10.456801414489746,76100,0.0,0
2013-10-23,10.41399628046117,10.420111509009626,10.31003972785859,10.401765823364258,49100,0.0,0
2013-10-24,10.401765587244848,10.530181884765625,10.358960154737922,10.530181884765625,34300,0.0,0
2013-10-25,10.554643394212839,10.591333600381283,10.401766174423594,10.51183795928955,35100,0.0,0
2013-10-28,10.499606400904195,10.609678174229211,10.450685742355354,10.493491172790527,54300,0.0,0
2013-10-29,10.5546425292435,10.572988214004576,10.487376184813412,10.536296844482422,20800,0.0,0
2013-10-30,10.542410850524902,10.57910104943293,10.505720651616876,10.542410850524902,23700,0.0,0
2013-10-31,10.566871738167206,10.634136908295064,10.524065145445345,10.591331481933594,49400,0.0,0
2013-11-01,10.554642946085538,10.640253812297264,10.542412489095128,10.548527717590332,43400,0.0,0
2013-11-04,10.54852958608113,10.621911174661308,10.54852958608113,10.597450256347656,28000,0.0,0
2013-11-05,10.560758321834566,10.591333298376341,10.536297407512674,10.566873550415039,46900,0.0,0
2013-11-06,10.609680445487234,10.640255426240381,10.554644547042964,10.603565216064453,61500,0.0,0
2013-11-07,10.585219406580595,10.621910782697109,10.395651962088227,10.413997650146484,67600,0.0,0
2013-11-08,10.432339965566479,10.505721535919708,10.401764991629587,10.46903133392334,54800,0.0,0
2013-11-11,10.413995982236953,10.530181822248663,10.407880753863619,10.456801414489746,37100,0.0,0
2013-11-12,10.475148114347292,10.493493803287171,10.3650774797904,10.450688362121582,54100,0.0,0
2013-11-13,10.413996334984986,10.566873550415039,10.40176587782404,10.566873550415039,34000,0.0,0
2013-11-14,10.548527569994548,10.548527569994548,10.407880815654488,10.530181884765625,149400,0.0,0
2013-11-15,10.548529499367895,10.572990417480469,10.511839288559806,10.572990417480469,59300,0.0,0
2013-11-18,10.628023806549727,10.628023806549727,10.481261815515326,10.51183795928955,42700,0.0,0
2013-11-19,10.505721805360219,10.560757692946526,10.401765258403923,10.462916374206543,36600,0.0,0
2013-11-20,10.450685917773914,10.572988149379153,10.41399571483655,10.462916374206543,41000,0.0,0
2013-11-21,10.46291522516411,10.542410850524902,10.46291522516411,10.542410850524902,39300,0.0,0
2013-11-22,10.542415163279784,10.59133583729005,10.517955409455086,10.579105377197266,35300,0.0,0
2013-11-25,10.61579704284668,10.62191227305746,10.53630021646744,10.61579704284668,32100,0.0,0
2013-11-26,10.609679312256322,10.640254289743726,10.5607586484601,10.634139060974121,33800,0.0,0
2013-11-27,10.615794832546365,10.670830726623535,10.609679603608829,10.670830726623535,27200,0.0,0
2013-11-29,10.670831084706386,10.70140606405942,10.597449501354127,10.689175605773926,28700,0.0,0
2013-12-02,10.701403736568267,10.738093937084148,10.670828763865106,10.676942825317383,26600,0.0,0
2013-12-03,10.621910417925113,10.719751751487658,10.621910417925113,10.689175605773926,45900,0.0,0
2013-12-04,10.676943926486157,10.750325501446587,10.634138493742809,10.695289611816406,29000,0.0,0
2013-12-05,10.731980954196368,10.731980954196368,10.615795100532148,10.664715766906738,31900,0.0,0
2013-12-06,10.744209882377442,10.7625555670407,10.670829476445457,10.725865364074707,49800,0.0,0
2013-12-09,10.774787990709614,10.799247741699219,10.731981385346518,10.799247741699219,57300,0.0,0
2013-12-10,10.768672761372029,10.811478200374388,10.701406405019329,10.799247741699219,43700,0.0,0
2013-12-11,10.806714317682427,10.819156379320958,10.67606258392334,10.67606258392334,30300,0.302,0
2013-12-12,10.638730818138216,10.725831156614662,10.626287573597834,10.700945854187012,29200,0.0,0
2013-12-13,10.707169754754856,10.769384810937087,10.620069388091832,10.756942749023438,32200,0.0,0
2013-12-16,10.763162907151493,10.819156337596093,10.713391100828902,10.775606155395508,26600,0.0,0
2013-12-17,10.781823633653232,10.831595420837402,10.644951515560015,10.831595420837402,33100,0.0,0
2013-12-18,10.800492488930667,10.819156174361634,10.576518770531486,10.738277435302734,102600,0.0,0
2013-12-19,10.756939267965615,10.862703286599523,10.69472423191682,10.700945854187012,52800,0.0,0
2013-12-20,10.775607849774104,10.844044539223843,10.707171160324368,10.837822914123535,49500,0.0,0
2013-12-23,10.88759148284104,10.999578327957648,10.881369859595306,10.993356704711914,72500,0.0,0
2013-12-24,10.999577818842768,11.018241501062823,10.918697907045054,11.0120210647583,18600,0.0,0
2013-12-26,11.03068606640634,11.080457869368646,10.924920836779767,10.987135887145996,43600,0.0,0
2013-12-27,11.02446204399977,11.04312691104455,10.980911874215082,11.036905288696289,34000,0.0,0
2013-12-30,11.074237516410951,11.074237516410951,10.993358772311568,11.03068733215332,42900,0.0,0
2013-12-31,11.142673547737301,11.142673547737301,11.030686688097175,11.074236869812012,45000,0.0,0
2014-01-02,11.068013400437588,11.07423383613272,10.968468629518561,11.036905288696289,60600,0.0,0
2014-01-03,11.068016606277181,11.080458667924404,10.887593065877544,10.949808120727539,64300,0.0,0
2014-01-06,10.887592002486228,10.90625687311427,10.800491646195413,10.84404182434082,49600,0.0,0
2014-01-07,10.875149033817463,11.09912274047453,10.812933983451234,10.987135887145996,104200,0.0,0
2014-01-08,10.974690251866821,11.092898703177498,10.875146667600923,11.036905288696289,74300,0.0,0
2014-01-09,11.074236869812012,11.148895171789913,10.987136506382337,11.074236869812012,46500,0.0,0
2014-01-10,11.086678292330054,11.117786407470703,11.012021189299013,11.117786407470703,34500,0.0,0
2014-01-13,11.092899490821736,11.148892909278722,10.962248972190912,10.999577522277832,59400,0.0,0
2014-01-14,11.018242947847568,11.186223229804696,10.96847114430324,11.124008178710938,41800,0.0,0
2014-01-15,11.142672636743141,11.223552556161136,11.111565705676746,11.217330932617188,43100,0.0,0
2014-01-16,11.173781188527668,11.23599624633789,11.136452628502944,11.23599624633789,65600,0.0,0
2014-01-17,11.267103544318887,11.267103544318887,11.15511668578365,11.21111011505127,21900,0.0,0
2014-01-21,11.20488723332394,11.37908912556406,11.167558680220097,11.329316139221191,69200,0.0,0
2014-01-22,11.39775240084673,11.447524198754886,11.291987181960245,11.422638893127441,60000,0.0,0
2014-01-23,11.403975191689453,11.509740421406349,11.335538517562817,11.391531944274902,59700,0.0,0
2014-01-24,11.385312479923313,11.478635666578864,11.198668479919434,11.198668479919434,98100,0.0,0
2014-01-27,11.186222081994181,11.235993880431458,10.980913265108754,11.055571556091309,63200,0.0,0
2014-01-28,11.018241882324219,11.061793244535577,10.980913329939195,11.018241882324219,57500,0.0,0
2014-01-29,10.943587872050047,10.987138059922719,10.825379371643066,10.825379371643066,51400,0.0,0
2014-01-30,11.043128381456647,11.043128381456647,10.887591361999512,10.887591361999512,60600,0.0,0
2014-01-31,10.8378208434985,10.900035895961404,10.769384167123965,10.800492286682129,51700,0.0,0
2014-02-03,10.794269589678748,10.831598142784173,10.601404014205196,10.69472599029541,118600,0.0,0
2014-02-04,10.694724613421824,10.75693965168997,10.595181026854052,10.70716667175293,63700,0.0,0
2014-02-05,10.750718817005856,10.750718817005856,10.588960180316333,10.669838905334473,45700,0.0,0
2014-02-06,10.682282422893316,10.78182601928711,10.682282422893316,10.78182601928711,57200,0.0,0
2014-02-07,10.812935571959652,10.980915876630128,10.781828635533369,10.97469425201416,59200,0.0,0
2014-02-10,11.024465707737441,11.03068733215332,10.956030212469816,11.03068733215332,34300,0.0,0
2014-02-11,11.030686434306222,11.235995276704946,11.024464810396754,11.204888343811035,62500,0.0,0
2014-02-12,11.22977541770221,11.248440292364043,11.155118292362102,11.198668479919434,45600,0.0,0
2014-02-13,11.16755960404493,11.310653391658041,11.13645148500725,11.298210144042969,37400,0.0,0
2014-02-14,11.279545582246207,11.347982259354298,11.18622359587827,11.341760635375977,56500,0.0,0
2014-02-18,11.323094390626727,11.379087807121447,11.291986277766789,11.354201316833496,47900,0.0,0
2014-02-19,11.335538683666487,11.354203555061813,11.235995076198217,11.26710319519043,55800,0.0,0
2014-02-20,11.26088015038734,11.366645368307594,11.217329975947223,11.347980499267578,81000,0.0,0
2014-02-21,11.385311908455808,11.3915335330308,11.291989913138016,11.316876411437988,74700,0.0,0
2014-02-24,11.316876411437988,11.466191841277166,11.291989913138016,11.316876411437988,75300,0.0,0
2014-02-25,11.329317224184496,11.403975524195218,11.11778794523653,11.304431915283203,87400,0.0,0
2014-02-26,11.416416676406467,11.441301980739881,11.37286650383309,11.397751808166504,71600,0.0,0
2014-02-27,11.391533338264065,11.528406703266615,11.341761529168647,11.410198211669922,36500,0.0,0
2014-02-28,11.410196667541284,11.534626766767616,11.323096310074874,11.385310173034668,66000,0.0,0
2014-03-03,11.360423849078932,11.459967444895241,11.329315733728045,11.422638893127441,69200,0.0,0
2014-03-04,11.559513253221244,11.721271924046935,11.547070004699231,11.596841812133789,46100,0.0,0
2014-03-05,11.58439960336492,11.62794978598622,11.565734730818589,11.590620040893555,32900,0.0,0
2014-03-06,11.646610893953005,11.646610893953005,11.459966956416404,11.472410202026367,54500,0.0,0
2014-03-07,11.528405701251334,11.584399129948586,11.45374740077052,11.509740829467773,35900,0.0,0
2014-03-10,11.491076050311008,11.584399223327637,11.453747493096419,11.584399223327637,33500,0.0,0
2014-03-11,11.621727780542226,11.640391465822802,11.540847855481605,11.584399223327637,38500,0.0,0
2014-03-12,11.77891903885347,11.77891903885347,11.563489547855156,11.588834762573242,77300,0.337,0
2014-03-13,11.576159500442575,11.59516719859573,11.265687942504883,11.265687942504883,83900,0.0,0
2014-03-14,11.265689168452399,11.322714686169617,11.24668025970459,11.24668025970459,35500,0.0,0
2014-03-17,11.291033290689166,11.405084327326627,11.291033290689166,11.322714805603027,64400,0.0,0
2014-03-18,11.367068678613478,11.557152950056228,11.367068678613478,11.525472640991211,47000,0.0,0
2014-03-19,11.58249469016667,11.58249469016667,11.46210737648025,11.500123977661133,27000,0.0,0
2014-03-20,11.664865291173646,11.734563406998358,11.436763245584462,11.576159477233887,61400,0.0,0
2014-03-21,11.690212906887211,11.690212906887211,11.455774510816584,11.525472640991211,54600,0.0,0
2014-03-24,11.544479164762015,11.60784098495151,11.31004200114494,11.354394912719727,79400,0.0,0
2014-03-25,11.468445684757327,11.601504416434981,11.373403560912406,11.595168113708496,65600,0.0,0
2014-03-26,11.607841667871657,11.67753979503325,11.493790626525879,11.493790626525879,107900,0.0,0
2014-03-27,11.506464023265817,11.607842465085453,11.392412974087138,11.588834762573242,57500,0.0,0
2014-03-28,11.601502881506061,11.652192088085362,11.525469675900114,11.550813674926758,52700,0.0,0
2014-03-31,11.58883540568386,11.607843109250883,11.54448127746582,11.54448127746582,72000,0.0,0
2014-04-01,11.607840942671983,11.810597799718904,11.601504639823492,11.766244888305664,68500,0.0,0
2014-04-02,11.848618301607203,11.90564383163893,11.810600475901738,11.880298614501953,75500,0.0,0
2014-04-03,11.962665442504095,11.962665442504095,11.671202762630696,11.766244888305664,80800,0.0,0
2014-04-04,11.797925864931203,11.8549501709167,11.386074658230225,11.411419868469238,137100,0.0,0
2014-04-07,11.405084701017532,11.443101311633571,11.278361054262387,11.398748397827148,91900,0.0,0
2014-04-08,11.468449704358038,11.481122314252657,11.151641708152162,11.278364181518555,131000,0.0,0
2014-04-09,11.303707856920523,11.544481369389219,11.303707856920523,11.538145065307617,51800,0.0,0
2014-04-10,11.633186503516978,11.68387571930137,11.405084428224102,11.417757034301758,78600,0.0,0
2014-04-11,11.354394900647721,11.424093023634684,11.227671260403461,11.253016471862793,51400,0.0,0
2014-04-14,11.411420125431608,11.48745334080848,11.22767097263952,11.291032791137695,72500,0.0,0
2014-04-15,11.335386385098536,11.398748207417686,11.227671649713855,11.310042381286621,63400,0.0,0
2014-04-16,11.443099901236565,11.443099901236565,11.297368571398364,11.430428504943848,55400,0.0,0
2014-04-17,11.455770760410745,11.52546886776751,11.354392354360503,11.436761856079102,66100,0.0,0
2014-04-21,11.46210737648025,11.525469184132364,11.392409267210327,11.500123977661133,55800,0.0,0
2014-04-22,11.52547244294656,11.76624592987187,11.51913613953717,11.658531188964844,59200,0.0,0
2014-04-23,11.645856317186626,11.72822703696242,11.588832014645167,11.683874130249023,32700,0.0,0
2014-04-24,11.804259597565556,11.848613710368417,11.702881185353878,11.747235298156738,70800,0.0,0
2014-04-25,11.77891853669065,11.77891853669065,11.601505666806636,11.658531188964844,35900,0.0,0
2014-04-28,11.74723938848514,11.753574483993967,11.563490197042197,11.728230476379395,55400,0.0,0
2014-04-29,11.848616782664127,11.848616782664127,11.728229433749584,11.835944175720215,46500,0.0,0
2014-04-30,11.83593971469364,11.949990717149817,11.772577912381779,11.918309211730957,56300,0.0,0
2014-05-01,11.975334712959045,12.032360214187134,11.873956312670412,11.918309211730957,76600,0.0,0
2014-05-02,11.873961063280666,11.949995498180414,11.683876788820811,11.715557098388672,78600,0.0,0
2014-05-05,11.721889674741314,11.728225976345371,11.601502361316163,11.709217071533203,114800,0.0,0
2014-05-06,11.747234294639938,11.747234294639938,11.633183288513196,11.664863586425781,53200,0.0,0
2014-05-07,11.702882766723633,11.715555372093998,11.588832943968841,11.702882766723633,75700,0.0,0
2014-05-08,11.702884104304271,11.79792744691882,11.626850880444197,11.658531188964844,60700,0.0,0
2014-05-09,11.671203997955867,11.671203997955867,11.576161862221271,11.626851081848145,70300,0.0,0
2014-05-12,11.658532340518082,11.74723938848514,11.658532340518082,11.728230476379395,47000,0.0,0
2014-05-13,11.759909721123968,11.766246024584364,11.690212800112258,11.753573417663574,47400,0.0,0
2014-05-14,11.740901649521676,11.740901649521676,11.664867218917754,11.677539825439453,68100,0.0,0
2014-05-15,11.709220499411428,11.797927539311274,11.538143931597062,11.65219497680664,59200,0.0,0
2014-05-16,11.690212819094814,11.740902038333964,11.620514689443613,11.734565734863281,45500,0.0,0
2014-05-19,11.71555653284773,11.772582054138184,11.690212528122133,11.772582054138184,32800,0.0,0
2014-05-20,11.740903084449892,11.772583396099712,11.7028852602384,11.728230476379395,32500,0.0,0
2014-05-21,11.72188912412068,11.956327438354492,11.715552822814264,11.956327438354492,60000,0.0,0
2014-05-22,12.038702102974932,12.095727630671137,11.949996263681467,12.032365798950195,52300,0.0,0
2014-05-23,12.152749979450764,12.152749979450764,11.994346045846925,12.070379257202148,43500,0.0,0
2014-05-27,12.17175903328364,12.17175903328364,12.0387002943336,12.127406120300293,66800,0.0,0
2014-05-28,12.146414956304996,12.159087562374207,12.07671683145057,12.114734649658203,25300,0.0,0
2014-05-29,12.197102923434372,12.203439225820329,12.108397107083205,12.152750015258789,34000,0.0,0
2014-05-30,12.165423550718243,12.190767553674844,11.943657784348538,11.949994087219238,47500,0.0,0
2014-06-02,11.92465104758252,12.070382414572192,11.911978439533048,12.032365798950195,46800,0.0,0
2014-06-03,11.969000762491756,12.06404408888823,11.969000762491756,12.057707786560059,38000,0.0,0
2014-06-04,12.000684357183854,12.159088317305244,11.994348053755841,12.146415710449219,39000,0.0,0
2014-06-05,12.114734847025671,12.380853536183412,12.114734847025671,12.304819107055664,71600,0.0,0
2014-06-06,12.292149468021,12.336502392166073,12.197107315063477,12.197107315063477,70900,0.0,0
2014-06-09,12.292147732944493,12.292147732944493,12.064046839748924,12.083054542541504,61700,0.0,0
2014-06-10,12.121069256777766,12.228783986982377,12.121069256777766,12.184431076049805,53100,0.0,0
2014-06-11,12.446914610237094,12.446914610237094,12.182498377455625,12.234091758728027,75500,0.337,0
2014-06-12,12.440467244730444,12.446915341445463,12.059965574212253,12.079312324523926,61300,0.0,0
2014-06-13,12.182495830147149,12.195394480289005,12.10510638946197,12.150250434875488,47300,0.0,0
2014-06-16,12.15670036950289,12.28568318713992,12.085759020248544,12.266336441040039,57100,0.0,0
2014-06-17,12.343726964019458,12.48560967492378,12.221193461071556,12.446913719177246,60100,0.0,0
2014-06-18,12.51785675958672,12.51785675958672,12.253440510142934,12.41466999053955,49800,0.0,0
2014-06-19,12.395318405762357,12.51785311965658,12.279234246901625,12.40176773071289,68800,0.0,0
2014-06-20,12.356624919269867,12.414667619534075,12.182496818477242,12.195395469665527,49900,0.0,0
2014-06-23,12.298581978255825,12.298581978255825,12.12445388087183,12.1631498336792,46900,0.0,0
2014-06-24,12.201843733115476,12.201843733115476,12.047063622578555,12.059962272644043,45500,0.0,0
2014-06-25,12.098660887231333,12.098660887231333,12.014820864901129,12.072863578796387,66500,0.0,0
2014-06-26,12.188945155218077,12.188945155218077,11.943876952937702,12.150250434875488,70600,0.0,0
2014-06-27,12.188945396060177,12.188945396060177,12.053513257143612,12.182496070861816,48800,0.0,0
2014-06-30,12.156700099837328,12.188945496010543,12.079309426905391,12.111556053161621,63200,0.0,0
2014-07-01,12.214742526755721,12.253437247324033,12.105106460076344,12.240538597106934,65200,0.0,0
2014-07-02,12.195396823460046,12.31793156318502,12.18894749714997,12.246990203857422,60000,0.0,0
2014-07-03,12.259886368084086,12.44046377786465,12.259886368084086,12.330827713012695,39900,0.0,0
2014-07-07,12.3308300349645,12.408219489383983,12.272787329108287,12.305032730102539,19200,0.0,0
2014-07-08,12.279235640940817,12.279235640940817,12.169599564500878,12.214743614196777,47000,0.0,0
2014-07-09,12.240540877547348,12.246990203857422,12.169600748302965,12.246990203857422,37500,0.0,0
2014-07-10,12.092207571619783,12.259886330889533,12.053512851813828,12.208292961120605,26800,0.0,0
2014-07-11,12.195393639942772,12.28568172454834,12.156698922266514,12.28568172454834,34400,0.0,0
2014-07-14,12.382424749111554,12.382424749111554,12.298584729357588,12.311483383178711,53600,0.0,0
2014-07-15,12.382422045795561,12.38887014121505,12.188945970968186,12.253437995910645,30500,0.0,0
2014-07-16,12.259886571991427,12.40176803412546,12.259886571991427,12.3179292678833,45600,0.0,0
2014-07-17,12.298581978255825,12.324379280127404,12.13735253180762,12.1631498336792,50200,0.0,0
2014-07-18,12.143801718714274,12.298581837928536,12.118005647220084,12.266336441040039,42800,0.0,0
2014-07-21,12.20184387653862,12.279234547758234,12.20184387653862,12.240538597106934,38900,0.0,0
2014-07-22,12.324378085463398,12.350174154751377,12.26633539196177,12.337275505065918,42000,0.0,0
2014-07-23,12.382419659200535,12.434013023193753,12.337274389383996,12.395317077636719,103600,0.0,0
2014-07-24,12.408220663713688,12.41466999053955,12.363076606015966,12.41466999053955,27200,0.0,0
2014-07-25,12.421116867025766,12.421116867025766,12.311480792780872,12.388870239257812,29600,0.0,0
2014-07-28,12.343725747113085,12.388869794283696,12.31148035058637,12.369523048400879,29200,0.0,0
2014-07-29,12.388870239257812,12.414667541472175,12.317930118334463,12.388870239257812,34800,0.0,0
2014-07-30,12.453362975403953,12.453362975403953,12.350176220823949,12.434016227722168,25900,0.0,0
2014-07-31,12.414666684788823,12.414666684788823,12.208293201647171,12.240538597106934,56400,0.0,0
2014-08-01,11.59562038662062,12.227639461156205,11.59562038662062,12.09865665435791,119100,0.0,0
2014-08-04,12.098657303449134,12.214742696853623,12.047063931945251,12.182496070861816,30500,0.0,0
2014-08-05,12.182497922311692,12.182497922311692,12.027717784277144,12.092209815979004,34100,0.0,0
2014-08-06,12.066409282196357,12.188943986630296,12.034163890016151,12.0857572555542,88700,0.0,0
2014-08-07,12.098657540178454,12.14380158736729,11.969673493853467,12.008369445800781,25000,0.0,0
2014-08-08,12.027714565563537,12.0857572555542,11.982570524478104,12.0857572555542,30500,0.0,0
2014-08-11,12.124452353145628,12.195393694270544,12.079308310641737,12.169597625732422,36000,0.0,0
2014-08-12,12.163149459546862,12.21474283161998,12.09865743693471,12.156700134277344,38300,0.0,0
2014-08-13,12.214741745175619,12.279233762051506,12.156699052995611,12.259885787963867,32900,0.0,0
2014-08-14,12.317928760620667,12.343724829908648,12.163148654643972,12.337275505065918,29400,0.0,0
2014-08-15,12.36952171461028,12.38886845840696,12.201842964569298,12.28568172454834,72100,0.0,0
2014-08-18,12.350175483678791,12.388870206815936,12.330828737151755,12.34372615814209,74600,0.0,0
2014-08-19,12.414670362922093,12.421119689941406,12.363076976850946,12.421119689941406,39000,0.0,0
2014-08-20,12.350175516019343,12.414667541472175,12.350175516019343,12.388870239257812,47100,0.0,0
2014-08-21,12.41466999053955,12.453364721411411,12.408220663713688,12.41466999053955,37800,0.0,0
2014-08-22,12.453362601148505,12.453362601148505,12.375973152580823,12.427566528320312,42900,0.0,0
2014-08-25,12.421116861263062,12.4985063077041,12.421116861263062,12.46626091003418,63000,0.0,0
2014-08-26,12.504953352189267,12.537199974060059,12.459809311653007,12.537199974060059,61600,0.0,0
2014-08-27,12.550099398233748,12.750024795532227,12.48560860435222,12.750024795532227,64900,0.0,0
2014-08-28,12.61459098412431,12.61459098412431,12.530752216940014,12.575896263122559,29600,0.0,0
2014-08-29,12.627488511086328,12.63393783569336,12.556547170491884,12.63393783569336,34000,0.0,0
2014-09-02,12.614594578871829,12.691985273012156,12.517857133758936,12.543654441833496,44500,0.0,0
2014-09-03,12.73712473184675,12.73712473184675,12.466259245307958,12.498504638671875,48600,0.0,0
2014-09-04,12.485606891015667,12.640386989241124,12.434013524940514,12.61458969116211,65000,0.0,0
2014-09-05,12.64038831983421,12.698431016538994,12.517853601226003,12.621040344238281,53400,0.0,0
2014-09-08,12.698434600030795,12.698434600030795,12.537205114814855,12.543654441833496,31800,0.0,0
2014-09-09,12.582344014596318,12.601691987718793,12.517852000937584,12.537199974060059,60100,0.0,0
2014-09-10,12.698430640620513,12.730676035576145,12.562997275624326,12.691981315612793,51500,0.0,0
2014-09-11,12.676892532789235,12.676892532789235,12.565346325139881,12.637523651123047,48700,0.337,0
2014-09-12,12.624397548608549,12.624397548608549,12.552220238203777,12.60471248626709,24200,0.0,0
2014-09-15,12.624397323618851,12.624397323618851,12.466920582235439,12.486605644226074,67300,0.0,0
2014-09-16,12.40130531647733,12.617835998535156,12.40130531647733,12.617835998535156,52200,0.0,0
2014-09-17,12.604712925761863,12.709698677062988,12.53909855203035,12.709698677062988,53600,0.0,0
2014-09-18,12.696575191342783,12.755629128398967,12.690013503723879,12.716259002685547,43500,0.0,0
2014-09-19,12.729381942154996,12.775312502401022,12.690013069303246,12.703136444091797,23800,0.0,0
2014-09-22,12.768750890446018,12.768750890446018,12.558781898644295,12.585028648376465,34000,0.0,0
2014-09-23,12.585031799807263,12.650647439054659,12.545662916864513,12.630962371826172,30900,0.0,0
2014-09-24,12.585031681362137,12.696577891578617,12.565346614318917,12.683454513549805,24800,0.0,0
2014-09-25,12.657207855449279,12.657207855449279,12.434115455348595,12.519414901733398,38700,0.0,0
2014-09-26,12.604714233727123,12.624399298797629,12.39474521236473,12.571907043457031,47700,0.0,0
2014-09-29,12.519416399177679,12.55878528287079,12.447239069478433,12.525978088378906,26300,0.0,0
2014-09-30,12.532539804301678,12.670331523278488,12.52597811508646,12.657209396362305,108900,0.0,0
2014-10-01,12.75563051792055,12.75563051792055,12.40130685698555,12.440675735473633,52500,0.0,0
2014-10-02,12.440674317213785,12.480044442727683,12.24382869570005,12.361936569213867,90000,0.0,0
2014-10-03,12.388181072184288,12.657205235513919,12.388181072184288,12.499727249145508,64300,0.0,0
2014-10-06,12.506289650693864,12.62439752146081,12.473482465042562,12.585028648376465,46200,0.0,0
2014-10-07,12.480045909489506,12.611275922083959,12.414430277435237,12.571907043457031,38300,0.0,0
2014-10-08,12.51941474361809,12.788437707721712,12.473484176797578,12.775314331054688,66600,0.0,0
2014-10-09,12.834366985962633,12.834366985962633,12.585029111893249,12.663766860961914,63400,0.0,0
2014-10-10,12.585030050348518,12.598153426676546,12.361937658828221,12.37506103515625,95700,0.0,0
2014-10-13,12.45379793953377,12.45379793953377,12.230705563250112,12.3225679397583,44800,0.0,0
2014-10-14,12.296323332869422,12.322570088309254,12.151969932492904,12.171653747558594,40000,0.0,0
2014-10-15,12.171651287869055,12.171651287869055,11.587674864000821,11.941998481750488,135300,0.0,0
2014-10-16,11.712345432172585,12.355375847676576,11.712345432172585,12.092914581298828,66000,0.0,0
2014-10-17,12.466922488808411,12.466922488808411,12.184776148029966,12.440675735473633,49000,0.0,0
2014-10-20,12.368500193513185,12.899984456033545,12.368500193513185,12.781876564025879,101900,0.0,0
2014-10-21,12.867174078523412,13.267426972705831,12.83436564358136,13.188689231872559,121800,0.0,0
2014-10-22,13.155884350176391,13.188692793979609,12.867177553793068,12.873739242553711,63900,0.0,0
2014-10-23,12.88685888264771,13.116512938912626,12.794997760747313,12.801559448242188,205900,0.0,0
2014-10-24,13.044336127987266,13.044336127987266,12.788436563447851,12.945913314819336,88600,0.0,0
2014-10-27,13.359292285530861,13.359292285530861,12.88686073027729,12.985284805297852,55300,0.0,0
2014-10-28,12.998408727611803,13.096831564724667,12.945916464383991,12.991847038269043,89700,0.0,0
2014-10-29,13.050895522211837,13.050895522211837,12.932787666560621,13.018088340759277,59000,0.0,0
2014-10-30,13.024654388427734,13.129638906044637,12.919669870810834,13.024654388427734,50300,0.0,0
2014-10-31,13.175570078182753,13.18213176727295,13.02465498365095,13.18213176727295,87800,0.0,0
2014-11-03,13.22805949720066,13.273990059449126,13.136198372703724,13.2477445602417,80500,0.0,0
2014-11-04,13.241184937042757,13.280553817749023,13.044338030483118,13.280553817749023,77900,0.0,0
2014-11-05,13.35272895146709,13.35272895146709,13.22149770195572,13.300236701965332,127300,0.0,0
2014-11-06,13.34617050045864,13.752985219876601,13.333047122022126,13.628316879272461,56200,0.0,0
2014-11-07,13.726735798251944,13.85796704214805,13.47083624931982,13.746420860290527,98800,0.0,0
2014-11-10,13.69392813839655,13.77266588079401,13.569258586167749,13.621750831604004,64600,0.0,0
2014-11-11,13.66111980721747,13.66111980721747,13.46427419820544,13.569258689880371,98700,0.0,0
2014-11-12,13.582383155822754,13.641437093575249,13.46427528031776,13.582383155822754,46800,0.0,0
2014-11-13,13.674246636170622,13.733300584096193,13.50364648122055,13.595507621765137,68900,0.0,0
2014-11-14,13.536451970058016,13.536451970058016,13.46427590507787,13.470837593078613,66600,0.0,0
2014-11-17,13.464278243114741,13.608631649655642,13.392100914087171,13.483962059020996,76200,0.0,0
2014-11-18,13.44459195154134,13.654560978851613,13.378976317628352,13.503645896911621,56400,0.0,0
2014-11-19,13.510205205585615,13.57582082794019,13.359290150229823,13.378973960876465,57700,0.0,0
2014-11-20,13.365853309631348,13.431467687698296,13.306799368159863,13.365853309631348,132500,0.0,0
2014-11-21,13.497080766104315,13.529889200450484,13.372411218616481,13.431465148925781,61400,0.0,0
2014-11-24,13.543012316533257,13.543012316533257,13.451151196650336,13.497081756591797,47000,0.0,0
2014-11-25,13.582384085445085,13.602067898367167,13.444591137420279,13.516768455505371,70300,0.0,0
2014-11-26,13.549574932989488,13.739860124668002,13.549574932989488,13.70048999786377,70000,0.0,0
2014-11-28,13.877650122659281,13.877650122659281,13.720173389176122,13.864526748657227,13100,0.0,0
2014-12-01,13.844846276824002,13.877653468224324,13.66112275104546,13.720176696777344,47200,0.0,0
2014-12-02,13.766104729942967,13.871089224905221,13.621751362248343,13.831720352172852,43300,0.0,0
2014-12-03,13.871090153848506,13.897336905103758,13.700490025231323,13.766105651855469,44900,0.0,0
2014-12-04,13.76610524353316,13.831720868211052,13.680805807511662,13.772666931152344,37000,0.0,0
2014-12-05,13.910460856242475,13.910460856242475,13.772667909479528,13.83828353881836,34400,0.0,0
2014-12-08,13.8382843331295,15.485230591649316,13.785792076948212,13.805477142333984,74300,0.0,0
2014-12-09,13.83828098304512,14.107303887286218,13.680804252624512,13.680804252624512,82900,0.0,0
2014-12-10,13.6941540547308,13.6941540547308,13.180289305432538,13.227004051208496,171100,0.35,0
2014-12-11,13.180288603630887,13.574028972607831,13.180288603630887,13.200309753417969,96900,0.0,0
2014-12-12,13.11355343079607,13.307087404056881,13.11355343079607,13.14024829864502,45800,0.0,0
2014-12-15,13.180287077386945,13.273716553145192,13.006774284635101,13.07351016998291,76000,0.0,0
2014-12-16,12.98008413342534,13.186964287225445,12.853286044956223,12.960062980651855,57000,0.0,0
2014-12-17,12.926691104239895,13.07350902079456,12.753178326740182,12.973405838012695,121900,0.0,0
2014-12-18,13.220330966118034,13.353802765755455,13.02012453954332,13.160268783569336,251700,0.0,0
2014-12-19,13.24702477847454,13.320433116826017,13.100205556008955,13.153594017028809,123100,0.0,0
2014-12-22,13.46725253593372,13.46725253593372,13.053491002327327,13.16694164276123,85900,0.0,0
2014-12-23,13.387167419907803,13.387167419907803,13.133572578430174,13.133572578430176,101200,0.0,0
2014-12-24,13.053490152504596,13.227002960276776,13.053490152504596,13.173614501953125,104200,0.0,0
2014-12-26,13.180291967884873,13.247027877994789,13.160270812987413,13.213659286499023,96600,0.0,0
2014-12-29,13.160267357816767,13.22032953385847,13.160267357816767,13.193635940551758,102100,0.0,0
2014-12-30,13.18696403503418,13.220331349470385,13.133575568207378,13.18696403503418,154200,0.0,0
2014-12-31,13.100207846256634,13.213658504868032,12.839939212393471,12.846612930297852,211300,0.0,0
2015-01-02,12.853283730058711,13.000101671977683,12.739833097204562,12.886651039123535,159200,0.0,0
2015-01-05,12.899999659010893,12.899999659010893,12.566321446131271,12.659750938415527,148100,0.0,0
2015-01-06,12.57966594285305,12.69311655965726,12.526277492173483,12.56631851196289,133200,0.0,0
2015-01-07,12.579667988591593,12.679771190784692,12.559646839000463,12.619709014892578,264100,0.0,0
2015-01-08,12.713139760598763,12.799896811211175,12.69311988190467,12.773201942443848,170200,0.0,0
2015-01-09,12.786548479828857,12.813243346723494,12.699792708183915,12.733160018920898,113700,0.0,0
2015-01-12,12.699794163845423,12.699794163845423,12.613037109375,12.613037109375,55200,0.0,0
2015-01-13,12.613035451474426,12.806569414560869,12.512932248066155,12.586341857910156,82400,0.0,0
2015-01-14,12.406154825618549,12.512931741313928,12.346092651429743,12.419502258300781,142900,0.0,0
2015-01-15,12.446196768663757,12.472891635996909,12.312726250641994,12.372788429260254,83300,0.0,0
2015-01-16,12.266010118018173,12.472891519270016,12.266010118018173,12.45287036895752,93600,0.0,0
2015-01-20,12.432849447561603,12.526280211192207,12.366114824387186,12.512932777404785,94000,0.0,0
2015-01-21,12.512933921803382,12.606363421097447,12.419504422509318,12.526281356811523,80500,0.0,0
2015-01-22,12.626384326857394,12.773202290433359,12.472892645907782,12.753182411193848,134300,0.0,0
2015-01-23,12.759857847628338,12.779877729565008,12.706469374327868,12.739836692810059,121800,0.0,0
2015-01-26,12.71314181971902,12.753184129355578,12.68644821950959,12.739836692810059,67800,0.0,0
2015-01-27,12.5996876880722,12.5996876880722,12.4395223122399,12.51960563659668,89800,0.0,0
2015-01-28,12.619710822666427,12.706467877107997,12.452871704151132,12.47956657409668,144900,0.0,0
2015-01-29,12.44619956617348,12.559650232076812,12.35277005527013,12.546302795410156,73500,0.0,0
2015-01-30,12.47289161546834,12.566321105217936,12.379460852837411,12.45954418182373,89100,0.0,0
2015-02-02,12.40615724002935,12.472893143547006,12.252665552955778,12.43285083770752,112200,0.0,0
2015-02-03,12.459543653279185,12.566320572143821,12.459543653279185,12.532953262329102,123200,0.0,0
2015-02-04,12.472891748923866,12.593016107247967,12.466218032030156,12.512932777404785,98600,0.0,0
2015-02-05,12.492909959348612,12.579666994506416,12.492909959348612,12.572993278503418,87100,0.0,0
2015-02-06,12.539626785906188,12.606361404508702,12.45954346154941,12.51960563659668,121700,0.0,0
2015-02-09,12.432847604780275,12.532952070467228,12.426175161756891,12.47288990020752,151100,0.0,0
2015-02-10,12.512932248066155,12.606361734863036,12.486237381620594,12.586341857910156,166300,0.0,0
2015-02-11,12.519609194958464,12.639733579195125,12.512935476625136,12.546302795410156,234000,0.0,0
2015-02-12,12.59301508887452,12.706465721130371,12.59301508887452,12.706465721130371,171500,0.0,0
2015-02-13,12.673097276054635,12.799895342386193,12.673097276054635,12.759854316711426,136100,0.0,0
2015-02-17,12.74650620700606,12.74650620700606,12.706465183457516,12.71313762664795,114500,0.0,0
2015-02-18,12.713138301729401,12.786547909534185,12.69979214175865,12.759854316711426,83200,0.0,0
2015-02-19,12.713137958384985,12.8399360212921,12.713137958384985,12.779873847961426,90600,0.0,0
2015-02-20,12.786548880502231,12.899999522596847,12.719812984055748,12.893325805664062,107000,0.0,0
2015-02-23,12.906673718453849,12.953388465835411,12.873306405433132,12.926694869995117,127300,0.0,0
2015-02-24,12.879977555354612,12.993428190257749,12.879977555354612,12.9467134475708,141500,0.0,0
2015-02-25,12.913347125481096,13.040145203100899,12.913347125481096,12.993429183959961,124500,0.0,0
2015-02-26,12.946715482910646,13.040146255853973,12.946715482910646,13.000103950500488,128700,0.0,0
2015-02-27,12.986752801717897,13.060162400992425,12.960059211996956,13.006773948669434,102000,0.0,0
2015-03-02,12.980082492510666,13.080185697960301,12.980082492510666,13.066838264465332,97000,0.0,0
2015-03-03,12.953385689781262,13.066836311771933,12.953385689781262,13.020121574401855,83100,0.0,0
2015-03-04,13.033466952819865,13.053486824035645,12.946709934615058,13.053486824035645,88800,0.0,0
2015-03-05,13.03346914792668,13.113551192039138,13.03346914792668,13.07351016998291,111900,0.0,0
2015-03-06,13.046819628164686,13.086861936365192,12.926696522207852,12.953390121459961,85400,0.0,0
2015-03-09,12.953388154720528,13.006776618000229,12.946714437700395,12.993429183959961,89700,0.0,0
2015-03-10,12.91334662939807,12.960061373863029,12.806569706940644,12.826589584350586,162000,0.0,0
2015-03-11,12.88776687167961,12.88776687167961,12.751820735080473,12.792604446411133,113900,0.35,0
2015-03-12,12.799399183244146,12.867372885107859,12.779006683737874,12.853777885437012,86000,0.0,0
2015-03-13,12.812993421103752,12.88096711892601,12.745019723281494,12.799398422241211,71800,0.0,0
2015-03-16,12.792601780500647,12.9421441850339,12.792601780500647,12.91495418548584,57900,0.0,0
2015-03-17,12.826589182585842,12.962535289822739,12.826589182585842,12.853777885437012,100600,0.0,0
2015-03-18,12.785801666131148,13.078087619052516,12.785801666131148,13.037303924560547,116300,0.0,0
2015-03-19,13.003319834354581,13.112078542273338,12.996523630569607,13.064496040344238,38300,0.0,0
2015-03-20,13.091684632414024,13.152860831819407,13.071292133782071,13.098482131958008,73700,0.0,0
2015-03-23,13.044107605453053,13.132472534815543,13.044107605453053,13.084891319274902,78000,0.0,0
2015-03-24,13.023712354476277,13.098483561127882,12.96933364868164,12.96933364868164,68100,0.0,0
2015-03-25,12.948943467137505,12.989728476156532,12.779009819030762,12.779009819030762,102400,0.0,0
2015-03-26,12.670250343012063,12.758616551800337,12.643061637878418,12.643061637878418,168300,0.0,0
2015-03-27,12.602277048626965,12.792601860694333,12.602277048626965,12.717830657958984,64500,0.0,0
2015-03-30,12.697442021142658,12.826591952929023,12.697442021142658,12.792604446411133,123900,0.0,0
2015-03-31,12.704239063884113,12.867375199809128,12.704239063884113,12.745022773742676,143400,0.0,0
2015-04-01,12.779008310872833,12.779008310872833,12.609074682821381,12.67025089263916,117700,0.0,0
2015-04-02,12.520710624082753,12.670251760271647,12.520710624082753,12.609075546264648,148200,0.0,0
2015-04-06,12.50711366122522,12.76541347909684,12.500316161124328,12.711034774780273,80400,0.0,0
2015-04-07,12.66345405753479,12.812996487834123,12.66345405753479,12.745022773742676,75800,0.0,0
2015-04-08,12.697439869650012,12.812994779249248,12.697439869650012,12.772211074829102,52200,0.0,0
2015-04-09,12.717833598442255,12.860578536987305,12.717833598442255,12.860578536987305,56100,0.0,0
2015-04-10,12.799399761556744,12.91495467099899,12.799399761556744,12.8673734664917,81100,0.0,0
2015-04-13,12.826590912148555,12.928550830447335,12.812995910644531,12.812995910644531,76200,0.0,0
2015-04-14,12.812995910644531,12.853779618665902,12.765414701871148,12.812995910644531,92100,0.0,0
2015-04-15,12.894562751953814,12.908157752851885,12.833386544403137,12.880969047546387,88600,0.0,0
2015-04-16,12.833386802413488,12.93534801470827,12.833386802413488,12.901360511779785,88700,0.0,0
2015-04-17,12.83338731758587,12.83338731758587,12.697441189886641,12.758617401123047,108600,0.0,0
2015-04-20,12.84018736107663,12.894566082222617,12.792606142135263,12.84698486328125,71000,0.0,0
2015-04-21,12.935347443743971,12.96933364868164,12.901359942315691,12.96933364868164,71900,0.0,0
2015-04-22,12.948938873255234,13.01011506858951,12.880966475319713,12.982926368713379,61900,0.0,0
2015-04-23,12.982928164008367,13.044104367802163,12.935346960277762,13.016914367675781,55100,0.0,0
2015-04-24,13.078093067391235,13.152864285518124,13.071295566062352,13.112080574035645,95300,0.0,0
2015-04-27,13.193645019180565,13.193645019180565,13.023711413785152,13.050901412963867,79600,0.0,0
2015-04-28,13.016913704843347,13.08488740520746,12.955737504164697,13.023711204528809,90600,0.0,0
2015-04-29,12.955739426500372,13.044105639032395,12.928550720214844,12.928550720214844,65500,0.0,0
2015-04-30,12.880969530993331,12.914955738023432,12.738224609187386,12.751819610595703,74100,0.0,0
2015-05-01,12.792602437599097,12.914954848868986,12.792602437599097,12.908157348632812,53100,0.0,0
2015-05-04,12.91495418548584,12.989725387752467,12.91495418548584,12.91495418548584,57700,0.0,0
2015-05-05,12.833387116409865,12.901360827439287,12.785805907636481,12.812995910644531,54900,0.0,0
2015-05-06,12.792603899210906,12.853780111835503,12.697441478012976,12.76541519165039,95000,0.0,0
2015-05-07,12.717830014643843,12.894561114402787,12.717830014643843,12.806196212768555,64200,0.0,0
2015-05-08,12.860576721303872,12.94894163536319,12.860576721303872,12.9217529296875,73400,0.0,0
2015-05-11,12.85377788543701,12.948940290151892,12.85377788543701,12.853777885437012,93300,0.0,0
2015-05-12,12.779008003385197,12.894562919539336,12.745021797188958,12.840184211730957,61800,0.0,0
2015-05-13,12.85377950907093,12.969334427888482,12.85377950907093,12.928550720214844,51000,0.0,0
2015-05-14,12.914951544594366,13.044101423057587,12.914951544594366,13.037303924560547,164200,0.0,0
2015-05-15,13.010116286348977,13.071292487409405,12.962535084744312,13.003318786621094,108800,0.0,0
2015-05-18,12.962537649813878,13.084890076146236,12.962537649813878,13.078092575073242,94300,0.0,0
2015-05-19,13.030506426063507,13.084885117549556,13.003316432075346,13.037303924560547,78000,0.0,0
2015-05-20,13.016914845936435,13.186848463498245,13.016914845936435,13.146064758300781,127400,0.0,0
2015-05-21,13.084887492986386,13.186847395971297,13.044103791090524,13.180049896240234,63100,0.0,0
2015-05-22,13.180049896240234,13.214037394895543,13.091684992717449,13.180049896240234,104700,0.0,0
2015-05-26,13.118874765494237,13.200443472431498,12.928549943458316,12.96933364868164,98500,0.0,0
2015-05-27,12.94894168037209,13.200444015322383,12.94894168037209,13.173254013061523,84700,0.0,0
2015-05-28,13.098482393642545,13.159658594270121,13.05769739556383,13.118873596191406,58700,0.0,0
2015-05-29,13.084890193773298,13.132471405221223,13.037308982325374,13.044106483459473,77700,0.0,0
2015-06-01,13.132471287166426,13.13926878823942,13.003321359761076,13.078092575073242,73200,0.0,0
2015-06-02,12.94893945399267,13.078089349545001,12.94893945399267,12.996521949768066,97400,0.0,0
2015-06-03,13.010117623523488,13.105281333004212,13.010117623523488,13.071293830871582,84300,0.0,0
2015-06-04,12.969334427888482,13.057699343929814,12.90815821813268,12.928550720214844,101500,0.0,0
2015-06-05,12.90815821813268,12.955739426500372,12.860577009764986,12.928550720214844,80800,0.0,0
2015-06-08,12.880969222928636,12.942145431312264,12.853779220762284,12.9217529296875,133200,0.0,0
2015-06-09,12.88096875731492,12.914954962303684,12.82659005143853,12.874171257019043,84200,0.0,0
2015-06-10,12.85377873680671,13.023712354476277,12.85377873680671,12.96933364868164,153300,0.0,0
2015-06-11,13.066275116888981,13.121669974651793,13.010880259126171,13.073198318481445,113700,0.35,0
2015-06-12,13.059350806515251,13.08012305306492,12.997031425431029,13.010880470275879,79900,0.0,0
2015-06-15,12.941634347365934,13.01087823899772,12.879314976969065,12.990104675292969,56000,0.0,0
2015-06-16,12.920863417439472,12.99010732318588,12.920863417439472,12.976258277893066,79500,0.0,0
2015-06-17,13.038579624228742,13.080125445645132,12.962411184367149,13.017806053161621,60700,0.0,0
2015-06-18,13.010882520295326,13.149369028411211,13.010882520295326,13.135519981384277,119700,0.0,0
2015-06-19,13.17706510088088,13.17706510088088,13.038577293293544,13.0524263381958,48500,0.0,0
2015-06-22,13.156292490317387,13.170141536226815,13.093973104442679,13.128594398498535,41700,0.0,0
2015-06-23,13.087048055622864,13.177065529699336,13.087048055622864,13.156291961669922,59200,0.0,0
2015-06-24,13.11474609375,13.190913201450508,13.11474609375,13.11474609375,60300,0.0,0
2015-06-25,13.10782045458008,13.18398887651023,13.066274642944336,13.066274642944336,39800,0.0,0
2015-06-26,13.11474432928033,13.128592051997012,12.969332014656626,13.024726867675781,85700,0.0,0
2015-06-29,12.872393716806451,12.920864057012887,12.740830421447754,12.740830421447754,140000,0.0,0
2015-06-30,12.768528091070438,12.830847475193918,12.685435138666575,12.775452613830566,89700,0.0,0
2015-07-01,12.920864905155673,12.920864905155673,12.77545387499139,12.872394561767578,120900,0.0,0
2015-07-02,12.810072159981642,12.907012823968122,12.76852634980422,12.823921203613281,136200,0.0,0
2015-07-06,12.775451608506193,12.844694189223297,12.74082899743007,12.810072898864746,52300,0.0,0
2015-07-07,12.789298594534186,12.82392120361328,12.636963076738647,12.823921203613281,83500,0.0,0
2015-07-08,12.713133655044208,12.76160399526908,12.64388974584394,12.664663314819336,92800,0.0,0
2015-07-09,12.747758052471815,12.817001978528129,12.616194725036621,12.616194725036621,72800,0.0,0
2015-07-10,12.775453454201156,12.851620568137498,12.740830838123037,12.844696044921875,54000,0.0,0
2015-07-13,12.907012902099337,13.03165165410358,12.907012902099337,13.003954887390137,65600,0.0,0
2015-07-14,13.059351921081543,13.121671307484489,13.010881580705412,13.059351921081543,61800,0.0,0
2015-07-15,13.024728725809858,13.15629201576849,13.024728725809858,13.121670722961426,91700,0.0,0
2015-07-16,13.156287975430008,13.28785122498514,13.156287975430008,13.280926704406738,87300,0.0,0
2015-07-17,13.336325485171468,13.384795822811368,13.329400962548961,13.364022254943848,119000,0.0,0
2015-07-20,13.384796142578125,13.42634195858806,13.357099372144061,13.384796142578125,95900,0.0,0
2015-07-21,13.440189254247201,13.440189254247201,13.3709453561011,13.43326473236084,102400,0.0,0
2015-07-22,13.260157953599734,13.370947681615364,13.25323343050904,13.322477340698242,94300,0.0,0
2015-07-23,13.287852395315626,13.398642092893377,13.23245754652675,13.294776916503906,137700,0.0,0
2015-07-24,13.364020972987511,13.370945494945776,13.218609974016498,13.267080307006836,279000,0.0,0
2015-07-27,13.260157374907891,13.260157374907891,13.135518606150281,13.170141220092773,117800,0.0,0
2015-07-28,13.13551624142426,13.253230466201826,13.066273667440054,13.23938274383545,124100,0.0,0
2015-07-29,13.28785604596251,13.322477340698244,13.246308907418346,13.322477340698242,53300,0.0,0
2015-07-30,13.322476758204383,13.384796142578125,13.253232851042705,13.384796142578125,83800,0.0,0
2015-07-31,13.412492264303806,13.412492264303806,13.287853513857678,13.34324836730957,60700,0.0,0
2015-08-03,13.357095110051906,13.38479187164826,13.232456381075178,13.280926704406738,59400,0.0,0
2015-08-04,13.218608916413046,13.30170053182914,13.218608916413046,13.260154724121094,58600,0.0,0
2015-08-05,13.294780569053204,13.405570297068834,13.28785604596251,13.322477340698242,87600,0.0,0
2015-08-06,13.260158607908968,13.315553474650189,13.052428187808843,13.08704948425293,164500,0.0,0
2015-08-07,13.038577239247974,13.09397209790977,12.955484290896475,13.010880470275879,90500,0.0,0
2015-08-10,13.114746040074294,13.183989945560343,13.107821517453925,13.149367332458496,83600,0.0,0
2015-08-11,13.080123374168911,13.177065369745092,13.031653036739643,13.107821464538574,82000,0.0,0
2015-08-12,12.990106543588922,13.16321563720703,12.920862641998164,13.163215637207031,86600,0.0,0
2015-08-13,13.135519981384277,13.211688419314596,13.093974161021293,13.135519981384277,67700,0.0,0
2015-08-14,13.156291114976197,13.183989203899529,13.107820780077938,13.163215637207031,52200,0.0,0
2015-08-17,13.156292226204751,13.225536133644102,13.121670932843918,13.211687088012695,74700,0.0,0
2015-08-18,13.149365483865898,13.211684857970459,13.149365483865898,13.190911293029785,47600,0.0,0
2015-08-19,13.183989524841309,13.232459860919496,13.09397205436673,13.183989524841309,95200,0.0,0
2015-08-20,13.087048480076088,13.12859429676472,12.89316712171735,12.907014846801758,113000,0.0,0
2015-08-21,12.74082999591066,12.837771993803438,12.228427198285907,12.283822059631348,397100,0.0,0
2015-08-24,10.525035477787464,11.944530544083694,10.282683080354763,11.335186958312988,786100,0.0,0
2015-08-25,11.667555597936948,11.951454464793187,11.639857503259341,11.653706550598145,303600,0.0,0
2015-08-26,11.854511172648916,12.096862844289626,11.736796937544474,12.062241554260254,177300,0.0,0
2015-08-27,12.283822739357143,12.463856378871416,12.186882056817822,12.443082809448242,181700,0.0,0
2015-08-28,12.408458934088898,12.498475074768066,12.373837646300942,12.498475074768066,76800,0.0,0
2015-08-31,12.436158932938612,12.47770607394525,12.318445995573253,12.346142768859863,80900,0.0,0
2015-09-01,12.166109584282419,12.263050275561843,11.979151404771073,12.020698547363281,153500,0.0,0
2015-09-02,12.249200241371366,12.311519622802734,12.06916661953826,12.311519622802734,78500,0.0,0
2015-09-03,12.290748550754719,12.42923638665601,12.200732381921398,12.249202728271484,64900,0.0,0
2015-09-04,12.145334243774414,12.193804577082648,12.069165822451458,12.145334243774414,63000,0.0,0
2015-09-08,12.269972911018337,12.450006539057727,12.269972911018337,12.415385246276855,60900,0.0,0
2015-09-09,12.498479091316419,12.546950758801017,12.25612735748291,12.25612735748291,57800,0.0,0
2015-09-10,12.256125186336586,12.456931061757434,12.256125186336586,12.415385246276855,89800,0.0,0
2015-09-11,12.380075233726352,12.514256477355957,12.33063854990229,12.514256477355957,73400,0.35,0
2015-09-14,12.514255060122846,12.613127069561862,12.394197249884702,12.429509162902832,52700,0.0,0
2015-09-15,12.429510211176417,12.627251552707957,12.429510211176417,12.60606575012207,68200,0.0,0
2015-09-16,12.52838204875284,12.690812836427723,12.521319664895847,12.570755004882812,140600,0.0,0
2015-09-17,12.577815199843682,12.782620255018646,12.542504633715742,12.683748245239258,74000,0.0,0
2015-09-18,12.535443513213774,12.711999055653406,12.41538569047435,12.563693046569824,98400,0.0,0
2015-09-21,12.641375436799377,12.74024744767622,12.577815339454181,12.627250671386719,97500,0.0,0
2015-09-22,12.514257154979713,12.549569073908977,12.36595113651274,12.464821815490723,111000,0.0,0
2015-09-23,12.556629075499918,12.627250205936527,12.471881833159584,12.54250431060791,84100,0.0,0
2015-09-24,12.358885102054552,12.50013004202552,12.26001445228182,12.408320426940918,228600,0.0,0
2015-09-25,12.528378221812767,12.54250298521218,12.302387395468479,12.408320426940918,109100,0.0,0
2015-09-28,12.373012094907095,12.380074477879349,12.005776262420799,12.062273979187012,161300,0.0,0
2015-09-29,12.097583302901148,12.182330542840832,11.864530076831617,12.012837409973145,145700,0.0,0
2015-09-30,12.08346221300121,12.245892994911225,12.034026874768765,12.168208122253418,138200,0.0,0
2015-10-01,12.26001570085205,12.26001570085205,12.041085886899896,12.224703788757324,121500,0.0,0
2015-10-02,12.012838018371138,12.429509162902832,12.012838018371138,12.429509162902832,123400,0.0,0
2015-10-05,12.514255693988032,12.613127708435059,12.443634558398207,12.613127708435059,121400,0.0,0
2015-10-06,12.641376569275176,12.641376569275176,12.464821026835546,12.563693046569824,119500,0.0,0
2015-10-07,12.69787202608603,12.754369735717773,12.5566284255125,12.754369735717773,77900,0.0,0
2015-10-08,12.648436070641003,12.839116336311752,12.620187890733254,12.796743392944336,86800,0.0,0
2015-10-09,12.79674702654017,12.888555321073511,12.76849749159947,12.860305786132812,81400,0.0,0
2015-10-12,12.895613139596817,12.937986079995339,12.86030123342181,12.888550758361816,64300,0.0,0
2015-10-13,12.87443005634452,12.952114927418997,12.832057102582038,12.846181869506836,80000,0.0,0
2015-10-14,12.88855344065767,12.90974058877203,12.782620394109413,12.853242874145508,78100,0.0,0
2015-10-15,12.923861772098594,13.043919563293457,12.867364067242868,13.043919563293457,66000,0.0,0
2015-10-16,13.008611254684228,13.043921821202005,12.937988774636901,13.015673637390137,62000,0.0,0
2015-10-19,13.008611396281275,13.135731592347792,12.980361865150144,13.121606826782227,116200,0.0,0
2015-10-20,13.093357722674396,13.114543522522366,13.001548099960896,13.050983428955078,69600,0.0,0
2015-10-21,13.156917573971263,13.156917573971263,12.994486808776855,12.994486808776855,86100,0.0,0
2015-10-22,13.029797071333114,13.269912670750395,13.029797071333114,13.114542961120605,106400,0.0,0
2015-10-23,13.382907627549521,13.460591132677258,13.361720482326545,13.425280570983887,131900,0.0,0
2015-10-26,13.418218189242895,13.432342952724877,13.34053333710357,13.425280570983887,79300,0.0,0
2015-10-27,13.425284606085883,13.460595178392198,13.375849266052246,13.389972686767578,90900,0.0,0
2015-10-28,13.42528067768993,13.467653621461082,13.361720588527405,13.43940544128418,121300,0.0,0
2015-10-29,13.41115606900419,13.55946339443367,13.3687831247436,13.54533863067627,218700,0.0,0
2015-10-30,13.59477456418521,13.59477456418521,13.552401618031537,13.573587417602539,107100,0.0,0
2015-11-02,13.644210780058117,13.721895642236134,13.615962596455413,13.71483325958252,147500,0.0,0
2015-11-03,13.764268555828867,13.820766269901071,13.65127312768446,13.785455703735352,115600,0.0,0
2015-11-04,13.813703503757624,13.926698928764957,13.743081026375112,13.884325981140137,473300,0.0,0
2015-11-05,13.841956975630145,13.954952432817974,13.728961518442315,13.736023902893066,171700,0.0,0
2015-11-06,13.764266758121513,13.856076373380228,13.736018578280694,13.799578666687012,73300,0.0,0
2015-11-09,13.806645367030466,13.827832520864044,13.580654447520832,13.623028755187988,105500,0.0,0
2015-11-10,13.524154083011599,13.764269724966843,13.524154083011599,13.750144958496094,118100,0.0,0
2015-11-11,13.834891566150128,13.884326899484147,13.764269084096469,13.792518615722656,75100,0.0,0
2015-11-12,13.757208852124228,13.764271236134975,13.594778060913086,13.594778060913086,104400,0.0,0
2015-11-13,13.59477712401115,13.59477712401115,13.397034426373969,13.43234634399414,108900,0.0,0
2015-11-16,13.460592872099376,13.78545573910692,13.453530489445761,13.71483325958252,108400,0.0,0
2015-11-17,13.77133533348071,13.77133533348071,13.623029291839845,13.72189998626709,86800,0.0,0
2015-11-18,13.771330209355357,13.976135253906252,13.74308068030902,13.97613525390625,126800,0.0,0
2015-11-19,14.018506519174084,14.018506519174084,13.870199203491211,13.870199203491211,71700,0.0,0
2015-11-20,13.983195970698924,13.983195970698924,13.905512461614052,13.933760643005371,74700,0.0,0
2015-11-23,14.025574156216729,14.067947113570499,13.91963974231426,14.018511772155762,91600,0.0,0
2015-11-24,13.98319985185093,14.018511772155762,13.870204400899523,14.018511772155762,84000,0.0,0
2015-11-25,14.053816717096419,14.082066242026755,13.997319014247235,14.032630920410156,58500,0.0,0
2015-11-27,14.089130507637554,14.089130507637554,13.997320886346195,14.039693832397461,27700,0.0,0
2015-11-30,14.08913185454194,14.08913185454194,13.891389175712607,13.940824508666992,88500,0.0,0
2015-12-01,14.046757378385482,14.089131674959242,13.983197280536626,14.067944526672363,118300,0.0,0
2015-12-02,14.110317980413528,14.110317980413528,13.919637680053711,13.919637680053711,145200,0.0,0
2015-12-03,14.02556949345988,14.02556949345988,13.679520871587478,13.799578666687012,147500,0.0,0
2015-12-04,13.799578691275663,14.018507136725528,13.79251630954998,13.96200942993164,70600,0.0,0
2015-12-07,13.90551081612046,13.990256697277765,13.799577791168081,13.82076358795166,95500,0.0,0
2015-12-08,13.736018602756094,13.96200942993164,13.721893839304725,13.96200942993164,82900,0.0,0
2015-12-09,13.841953595575735,13.92669949426653,13.651273303003787,13.65833568572998,194400,0.0,0
2015-12-10,13.750141122312911,13.856075494276784,13.693643419204209,13.82076358795166,75200,0.0,0
2015-12-11,13.756048563114305,13.77762153334573,13.56189731719596,13.619423866271973,121300,0.35,0
2015-12-14,13.619423632217954,13.619423632217954,13.374935459961224,13.51875114440918,85600,0.0,0
2015-12-15,13.554709837462065,13.712907545505216,13.54751884552263,13.626618385314941,114100,0.0,0
2015-12-16,13.65538030366664,13.777624417485788,13.569091147759831,13.77043342590332,106500,0.0,0
2015-12-17,13.806386724281307,13.827958324894391,13.669760643719744,13.705714225769043,78700,0.0,0
2015-12-18,13.705710411138465,13.712901399855147,13.597848323469957,13.61223030090332,85400,0.0,0
2015-12-21,13.77043301724695,13.813577593919979,13.612235321751598,13.698524475097656,95700,0.0,0
2015-12-22,13.784815409068257,13.80638838381566,13.69133526157898,13.77043342590332,89500,0.0,0
2015-12-23,13.856723556309536,13.978967666625977,13.799196996839527,13.978967666625977,95200,0.0,0
2015-12-24,14.022109317207347,14.022109317207347,13.827956705183848,14.014918327331543,48300,0.0,0
2015-12-28,13.943011283874512,13.957393265156595,13.799195585677353,13.943011283874512,94000,0.0,0
2015-12-29,13.986156424198873,14.173116683959961,13.95020147305932,14.173116683959961,109400,0.0,0
2015-12-30,14.20188056777527,14.20188056777527,13.950201397329254,14.058063507080078,113900,0.0,0
2015-12-31,14.094021430811404,14.094021430811404,13.921441744500418,13.928632736206055,124400,0.0,0
2016-01-04,13.619425519397682,13.799196178523422,13.525944008589178,13.68414306640625,190300,0.0,0
2016-01-05,13.806387974092276,13.806387974092276,13.676952872531825,13.698524475097656,110700,0.0,0
2016-01-06,13.569089762163562,13.676951881803523,13.482799243526834,13.489990234375,154100,0.0,0
2016-01-07,13.25988429628306,13.367746418224137,13.094494246329365,13.10887622833252,155500,0.0,0
2016-01-08,13.231117160021888,13.3677432132122,12.85719394683838,12.857193946838379,140400,0.0,0
2016-01-11,13.0010119115013,13.044156478685608,12.698997198129012,12.799668312072754,147000,0.0,0
2016-01-12,12.864388405386869,13.044159071181728,12.648664155049572,12.749335289001465,216700,0.0,0
2016-01-13,12.850005589023002,12.850005589023002,12.296311704236485,12.346647262573242,195300,0.0,0
2016-01-14,12.353839405901184,12.71338070934864,12.159686772869662,12.540801048278809,445200,0.0,0
2016-01-15,12.332265119268355,12.46889118404502,12.059014361256104,12.116540908813477,544600,0.0,0
2016-01-19,12.188450069750349,12.28193020006265,11.951152877297885,12.066205978393555,154200,0.0,0
2016-01-20,11.792951877753628,12.001486446099243,11.375884112603323,11.951150894165039,532700,0.0,0
2016-01-21,12.059014566132086,12.217212231717282,11.886434920527934,11.99429702758789,114600,0.0,0
2016-01-22,12.267550495663444,12.49765674054873,12.159688364816143,12.325077056884766,461100,0.0,0
2016-01-25,12.217212024153609,12.411364636487647,12.080585959376943,12.116540908813477,133600,0.0,0
2016-01-26,12.181261339602166,12.332268048480108,12.080588828808798,12.325077056884766,100200,0.0,0
2016-01-27,12.303501462420401,12.325073058667256,12.051822324393065,12.094966888427734,106000,0.0,0
2016-01-28,12.195640719144178,12.26754925629137,12.044634025522216,12.181260108947754,186900,0.0,0
2016-01-29,12.224403666311387,12.533609390258789,12.174068105955513,12.533609390258789,138900,0.0,0
2016-02-01,12.512035425101129,12.526417404500187,12.396982332990763,12.476081848144531,95000,0.0,0
2016-02-02,12.45451094247302,12.461701933363932,12.231595711019871,12.389793395996094,242400,0.0,0
2016-02-03,12.440126771080624,12.547990243917758,12.130922446442735,12.303502082824707,125100,0.0,0
2016-02-04,12.339455034722297,12.461699109080191,12.231592938886735,12.353837013244629,94400,0.0,0
2016-02-05,12.382599071201682,12.382599071201682,12.066203786435823,12.073394775390625,137400,0.0,0
2016-02-08,12.001486147011045,12.04463070880217,11.613180976268243,11.792951583862305,152000,0.0,0
2016-02-09,11.613184958041584,11.850482186565406,11.613184958041584,11.670711517333984,91000,0.0,0
2016-02-10,11.764192037795842,11.900816747339416,11.613183975219727,11.613183975219727,109000,0.0,0
2016-02-11,11.46936733049978,11.735427810152885,11.383077500809904,11.526894569396973,373400,0.0,0
2016-02-12,11.728234575938785,11.893624584636894,11.570036927989452,11.721043586730957,271800,0.0,0
2016-02-16,11.872054797827676,11.979916921762078,11.81452824029324,11.936772346496582,84400,0.0,0
2016-02-17,12.116541556282282,12.224403667273524,11.97272449393319,12.217212677001953,116900,0.0,0
2016-02-18,12.353839970782513,12.353839970782513,12.109351763535683,12.152496337890625,148100,0.0,0
2016-02-19,12.145305503061332,12.296313572557095,12.037443380016533,12.289122581481934,117500,0.0,0
2016-02-22,12.40417194366455,12.411362932564625,12.31069183104536,12.40417194366455,137000,0.0,0
2016-02-23,12.346646023983464,12.411363555792994,12.296310470696264,12.353837013244629,77600,0.0,0
2016-02-24,12.260358519903413,12.5048467283538,12.188451352804954,12.490466117858887,50000,0.0,0
2016-02-25,12.526420675352629,12.71338234173597,12.425749536354447,12.699000358581543,156900,0.0,0
2016-02-26,12.72775939646391,12.778094946472134,12.461698297296456,12.526415824890137,416100,0.0,0
2016-02-29,12.58394236369109,12.619895936113858,12.447316319711,12.526415824890137,112700,0.0,0
2016-03-01,12.634281295412597,12.885960484359474,12.583945731931468,12.864387512207031,72200,0.0,0
2016-03-02,12.900341663867732,12.907532654138198,12.691807060647681,12.850006103515625,162700,0.0,0
2016-03-03,12.82842934886227,12.90752884696525,12.698994305254034,12.742138862609863,58700,0.0,0
2016-03-04,12.806858731296966,12.850004668100125,12.698996632371069,12.81404972076416,86100,0.0,0
2016-03-07,12.814049435802584,12.857194000105284,12.763713882192606,12.821240425109863,91700,0.0,0
2016-03-08,12.814051094404759,12.936295185369364,12.770906524517589,12.88595962524414,64700,0.0,0
2016-03-09,13.008204554750662,13.065731108822245,12.9075334280107,13.029777526855469,102500,0.0,0
2016-03-10,13.101683864544377,13.137638815784927,12.871577662769461,13.036966323852539,182400,0.0,0
2016-03-11,13.198277119823375,13.278933705310578,13.154283254348433,13.256936073303223,75900,0.35,0
2016-03-14,13.227609634399414,13.286268598249833,13.190946907905394,13.227609634399414,56700,0.0,0
2016-03-15,13.13962085635337,13.205612367345784,13.102959527375384,13.183614730834961,54100,0.0,0
2016-03-16,13.190947931955439,13.557566834117203,13.146954055287262,13.271604537963867,192100,0.0,0
2016-03-17,13.212944004412101,13.39625343377895,13.110289772959495,13.322929382324219,100100,0.0,0
2016-03-18,13.396253480800896,13.462244987487793,13.366923300700067,13.462244987487793,71700,0.0,0
2016-03-21,13.454914791178236,13.49890867046917,13.410920911887304,13.447582244873047,85200,0.0,0
2016-03-22,13.32292938232422,13.41091852377789,13.286268055866833,13.322929382324219,103300,0.0,0
2016-03-23,13.31559632340299,13.359590193161882,13.249604819494701,13.308263778686523,81200,0.0,0
2016-03-24,13.27893381413775,13.315595135910698,13.058961687880723,13.08095932006836,128200,0.0,0
2016-03-28,13.176281332408893,13.234940294100609,13.0882935891413,13.102958679199219,76100,0.0,0
2016-03-29,13.14695307964735,13.41091911714765,13.124955443675653,13.38158893585205,92000,0.0,0
2016-03-30,13.513571304105426,13.550232630420155,13.396253381650357,13.542900085449219,109600,0.0,0
2016-03-31,13.564897720362026,13.660218007904287,13.498906214163554,13.542900085449219,121000,0.0,0
2016-04-01,13.542901767354543,13.674884796142578,13.520905528249955,13.674884796142578,81000,0.0,0
2016-04-04,13.689546423310295,13.704211511361951,13.58689360402826,13.616222381591797,95400,0.0,0
2016-04-05,13.586895460653992,13.586895460653992,13.454912447233397,13.476908683776855,62200,0.0,0
2016-04-06,13.557563511566595,13.667548875552997,13.484239469395732,13.660216331481934,109000,0.0,0
2016-04-07,13.572231513918684,13.608892843606093,13.359591885819487,13.440248489379883,30800,0.0,0
2016-04-08,13.572229127913563,13.638220628581621,13.469576304003175,13.564896583557129,68900,0.0,0
2016-04-11,13.630887741521828,13.68954669635867,13.498904743503983,13.513569831848145,48000,0.0,0
2016-04-12,13.506237101608924,13.660216331481934,13.46224323572232,13.660216331481934,50700,0.0,0
2016-04-13,13.682214555555944,13.71887587895737,13.62355559898976,13.704212188720703,64500,0.0,0
2016-04-14,13.689547281423936,13.726208605311372,13.630888324080122,13.682214736938477,54000,0.0,0
2016-04-15,13.601559532095806,13.667551040649414,13.564898204472692,13.667551040649414,67100,0.0,0
2016-04-18,13.616222123659877,13.711543795650181,13.579560802764988,13.60888957977295,67800,0.0,0
2016-04-19,13.667548791232814,13.667548791232814,13.513569562309762,13.616222381591797,80300,0.0,0
2016-04-20,13.660218665460128,13.660218665460128,13.293599790505278,13.38158893585205,229900,0.0,0
2016-04-21,13.447579897437379,13.520903949149485,13.388920935775689,13.462244987487793,95000,0.0,0
2016-04-22,13.388919153241442,13.388919153241442,13.28626633363516,13.30093002319336,123500,0.0,0
2016-04-25,13.27893336117875,13.374253633660803,13.13961782582215,13.205609321594238,214400,0.0,0
2016-04-26,13.249604557720634,13.31559606032512,13.161616819941235,13.286267280578613,147400,0.0,0
2016-04-27,13.161618125250193,13.256938417054617,13.124955398756171,13.227609634399414,121300,0.0,0
2016-04-28,13.264269616613307,13.359589898746913,13.044298874126602,13.051630020141602,92300,0.0,0
2016-04-29,13.117622063455526,13.176281023773239,12.926980092787975,12.956310272216797,106600,0.0,0
2016-05-02,13.029634401714636,13.0589631827824,12.912316480363707,13.000304222106934,106800,0.0,0
2016-05-03,12.978306596351642,13.044298094863311,12.904982553723142,13.014967918395996,76400,0.0,0
2016-05-04,13.014969049228773,13.014969049228773,12.904983674999611,12.978307723999023,95700,0.0,0
2016-05-05,12.985638795416532,13.000303884839926,12.875653421820878,12.94897747039795,84500,0.0,0
2016-05-06,12.919649025265633,13.022301856812712,12.860990064590167,13.000304222106934,54700,0.0,0
2016-05-09,13.007636252304582,13.044298975363489,12.963642383173779,12.985638618469238,65900,0.0,0
2016-05-10,13.05163079063491,13.102958605549123,12.992971829272909,13.073628425598145,85600,0.0,0
2016-05-11,13.12495344438215,13.15428362120995,13.044298255185312,13.088292121887207,85000,0.0,0
2016-05-12,13.080961959301359,13.124955834013116,12.95631148216799,12.963644027709961,91400,0.0,0
2016-05-13,12.919647919207044,13.088292241893775,12.90498283065868,12.926979064941406,117900,0.0,0
2016-05-16,13.000307353826747,13.168951731576945,12.897654497551024,13.146955490112305,124900,0.0,0
2016-05-17,13.095625642982117,13.168948293441618,12.948977544983293,12.978307723999023,96700,0.0,0
2016-05-18,13.000304991555726,13.051631410367122,12.919649789940687,13.022302627563477,99100,0.0,0
2016-05-19,12.985640118100086,13.022302845392943,12.86099104092451,12.89031982421875,94900,0.0,0
2016-05-20,12.98563774192868,13.132285827185678,12.98563774192868,13.014967918395996,148800,0.0,0
2016-05-23,13.029634659066039,13.13962003768739,12.985639388785524,13.007637023925781,124200,0.0,0
2016-05-24,13.095625422832335,13.234939575195312,13.066295244309673,13.234939575195312,119500,0.0,0
2016-05-25,13.256936157439208,13.315595111291337,13.176279571440114,13.30093002319336,104800,0.0,0
2016-05-26,13.315595784664145,13.388919830322264,13.271601916685212,13.388919830322266,70800,0.0,0
2016-05-27,13.344927428748022,13.432915174374404,13.286268465483767,13.41825008392334,69400,0.0,0
2016-05-31,13.462245355276533,13.484241592413127,13.33759488352249,13.41825008392334,89400,0.0,0
2016-06-01,13.344926991145602,13.491573695227448,13.344926991145602,13.432914733886719,53200,0.0,0
2016-06-02,13.403585690936806,13.432914471764889,13.344926730740712,13.410918235778809,72300,0.0,0
2016-06-03,13.388920888779483,13.432914760236338,13.293599202326345,13.322929382324219,145600,0.0,0
2016-06-06,13.352260727557095,13.440249885905612,13.30826684765295,13.42558479309082,110400,0.0,0
2016-06-07,13.418248268099472,13.418248268099472,13.300930357447003,13.337593078613281,91700,0.0,0
2016-06-08,13.366922197062875,13.447578787140792,13.293598151404755,13.388919830322266,112600,0.0,0
2016-06-09,13.366924285888672,13.425583251873732,13.344928047731816,13.366924285888672,62800,0.0,0
2016-06-10,13.366923253781076,13.381588343780013,13.286268055866833,13.322929382324219,127700,0.0,0
2016-06-13,13.35283555080344,13.35283555080344,13.203307151794434,13.203307151794434,103900,0.35,0
2016-06-14,13.173400388526561,13.263116273919351,13.121064458371098,13.158447265625,130000,0.0,0
2016-06-15,13.233210751902176,13.233210751902176,13.14349344526196,13.180874824523926,89300,0.0,0
2016-06-16,13.098636661740475,13.158447729446708,12.964061402899361,13.143494606018066,180800,0.0,0
2016-06-17,13.136018229499175,13.143494791318904,13.016396092400237,13.076207160949707,82400,0.0,0
2016-06-20,13.173400388526561,13.285545958271694,13.158447265625,13.158447265625,68300,0.0,0
2016-06-21,13.203306410589434,13.233212659115763,13.09863739276412,13.165925025939941,101600,0.0,0
2016-06-22,13.180874824523928,13.233210751902176,13.128540323153889,13.180874824523926,63700,0.0,0
2016-06-23,13.26311468311262,13.315449180982682,13.18835050358048,13.255638122558594,90000,0.0,0
2016-06-24,12.87434386329665,13.031348804536334,12.807056235052258,12.859392166137695,172900,0.0,0
2016-06-27,12.769676154232789,12.836963789333055,12.64257744637767,12.69491195678711,181100,0.0,0
2016-06-28,12.784629659166756,12.934156632496919,12.784629659166756,12.896775245666504,102400,0.0,0
2016-06-29,13.008920585709406,13.23321318046813,13.008920585709406,13.225736618041992,149900,0.0,0
2016-06-30,13.240687696409843,13.352834701538086,13.16592492766889,13.352834701538086,129800,0.0,0
2016-07-01,13.345356977503402,13.412644604318357,13.263116227838834,13.390214920043945,119800,0.0,0
2016-07-05,13.322928175828588,13.33040473774869,13.233212284804122,13.30049991607666,126700,0.0,0
2016-07-06,13.240688670903392,13.397693634033203,13.225736971659824,13.397693634033203,112500,0.0,0
2016-07-07,13.40517069055113,13.450028641951574,13.367787876043622,13.42759895324707,84400,0.0,0
2016-07-08,13.464978530293875,13.569647533731612,13.435072285878396,13.547219276428223,133700,0.0,0
2016-07-11,13.524793891985908,13.599558100780264,13.517317328505603,13.577128410339355,113300,0.0,0
2016-07-12,13.584603775666166,13.63693828940374,13.517316136286839,13.569650650024414,128600,0.0,0
2016-07-13,13.584604973819657,13.592081537299961,13.517317328505603,13.577128410339355,95700,0.0,0
2016-07-14,13.636935942637757,13.644412504171997,13.569648314837888,13.629459381103516,113200,0.0,0
2016-07-15,13.577126038249544,13.621983985285457,13.539744653387688,13.592079162597656,134700,0.0,0
2016-07-18,13.607030349016254,13.681793108092165,13.554694421251606,13.56217098236084,96500,0.0,0
2016-07-19,13.524790300472114,13.562171681938315,13.49488405449252,13.539743423461914,54900,0.0,0
2016-07-20,13.644413272169077,13.741605725568235,13.614507024348791,13.696747779846191,92700,0.0,0
2016-07-21,13.726657138458087,13.73413370210753,13.659369491621826,13.704227447509766,85400,0.0,0
2016-07-22,13.689272636643514,13.756560275204444,13.599556735901295,13.681796073913574,70000,0.0,0
2016-07-25,13.711700903756334,13.741605725568235,13.636936710214005,13.696747779846191,46500,0.0,0
2016-07-26,13.689274320210883,13.749085403397704,13.644416364322945,13.704227447509766,46000,0.0,0
2016-07-27,13.756557502091978,13.831321688311526,13.756557502091978,13.80141544342041,67800,0.0,0
2016-07-28,13.80141688636706,13.816370010375977,13.756558940348702,13.816370010375977,48700,0.0,0
2016-07-29,13.816371938421605,13.85375475366059,13.80141881232601,13.846278190612793,142600,0.0,0
2016-08-01,13.853754287423548,13.891135675395901,13.786466648266478,13.861230850219727,107600,0.0,0
2016-08-02,13.86122771519391,13.891132533606442,13.764033846834684,13.823844909667969,69200,0.0,0
2016-08-03,13.786465188366536,13.861229382402728,13.73413068034372,13.816370010375977,86600,0.0,0
2016-08-04,13.838799965604975,13.883657912495986,13.778988894414155,13.853753089904785,59300,0.0,0
2016-08-05,13.90608671151649,14.018232284591557,13.90608671151649,13.94346809387207,54400,0.0,0
2016-08-08,13.973373849049583,13.980850410459377,13.913562783779513,13.92851448059082,36300,0.0,0
2016-08-09,13.973378445842293,14.025712966918945,13.943472190364922,14.025712966918945,74900,0.0,0
2016-08-10,14.033188036402105,14.033188036402105,13.91356587924861,13.921042442321777,62300,0.0,0
2016-08-11,13.958420998563966,14.003278941889644,13.950944437008301,13.965897560119629,71200,0.0,0
2016-08-12,13.988325573168277,14.018231818865832,13.906086249516562,13.958420753479004,84400,0.0,0
2016-08-15,14.003280639648438,14.048140014421175,13.965899253346302,14.003280639648438,59900,0.0,0
2016-08-16,13.995806711441574,14.025712966918945,13.943472190364922,14.025712966918945,58900,0.0,0
2016-08-17,14.003279930531232,14.033186178865291,13.943468859871523,14.010756492614746,68300,0.0,0
2016-08-18,14.025709649041115,14.07804415773768,13.906087507446562,14.055614471435547,51900,0.0,0
2016-08-19,14.055614471435547,14.070567595636968,13.97337514034455,14.055614471435547,139600,0.0,0
2016-08-22,14.040663451959052,14.100474525647556,13.973375815808424,14.003280639648438,79000,0.0,0
2016-08-23,14.078047487995597,14.13038200907225,14.01075983918026,14.025712966918945,80400,0.0,0
2016-08-24,13.988326072692873,14.048138566223894,13.965897813627071,13.988326072692871,53100,0.0,0
2016-08-25,14.063093159982722,14.063093159982722,13.913566173384122,14.018235206604004,69100,0.0,0
2016-08-26,13.980852378270548,14.063091713336942,13.93599300349781,14.003280639648438,57900,0.0,0
2016-08-29,14.018232162190236,14.092996352256915,14.003279038975238,14.085519790649414,58500,0.0,0
2016-08-30,14.07804440253761,14.08552096476833,14.010756768469573,14.063091278076172,80500,0.0,0
2016-08-31,14.063089361209936,14.070565922421565,14.018231419948409,14.048137664794922,56500,0.0,0
2016-09-01,14.025707981160037,14.08551904484482,13.995801736313524,14.048137664794922,41800,0.0,0
2016-09-02,14.070566946317998,14.145331137866528,14.055613822806622,14.13785457611084,87100,0.0,0
2016-09-06,14.190192690301545,14.190192690301545,14.09300021478275,14.175239562988281,63100,0.0,0
2016-09-07,14.197662398066736,14.242520332336426,14.145327903750761,14.242520332336426,70000,0.0,0
2016-09-08,14.205145812972086,14.22757550393465,14.1378581660931,14.160287857055664,87600,0.0,0
2016-09-09,13.988323512439191,14.100470491275496,13.801413782389444,13.808890342712402,113900,0.0,0
2016-09-12,13.749081284780614,13.958420726229996,13.734129587969306,13.92851448059082,103600,0.0,0
2016-09-13,13.94375485743446,13.974233708988544,13.753266395156329,13.806604385375977,98300,0.35,0
2016-09-14,13.81422171935105,13.9513736355315,13.81422171935105,13.905656814575195,79400,0.0,0
2016-09-15,13.943753197397182,14.096144530401785,13.898036378820386,14.08852481842041,49600,0.0,0
2016-09-16,14.111383291945955,14.111383291945955,13.98947081258969,14.103763580322266,60700,0.0,0
2016-09-19,14.126623896818815,14.172340717073563,14.012329666214676,14.065666198730469,100900,0.0,0
2016-09-20,14.096149444580078,14.13424656445686,14.01995375151455,14.096149444580078,76200,0.0,0
2016-09-21,14.096149349986012,14.24092102050781,14.088529635399397,14.240921020507812,67800,0.0,0
2016-09-22,14.248536092939053,14.33235001946145,14.225676956626684,14.271393775939941,66300,0.0,0
2016-09-23,14.210438873297496,14.294254261040088,14.195199447651277,14.218058586120605,52100,0.0,0
2016-09-26,14.179959908885463,14.179959908885463,14.08852481842041,14.08852481842041,51300,0.0,0
2016-09-27,14.103765124810398,14.263774726496203,14.103765124810398,14.256155014038086,59100,0.0,0
2016-09-28,14.218058752632643,14.332351539694573,14.210439039720296,14.324731826782227,70500,0.0,0
2016-09-29,14.301873598649484,14.317113023895894,14.172341390678167,14.248537063598633,95600,0.0,0
2016-09-30,14.317113895706166,14.4237869723035,14.263775904095828,14.416167259216309,78100,0.0,0
2016-10-03,14.370450434004832,14.43140668539069,14.324732155481687,14.416167259216309,81200,0.0,0
2016-10-04,14.393306262982955,14.42378511139945,14.263774063835818,14.271393775939941,74600,0.0,0
2016-10-05,14.362830410836468,14.423786660906332,14.301874160766602,14.301874160766602,92100,0.0,0
2016-10-06,14.286636875041454,14.355212848306602,14.22568061584042,14.263777732849121,63700,0.0,0
2016-10-07,14.317112048564685,14.339969731565573,14.210437532418435,14.271393775939941,59400,0.0,0
2016-10-10,14.309494182618975,14.49998264986374,14.27901533027021,14.416167259216309,89400,0.0,0
2016-10-11,14.37806829208619,14.400925975087079,14.21805724452256,14.271393775939941,64600,0.0,0
2016-10-12,14.355211327261573,14.355211327261573,14.195200255493347,14.210439682006836,76300,0.0,0
2016-10-13,14.202819930965486,14.210439644201958,14.088527139041785,14.134243965148926,54700,0.0,0
2016-10-14,14.134243590488971,14.301874370624553,14.134243590488971,14.164722442626953,52700,0.0,0
2016-10-17,14.202819983643248,14.202819983643248,13.844702180070955,13.890419006347656,174500,0.0,0
2016-10-18,13.981856631637768,14.096149444580078,13.981856631637768,14.096149444580078,71800,0.0,0
2016-10-19,14.042809653373762,14.149482727050781,14.042809653373762,14.149482727050781,78900,0.0,0
2016-10-20,14.096147103984789,14.141863930908269,13.989474023392765,14.073287963867188,58000,0.0,0
2016-10-21,14.103762307707541,14.233294486999512,14.0809031748991,14.233294486999512,52200,0.0,0
2016-10-24,14.378069297018936,14.378069297018936,14.240917376181656,14.347590446472168,145600,0.0,0
2016-10-25,14.347590694024113,14.355210406792274,14.279014732422269,14.28663444519043,56900,0.0,0
2016-10-26,14.225678298943716,14.225678298943716,14.157102336847345,14.218058586120605,59200,0.0,0
2016-10-27,14.20281816057021,14.240916722003552,14.12662394432656,14.141861915588379,63000,0.0,0
2016-10-28,14.10376658588582,14.187581978296388,14.088527159390864,14.1113862991333,63500,0.0,0
2016-10-31,14.08090613349695,14.088525846034106,13.920896530151367,13.920896530151367,225000,0.0,0
2016-11-01,13.958996364221196,14.027572337129573,13.791367015618416,13.91327953338623,153600,0.0,0
2016-11-02,13.867561681169965,13.928517935564287,13.738029458918062,13.760887145996094,96600,0.0,0
2016-11-03,13.730406135337736,13.791362373704919,13.600873947143556,13.600873947143555,162200,0.0,0
2016-11-04,13.570395101304285,13.646590762591101,13.562775389844468,13.600873947143555,88900,0.0,0
2016-11-07,13.72278965748802,13.882799275914453,13.72278965748802,13.791365623474121,104200,0.0,0
2016-11-08,13.798983747906638,13.966613060287447,13.753265473638798,13.905656814575195,59800,0.0,0
2016-11-09,13.958993341742554,14.134242366423914,13.730407783750481,14.12662410736084,185500,0.0,0
2016-11-10,14.210440975190394,14.279016947429966,13.898039969793162,14.00471305847168,117900,0.0,0
2016-11-11,13.928517092192088,14.08090699229481,13.920897379190203,13.989473342895508,77200,0.0,0
2016-11-14,14.03518761321605,14.0656650063651,13.814220336312019,13.882796287536621,97100,0.0,0
2016-11-15,13.913278077266554,14.050430008729418,13.913278077266554,14.03519058227539,114500,0.0,0
2016-11-16,13.989473793797039,14.126625725628257,13.951375227559645,14.1113862991333,82800,0.0,0
2016-11-17,14.149482789733158,14.339971252606919,14.103765965570712,14.324731826782227,96700,0.0,0
2016-11-18,14.30949163604394,14.317111347775096,14.11138349096811,14.187579154968262,70500,0.0,0
2016-11-21,14.286638278860005,14.477126789244805,14.256159419608677,14.46188735961914,98700,0.0,0
2016-11-22,14.46188424780345,14.553319352571013,14.454264534630179,14.52284049987793,126700,0.0,0
2016-11-23,14.461883648256848,14.515220184946882,14.347590862019397,14.39330768585205,88200,0.0,0
2016-11-25,14.477121403536945,14.553317070007324,14.477121403536945,14.553317070007324,20700,0.0,0
2016-11-28,14.507605648496133,14.553322484061125,14.46188735961914,14.46188735961914,74700,0.0,0
2016-11-29,14.477121113139862,14.583794172071762,14.477121113139862,14.538077354431152,74000,0.0,0
2016-11-30,14.522840881040684,14.576177421341752,14.347591833390975,14.370450973510742,208500,0.0,0
2016-12-01,14.385686895515702,14.423785456949044,14.05804798705806,14.141861915588379,133100,0.0,0
2016-12-02,14.119003003569647,14.233295771302222,14.096143868698576,14.103763580322266,80100,0.0,0
2016-12-05,14.126625705224152,14.202819930965486,14.111386278751205,14.134243965148926,103600,0.0,0
2016-12-06,14.179957963757746,14.233294486999512,14.126621440515981,14.233294486999512,78300,0.0,0
2016-12-07,14.21043936579716,14.416167259216309,14.172342253672877,14.416167259216309,118400,0.0,0
2016-12-08,14.423787892024567,14.423787892024567,14.279016240760031,14.339972496032715,105300,0.0,0
2016-12-09,14.370447820314265,14.385685790405502,14.3094915800151,14.355208396911621,83800,0.0,0
2016-12-12,14.347588246484008,14.347588246484008,14.240915192550213,14.332348823547363,99300,0.0,0
2016-12-13,14.495399350255221,14.580803890657036,14.433287361108437,14.534218788146973,161900,0.35,0
2016-12-14,14.45657647136753,14.53421532867121,14.30129579502761,14.371171951293945,157300,0.0,0
2016-12-15,14.386696391154,14.479863586853734,14.371168031582087,14.409987449645996,93300,0.0,0
2016-12-16,14.433283168074707,14.456575712562989,14.363407015476069,14.448811531066895,106000,0.0,0
2016-12-19,14.417754805082522,14.495395139177253,14.417754805082522,14.448811531066895,71000,0.0,0
2016-12-20,14.456579716694597,14.518691705000698,14.456579716694597,14.50316333770752,67900,0.0,0
2016-12-21,14.479866027832031,14.518686933306144,14.386698816426412,14.479866027832031,68700,0.0,0
2016-12-22,14.47987040997773,14.495398776866834,14.36341062004259,14.3944673538208,85600,0.0,0
2016-12-23,14.394467728388495,14.503163337707521,14.386703544741907,14.50316333770752,73500,0.0,0
2016-12-27,14.510925687763773,14.642913831344638,14.510925687763773,14.596328735351562,82500,0.0,0
2016-12-28,14.627385073965533,14.650677621337776,14.464340204092602,14.487632751464844,95600,0.0,0
2016-12-29,14.495398529856171,14.510926896480662,14.41775817760026,14.472105979919434,63000,0.0,0
2016-12-30,14.596323321911338,14.596323321911338,14.40222326986004,14.409987449645996,81000,0.0,0
2017-01-03,14.479865710787632,14.611853824777414,14.417753744255151,14.464337348937988,91000,0.0,0
2017-01-04,14.518686184997787,14.573033968994277,14.479865281524544,14.55750560760498,88000,0.0,0
2017-01-05,14.285770638202859,14.549746958720444,14.285770638202859,14.50316333770752,117000,0.0,0
2017-01-06,14.518686688164756,14.821482341419642,14.5031583262373,14.805953979492188,304100,0.0,0
2017-01-09,14.829249763907223,14.984528974525944,14.74384523550375,14.961237907409668,256700,0.0,0
2017-01-10,15.007819292357972,15.031111836879417,14.852538623947417,14.945707321166992,130200,0.0,0
2017-01-11,14.953473924891473,15.007821723378758,14.85254102981528,14.992293357849121,88100,0.0,0
2017-01-12,14.992292329428865,14.992292329428865,14.821484762919013,14.875832557678223,93700,0.0,0
2017-01-13,14.953471386458764,15.031111720060636,14.906887778644117,15.007819175720215,78400,0.0,0
2017-01-17,14.98452960880646,15.03111470674376,14.906890740643934,14.969002723693848,129900,0.0,0
2017-01-18,15.000054788435376,15.00781896977564,14.899123392744308,14.976763725280762,75200,0.0,0
2017-01-19,15.038879534152285,15.038879534152285,14.922418265185135,14.953474998474121,88000,0.0,0
2017-01-20,14.984530250896558,15.046642236607982,14.937946631829629,14.953474998474121,84700,0.0,0
2017-01-23,14.969003562930446,15.05440661887064,14.930182645806203,14.984530448913574,135900,0.0,0
2017-01-24,15.000056017153797,15.194156123961411,15.000056017153797,15.170865058898926,107600,0.0,0
2017-01-25,15.217450973738291,15.295091324388967,15.201922607434852,15.256270408630371,118300,0.0,0
2017-01-26,15.26403415051969,15.326146133071354,15.256269967592422,15.30285358428955,126900,0.0,0
2017-01-27,15.310618209825888,15.318382392977608,15.23297934004173,15.256270408630371,102900,0.0,0
2017-01-30,15.201921588644137,15.256269386197415,15.077697628274809,15.139809608459473,119100,0.0,0
2017-01-31,15.093226560766004,15.15533854328494,14.969002595728135,15.03111457824707,142900,0.0,0
2017-02-01,15.1242795343746,15.225212416312251,15.1242795343746,15.217448234558105,210100,0.0,0
2017-02-02,15.403786032255995,15.403786032255995,15.15533810929484,15.372729301452637,228800,0.0,0
2017-02-03,15.528009296826648,15.605649639484053,15.465897318873996,15.566828727722168,389700,0.0,0
2017-02-06,15.528006235438118,15.55906295872471,15.442601727266064,15.535770416259766,260200,0.0,0
2017-02-07,15.50472005558984,15.551305159636689,15.473664800425286,15.496955871582031,179200,0.0,0
2017-02-08,15.520245671301938,15.582357651483012,15.458133691120862,15.481426239013672,157300,0.0,0
2017-02-09,15.5124796601547,15.613412541593107,15.473660232442231,15.597884178161621,143600,0.0,0
2017-02-10,15.683293071322735,15.823043938593539,15.613416897254004,15.807517051696777,150900,0.0,0
2017-02-13,15.846330228472436,15.846330228472436,15.706577935558876,15.737634658813477,169500,0.0,0
2017-02-14,15.729873734897145,15.838569327061714,15.722109552475908,15.823040962219238,90200,0.0,0
2017-02-15,15.768690630402231,15.916207110951126,15.768690630402231,15.838566780090332,155400,0.0,0
2017-02-16,15.791985713400667,15.931738035250184,15.791985713400667,15.823040962219238,143800,0.0,0
2017-02-17,15.791984950444538,16.203477713691456,15.760928222260029,15.923973083496094,145200,0.0,0
2017-02-21,16.001616975741086,16.1879529436192,16.001616975741086,16.07149314880371,174800,0.0,0
2017-02-22,15.993850275384752,16.226769828366514,15.962793545191769,16.017141342163086,231000,0.0,0
2017-02-23,16.110312586786662,16.133605138096414,15.768695905243469,16.07149314880371,170200,0.0,0
2017-02-24,16.040431341348874,16.040431341348874,16.009376096956267,16.03266716003418,91800,0.0,0
2017-02-27,16.032672229954123,16.079255851706993,16.009381159511005,16.07149314880371,121200,0.0,0
2017-02-28,16.079255851706993,16.133605138096414,16.04043641372404,16.07149314880371,88600,0.0,0
2017-03-01,16.14913112493949,16.242299844120502,16.13360423913145,16.187952041625977,101900,0.0,0
2017-03-02,16.187948026731704,16.281115241939062,16.110307693481445,16.110307693481445,91700,0.0,0
2017-03-03,16.187948827646093,16.35099220275879,16.125836854146073,16.35099220275879,113000,0.0,0
2017-03-06,16.350993665722715,16.444162374741904,16.29664586915585,16.420869827270508,130200,0.0,0
2017-03-07,16.358757211474003,16.467452800376925,16.34322884709749,16.436397552490234,106200,0.0,0
2017-03-08,16.45968691545019,16.498506338016753,16.413101831331062,16.44415855407715,111200,0.0,0
2017-03-09,16.43639844978178,16.490746247200182,16.164657981823353,16.273353576660156,307200,0.0,0
2017-03-10,16.350989866704932,16.45968691545019,16.265586840885288,16.44415855407715,185000,0.0,0
2017-03-13,16.436268342798517,16.594158172607422,16.3810073540901,16.594158172607422,117600,0.35,0
2017-03-14,16.507316459076993,16.554682799531992,16.309954950474207,16.42047691345215,98300,0.0,0
2017-03-15,16.452054338618765,16.602049496382442,16.396793360955492,16.562576293945312,124100,0.0,0
2017-03-16,16.58626481833828,16.68099751897968,16.46784818966196,16.538898468017578,190900,0.0,0
2017-03-17,16.59415321401951,17.03624249733276,16.523102962411308,16.64151954650879,278800,0.0,0
2017-03-20,16.728363066178673,16.783624051550486,16.452056633570695,16.467845916748047,270400,0.0,0
2017-03-21,16.562577075167884,16.602050279466884,16.246798969519784,16.278377532958984,164700,0.0,0
2017-03-22,16.223118462313984,16.254697032401268,15.97839056713394,15.986285209655762,340800,0.0,0
2017-03-23,15.986284336448517,16.29416784923673,15.986284336448517,16.238906860351562,96400,0.0,0
2017-03-24,16.26259003418329,16.341534945687613,16.04943922484631,16.191539764404297,102400,0.0,0
2017-03-27,16.14417241513644,16.14417241513644,16.017861166889553,16.065227508544922,99400,0.0,0
2017-03-28,16.112594205136705,16.459950898341813,16.112594205136705,16.39679527282715,160700,0.0,0
2017-03-29,16.388901163085936,16.412585088078092,16.191539638731456,16.199434280395508,125500,0.0,0
2017-03-30,16.136278652832033,16.309956252194358,16.136278652832033,16.199434280395508,106300,0.0,0
2017-03-31,16.17575323676599,16.420481148948856,16.17575323676599,16.325748443603516,172800,0.0,0
2017-04-03,16.412585215466606,16.499423262947307,16.167855839228316,16.191539764404297,134600,0.0,0
2017-04-04,16.00996887490645,16.341536326644864,15.994179590121504,16.29416847229004,173900,0.0,0
2017-04-05,16.3178525261138,16.459953078783006,16.270486177140427,16.286273956298828,133400,0.0,0
2017-04-06,16.34153161315717,16.357319387639276,16.223113517175232,16.25469207763672,90500,0.0,0
2017-04-07,16.24679882595942,16.39679398947267,16.223114903589295,16.35732078552246,66600,0.0,0
2017-04-10,16.373111348603317,16.48363331681676,16.365216707195373,16.39679527282715,102600,0.0,0
2017-04-11,16.349430867065248,16.404693368557435,16.223119589438657,16.325748443603516,84200,0.0,0
2017-04-12,16.30995892159136,16.388903845403593,16.207331574659882,16.246803283691406,91400,0.0,0
2017-04-13,16.223116951597436,16.38100677583276,16.183645248413086,16.183645248413086,82700,0.0,0
2017-04-17,16.215221139758448,16.365214791706517,16.191537218306735,16.302059173583984,101700,0.0,0
2017-04-18,16.246797054598897,16.373108281970524,16.246797054598897,16.349424362182617,75300,0.0,0
2017-04-19,16.3099526866253,16.50731416783398,16.302058046687122,16.44415855407715,102200,0.0,0
2017-04-20,16.404688390836878,16.767832827386094,16.3731098281376,16.728361129760742,141300,0.0,0
2017-04-21,16.767835869297034,16.823096858297113,16.67310317551091,16.752046585083008,125600,0.0,0
2017-04-24,16.925723901840456,16.95730096116491,16.72836238737881,16.838884353637695,115400,0.0,0
2017-04-25,16.878354662600845,17.004667406730693,16.854672246497344,16.99677276611328,125700,0.0,0
2017-04-26,16.980985390853675,17.02835173412589,16.88625119856034,16.902040481567383,95900,0.0,0
2017-04-27,16.917828362800893,16.980983983847214,16.854672741754573,16.965194702148438,65200,0.0,0
2017-04-28,17.01256041691532,17.052033619713082,16.90993310113859,17.004667282104492,57500,0.0,0
2017-05-01,16.973090101054268,17.146767690251288,16.973090101054268,17.107295989990234,98800,0.0,0
2017-05-02,17.020454034456787,17.115188209728668,17.020454034456787,17.044137954711914,82300,0.0,0
2017-05-03,16.965194203643637,17.036244463451606,16.933617146922725,16.99677276611328,94900,0.0,0
2017-05-04,17.02045734383076,17.036246627070835,16.980985641479492,16.980985641479492,83900,0.0,0
2017-05-05,16.957301466343118,17.02835173412589,16.88625119856034,16.902040481567383,124300,0.0,0
2017-05-08,16.99677489665996,17.14676856994629,16.909935344731828,17.14676856994629,118800,0.0,0
2017-05-09,17.083611552660074,17.336234040531387,17.059929135515137,17.304656982421875,145600,0.0,0
2017-05-10,17.265186686659582,17.312553030548184,17.130980790851112,17.24150276184082,152400,0.0,0
2017-05-11,17.21782062695278,17.288870903046387,17.036248368379812,17.154664993286133,164700,0.0,0
2017-05-12,17.170452368093315,17.273079696729408,17.06782503945722,17.24939727783203,99600,0.0,0
2017-05-15,17.257289621055815,17.344127655029297,17.18623936232833,17.344127655029297,92200,0.0,0
2017-05-16,17.296761967220434,17.359917587821812,17.25729026900036,17.328340530395508,102500,0.0,0
2017-05-17,17.099404302388795,17.24939949963757,16.973093032836914,16.973093032836914,138400,0.0,0
2017-05-18,16.96519735867983,17.099403262636773,16.92572565400091,17.012563705444336,91800,0.0,0
2017-05-19,17.09150355595236,17.312548951600995,17.0520318629698,17.257287979125977,111100,0.0,0
2017-05-22,17.336233026138217,17.44675648742647,17.257289632609236,17.438861846923828,92100,0.0,0
2017-05-23,17.454652140830028,17.573068743743974,17.399391159853437,17.565174102783203,112200,0.0,0
2017-05-24,17.67569414891437,17.786217604637002,17.58096147915056,17.730955123901367,192900,0.0,0
2017-05-25,17.78621953022031,17.959897114089188,17.644119004441777,17.920425415039062,225700,0.0,0
2017-05-26,17.88095308579329,17.959897993507937,17.841481384810404,17.865163803100586,155600,0.0,0
2017-05-30,17.841483321347393,17.936216016288274,17.77832768947046,17.794116973876953,136900,0.0,0
2017-05-31,17.967795479987874,17.967795479987874,17.470443536655992,17.738855361938477,187900,0.0,0
2017-06-01,17.84937514601575,17.88884684505231,17.573068735513417,17.82569122314453,144400,0.0,0
2017-06-02,17.794114171180098,17.936213191209834,17.62043508156242,17.920425415039062,110500,0.0,0
2017-06-05,17.857269144440234,17.983580383710915,17.786218884131884,17.93621253967285,100300,0.0,0
2017-06-06,17.809902819424998,17.87305844444694,17.746747194403056,17.865163803100586,111600,0.0,0
2017-06-07,17.849379583849878,17.888851292700163,17.65991267101999,17.880956649780273,152200,0.0,0
2017-06-08,17.825693664958578,17.85727223311259,17.667803835686534,17.723066329956055,106200,0.0,0
2017-06-09,17.71517093960173,17.809903628564097,17.580965042114258,17.580965042114258,179600,0.0,0
2017-06-12,17.454652149251267,17.478334566396203,17.00466815451189,17.304656982421875,255700,0.0,0
2017-06-13,17.55335619918623,17.55335619918623,17.28861184686909,17.48917579650879,134300,0.35,0
2017-06-14,17.505222485317,17.521267969636796,17.1843204498291,17.1843204498291,103700,0.0,0
2017-06-15,17.047934188228236,17.088046362480934,16.91957339440197,17.072002410888672,166800,0.0,0
2017-06-16,17.088050143758842,17.288614119766255,16.991780292177037,17.136186599731445,83400,0.0,0
2017-06-19,17.288609751258473,17.44906150359393,17.288609751258473,17.40092658996582,111900,0.0,0
2017-06-20,17.449063676007384,17.449063676007384,17.272567950609663,17.360815048217773,133300,0.0,0
2017-06-21,17.449063186587587,17.513243587675824,17.368837302681925,17.4971981048584,126300,0.0,0
2017-06-22,17.58544601320533,17.64160367059528,17.449062475180572,17.609514236450195,136300,0.0,0
2017-06-23,17.649626997821105,17.818099975585938,17.513243455267048,17.818099975585938,120300,0.0,0
2017-06-26,17.76996234410458,17.8822791756445,17.6416015625,17.6416015625,123100,0.0,0
2017-06-27,17.66566944332631,17.66566944332631,17.264541625976562,17.264541625976562,120800,0.0,0
2017-06-28,17.433017677024367,17.625558879993676,17.304656875044824,17.561378479003906,135400,0.0,0
2017-06-29,17.577424951529533,17.577424951529533,17.144207603000762,17.288612365722656,140700,0.0,0
2017-06-30,17.312680530715703,17.48115504857432,17.264545609976757,17.416973114013672,86600,0.0,0
2017-07-03,17.521267495713506,17.521267495713506,17.248500390381324,17.25652313232422,60100,0.0,0
2017-07-05,17.200362685226313,17.449061524480786,17.096068587029027,17.336746215820312,191800,0.0,0
2017-07-06,17.336746279009805,17.37685845219723,17.12815961203629,17.14420509338379,110900,0.0,0
2017-07-07,17.1923399653143,17.32070075541858,17.168271743351752,17.272565841674805,71600,0.0,0
2017-07-10,17.264545609976757,17.449064081293997,17.248500126336594,17.416973114013672,73300,0.0,0
2017-07-11,17.35279351765711,17.44906489379936,17.304658594676788,17.408952713012695,73500,0.0,0
2017-07-12,17.545331741387177,17.681715263114693,17.545331741387177,17.6416015625,93300,0.0,0
2017-07-13,17.625559460564876,17.72985357197203,17.617536718904212,17.649627685546875,73700,0.0,0
2017-07-14,17.818101589387464,17.93041844825144,17.729854486929124,17.922395706176758,94100,0.0,0
2017-07-17,17.882281061524594,17.898325013281262,17.76996421813965,17.76996421813965,72200,0.0,0
2017-07-18,17.818102157155195,18.018666124868414,17.802058202676182,18.010644912719727,74600,0.0,0
2017-07-19,18.03470952426142,18.058777748469502,17.962506381818635,17.978551864624023,89500,0.0,0
2017-07-20,18.018665919401638,18.050756888357007,17.954485511672523,18.042734146118164,62500,0.0,0
2017-07-21,17.946463235027643,18.098890737978753,17.930417751501782,18.09086799621582,58900,0.0,0
2017-07-24,18.114937229126486,18.211208605455116,18.04273407942542,18.17109489440918,59700,0.0,0
2017-07-25,18.14702840331071,18.21120881152884,18.09889194951089,18.139005661010742,80600,0.0,0
2017-07-26,18.211206436157227,18.235273129736374,18.130980553803386,18.211206436157227,98400,0.0,0
2017-07-27,18.267361856870952,18.267361856870952,17.89030071505496,18.018661499023438,139100,0.0,0
2017-07-28,17.87426038227527,17.946463529143426,17.858214898486445,17.86623764038086,99700,0.0,0
2017-07-31,17.962506026113083,18.034709167126053,17.76996482680564,17.79403305053711,102100,0.0,0
2017-08-01,17.810077922984764,17.8501900976485,17.721829302506887,17.76996421813965,131700,0.0,0
2017-08-02,17.85018819836011,18.050752110701236,17.66566976624977,17.705781936645508,109000,0.0,0
2017-08-03,17.76996575009385,17.802056716736512,17.60149276576439,17.649627685546875,92200,0.0,0
2017-08-04,17.64962405156141,17.697758961433117,17.63357857154378,17.68171501159668,57700,0.0,0
2017-08-07,17.68973894454885,17.84216796781861,17.68973894454885,17.79403305053711,83400,0.0,0
2017-08-08,17.826122259126326,17.90634814036509,17.78601008359765,17.890302658081055,65000,0.0,0
2017-08-09,17.7940328995722,17.850190557621083,17.593468960722525,17.69776153564453,105400,0.0,0
2017-08-10,17.585444531067,17.62555670291297,16.975730031884417,16.991775512695312,223200,0.0,0
2017-08-11,16.951663035019788,17.232452848765714,15.708167255806758,17.160249710083008,422500,0.0,0
2017-08-14,17.22442978445856,17.424993714772068,17.22442978445856,17.39290428161621,91000,0.0,0
2017-08-15,17.433018192739908,17.433018192739908,17.272567950609663,17.360815048217773,105400,0.0,0
2017-08-16,17.449060423284614,17.54533177476178,17.344767861850464,17.513240814208984,93000,0.0,0
2017-08-17,17.408951761619324,17.433018456703444,17.192342324773104,17.20036506652832,94400,0.0,0
2017-08-18,17.168275833129883,17.272569956297588,17.080028725274534,17.168275833129883,84100,0.0,0
2017-08-21,17.168275833129883,17.248501728601575,17.02386952731717,17.168275833129883,62900,0.0,0
2017-08-22,17.200363948320955,17.384882406150645,17.200363948320955,17.376859664916992,61000,0.0,0
2017-08-23,17.32872755154794,17.352794248961544,17.232456171348492,17.2966365814209,56800,0.0,0
2017-08-24,17.320700556197053,17.34476877788277,17.18431702700726,17.304655075073242,39400,0.0,0
2017-08-25,17.3608161536354,17.400929864358258,17.19234315914421,17.24850082397461,65000,0.0,0
2017-08-28,17.34476895646482,17.34476895646482,17.232452117623026,17.336746215820312,53900,0.0,0
2017-08-29,17.24047695563619,17.449063647224794,17.152228327992145,17.42499542236328,82800,0.0,0
2017-08-30,17.40895052898402,17.641603902686192,17.352791340673846,17.633581161499023,128900,0.0,0
2017-08-31,17.649630630944333,17.72183378775819,17.58545021712999,17.66567611694336,84600,0.0,0
2017-09-01,17.713807424821823,17.769965084160454,17.545334446805928,17.75391960144043,80600,0.0,0
2017-09-05,17.745898675260175,17.745898675260175,17.489175538161184,17.52928924560547,103500,0.0,0
2017-09-06,17.601493433226015,17.649628354833812,17.48917657589906,17.54533576965332,81500,0.0,0
2017-09-07,17.625558879993676,17.69776202237985,17.553355737607504,17.561378479003906,94400,0.0,0
2017-09-08,17.56940272705015,17.641605875628045,17.47313288240068,17.50522232055664,139600,0.0,0
2017-09-11,17.665670648380804,17.75391773369427,17.593467513918053,17.62555694580078,95900,0.0,0
2017-09-12,17.66566976624977,17.73787289710707,17.585443895277077,17.705781936645508,121000,0.0,0
2017-09-13,17.745900067977214,17.753921279914106,17.657651434855417,17.729854583740234,107400,0.0,0
2017-09-14,17.770651184550253,17.770651184550253,17.54219414245003,17.599308013916016,90500,0.37,0
2017-09-15,17.60746230766336,17.770646084651787,17.599302963190354,17.68089485168457,85200,0.0,0
2017-09-18,17.705376926036998,17.74617210147695,17.582988287244756,17.6237850189209,96700,0.0,0
2017-09-19,17.582986751455913,17.721692514567142,17.558510270824318,17.697216033935547,87300,0.0,0
2017-09-20,17.640104429443678,17.803286694080278,17.623785736109145,17.77065086364746,113000,0.0,0
2017-09-21,17.819605120106246,17.819605120106246,17.582988739013672,17.582988739013672,100700,0.0,0
2017-09-22,17.542193332146816,17.680899109115565,17.542193332146816,17.56667137145996,63500,0.0,0
2017-09-25,17.58298564076657,17.623782366302247,17.403484717117433,17.476917266845703,121500,0.0,0
2017-09-26,17.63194510986386,17.656421593667012,17.53403450594248,17.591148376464844,120200,0.0,0
2017-09-27,17.640102170813755,17.75432989705734,17.640102170813755,17.697216033935547,133100,0.0,0
2017-09-28,17.69721807853738,17.844083204238835,17.672740038841724,17.8277645111084,116400,0.0,0
2017-09-29,17.827763633319478,18.072537793279096,17.721693689430463,18.05621910095215,139600,0.0,0
2017-10-02,18.203082375649853,18.22756041166092,17.9338302044721,18.121490478515625,163500,0.0,0
2017-10-03,18.170448825388135,18.22756269366167,18.121492747236942,18.19492530822754,115600,0.0,0
2017-10-04,18.26835380347364,18.26835380347364,18.023579692138558,18.178604125976562,93300,0.0,0
2017-10-05,18.268356979680448,18.34994888305664,18.194924422265487,18.34994888305664,123400,0.0,0
2017-10-06,18.431542024754606,18.53761041690457,18.333631422877836,18.447860717773438,126700,0.0,0
2017-10-09,18.5457706451416,18.55392999203894,18.423383554154114,18.5457706451416,150600,0.0,0
2017-10-10,18.57024852202391,18.5947265625,18.464178569530457,18.5947265625,76400,0.0,0
2017-10-11,18.643679990298022,18.692634512133644,18.553928736735894,18.627361297607422,93600,0.0,0
2017-10-12,18.60288303881538,18.68447494506836,18.59472524880264,18.68447494506836,74800,0.0,0
2017-10-13,18.651839765892163,18.766067504882812,18.643680419359086,18.766067504882812,74600,0.0,0
2017-10-16,18.766068605967245,18.815023131801862,18.67631734507352,18.80686378479004,80800,0.0,0
2017-10-17,18.831338742155772,18.953725814819336,18.782384224337555,18.953725814819336,92900,0.0,0
2017-10-18,18.978203559568374,19.002681596218533,18.88845231475383,18.945566177368164,95200,0.0,0
2017-10-19,19.06795805389375,19.06795805389375,18.790546482860364,18.855819702148438,84200,0.0,0
2017-10-20,19.010839678313264,19.0353177153404,18.80686070512863,18.953725814819336,89300,0.0,0
2017-10-23,18.929247179954043,18.929247179954043,18.68447150624536,18.757904052734375,119200,0.0,0
2017-10-24,18.872134858253723,18.872134858253723,18.733429087300877,18.790544509887695,82800,0.0,0
2017-10-25,18.839498294821528,18.839498294821528,18.586564801039696,18.643678665161133,76300,0.0,0
2017-10-26,18.651838973243947,18.69263414793944,18.55392837524414,18.55392837524414,94600,0.0,0
2017-10-27,18.7742268362306,19.059797739712472,18.733430103598202,19.019001007080078,134600,0.0,0
2017-10-30,19.084277068465294,19.11691445943735,19.019003842757638,19.108755111694336,79600,0.0,0
2017-10-31,19.14138945546042,19.296413938029534,19.10059427615944,19.247459411621094,116600,0.0,0
2017-11-01,19.304568872968886,19.304568872968886,19.19850049728707,19.231136322021484,109100,0.0,0
2017-11-02,19.174023773732124,19.40248078745137,19.174023773732124,19.39432144165039,195700,0.0,0
2017-11-03,19.418798288286407,19.50854953755028,19.378003114749802,19.467754364013672,100600,0.0,0
2017-11-06,19.45959202451154,19.51670588117118,19.386159478453184,19.50038719177246,64100,0.0,0
2017-11-07,19.435116472844054,19.516708374023438,19.435116472844054,19.516708374023438,73000,0.0,0
2017-11-08,19.443274209698146,19.533025449192355,19.435114864631768,19.524866104125977,64100,0.0,0
2017-11-09,19.418798578928186,19.500390483458702,19.20666180587944,19.475914001464844,122500,0.0,0
2017-11-10,19.329048884557142,19.5248685216887,19.329048884557142,19.475914001464844,106300,0.0,0
2017-11-13,19.451435598407237,19.500390117712907,19.35352500355978,19.402481079101562,80800,0.0,0
2017-11-14,19.29641224744306,19.345366769562524,19.14954712484847,19.190343856811523,97000,0.0,0
2017-11-15,19.09243560870389,19.182186873844604,19.019003038359013,19.14954948425293,106600,0.0,0
2017-11-16,19.263773207139874,19.484069298075653,19.12506745405797,19.459592819213867,67600,0.0,0
2017-11-17,19.524866688407226,19.54118537902832,19.28009099779882,19.54118537902832,101000,0.0,0
2017-11-20,19.467754814823884,19.48407195087471,19.40248160191213,19.426958084106445,63700,0.0,0
2017-11-21,19.5003933923697,19.720691100593484,19.435120170255583,19.70437240600586,110800,0.0,0
2017-11-22,19.75332670626686,19.77780474786667,19.647258305140397,19.761486053466797,65600,0.0,0
2017-11-24,19.785961804619667,19.900189539722927,19.785961804619667,19.8675537109375,62400,0.0,0
2017-11-27,19.97361967421443,19.97361967421443,19.84307326245376,19.916505813598633,101200,0.0,0
2017-11-28,19.94914436340332,19.998098881622642,19.834915079243476,19.94914436340332,100500,0.0,0
2017-11-29,19.892029462570182,19.90834815448138,19.557504059571173,19.720687866210938,87800,0.0,0
2017-11-30,19.794119772817673,19.89202880859375,19.696209180805532,19.89202880859375,80400,0.0,0
2017-12-01,19.761483765853466,19.8838724034483,19.59830150945398,19.8675537109375,59400,0.0,0
2017-12-04,20.128646421133602,20.169441595880492,19.67989327397317,19.73700714111328,124800,0.0,0
2017-12-05,19.989937828013048,19.989937828013048,19.67173115241977,19.712526321411133,130900,0.0,0
2017-12-06,19.71252910252345,19.761483623466948,19.639096542990117,19.73700714111328,66700,0.0,0
2017-12-07,19.663574811925244,19.87571314681368,19.663574811925244,19.753324508666992,71100,0.0,0
2017-12-08,19.78596166205678,19.924667434926832,19.73700714111328,19.73700714111328,119900,0.0,0
2017-12-11,19.84307612391258,19.9083493392056,19.77780290861956,19.826757431030273,69700,0.0,0
2017-12-12,19.810442034710103,19.95730561484405,19.77780464607833,19.875715255737305,91700,0.0,0
2017-12-13,19.851237214263474,19.916510435290675,19.802282687552157,19.875715255737305,68000,0.0,0
2017-12-14,19.875708076116258,19.883993262937683,19.759718621091885,19.78457260131836,107400,0.37,0
2017-12-15,19.78457416214557,19.991699108308158,19.78457416214557,19.933704376220703,90300,0.0,0
2017-12-18,20.04141535508991,20.198829216632006,19.96685022899593,20.124265670776367,89100,0.0,0
2017-12-19,20.082837025901902,20.215396881103516,20.04969785222056,20.215396881103516,73700,0.0,0
2017-12-20,20.198826504143785,20.281676808704322,20.124262968301235,20.215396881103516,71700,0.0,0
2017-12-21,20.215397317063566,20.28996243475229,20.0828374590032,20.28167724609375,75900,0.0,0
2017-12-22,20.298247185664057,20.298247185664057,20.115977779821367,20.215396881103516,77500,0.0,0
2017-12-26,20.09940732971804,20.20711161908811,19.983417851898256,19.99998664855957,67100,0.0,0
2017-12-27,20.091123914212712,20.198828213087165,20.074553535851024,20.099409103393555,98100,0.0,0
2017-12-28,20.16568709408742,20.265106194204215,20.041412428822376,20.25682258605957,53100,0.0,0
2017-12-29,20.381097521344525,20.381097521344525,20.057981491088867,20.057981491088867,187900,0.0,0
2018-01-02,20.066266420631816,20.364526881560955,20.066266420631816,20.265106201171875,113200,0.0,0
2018-01-03,20.2402542665638,20.6959286122642,20.2402542665638,20.530229568481445,137300,0.0,0
2018-01-04,20.695925782371663,21.623846305579697,20.629645857873808,21.41672134399414,285900,0.0,0
2018-01-05,21.433294854769137,21.441578463834546,20.629648874932666,20.64621925354004,281400,0.0,0
2018-01-08,20.64621925354004,20.845059056113666,20.546798562134086,20.64621925354004,116100,0.0,0
2018-01-09,20.712498378143827,20.936193739884956,20.637933257563454,20.729068756103516,98300,0.0,0
2018-01-10,20.372814133685306,20.67107462482783,20.372814133685306,20.530229568481445,128900,0.0,0
2018-01-11,20.50537287018798,21.027327120669785,20.50537287018798,20.61307716369629,154200,0.0,0
2018-01-12,20.662788824502986,20.811919065663737,20.65450363552314,20.729068756103516,80500,0.0,0
2018-01-16,20.90304675695539,21.126742052057768,20.662782669067383,20.662782669067383,150800,0.0,0
2018-01-17,20.67935582414948,20.927906731218574,20.67935582414948,20.78706169128418,100100,0.0,0
2018-01-18,20.82848436687022,20.886479099755228,20.68763933833322,20.737350463867188,127000,0.0,0
2018-01-19,20.79534522465309,20.944475440979172,20.42251968383789,20.42251968383789,203400,0.0,0
2018-01-22,20.497089762259083,20.76220950879864,20.455665394451653,20.72078514099121,160700,0.0,0
2018-01-23,20.80363324456003,21.13503289249302,20.787062867103835,21.09360694885254,99100,0.0,0
2018-01-24,21.159889320500127,21.267593617875733,21.0356130647552,21.217884063720703,119700,0.0,0
2018-01-25,21.267592102039032,21.267592102039032,20.91133689880371,20.91133689880371,113600,0.0,0
2018-01-26,20.961045704272017,21.36701202392578,20.911336155427133,21.36701202392578,85600,0.0,0
2018-01-29,21.375297044655124,21.375297044655124,21.019043410776014,21.09360694885254,131600,0.0,0
2018-01-30,20.7870650776261,21.03561444494735,20.72078514099121,20.72078514099121,112300,0.0,0
2018-01-31,20.87819648870881,21.03561031969761,20.795346189103213,20.927906036376953,105900,0.0,0
2018-02-01,20.828486618045215,20.985902038773904,20.720782328223347,20.745637893676758,101700,0.0,0
2018-02-02,20.68763961926402,20.68763961926402,20.024840405523417,20.04969596862793,215900,0.0,0
2018-02-05,19.883996150671013,19.95856126265507,16.76883656410399,18.25185203552246,924700,0.0,0
2018-02-06,17.81274868860404,19.03064303005539,17.613908892871464,18.96436309814453,486500,0.0,0
2018-02-07,18.815231042845948,19.486317066531132,18.806947434863925,19.179771423339844,237100,0.0,0
2018-02-08,19.17976919418352,19.204624755954992,18.52525520324707,18.52525520324707,229500,0.0,0
2018-02-09,18.72409830715604,18.898082529975028,18.177288492241843,18.782093048095703,194800,0.0,0
2018-02-12,19.13006496400489,19.403469898474153,18.906369586646864,19.320619583129883,144800,0.0,0
2018-02-13,19.171487075292774,19.511171906012756,19.138347901198163,19.46974754333496,127800,0.0,0
2018-02-14,19.378608695765443,19.883994050217936,19.34546952740544,19.85913848876953,121500,0.0,0
2018-02-15,19.88399658554854,20.223681400799283,19.850855832725017,20.19882583618164,101900,0.0,0
2018-02-16,20.124263402295913,20.439092670129742,20.124263402295913,20.28167724609375,134700,0.0,0
2018-02-20,20.099407402861637,20.381097490224594,20.099407402861637,20.215396881103516,116800,0.0,0
2018-02-21,20.298248566303055,20.405952863390862,20.091123580932614,20.091123580932617,81900,0.0,0
2018-02-22,20.09940583916243,20.389381092445678,20.09940583916243,20.22368049621582,113200,0.0,0
2018-02-23,20.281677313514,20.530228233382033,20.231967761635655,20.497087478637695,84900,0.0,0
2018-02-26,20.654504442843724,20.762208743315085,20.53851495306868,20.64621925354004,142400,0.0,0
2018-02-27,20.73735307237666,20.787062623925536,20.563367271598363,20.596508026123047,106900,0.0,0
2018-02-28,20.604791982775065,20.845056117760823,20.571651230231897,20.621360778808594,105900,0.0,0
2018-03-01,20.563364266205248,20.68763891703343,20.05797889523433,20.190540313720703,161600,0.0,0
2018-03-02,19.991698417472104,20.455659418614907,19.883994144494096,20.389379501342773,172600,0.0,0
2018-03-05,20.256821632711468,20.770490646362305,20.190541709006908,20.770490646362305,115300,0.0,0
2018-03-06,20.770492084741086,20.894766752763537,20.671072982418384,20.86162757873535,113800,0.0,0
2018-03-07,20.80363191884513,21.068751620296727,20.72906680528211,21.052181243896484,98700,0.0,0
2018-03-08,21.110175375832227,21.50785491660818,21.019041468719834,21.408435821533203,115700,0.0,0
2018-03-09,21.532711169029252,22.435776142733292,21.4581460552197,22.129230499267578,303500,0.0,0
2018-03-12,22.245220645844874,22.28664500505283,22.01324012566149,22.154085159301758,148300,0.0,0
2018-03-13,22.361208866970166,22.56004862449181,22.046379645953714,22.170654296875,281800,0.0,0
2018-03-14,22.431587360082876,22.456839256254884,22.0107320564962,22.120155334472656,135200,0.42,0
2018-03-15,22.19590942583974,22.19590942583974,21.75821952464165,21.800304412841797,130400,0.0,0
2018-03-16,21.800302873811898,21.833972066343545,21.396282196044922,21.396282196044922,118900,0.0,0
2018-03-19,21.202691613570284,21.320530590222567,20.87442337006861,21.14377212524414,185300,0.0,0
2018-03-20,21.126936545143316,21.404700981082808,21.042765163402592,21.337364196777344,87500,0.0,0
2018-03-21,21.295280432100718,21.665633595957956,21.185858745620695,21.4552059173584,193900,0.0,0
2018-03-22,21.10168431887828,21.37944875047246,20.874422073364258,20.874422073364258,163100,0.0,0
2018-03-23,20.924924303183534,20.933341601141272,20.285224107314164,20.310474395751953,179900,0.0,0
2018-03-26,20.512487203300164,20.950175477563626,20.310475254642572,20.908090591430664,111500,0.0,0
2018-03-27,21.042761012936186,21.042761012936186,20.18421597830393,20.243135452270508,140100,0.0,0
2018-03-28,20.251557704464208,20.722916822399167,20.049547341964505,20.360980987548828,201000,0.0,0
2018-03-29,20.453567824603617,20.908092338918895,20.276809361549205,20.75658416748047,124800,0.0,0
2018-04-02,20.99226353994698,20.99226353994698,20.09163342365089,20.302061080932617,197300,0.0,0
2018-04-03,20.386231282089724,21.04276616437506,20.234724714272172,20.82392120361328,134300,0.0,0
2018-04-04,20.537737247013656,21.009094708890757,20.259972827728074,21.00067901611328,148500,0.0,0
2018-04-05,21.0427671189597,21.505707353402524,20.924928136832957,21.41312026977539,128800,0.0,0
2018-04-06,21.23635745671879,21.23635745671879,20.55457233937435,20.975427627563477,151900,0.0,0
2018-04-09,20.992261364264298,20.992261364264298,20.697662353515625,20.697662353515625,119400,0.0,0
2018-04-10,20.832336515727548,21.160603122842076,20.781834331271966,21.068016052246094,161800,0.0,0
2018-04-11,20.975427880840883,21.387865875594137,20.9670105823232,21.20269012451172,130200,0.0,0
2018-04-12,21.396281580900883,21.817136842834074,21.143769065915134,21.73296546936035,118900,0.0,0
2018-04-13,21.66563050965679,21.749801890193428,21.4720374582274,21.65721321105957,99500,0.0,0
2018-04-16,21.674048146941374,21.95181258324786,21.581459466360688,21.640378952026367,159600,0.0,0
2018-04-17,21.66562820398836,21.96864449949888,21.66562820398836,21.918142318725586,157200,0.0,0
2018-04-18,21.79188652280038,21.867640603853552,21.690882151686505,21.749801635742188,137200,0.0,0
2018-04-19,21.67404610087738,21.699297994679817,21.345779508622847,21.421533584594727,106400,0.0,0
2018-04-20,21.42153355103042,21.42153355103042,20.941757202148434,20.941757202148438,105300,0.0,0
2018-04-23,20.958594597763756,21.23635904451905,20.8744232127455,20.992263793945312,86000,0.0,0
2018-04-24,21.15218698756573,21.202690780233727,20.57982511958204,20.70608139038086,155300,0.0,0
2018-04-25,20.596658448710286,20.90809208684968,20.352563201896697,20.689247131347656,103000,0.0,0
2018-04-26,20.790252873919517,21.34578175248677,20.773418276281575,21.244775772094727,91000,0.0,0
2018-04-27,21.413117385116287,21.522539053002465,21.33736330525835,21.44678497314453,103800,0.0,0
2018-04-30,21.34578141254155,21.606711250031765,21.25319273244301,21.26161003112793,77600,0.0,0
2018-05-01,21.295279682212925,21.413120269775394,21.059601717959442,21.41312026977539,95400,0.0,0
2018-05-02,21.42153506966487,21.42153506966487,21.1606036319233,21.20269012451172,67200,0.0,0
2018-05-03,21.068016511285588,21.497289102099966,21.000679728732482,21.429950714111328,84000,0.0,0
2018-05-04,21.37945211122502,21.926563761830888,21.37945211122502,21.758222579956055,132300,0.0,0
2018-05-07,21.800301343787485,22.45683610315742,21.77505105659637,22.406333923339844,154000,0.0,0
2018-05-08,22.280077182730057,22.305329076622613,21.985479781160745,22.04439926147461,202800,0.0,0
2018-05-09,22.27165865600178,22.27165865600178,22.052815342748644,22.170654296875,124800,0.0,0
2018-05-10,22.162239749507492,22.625179931395135,22.162239749507492,22.448421478271484,122600,0.0,0
2018-05-11,22.44000165260878,22.684098466597447,22.389499472465918,22.62517738342285,95400,0.0,0
2018-05-14,22.625178792355776,22.869275621545032,22.59992850342962,22.81035614013672,113400,0.0,0
2018-05-15,22.650429206241416,22.684098396522888,22.280076140321984,22.322162628173828,134800,0.0,0
2018-05-16,22.237995706430077,22.74302242363105,22.237995706430077,22.608348846435547,117400,0.0,0
2018-05-17,22.465254413787427,22.54100848964766,22.246409484128467,22.355831146240234,118500,0.0,0
2018-05-18,22.372670298117484,22.39792219702507,22.20432751627174,22.254831314086914,87800,0.0,0
2018-05-21,22.347412840544756,22.55784046279258,22.347412840544756,22.406333923339844,51300,0.0,0
2018-05-22,22.36425034977413,22.566260700802502,22.36425034977413,22.515758514404297,77100,0.0,0
2018-05-23,22.313751115120937,22.72618917037546,22.313751115120937,22.700937271118164,84600,0.0,0
2018-05-24,22.684099711590694,22.81877326965332,22.55784184615096,22.81877326965332,85100,0.0,0
2018-05-25,22.726185607289935,22.95344784866736,22.717768308857195,22.92819595336914,91700,0.0,0
2018-05-29,22.793523707643324,22.95344917624408,22.64201553796214,22.717769622802734,106800,0.0,0
2018-05-30,22.709350175437795,22.995531889886433,22.66726529025701,22.97028160095215,121500,0.0,0
2018-05-31,22.81877512231667,23.062870364085057,22.743021039076513,23.046035766601562,115400,0.0,0
2018-06-01,23.062870615169647,23.147041998067923,22.936614343540032,23.113372802734375,110900,0.0,0
2018-06-04,23.07128903466809,23.466892466439756,23.029204143892517,23.39113998413086,145800,0.0,0
2018-06-05,23.340635549158097,23.42480693383867,23.306967958547247,23.40797233581543,179000,0.0,0
2018-06-06,23.340633985363805,23.69415249298839,23.264879904770282,23.551061630249023,148400,0.0,0
2018-06-07,23.56789737658642,23.727822844020938,23.475308694581866,23.50897789001465,168400,0.0,0
2018-06-08,23.34904992706695,23.517392675367432,23.17229148624333,23.298547744750977,194200,0.0,0
2018-06-11,23.222797210157225,23.652069838897887,23.13020852392816,23.39113998413086,146000,0.0,0
2018-06-12,23.298551321287615,23.660487161889247,23.21437993421631,23.534229278564453,139400,0.0,0
2018-06-13,23.500559108101697,23.71098674997029,23.441639625248172,23.567895889282227,136400,0.0,0
2018-06-14,23.602079458151376,23.926799592616554,23.56789753353195,23.87552833557129,153300,0.42,0
2018-06-15,23.6618951462345,24.063522963385232,23.499534271265563,23.696075439453125,123500,0.0,0
2018-06-18,23.670436561191902,23.67898041061615,23.456804468148235,23.508075714111328,117000,0.0,0
2018-06-19,23.140631696991136,23.34571834124721,23.07226948223911,23.208993911743164,156000,0.0,0
2018-06-20,23.37135617518973,23.473898688484223,23.217540775364135,23.354265213012695,90600,0.0,0
2018-06-21,23.285901330455264,23.388445466307036,22.969725072305742,23.046632766723633,134100,0.0,0
2018-06-22,23.285900303841828,23.448261165997515,22.9868150198341,23.33717155456543,151300,0.0,0
2018-06-25,23.0808118630593,23.200445315337593,22.551003547471684,22.75609016418457,189800,0.0,0
2018-06-26,22.679189104919583,22.97827280149857,22.6022814029753,22.850093841552734,97800,0.0,0
2018-06-27,22.867180905424902,23.063722052491357,22.183557185795507,22.21773910522461,261400,0.0,0
2018-06-28,22.52537236098006,22.52537236098006,22.0468352151544,22.209196090698242,196100,0.0,0
2018-06-29,22.41428301037795,22.508281670490927,22.18355991549182,22.371557235717773,177500,0.0,0
2018-07-02,22.183559401453252,22.52537211034946,22.055380450559067,22.516826629638672,176900,0.0,0
2018-07-03,22.56810015043204,22.79027778157336,22.243380000231014,22.320287704467773,128800,0.0,0
2018-07-05,22.35446431881585,22.388646239461558,22.200648935677535,22.234830856323242,125200,0.0,0
2018-07-06,22.072472031552554,22.22628742889667,21.952838558011056,22.14937973022461,148500,0.0,0
2018-07-09,22.192103400064916,22.21773984048514,21.653751190309674,21.76483917236328,280500,0.0,0
2018-07-10,21.867382958897636,21.867382958897636,21.209395667453954,21.303394317626953,619900,0.0,0
2018-07-11,21.09830907573105,21.183762251522964,20.833404067787736,21.115398406982422,245900,0.0,0
2018-07-12,21.158126122764152,21.57684489746555,21.158126122764152,21.41448402404785,165700,0.0,0
2018-07-13,21.320489402144286,21.559756369040723,21.072675323705578,21.132492065429688,232400,0.0,0
2018-07-16,21.10685460252999,21.209397109797884,20.98721950420576,21.089763641357422,146100,0.0,0
2018-07-17,20.901763513604894,21.559750761190713,20.89321966405289,21.517024993896484,134500,0.0,0
2018-07-18,21.457211963675057,21.790477569648026,21.457211963675057,21.739206314086914,89100,0.0,0
2018-07-19,21.739205151094016,21.8075673648129,21.568298801854933,21.781930923461914,106900,0.0,0
2018-07-20,21.85883782402042,21.86738330416049,21.70502244126644,21.76483917236328,99600,0.0,0
2018-07-23,21.62811296679161,21.722111610699166,21.49138855558982,21.517024993896484,139800,0.0,0
2018-07-24,21.57684227939452,21.781928901513623,21.508480072021484,21.508480072021484,84100,0.0,0
2018-07-25,21.568302024777164,21.98702085010939,21.54266557959536,21.79047966003418,94400,0.0,0
2018-07-26,21.58538889219158,22.02119859827916,21.54266149166319,21.987016677856445,190300,0.0,0
2018-07-27,22.06392383789092,22.06392383789092,21.508480683459553,21.636659622192383,115000,0.0,0
2018-07-30,21.747751251577206,21.747751251577206,21.226488338432056,21.41448402404785,120700,0.0,0
2018-07-31,21.33757535288272,21.40593756542751,20.79922313282796,20.850494384765625,251800,0.0,0
2018-08-01,20.76504087804386,20.970129142267403,20.389049530029297,20.389049530029297,410300,0.0,0
2018-08-02,20.175417511511103,20.739406166099904,20.05578241849757,20.662498474121094,190300,0.0,0
2018-08-03,20.636865133157897,20.876133725239413,20.636865133157897,20.756500244140625,133600,0.0,0
2018-08-06,20.76504417805369,21.175219141802668,20.76504417805369,21.16667366027832,105400,0.0,0
2018-08-07,21.149582697229622,21.371760327210836,21.149582697229622,21.16667366027832,168900,0.0,0
2018-08-08,21.149581532161953,21.252125674921334,21.064128351509783,21.20939826965332,133700,0.0,0
2018-08-09,21.141035120927732,21.34612176753906,21.123944159572506,21.277759552001953,92700,0.0,0
2018-08-10,21.158124923706055,21.24357809591914,21.08976271191232,21.158124923706055,81600,0.0,0
2018-08-13,21.149580560617103,21.2777595107653,21.072672864551432,21.141035079956055,94600,0.0,0
2018-08-14,21.183762483261305,21.25212469866593,21.106854787195633,21.141035079956055,144100,0.0,0
2018-08-15,21.06412790312492,21.166672043701478,20.901767026330297,20.995765686035156,192900,0.0,0
2018-08-16,21.081218719482422,21.20939767190627,21.064127757856895,21.081218719482422,62500,0.0,0
2018-08-17,21.047036053386194,21.149580189636314,20.944493547019828,21.03849220275879,68800,0.0,0
2018-08-20,21.175216770955398,21.175216770955398,20.953039165849923,21.115398406982422,132600,0.0,0
2018-08-21,21.17521815675149,21.346122889636288,21.141036232244208,21.260669708251953,230000,0.0,0
2018-08-22,21.192304843999043,21.44011887609426,21.192304843999043,21.217941284179688,164500,0.0,0
2018-08-23,21.183761181187712,21.346120414116815,21.183761181187712,21.26921272277832,65300,0.0,0
2018-08-24,21.380304665969607,21.405939479288538,21.200852823317792,21.34612274169922,124200,0.0,0
2018-08-27,21.329034138892222,21.499940519381386,21.329034138892222,21.397397994995117,152500,0.0,0
2018-08-28,21.388846616589568,21.51702555167856,21.38030113693249,21.508480072021484,90000,0.0,0
2018-08-29,21.482847248037885,21.705024866857688,21.482847248037885,21.619571685791016,157900,0.0,0
2018-08-30,21.44012050662998,21.687932927687836,21.388849252253145,21.55120849609375,116900,0.0,0
2018-08-31,21.5170291724181,21.705024866857688,21.5170291724181,21.619571685791016,66500,0.0,0
2018-09-04,21.645205660558357,21.645205660558357,21.551207009116666,21.628114700317383,73900,0.0,0
2018-09-05,21.653752866397337,21.653752866397337,21.423029774407475,21.576845169067383,102600,0.0,0
2018-09-06,21.65375354059727,21.662299021664868,21.337577260631623,21.34612274169922,127900,0.0,0
2018-09-07,21.303397013900792,21.44866693260719,21.286306051727365,21.32048797607422,155500,0.0,0
2018-09-10,21.44012377517539,21.44012377517539,21.25212806054454,21.397397994995117,111200,0.0,0
2018-09-11,21.354665900334727,21.60247993469238,21.320485609665486,21.602479934692383,159100,0.0,0
2018-09-12,21.4828454927154,21.4828454927154,21.3632120269274,21.37175750732422,145500,0.0,0
2018-09-13,21.528202753763573,21.64118814896268,21.449981457963215,21.54558563232422,114200,0.42,0
2018-09-14,21.441289983369373,21.52820271830691,21.163170557747282,21.180553436279297,216900,0.0,0
2018-09-17,21.18055052579391,21.21531462035836,20.798135539251103,20.893739700317383,202400,0.0,0
2018-09-18,20.876361190906586,21.08495077509114,20.876361190906586,21.01542091369629,200100,0.0,0
2018-09-19,21.11971290559844,21.11971290559844,20.841593485978898,20.858976364135742,216300,0.0,0
2018-09-20,20.876358893215293,21.05018269870972,20.81552047840612,20.850284576416016,349000,0.0,0
2018-09-21,20.88504918280164,20.88504918280164,20.763370702157037,20.815519332885742,167000,0.0,0
2018-09-24,20.71122446277232,20.763371437625768,20.398339298206754,20.685150146484375,192000,0.0,0
2018-09-25,20.72860618975381,20.79813603827329,20.615619149833183,20.6503849029541,130900,0.0,0
2018-09-26,20.711224876350176,20.72860775422259,20.6330035836468,20.641695022583008,215500,0.0,0
2018-09-27,20.737300872802734,20.789447852921203,20.667771013403904,20.737300872802734,226000,0.0,0
2018-09-28,20.667768825115182,20.88504981994629,20.667768825115182,20.88504981994629,171700,0.0,0
2018-10-01,21.015415428979207,21.128400802612305,20.90242839762388,21.128400802612305,188300,0.0,0
2018-10-02,21.145785652688726,21.310919667472017,21.067564364513608,21.28484535217285,295200,0.0,0
2018-10-03,21.276154674500265,21.32830330696325,21.171860725019176,21.25008201599121,160100,0.0,0
2018-10-04,21.363067869411147,21.406523406354136,20.745990624663857,20.850284576416016,152800,0.0,0
2018-10-05,20.86766740389134,20.9285058185536,20.38095842887078,20.485252380371094,147800,0.0,0
2018-10-08,20.493942191074115,20.650384763617957,20.224514237094354,20.337499618530273,152100,0.0,0
2018-10-09,20.563471978626986,20.563471978626986,20.328808120501602,20.389646530151367,180800,0.0,0
2018-10-10,20.354883287251262,20.354883287251262,19.459685008252126,19.52921485900879,333500,0.0,0
2018-10-11,19.442303849852905,19.442303849852905,19.007741866829768,19.268478393554688,436400,0.0,0
2018-10-12,19.581362759015132,19.69434814062887,19.468375719679056,19.659584045410156,293100,0.0,0
2018-10-15,19.72911737257616,19.894249754998356,19.485762032242867,19.650896072387695,149100,0.0,0
2018-10-16,19.729115380594997,20.189750037726547,19.729115380594997,20.120220184326172,192100,0.0,0
2018-10-17,20.25058978641849,20.25928122588147,20.007236112345396,20.207134246826172,129000,0.0,0
2018-10-18,20.233206010489205,20.233206010489205,19.781261161814154,19.929012298583984,115600,0.0,0
2018-10-19,20.068072637064336,20.27666219132375,19.92032149558195,19.99854278564453,151600,0.0,0
2018-10-22,20.10283689707613,20.207132503913552,19.85079180527954,19.95508575439453,127000,0.0,0
2018-10-23,19.77257402162762,19.920325190515722,19.47707168385141,19.894250869750977,175300,0.0,0
2018-10-24,19.91163148789097,19.91163148789097,19.05989033235727,19.10334587097168,195500,0.0,0
2018-10-25,19.311934334950767,19.685657913446676,19.277170237593385,19.642202377319336,187600,0.0,0
2018-10-26,19.285861144666228,19.62481895873749,19.077271593105266,19.164182662963867,232100,0.0,0
2018-10-29,19.4770672849611,19.633509858771607,18.564487814696278,18.781768798828125,258200,0.0,0
2018-10-30,18.7383143033703,19.007743956018462,18.607946025678736,18.807844161987305,235900,0.0,0
2018-10-31,19.14680156877938,19.32931680594234,19.05119740204312,19.268478393554688,179900,0.0,0
2018-11-01,19.34669884087429,19.72042239524003,19.17287339214342,19.71173095703125,146500,0.0,0
2018-11-02,19.816026466862873,19.816026466862873,19.503142955220174,19.703041076660156,195100,0.0,0
2018-11-05,19.703037935631468,19.703037935631468,19.398844253656375,19.511831283569336,119200,0.0,0
2018-11-06,19.511834394116146,19.746496613417552,19.511834394116146,19.703041076660156,101300,0.0,0
2018-11-07,19.98985031946871,20.450486597523465,19.816024870993093,20.389646530151367,228800,0.0,0
2018-11-08,20.215822858653237,20.38095686990698,20.215822858653237,20.28535270690918,114300,0.0,0
2018-11-09,20.26797245011019,20.363576625465114,20.01592733925069,20.094148635864258,149100,0.0,0
2018-11-12,20.059383015449495,20.059383015449495,19.616129550851348,19.685659408569336,91100,0.0,0
2018-11-13,19.72911546492383,19.963777685076575,19.38146453871352,19.442304611206055,151000,0.0,0
2018-11-14,19.62481944244478,19.694349294678855,19.198948890295775,19.277170181274414,133600,0.0,0
2018-11-15,19.19894854257988,19.407538095504297,19.12941869160508,19.268478393554688,254000,0.0,0
2018-11-16,19.17287365213059,19.346699103218562,19.120726679893142,19.146800994873047,100900,0.0,0
2018-11-19,19.042507063530046,19.129419796700052,18.686166349483283,18.72962188720703,177700,0.0,0
2018-11-20,18.642709382758973,18.773077643659743,18.347207107265294,18.634017944335938,224800,0.0,0
2018-11-21,18.77308003723756,18.981669612818546,18.425430744602576,18.442811965942383,240300,0.0,0
2018-11-23,18.43411874392685,18.573180105256913,18.43411874392685,18.54710578918457,63100,0.0,0
2018-11-26,18.799150716781377,19.033814586223677,18.677473891613847,19.007741928100586,171800,0.0,0
2018-11-27,18.981667711551566,19.164182950257626,18.85999088574752,19.01643180847168,122200,0.0,0
2018-11-28,19.207640663646952,19.73780517452158,19.19894922475098,19.703041076660156,186100,0.0,0
2018-11-29,19.703039518822475,19.781260804979134,19.424920127030948,19.71173095703125,137100,0.0,0
2018-11-30,19.74649828907878,19.850793906958376,19.642204328921792,19.798646926879883,120500,0.0,0
2018-12-03,20.172366009297036,20.172366009297036,19.99854221457239,20.0854549407959,147100,0.0,0
2018-12-04,19.911627462714396,20.059378584946742,19.511831283569336,19.511831283569336,131200,0.0,0
2018-12-06,19.120725068645132,19.233710441925712,18.68616313526683,19.207637786865234,313000,0.0,0
2018-12-07,19.059889001774856,19.22502302088207,18.87737210534637,19.01643180847168,138100,0.0,0
2018-12-10,18.946902425836527,19.13811076565797,18.738312865986064,19.129419326782227,137500,0.0,0
2018-12-11,19.390153869468733,19.520522123762223,19.08596017096906,19.181564331054688,120300,0.0,0
2018-12-12,19.520526329833245,19.56398352910962,19.207642783656578,19.398849487304688,117500,0.0,0
2018-12-13,19.629154544106562,19.6557289176918,19.32798506819851,19.381132125854492,120000,0.42,0
2018-12-14,19.34569903264008,19.36341527960472,18.823081573783305,18.831939697265625,116200,0.0,0
2018-12-17,18.83193979002224,18.83193979002224,18.141021360626873,18.22960090637207,206500,0.0,0
2018-12-18,18.73450438740685,18.73450438740685,18.09673462200451,18.185314178466797,230100,0.0,0
2018-12-19,18.24731852951942,18.406761385982065,17.609547103668824,17.7601318359375,230900,0.0,0
2018-12-20,17.653838543901536,17.751276225042602,16.626319742918596,16.94520378112793,492900,0.0,0
2018-12-21,17.024920308522997,17.16664688234625,16.466872135283193,16.608598709106445,317300,0.0,0
2018-12-24,16.661747894103495,16.670606017295587,16.31628953718318,16.404869079589844,240500,0.0,0
2018-12-26,16.404870687563406,17.18436702021542,16.404870687563406,17.166650772094727,360000,0.0,0
2018-12-27,17.175508896155073,17.379242370514234,16.76804532646558,17.166650772094727,319700,0.0,0
2018-12-28,17.30837837641592,17.671553000816395,17.18436633403732,17.503252029418945,272600,0.0,0
2018-12-31,17.990436360317656,17.990436360317656,17.644977995742195,17.71584129333496,343300,0.0,0
2019-01-02,17.63612230322515,18.0258713384635,17.476679439286077,17.901859283447266,197100,0.0,0
2019-01-03,17.724698590922074,17.839850810577477,17.556397633412608,17.65383529663086,152100,0.0,0
2019-01-04,17.83099369373045,18.22074267908116,17.83099369373045,18.194169998168945,209200,0.0,0
2019-01-07,18.256174105600405,18.86736938404681,18.194168934411426,18.81422233581543,174900,0.0,0
2019-01-08,18.9825250608633,19.088819167225456,18.34475366463293,18.61935043334961,267100,0.0,0
2019-01-09,18.796507203336347,19.16853994202228,18.752218275439045,18.831939697265625,298700,0.0,0
2019-01-10,18.7345019995227,19.07110393327348,18.628207896927723,18.75221824645996,110900,0.0,0
2019-01-11,18.654784263070912,18.787652762319944,18.601637201274226,18.637069702148438,114000,0.0,0
2019-01-14,18.56620397281289,18.61935272204137,18.468767978256466,18.530773162841797,126700,0.0,0
2019-01-15,18.601632686950136,19.195113416447686,18.530769391913754,19.16853904724121,155400,0.0,0
2019-01-16,19.203973271279192,19.221689519014447,18.78764989707257,18.893945693969727,193500,0.0,0
2019-01-17,18.96480941772461,19.17739932673872,18.8230828117152,18.96480941772461,145300,0.0,0
2019-01-18,19.017952401252565,19.17739522125837,18.88508394775241,19.088815689086914,119300,0.0,0
2019-01-22,19.097675404716732,19.14196601925498,18.69021188805,18.778791427612305,130800,0.0,0
2019-01-23,18.823083838791288,18.91166339475909,18.592777669080807,18.66364097595215,136900,0.0,0
2019-01-24,18.8230828117152,19.000241913984166,18.769935756840276,18.96480941772461,99800,0.0,0
2019-01-25,18.964810272974468,19.257121622240444,18.849658033966744,19.18625831604004,123200,0.0,0
2019-01-28,19.079962144456182,19.079962144456182,18.78764913719044,18.991382598876953,128800,0.0,0
2019-01-29,18.929377366056844,18.964808170471823,18.805365326818666,18.831939697265625,93400,0.0,0
2019-01-30,19.079962042792147,19.310266494750977,18.84965590131902,19.310266494750977,250600,0.0,0
2019-01-31,19.407702320181482,19.806309390551455,19.1685380779595,19.469707489013672,211100,0.0,0
2019-02-01,19.363416840345266,19.762022292092475,19.05338925153226,19.638011932373047,124500,0.0,0
2019-02-04,19.700016316151984,19.735448811505382,19.54057346609044,19.65572738647461,134100,0.0,0
2019-02-05,19.673441254668553,19.886032840304384,19.593721521948005,19.708873748779297,136400,0.0,0
2019-02-06,19.75316571903239,19.886035902896317,19.487428730333665,19.80631446838379,87800,0.0,0
2019-02-07,19.59371897023957,19.708871182074482,19.310264122811162,19.363412857055664,146900,0.0,0
2019-02-08,19.363415557521652,19.434278856882987,19.26597788733194,19.345699310302734,100600,0.0,0
2019-02-11,19.451992325711977,19.487424818166385,19.310265734922815,19.407703399658203,81100,0.0,0
2019-02-12,19.505145328130926,19.629155699800997,19.505145328130926,19.558292388916016,112200,0.0,0
2019-02-13,19.66458511352539,19.8240262708554,19.496284143021434,19.66458511352539,121200,0.0,0
2019-02-14,19.59372419126633,19.726592683254108,19.42542320034072,19.611438751220703,44300,0.0,0
2019-02-15,19.64686883873598,19.64686883873598,19.496284115761792,19.584863662719727,131100,0.0,0
2019-02-19,19.567148184255615,19.593722556241453,19.443137827350505,19.4874267578125,167500,0.0,0
2019-02-20,19.487425539293252,19.549430713868716,19.372273313583715,19.43427848815918,110500,0.0,0
2019-02-21,19.44313820078311,19.44313820078311,19.283695344834566,19.398847579956055,89700,0.0,0
2019-02-22,19.434280792948947,19.514002223861684,19.39884829498129,19.42542266845703,124300,0.0,0
2019-02-25,19.576005566443605,19.69115779498989,19.55828931912438,19.66458511352539,109600,0.0,0
2019-02-26,19.682298297237043,19.79745220725835,19.620293125462904,19.770877838134766,107000,0.0,0
2019-02-27,19.762022041994864,19.84174346923828,19.664586056097455,19.84174346923828,85100,0.0,0
2019-02-28,19.84174388833717,19.92146531726447,19.53171629689928,19.912607192993164,65900,0.0,0
2019-03-01,20.08090508845633,20.08090508845633,19.939178500929327,20.01889991760254,83400,0.0,0
2019-03-04,20.151769903068562,20.17834427380326,19.939180005733952,20.027759552001953,109200,0.0,0
2019-03-05,20.036618741654177,20.116338479071217,19.85060151564266,19.88603401184082,114500,0.0,0
2019-03-06,19.850601569654625,19.86831781780191,19.717733087578818,19.762022018432617,77700,0.0,0
2019-03-07,19.806313313803898,19.806313313803898,19.53171652670592,19.629154205322266,79800,0.0,0
2019-03-08,19.611434505789376,19.717730290077693,19.354555702156716,19.540571212768555,83900,0.0,0
2019-03-11,19.70887361582499,19.70887361582499,19.513999968073442,19.593721389770508,130500,0.0,0
2019-03-12,19.64687120489669,19.832886755348134,19.64687120489669,19.81517219543457,94900,0.0,0
2019-03-13,19.90374857042549,19.92146481852457,19.832885267543578,19.88603401184082,148900,0.0,0
2019-03-14,20.183513455816904,20.183513455816904,19.786875740550705,20.048295974731445,109800,0.39,0
2019-03-15,20.012237434713082,20.05730935224565,19.95814907041387,19.985193252563477,124000,0.0,0
2019-03-18,19.994206712892453,20.138438903116654,19.94012007140421,20.030263900756836,81600,0.0,0
2019-03-19,20.05731021731874,20.129426320111286,20.030266034002718,20.084354400634766,58900,0.0,0
2019-03-20,20.1023820618124,20.14745570050431,20.021251231550465,20.11139678955078,68700,0.0,0
2019-03-21,20.0212487829779,20.237598783472734,20.0212487829779,20.174495697021484,135200,0.0,0
2019-03-22,20.039279183048627,20.147454188407007,19.922091170011814,19.9671630859375,101200,0.0,0
2019-03-25,19.976177812999314,20.003221994184756,19.840960345838873,19.9671630859375,67200,0.0,0
2019-03-26,19.99420694957161,20.075337772456017,19.75982920783703,19.804901123046875,121700,0.0,0
2019-03-27,20.021251453110544,20.030266180948686,19.723772311985982,19.831947326660156,91700,0.0,0
2019-03-28,19.750815611374893,20.075338921486917,19.750815611374893,20.012237548828125,108400,0.0,0
2019-03-29,20.06632363646335,20.120410280184615,19.949133902453305,20.07533836364746,103400,0.0,0
2019-04-01,20.156470579156107,20.219571954413723,20.1204116679326,20.192527770996094,154100,0.0,0
2019-04-02,20.192526135830303,20.300701141357422,20.138439492758437,20.300701141357422,110700,0.0,0
2019-04-03,20.19252633271179,20.4359188079834,20.19252633271179,20.4359188079834,113000,0.0,0
2019-04-04,20.589164528050233,20.589164528050233,20.318729606471248,20.453947067260742,96600,0.0,0
2019-04-05,20.444932501011447,20.60719414298508,20.399858867472485,20.535078048706055,121700,0.0,0
2019-04-08,20.499020375988707,20.60719538361142,20.471976194237175,20.571136474609375,85100,0.0,0
2019-04-09,20.553105826977937,20.598179460613917,20.499019185998076,20.58916473388672,63500,0.0,0
2019-04-10,20.562120509446117,20.57113523615391,20.435917774303654,20.535078048706055,92400,0.0,0
2019-04-11,20.553105782738328,20.65226605714073,20.517048595290472,20.535078048706055,81700,0.0,0
2019-04-12,20.5350782085331,20.625222037545996,20.5350782085331,20.616209030151367,96000,0.0,0
2019-04-15,20.57113849381654,20.6162121344934,20.517051844387893,20.598182678222656,66100,0.0,0
2019-04-16,20.490005803090007,20.73339828253703,20.490005803090007,20.652267456054688,99800,0.0,0
2019-04-17,20.688323691355357,20.73339560273846,20.55310451843963,20.580148696899414,104200,0.0,0
2019-04-18,20.598180811527605,20.73339828253703,20.598180811527605,20.652267456054688,53600,0.0,0
2019-04-22,20.598178431225733,20.688323974609375,20.544091792948837,20.688323974609375,55500,0.0,0
2019-04-23,20.724383863802295,20.832558873850605,20.724383863802295,20.814529418945312,81200,0.0,0
2019-04-24,20.94073303111019,20.976791942413016,20.850587472236665,20.9136905670166,89900,0.0,0
2019-04-25,20.931716918945312,21.012847744627468,20.841573085417057,20.931716918945312,129700,0.0,0
2019-04-26,20.93171845322993,21.084965388597666,20.877631805271772,20.994821548461914,54700,0.0,0
2019-04-29,20.99481825946914,21.07594735900514,20.90467271407181,21.012845993041992,60800,0.0,0
2019-04-30,20.895659090357128,20.967775186604246,20.850585455588078,20.88664436340332,72600,0.0,0
2019-05-01,20.90467505371613,21.030877799766998,20.859601416281205,20.92270278930664,82700,0.0,0
2019-05-02,20.913689190740303,20.92270219858936,20.444933690952368,20.51704978942871,197200,0.0,0
2019-05-03,20.598179707141615,20.796498539363537,20.598179707141615,20.77846908569336,102800,0.0,0
2019-05-06,20.63423771628,20.83255827577783,20.56212161811263,20.823543548583984,102200,0.0,0
2019-05-07,20.778468792283192,20.778468792283192,20.41788832088807,20.535078048706055,95500,0.0,0
2019-05-08,20.43591944568347,20.697339664056805,20.417889990793324,20.48099136352539,77900,0.0,0
2019-05-09,20.29168634148268,20.35478771140404,20.075338050588,20.327743530273438,128700,0.0,0
2019-05-10,20.318730679354783,20.60719506943961,20.093367659678087,20.40887451171875,93500,0.0,0
2019-05-13,20.04829635467768,20.138441916904235,19.831948036964103,19.849977493286133,151100,0.0,0
2019-05-14,19.922092476390606,20.0482952247649,19.886033565778813,19.976179122924805,138900,0.0,0
2019-05-15,19.95814737152222,20.147453191688353,19.95814737152222,20.12040901184082,95300,0.0,0
2019-05-16,20.318733103633317,20.38183448157023,20.22858754113047,20.291688919067383,123500,0.0,0
2019-05-17,20.228582263447546,20.390843889741525,20.183508634264136,20.2015380859375,69900,0.0,0
2019-05-20,19.949133589544306,20.165483599802652,19.886032219628696,19.913076400756836,77300,0.0,0
2019-05-21,20.030263465065676,20.192525105384277,20.030263465065676,20.12040901184082,77000,0.0,0
2019-05-22,20.084351018007673,20.174494841778603,19.95814656983856,19.994205474853516,71600,0.0,0
2019-05-23,19.90406399448079,19.90406399448079,19.651656766004887,19.76884651184082,87900,0.0,0
2019-05-24,19.904062032470424,19.958148676318192,19.66968428328554,19.714757919311523,71700,0.0,0
2019-05-28,19.83194510052654,19.90406119575312,19.597567361194315,19.6696834564209,68400,0.0,0
2019-05-29,19.48939603529772,19.606584057040944,19.236988816964644,19.309104919433594,149100,0.0,0
2019-05-30,19.390234860484988,19.579538976016526,19.336148215959327,19.489395141601562,70600,0.0,0
2019-05-31,19.246001161286035,19.336146708054542,19.056695341133842,19.065710067749023,131200,0.0,0
2019-06-03,19.05669795573802,19.12881405917059,18.67808798287114,18.75020408630371,165100,0.0,0
2019-06-04,18.84936183137277,19.137826206202362,18.7592162843927,19.119796752929688,137100,0.0,0
2019-06-05,19.227975099789397,19.30910593425386,19.074728159065813,19.155858993530273,125400,0.0,0
2019-06-06,19.20994277938945,19.363189697265625,19.10176949582,19.363189697265625,78200,0.0,0
2019-06-07,19.363189192854886,19.786872747384418,19.345159739601865,19.759828567504883,88200,0.0,0
2019-06-10,19.831946365664223,20.147454947176477,19.79588745605896,20.03927993774414,125900,0.0,0
2019-06-11,20.18351165108999,20.18351165108999,20.021250000542793,20.07533836364746,82400,0.0,0
2019-06-12,20.039279140588054,20.084352775801616,19.877017492585985,19.913076400756836,77100,0.0,0
2019-06-13,20.059902729982312,20.133314927747282,19.94978355819243,20.014019012451172,101100,0.39,0
2019-06-14,20.014017798202865,20.014017798202865,19.812134704168642,19.968135833740234,76200,0.0,0
2019-06-17,20.069078193878703,20.16084212252038,20.014017736352002,20.14249038696289,72900,0.0,0
2019-06-18,20.344375171236994,20.436140857790253,20.28931645941899,20.316844940185547,119900,0.0,0
2019-06-19,20.335197937920864,20.34437468138372,20.19755028654771,20.326021194458008,61300,0.0,0
2019-06-20,20.426961945203004,20.50037413659384,20.335196268393283,20.390254974365234,64800,0.0,0
2019-06-21,20.36272863403394,20.445317576803728,20.18837400482162,20.215904235839844,128400,0.0,0
2019-06-24,20.197548639578415,20.399431728444558,20.197548639578415,20.252607345581055,82100,0.0,0
2019-06-25,20.170018687712865,20.24343088015018,19.876369917963608,19.903900146484375,102100,0.0,0
2019-06-26,19.977311151639295,20.188370973567373,19.977311151639295,20.09660530090332,71500,0.0,0
2019-06-27,20.261785204810906,20.390256109324618,20.206726495774284,20.371904373168945,121600,0.0,0
2019-06-28,20.307667432164433,20.573787738124196,20.26178546575715,20.537080764770508,196800,0.0,0
2019-07-01,20.92249516321275,20.92249516321275,20.62884637850988,20.711435317993164,130600,0.0,0
2019-07-02,20.720612527392728,20.86743692304685,20.674730560107637,20.839906692504883,137400,0.0,0
2019-07-03,20.8674373626709,20.96837979316653,20.839907131548937,20.8674373626709,63700,0.0,0
2019-07-05,20.92249485830252,20.92249485830252,20.693081529811113,20.82155418395996,80000,0.0,0
2019-07-08,20.61967055954429,20.839907157944246,20.564611847515526,20.72978973388672,77800,0.0,0
2019-07-09,20.80320239514747,20.87661459624374,20.748143681896497,20.858261108398438,93800,0.0,0
2019-07-10,21.10602688064446,21.161085591122905,20.90414377536693,21.050968170166016,93300,0.0,0
2019-07-11,21.188615821504552,21.188615821504552,21.050968170166016,21.050968170166016,151900,0.0,0
2019-07-12,21.060142562395466,21.188613455930494,20.959200145883855,21.023435592651367,119100,0.0,0
2019-07-15,21.014260268162,21.133556177595207,20.96837830317063,21.03261375427246,143500,0.0,0
2019-07-16,21.096849902642834,21.106026646001364,20.87661331289265,20.986732482910156,100200,0.0,0
2019-07-17,20.9867306213011,21.00508235610545,20.885788203596128,20.950023651123047,87400,0.0,0
2019-07-18,20.904143152216477,20.986732090614602,20.867436179468513,20.922494888305664,91100,0.0,0
2019-07-19,20.986733280581173,21.03261524883288,20.849083875256255,20.8674373626709,81800,0.0,0
2019-07-22,20.830730674335804,20.922494604390902,20.830730674335804,20.89496612548828,60100,0.0,0
2019-07-23,20.99590467989994,21.069316866706828,20.84908030628617,20.931669235229492,119100,0.0,0
2019-07-24,20.940848998924277,21.078496650262814,20.922495512003177,21.050968170166016,89600,0.0,0
2019-07-25,21.014260046547196,21.014260046547196,20.830730438232422,20.830730438232422,90800,0.0,0
2019-07-26,20.959200882367558,21.01425958863375,20.931670654092102,20.940847396850586,70300,0.0,0
2019-07-29,20.90414377536693,21.050968170166016,20.78484786066464,21.050968170166016,135100,0.0,0
2019-07-30,21.03261375427246,21.03261375427246,20.849082393737426,21.03261375427246,129200,0.0,0
2019-07-31,21.01425934883182,21.078494797123483,20.683905364719738,20.876611709594727,107600,0.0,0
2019-08-01,20.931670174898713,21.20696720049668,20.76649230959687,20.812376022338867,102500,0.0,0
2019-08-02,20.665554796085623,20.729790253443284,20.463669929778757,20.582965850830078,119100,0.0,0
2019-08-05,20.298488483334,20.39942913981564,19.775424716687755,19.84883689880371,236500,0.0,0
2019-08-06,19.913076922842524,20.087429786246663,19.75707579486506,20.004840850830078,177300,0.0,0
2019-08-07,19.757077146555982,20.08743116053893,19.74790040307245,20.05072593688965,96400,0.0,0
2019-08-08,20.225077448398263,20.463665741094655,20.225077448398263,20.38107681274414,98200,0.0,0
2019-08-09,20.381078687237874,20.381078687237874,20.188372336886093,20.28013801574707,66300,0.0,0
2019-08-12,20.179194434277615,20.252606623090465,20.023193314264727,20.059900283813477,58300,0.0,0
2019-08-13,20.032369365485536,20.52790293558862,20.032369365485536,20.38107681274414,130700,0.0,0
2019-08-14,20.160843667047796,20.298493071125154,19.867194872214537,19.94060707092285,115100,0.0,0
2019-08-15,19.940607769002646,19.986491488729687,19.802960110391403,19.894725799560547,65700,0.0,0
2019-08-16,20.04154821632614,20.1700191182626,19.995666251430197,20.06907844543457,78200,0.0,0
2019-08-19,20.35355284428477,20.40861155861681,20.289317385849902,20.3351993560791,82000,0.0,0
2019-08-20,20.316843237120615,20.326019980035184,20.188372336886093,20.28013801574707,126300,0.0,0
2019-08-21,20.399430296885274,20.491195967306354,20.289312892607644,20.38107681274414,64300,0.0,0
2019-08-22,20.55543279587468,20.55543279587468,20.316842736825237,20.42696189880371,102000,0.0,0
2019-08-23,20.30766557838726,20.48202018533174,19.958958114782973,19.986488342285156,163700,0.0,0
2019-08-26,20.14249350160687,20.19755221736258,20.069081297170918,20.18837547302246,60700,0.0,0
2019-08-27,20.3076663163211,20.31684305915529,19.977312325713964,20.041547775268555,86100,0.0,0
2019-08-28,19.96813461022625,20.114958987851953,19.94060438306469,20.059900283813477,198600,0.0,0
2019-08-29,20.26178408829561,20.371903250585593,20.225078867722086,20.252607345581055,125400,0.0,0
2019-08-30,20.353549478387993,20.399431441029623,20.206725097593147,20.225078582763672,55700,0.0,0
2019-09-03,20.050725194680638,20.22507981384406,20.041548451536794,20.13331413269043,75800,0.0,0
2019-09-04,20.252608742992074,20.426963366029558,20.206726776538183,20.399433135986328,90200,0.0,0
2019-09-05,20.61966870922066,20.729787873681452,20.49119780925369,20.69308090209961,107300,0.0,0
2019-09-06,20.766494958477594,20.77567170219654,20.61967055954429,20.72978973388672,66000,0.0,0
2019-09-09,20.803202193125113,20.81237893695865,20.610494073190722,20.6563777923584,145400,0.0,0
2019-09-10,20.7206103560317,20.7206103560317,20.555432490658973,20.674728393554688,105000,0.0,0
2019-09-11,20.757317509833033,20.977554082183037,20.69308031139851,20.913318634033203,106900,0.0,0
2019-09-12,21.156063525663694,21.156063525663694,20.997346295405055,21.090709686279297,113900,0.39,0
2019-09-13,21.156064066523687,21.156064066523687,20.969337280001493,21.006683349609375,120900,0.0,0
2019-09-16,21.0066839372547,21.13739162302151,20.85730321616158,20.913320541381836,68400,0.0,0
2019-09-17,20.903983484586817,21.01601991289647,20.86663919565601,20.997346878051758,53800,0.0,0
2019-09-18,20.950666117481727,21.01601995882242,20.810621917357587,20.98801040649414,79000,0.0,0
2019-09-19,21.00668095742144,21.202742458260005,20.99734444108269,21.081371307373047,105200,0.0,0
2019-09-20,21.128053132727104,21.28677035666466,20.90398207200793,20.92265510559082,94000,0.0,0
2019-09-23,20.96000099182129,21.016018311327894,20.894645374845357,20.96000099182129,77800,0.0,0
2019-09-24,21.072037211196665,21.156064087137665,20.539868184076074,20.71725845336914,86200,0.0,0
2019-09-25,20.62389272308878,20.79194645592833,20.55853888937527,20.782609939575195,128000,0.0,0
2019-09-26,20.782611984065813,20.81062153588065,20.65190430378042,20.754602432250977,69100,0.0,0
2019-09-27,20.79194757023079,20.85730140744681,20.56787650802223,20.605220794677734,128700,0.0,0
2019-09-30,20.68924903869629,20.791948950142263,20.605222162196604,20.68924903869629,114000,0.0,0
2019-10-01,20.801283904507656,20.950664611335558,20.60522061382198,20.642566680908203,125700,0.0,0
2019-10-02,20.549204860673107,20.605222184814846,20.250443424239002,20.399824142456055,137000,0.0,0
2019-10-03,20.37181554739006,20.539869308471676,20.23177134007495,20.53986930847168,72100,0.0,0
2019-10-04,20.614558542606005,20.71725845336914,20.55854121889821,20.71725845336914,68000,0.0,0
2019-10-07,20.69858404613619,20.74526484933777,20.633230209350586,20.633230209350586,137800,0.0,0
2019-10-08,20.59588517040686,20.614558204923117,20.44650445579397,20.47451400756836,75400,0.0,0
2019-10-09,20.567878182052436,20.74526667443122,20.567878182052436,20.651905059814453,87700,0.0,0
2019-10-10,20.73592722390532,20.847963638661007,20.661236874321002,20.810619354248047,55000,0.0,0
2019-10-11,20.969335772967128,21.100045226442216,20.913318453339794,20.950664520263672,102800,0.0,0
2019-10-14,20.969335908789546,21.06269929594549,20.92265510559082,20.92265510559082,39600,0.0,0
2019-10-15,20.93199299115222,21.16540058392566,20.93199299115222,21.006683349609375,114500,0.0,0
2019-10-16,21.01601809404516,21.044027643888118,20.875973906347316,20.97867202758789,66900,0.0,0
2019-10-17,21.053363800048825,21.072036834537183,20.93199263739166,21.053363800048828,92400,0.0,0
2019-10-18,20.931993622875453,21.05336479124681,20.81995719142918,20.90398406982422,88400,0.0,0
2019-10-21,20.950665445064427,21.100046157836914,20.922655893635127,21.100046157836914,70900,0.0,0
2019-10-22,21.100045668295863,21.268099411455545,21.081372634442896,21.17473602294922,144600,0.0,0
2019-10-23,21.14672806652547,21.324118339985958,21.13739154889506,21.212081909179688,85100,0.0,0
2019-10-24,21.361461149407987,21.45482453848339,21.296107311282764,21.4361515045166,98900,0.0,0
2019-10-25,21.30544355807949,21.501506850727296,21.30544355807949,21.492170333862305,66200,0.0,0
2019-10-28,21.566861306243002,21.74425157024576,21.520178720579874,21.678895950317383,150300,0.0,0
2019-10-29,21.725577111866002,21.744250144907234,21.594867661335833,21.604204177856445,70500,0.0,0
2019-10-30,21.64155157163075,21.71624192761942,21.54818818145527,21.697568893432617,52700,0.0,0
2019-10-31,21.72557821722942,21.75358598745781,21.520178404842348,21.744251251220703,105600,0.0,0
2019-11-01,21.828275060167638,21.958984509668408,21.75358470934938,21.93097496032715,81700,0.0,0
2019-11-04,22.033674815406176,22.13637293459714,21.9216383990288,21.940311431884766,103500,0.0,0
2019-11-05,21.949647993221323,22.071019145516576,21.88429415885015,21.93097496032715,62100,0.0,0
2019-11-06,21.930977004955523,22.033676914689764,21.809605841344816,21.90296745300293,78800,0.0,0
2019-11-07,21.968322799549426,22.07102092724101,21.940313247947046,21.958986282348633,91400,0.0,0
2019-11-08,21.968324210963754,22.03367805480957,21.968324210963754,22.03367805480957,52500,0.0,0
2019-11-11,21.958983543596155,22.080354690551758,21.940310511523492,22.080354690551758,57300,0.0,0
2019-11-12,22.08035946197374,22.220403671264645,22.08035946197374,22.22040367126465,76200,0.0,0
2019-11-13,22.136373160173395,22.267082610738704,22.136373160173395,22.2110652923584,55500,0.0,0
2019-11-14,22.14571136113274,22.248411269940185,22.089694038491672,22.229738235473633,66700,0.0,0
2019-11-15,22.211066845026075,22.276420684498074,22.164384259147095,22.257747650146484,63200,0.0,0
2019-11-18,22.155047651232042,22.29509184677827,22.155047651232042,22.27642059326172,57200,0.0,0
2019-11-19,22.31376412869745,22.388454482521,22.248410291696658,22.379117965698242,83300,0.0,0
2019-11-20,22.35111054919939,22.39779135329236,22.201729839191653,22.33243751525879,83900,0.0,0
2019-11-21,22.22973818981715,22.313765063985468,22.22973818981715,22.23907470703125,103300,0.0,0
2019-11-22,22.24841117858887,22.304428500999933,22.155047787398047,22.248411178588867,50600,0.0,0
2019-11-25,22.28575680187718,22.341774123168463,22.239074216835668,22.313764572143555,110200,0.0,0
2019-11-26,22.34177358886186,22.49115429590517,22.32310055529182,22.397790908813477,102500,0.0,0
2019-11-27,22.472482543994758,22.500492095947266,22.416465220848337,22.500492095947266,71700,0.0,0
2019-11-29,22.453807830810547,22.500490413908274,22.425800061710376,22.453807830810547,22300,0.0,0
2019-12-02,22.50049072189632,22.56584455836924,22.38845430168668,22.41646385192871,152000,0.0,0
2019-12-03,22.27642082164001,22.29509207534798,22.099030555724948,22.229738235473633,115300,0.0,0
2019-12-04,22.397793219896723,22.435139290890294,22.26708553293657,22.34177589416504,66000,0.0,0
2019-12-05,22.36978135845842,22.42580045916853,22.36978135845842,22.397790908813477,56900,0.0,0
2019-12-06,22.407129737645114,22.509829652118764,22.323102858668253,22.34177589416504,121400,0.0,0
2019-12-09,22.34177354376637,22.425800413903442,22.332437027000196,22.407127380371094,54200,0.0,0
2019-12-10,22.45380818344347,22.50049076727434,22.323100510234024,22.407127380371094,81400,0.0,0
2019-12-11,22.463144032781276,22.528497867444194,22.38845368162959,22.519163131713867,48600,0.0,0
2019-12-12,22.528651822997425,22.803855265173294,22.528651822997425,22.670997619628906,103400,0.39,0
2019-12-13,22.670997508725012,22.74691538722542,22.60456959129028,22.633039474487305,71800,0.0,0
2019-12-16,22.76589664267691,22.832324564002096,22.67099883648731,22.7374267578125,77900,0.0,0
2019-12-17,22.76589743882424,22.76589743882424,22.57610362983286,22.689979553222656,82400,0.0,0
2019-12-18,22.737426752129107,22.7753865986055,22.680488792439622,22.718448638916016,96000,0.0,0
2019-12-19,22.6709987279428,22.727938497399002,22.63304069166376,22.6994686126709,96100,0.0,0
2019-12-20,22.718448638916016,22.7753865986055,22.623550832750137,22.718448638916016,71000,0.0,0
2019-12-23,22.775384371098493,22.79436429248039,22.614058659402215,22.66150665283203,96700,0.0,0
2019-12-24,22.765897124698952,22.765897124698952,22.57610331832636,22.61406135559082,78200,0.0,0
2019-12-26,22.661508450789512,22.661508450789512,22.528652610625336,22.623550415039062,103500,0.0,0
2019-12-27,22.727938709089457,22.794366630715317,22.6235509408059,22.756406784057617,103200,0.0,0
2019-12-30,22.794366205029206,22.794366205029206,22.519162751975674,22.64253044128418,127000,0.0,0
2019-12-31,22.680488214284892,22.822834014892578,22.670998252907705,22.822834014892578,130500,0.0,0
2020-01-02,22.83232338628437,23.154974824671203,22.737425584989712,22.889263153076172,176900,0.0,0
2020-01-03,22.803857178564638,22.832325254264585,22.557123599022525,22.652021408081055,155500,0.0,0
2020-01-06,22.50967258481413,22.680488269972784,22.395796668058402,22.604570388793945,176700,0.0,0
2020-01-07,22.699468824096183,22.78487666905089,22.614060979141478,22.756406784057617,99100,0.0,0
2020-01-08,22.77538753568982,23.022121117862813,22.76589757368026,22.946203231811523,74100,0.0,0
2020-01-09,23.060079155875872,23.107528965923663,22.917733345782846,22.946203231811523,75800,0.0,0
2020-01-10,23.01262934700109,23.098037188348663,22.946201428180764,22.965181350708008,85900,0.0,0
2020-01-13,23.145486831665043,23.249874602968053,23.07905890811773,23.14548683166504,124900,0.0,0
2020-01-14,23.126508399578277,23.17395639859483,22.965182668886815,23.05059051513672,153000,0.0,0
2020-01-15,23.06007676565866,23.173954487944563,23.012628770554112,23.06956672668457,81200,0.0,0
2020-01-16,23.18344619283714,23.249874114990234,23.13599638413841,23.249874114990234,69900,0.0,0
2020-01-17,23.25936237699311,23.31630033324557,23.202424420740645,23.287832260131836,68300,0.0,0
2020-01-21,23.306812075403585,23.401709882775915,23.249874114990234,23.249874114990234,102700,0.0,0
2020-01-22,23.28783247474138,23.449156383939208,23.28783247474138,23.344770431518555,67600,0.0,0
2020-01-23,23.373238608914583,23.392218531266447,23.24987273367751,23.363750457763672,50400,0.0,0
2020-01-24,23.43966850026483,23.458646612723744,23.11701705813786,23.18344497680664,86400,0.0,0
2020-01-27,22.917733313306687,22.917733313306687,22.708959579467777,22.708959579467773,107400,0.0,0
2020-01-28,22.803854741246344,23.05058829441712,22.803854741246344,22.993648529052734,75900,0.0,0
2020-01-29,23.107527893293156,23.164465852682323,22.984160202920688,23.15497589111328,84800,0.0,0
2020-01-30,23.06007797682563,23.173955705092645,22.98416009465598,23.11701774597168,75400,0.0,0
2020-01-31,23.192935478491325,23.192935478491325,22.794366147166123,22.860794067382812,89500,0.0,0
2020-02-03,22.927221241232278,23.15497487885743,22.908241318923928,23.126506805419922,82800,0.0,0
2020-02-04,23.268853135810083,23.354260978129478,23.249873213066873,23.259363174438477,98800,0.0,0
2020-02-05,23.401709085134122,23.401709085134122,23.22140343827488,23.297321319580078,206400,0.0,0
2020-02-06,23.38272888756682,23.449156806675244,23.3163009684584,23.439668655395508,117100,0.0,0
2020-02-07,23.420688739087698,23.458646774291992,23.34477085865407,23.458646774291992,82300,0.0,0
2020-02-10,23.458649299691427,23.6104850769043,23.44915933736247,23.610485076904297,102600,0.0,0
2020-02-11,23.724360684702816,23.724360684702816,23.506097000809568,23.553544998168945,142000,0.0,0
2020-02-12,23.71487034301317,23.724360304337914,23.657932385089776,23.676912307739258,86700,0.0,0
2020-02-13,23.714868440413866,23.714868440413866,23.553542730886225,23.69588851928711,66100,0.0,0
2020-02-14,23.76231877555426,23.809766769409183,23.48711534312586,23.80976676940918,164200,0.0,0
2020-02-18,23.84772713042066,23.904666900634766,23.762321095149744,23.904666900634766,126300,0.0,0
2020-02-19,24.0659918318532,24.0659918318532,23.904666108310646,23.95211410522461,112000,0.0,0
2020-02-20,23.952114795994973,23.980584680979447,23.62946333960472,23.88568687438965,83400,0.0,0
2020-02-21,23.923644062082328,23.923644062082328,23.582014504516895,23.676912307739258,97100,0.0,0
2020-02-24,23.278343104576766,23.278343104576766,22.68997816952571,22.803855895996094,242300,0.0,0
2020-02-25,22.794366610560054,23.02212026022952,21.9497781234242,22.063655853271484,283400,0.0,0
2020-02-26,22.063656058784005,22.471715363668764,22.063656058784005,22.10161590576172,192600,0.0,0
2020-02-27,21.7125353437722,21.864372926059584,20.877438596330077,20.88692855834961,448500,0.0,0
2020-02-28,20.25111510723499,20.402950875928262,19.55836418631881,20.317543029785156,611000,0.0,0
2020-03-02,20.23213522875525,21.35192538288385,20.23213522875525,21.24753761291504,502900,0.0,0
2020-03-03,21.475290777007466,21.788452269751318,21.02927344189504,21.351924896240234,191700,0.0,0
2020-03-04,21.608148924879988,21.94977850023639,21.44682319400816,21.921310424804688,202500,0.0,0
2020-03-05,21.693557717112924,21.76947560494955,21.361416279068216,21.475292205810547,112600,0.0,0
2020-03-06,20.953356922518417,21.23804854898278,20.7066233349042,21.219070434570312,155300,0.0,0
2020-03-09,20.032851655624214,20.48835896715279,19.36856880212617,19.918973922729492,244600,0.0,0
2020-03-10,20.298561463099045,20.45039721950177,19.881014038004036,20.15621566772461,350200,0.0,0
2020-03-11,19.90948341451339,20.184686872276185,18.884591086684033,19.093366622924805,316100,0.0,0
2020-03-12,17.7288629182141,18.077247283809882,16.674034118652344,16.674034118652344,512200,0.39,0
2020-03-13,17.235316803940933,18.077244964161046,16.693387073734506,17.999826431274414,360700,0.0,0
2020-03-16,16.49984181345453,17.544993056685026,15.98694466324738,16.557907104492188,303500,0.0,0
2020-03-17,16.944998388502135,17.409509602857256,16.112747745096595,17.128868103027344,359800,0.0,0
2020-03-18,16.054683911073628,16.64500138513517,14.748244537657204,15.33856201171875,575600,0.0,0
2020-03-19,15.193402887494637,16.95467699221286,15.019211632712862,16.77080726623535,388700,0.0,0
2020-03-20,16.944998963986457,17.5837023668672,15.96758876362567,15.977266311645508,358300,0.0,0
2020-03-23,16.161136515305426,16.161136515305426,14.75792338916202,15.406304359436035,584400,0.0,0
2020-03-24,16.451454682892315,17.264350238417155,16.257907418889825,16.79983901977539,447100,0.0,0
2020-03-25,16.964352476550374,18.174018179064717,16.61596816356916,17.322412490844727,442700,0.0,0
2020-03-26,17.37080107029664,18.54175664122964,17.37080107029664,18.348209381103516,387400,0.0,0
2020-03-27,18.028858542588626,18.34821024476641,17.661120946003486,17.81595802307129,256300,0.0,0
2020-03-30,17.951438689498044,18.59014204708233,17.912730345967425,18.444982528686523,286000,0.0,0
2020-03-31,18.57079065506964,19.015946802100714,18.386920928955078,18.386920928955078,427900,0.0,0
2020-04-01,18.40627413133835,18.532078554699304,17.457896645068363,17.554668426513672,249100,0.0,0
2020-04-02,17.583702657135262,18.03853634675453,17.5449924644169,17.990150451660156,228300,0.0,0
2020-04-03,18.06756790998432,18.06756790998432,17.477250426983726,17.68047523498535,130100,0.0,0
2020-04-06,18.241761589110272,19.006269454956055,18.241761589110272,19.006269454956055,249700,0.0,0
2020-04-07,19.819162853338398,19.819162853338398,19.151428700165074,19.277233123779297,365400,0.0,0
2020-04-08,19.70303576392052,19.838517733393928,19.354651447213588,19.770776748657227,230300,0.0,0
2020-04-09,19.84819493937367,21.019150445812798,19.548198363924506,19.761098861694336,327800,0.0,0
2020-04-13,20.109484700918777,20.109484700918777,19.3256199422238,19.693359375,364400,0.0,0
2020-04-14,20.283674369678003,20.428835736032095,20.02238797100822,20.341739654541016,264900,0.0,0
2020-04-15,20.05141987283968,20.11916270891375,19.683682277455357,20.0417423248291,141900,0.0,0
2020-04-16,20.09012916536279,20.36109496011613,20.041741427476406,20.293352127075195,219700,0.0,0
2020-04-17,20.786895763670117,20.796573311147288,20.138514849127358,20.341739654541016,249300,0.0,0
2020-04-20,20.52560717647953,20.564317365741857,20.119161264045555,20.332061767578125,517800,0.0,0
2020-04-21,20.0804519774799,20.196580704683928,19.577230569268288,19.857873916625977,269100,0.0,0
2020-04-22,20.17722593766498,20.27399957094321,19.99335621901669,20.090129852294922,237000,0.0,0
2020-04-23,20.32238587247099,20.467545402399352,20.109485351629623,20.15787124633789,254900,0.0,0
2020-04-24,20.322385768860965,20.544963836669922,20.157871143566616,20.544963836669922,147200,0.0,0
2020-04-27,20.796573158242296,21.028828758576378,20.757864814421666,20.893346786499023,332000,0.0,0
2020-04-28,21.06753958133334,21.290117640950438,20.641736711689354,20.690122604370117,217800,0.0,0
2020-04-29,20.95141205053627,21.10624913091593,20.8449627114025,21.057863235473633,237400,0.0,0
2020-04-30,21.19334390543076,21.37721361915858,21.028829287001336,21.241731643676758,211600,0.0,0
2020-05-01,20.690124268001714,21.19334571387956,20.622383274480395,20.961090087890625,310100,0.0,0
2020-05-04,20.815928724899482,21.019151687622074,20.670769202125708,21.01915168762207,129500,0.0,0
2020-05-05,21.25140659683841,21.357857771425863,21.115924626129594,21.1643123626709,194300,0.0,0
2020-05-06,21.203022194634222,21.377214366805042,21.203022194634222,21.319150924682617,145100,0.0,0
2020-05-07,21.52237353859838,21.580436979759263,21.4449550017827,21.53205108642578,171000,0.0,0
2020-05-08,21.68688767386797,21.696565221478416,21.580436495956576,21.62882423400879,159800,0.0,0
2020-05-11,21.619147558567416,21.880435817179954,21.551406568364953,21.822370529174805,163000,0.0,0
2020-05-12,21.890113234324716,21.97720747420471,21.686888419128632,21.70624351501465,175000,0.0,0
2020-05-13,21.686889426213217,21.84172650888451,21.086896192312864,21.290119171142578,185600,0.0,0
2020-05-14,20.91270239725506,21.464309692382812,20.80625121896603,21.464309692382812,211700,0.0,0
2020-05-15,21.328828184582367,21.59011459350586,21.193344360388625,21.59011459350586,108000,0.0,0
2020-05-18,22.073982024510883,22.190110758845986,21.90946739425493,22.12236976623535,186100,0.0,0
2020-05-19,22.499784000199973,22.528816644044344,22.219140647115008,22.373979568481445,269300,0.0,0
2020-05-20,22.412686955044492,22.69333029611588,22.412686955044492,22.625587463378906,202600,0.0,0
2020-05-21,22.683653362378287,22.703006612166217,22.499783645866653,22.58687973022461,166900,0.0,0
2020-05-22,22.76107114034434,22.76107114034434,22.538493085871572,22.732038497924805,256900,0.0,0
2020-05-26,23.206227518447946,23.225582613618794,22.7417163091684,22.906230926513672,245500,0.0,0
2020-05-27,23.061068484063377,23.109454377210493,22.528816276231087,22.809457778930664,190600,0.0,0
2020-05-28,22.732039580291385,22.896554203561752,22.654621042623184,22.819135665893555,179800,0.0,0
2020-05-29,22.72236236980545,22.87719944744132,22.606235484480322,22.828813552856445,160100,0.0,0
2020-06-01,22.90623085133432,23.341711262231794,22.72236113942167,23.07074546813965,347000,0.0,0
2020-06-02,23.061068598550925,23.11913203977642,22.896553976909082,23.09010124206543,187300,0.0,0
2020-06-03,23.419130876814194,23.419130876814194,23.206228512422715,23.380420684814453,266900,0.0,0
2020-06-04,23.380420508833755,23.45783904644697,23.041713714599606,23.04171371459961,219500,0.0,0
2020-06-05,23.254615444392186,23.47719350324611,23.206227706073843,23.244937896728516,273700,0.0,0
2020-06-08,23.43848446667467,23.477194659235387,23.312680032459483,23.390098571777344,242300,0.0,0
2020-06-09,23.35138810545756,23.50622702808161,23.322357307180937,23.43848419189453,203200,0.0,0
2020-06-10,23.54493630453146,23.661065039636295,23.47719531147182,23.63203239440918,261300,0.0,0
2020-06-11,23.438485260414133,23.438485260414133,22.412689118263195,22.57720375061035,346500,0.0,0
2020-06-12,23.403918607612574,23.403918607612574,22.498468385457087,22.73467254638672,230500,0.39,0
2020-06-15,22.27210379465267,22.94134983702669,22.27210379465267,22.892141342163086,172600,0.0,0
2020-06-16,23.413760351241923,23.42360054860569,22.8921416633245,22.99056053161621,209200,0.0,0
2020-06-17,23.12834547779289,23.20708019582143,22.901983398108804,23.010242462158203,136800,0.0,0
2020-06-18,23.01024168653585,23.059452056884766,22.88229847799605,23.059452056884766,100400,0.0,0
2020-06-19,23.07913746063933,23.187396526929373,22.862615573691663,23.098819732666016,92200,0.0,0
2020-06-22,23.128346454898896,23.128346454898896,22.931508712919843,23.06929588317871,123700,0.0,0
2020-06-23,23.088977512533987,23.315341472660148,23.088977512533987,23.226764678955078,101100,0.0,0
2020-06-24,23.216922131338585,23.236606280023906,22.7445138259933,22.9019832611084,104500,0.0,0
2020-06-25,22.783881020824623,22.931508386616336,22.61656950567833,22.852773666381836,100300,0.0,0
2020-06-26,22.852774012017694,22.872458161669982,22.360681533813477,22.360681533813477,153900,0.0,0
2020-06-29,22.47878346098363,22.527991955536603,22.203211010809287,22.429574966430664,114500,0.0,0
2020-06-30,22.45909961512546,22.764196415271993,22.45909961512546,22.646095275878906,234100,0.0,0
2020-07-01,22.931508712919843,23.09882023044689,22.842931916747652,23.06929588317871,203000,0.0,0
2020-07-02,23.118503087747747,23.413759684211364,23.09881893921343,23.266130447387695,259400,0.0,0
2020-07-06,23.630279851796985,23.71885664363716,23.472810416788608,23.610595703125,180700,0.0,0
2020-07-07,23.590912518570814,23.689331388769183,23.551546096801754,23.551546096801758,135800,0.0,0
2020-07-08,23.679488032813676,23.866483688354492,23.61059539055751,23.866483688354492,148400,0.0,0
2020-07-09,24.02395457056409,24.0534807949624,23.689331536118544,23.896011352539062,227900,0.0,0
2020-07-10,23.90585230377551,24.240473445310204,23.787749288916878,24.201107025146484,208500,0.0,0
2020-07-13,24.34873520418797,24.486520495167532,23.758223864415317,23.797592163085938,295000,0.0,0
2020-07-14,23.640122250917617,24.063322067260742,23.522019234446887,24.063322067260742,206800,0.0,0
2020-07-15,24.46683708675042,24.46683708675042,23.984586713534377,24.22079086303711,125500,0.0,0
2020-07-16,24.02395408017305,24.142057098171673,23.876326715562605,24.043638229370117,161700,0.0,0
2020-07-17,24.191264795544406,24.338892155282387,24.023953287259037,24.210948944091797,170300,0.0,0
2020-07-20,23.876326406675318,24.15189886031785,23.807433762560628,24.063322067260742,366600,0.0,0
2020-07-21,24.11253022079802,24.181422863936618,23.92553456286202,24.083003997802734,208600,0.0,0
2020-07-22,24.201107012600144,24.201107012600144,23.964902860189067,24.083003997802734,105800,0.0,0
2020-07-23,23.974744787100157,24.08300384971638,23.522018756541605,23.620437622070312,153100,0.0,0
2020-07-24,23.551545152006504,23.561387226349897,23.246448356096273,23.492494583129883,102100,0.0,0
2020-07-27,23.50233554615572,23.80743422919188,23.50233554615572,23.679489135742188,136200,0.0,0
2020-07-28,23.74838211717533,23.74838211717533,23.48265360622017,23.541704177856445,76000,0.0,0
2020-07-29,23.541704315996153,23.79759263083331,23.541704315996153,23.76806640625,58800,0.0,0
2020-07-30,23.659806397410943,23.797591685626063,23.472810736844874,23.709014892578125,125700,0.0,0
2020-07-31,24.00426993097598,24.063322378567186,23.856642566365537,24.043638229370117,124600,0.0,0
2020-08-03,24.171582066761292,24.51604717783855,24.06332299775929,24.476680755615234,160600,0.0,0
2020-08-04,24.31920909566583,24.5258889103004,24.31920909566583,24.496362686157227,111200,0.0,0
2020-08-05,24.506203828130168,24.604622694344293,24.456995333614977,24.5554141998291,102800,0.0,0
2020-08-06,24.59478154194167,24.732566833496097,24.45699625038725,24.732566833496094,143700,0.0,0
2020-08-07,24.66367373200169,24.732566376505954,24.417627500381446,24.525888442993164,79500,0.0,0
2020-08-10,24.565255657465965,24.712884902954105,24.368419792121504,24.7128849029541,101100,0.0,0
2020-08-11,24.67351643360726,24.752251154639435,24.40778604617974,24.486520767211914,106500,0.0,0
2020-08-12,24.516046667117376,24.821143472431668,24.516046667117376,24.742408752441406,149400,0.0,0
2020-08-13,24.8408271451985,25.14592394466006,24.811300921824635,25.00813865661621,170500,0.0,0
2020-08-14,25.037664400156714,25.037664400156714,24.811300446329415,24.9195613861084,74500,0.0,0
2020-08-17,25.15576603016303,25.15576603016303,24.89003752841662,25.12624168395996,156700,0.0,0
2020-08-18,25.10655719437076,25.24434248060553,24.998296253938452,25.145923614501953,164700,0.0,0
2020-08-19,25.145924579232855,25.234501374405976,25.008139287711913,25.08687400817871,101700,0.0,0
2020-08-20,25.086874016192635,25.28371175601441,24.998297220991216,25.20497703552246,118700,0.0,0
2020-08-21,25.244342493178433,25.273868716179333,25.106557206875042,25.264026641845703,183100,0.0,0
2020-08-24,25.382130767278436,25.559282481484022,25.273869822055172,25.431339263916016,109700,0.0,0
2020-08-25,25.45102182998863,25.529756546020508,25.37228711395675,25.529756546020508,122800,0.0,0
2020-08-26,25.539600193763906,25.765962281654616,25.539600193763906,25.667543411254883,151000,0.0,0
2020-08-27,25.628175735473636,25.697068378227534,25.36244536155112,25.628175735473633,136300,0.0,0
2020-08-28,25.706910745983546,25.75611924074562,25.598649804886488,25.726593017578125,77400,0.0,0
2020-08-31,25.834854137018798,25.98248149950787,25.72659319517439,25.952957153320312,119700,0.0,0
2020-09-01,25.962797796653685,26.159635534810104,25.893905151454078,26.041532516479492,206800,0.0,0
2020-09-02,26.30726321484588,26.54346737715168,26.080901127284132,26.494258880615234,537100,0.0,0
2020-09-03,26.395839254653403,26.395839254653403,24.77193451205307,25.12624168395996,469400,0.0,0
2020-09-04,24.939245859101305,25.24434265668509,23.12834546802586,24.42746925354004,497900,0.0,0
2020-09-08,23.600753316351813,24.112529911945774,23.43344180922239,23.866483688354492,385800,0.0,0
2020-09-09,24.220791804400363,24.909720131263235,24.063322365278346,24.6341495513916,263300,0.0,0
2020-09-10,25.067190204934917,25.106558504303884,24.466838657028884,24.59478187561035,240900,0.0,0
2020-09-11,24.732566703539998,24.732566703539998,24.043638372204015,24.270000457763672,246600,0.0,0
2020-09-14,24.739999771118164,24.850000381469727,24.540000915527344,24.559999465942383,131400,0.39,0
2020-09-15,24.829999923706055,25.110000610351562,24.739999771118164,24.81999969482422,232200,0.0,0
2020-09-16,24.979999542236328,25.020000457763672,24.520000457763672,24.639999389648438,105100,0.0,0
2020-09-17,24.329999923706055,24.540000915527344,24.059999465942383,24.479999542236328,141700,0.0,0
2020-09-18,24.6299991607666,24.6299991607666,23.899999618530273,24.229999542236328,124000,0.0,0
2020-09-21,23.899999618530273,24.049999237060547,23.579999923706055,24.010000228881836,292500,0.0,0
2020-09-22,24.3799991607666,24.43000030517578,23.969999313354492,24.15999984741211,160200,0.0,0
2020-09-23,24.200000762939453,24.299999237060547,23.59000015258789,23.639999389648438,151400,0.0,0
2020-09-24,23.520000457763672,23.93000030517578,23.389999389648438,23.479999542236328,185900,0.0,0
2020-09-25,23.479999542236328,24.030000686645508,23.399999618530273,24.030000686645508,207100,0.0,0
2020-09-28,24.290000915527344,24.389999389648438,24.18000030517578,24.290000915527344,157200,0.0,0
2020-09-29,24.309999465942383,24.389999389648438,24.049999237060547,24.1299991607666,242800,0.0,0
2020-09-30,24.190000534057617,24.549999237060547,24.190000534057617,24.34000015258789,132500,0.0,0
2020-10-01,24.350000381469727,24.959999084472656,24.350000381469727,24.84000015258789,166600,0.0,0
2020-10-02,24.6299991607666,24.719999313354492,24.170000076293945,24.31999969482422,228300,0.0,0
2020-10-05,24.3700008392334,24.559999465942383,24.329999923706055,24.540000915527344,117400,0.0,0
2020-10-06,24.489999771118164,24.719999313354492,24.280000686645508,24.309999465942383,114700,0.0,0
2020-10-07,24.649999618530273,24.649999618530273,24.440000534057617,24.56999969482422,109600,0.0,0
2020-10-08,24.59000015258789,24.6200008392334,24.329999923706055,24.40999984741211,245100,0.0,0
2020-10-09,24.459999084472656,24.690000534057617,24.459999084472656,24.579999923706055,121800,0.0,0
2020-10-12,24.68000030517578,25.1200008392334,24.68000030517578,24.979999542236328,169100,0.0,0
2020-10-13,24.979999542236328,25.010000228881836,24.780000686645508,24.8700008392334,77200,0.0,0
2020-10-14,24.899999618530273,24.959999084472656,24.559999465942383,24.709999084472656,110200,0.0,0
2020-10-15,24.579999923706055,24.739999771118164,24.399999618530273,24.559999465942383,130800,0.0,0
2020-10-16,24.719999313354492,24.829999923706055,24.43000030517578,24.450000762939453,122200,0.0,0
2020-10-19,24.5,24.520000457763672,23.969999313354492,24.020000457763672,161300,0.0,0
2020-10-20,24.020000457763672,24.139999389648438,23.799999237060547,24.09000015258789,189400,0.0,0
2020-10-21,24.1299991607666,24.229999542236328,23.979999542236328,24.020000457763672,93200,0.0,0
2020-10-22,24.110000610351562,24.1200008392334,23.809999465942383,23.940000534057617,100100,0.0,0
2020-10-23,24.030000686645508,24.040000915527344,23.850000381469727,23.979999542236328,79500,0.0,0
2020-10-26,23.8799991607666,23.920000076293945,23.5,23.6299991607666,145000,0.0,0
2020-10-27,23.780000686645508,23.959999084472656,23.520000457763672,23.649999618530273,133100,0.0,0
2020-10-28,23.43000030517578,23.43000030517578,22.829999923706055,22.860000610351562,196400,0.0,0
2020-10-29,22.65999984741211,23.299999237060547,22.639999389648438,23.200000762939453,139200,0.0,0
2020-10-30,23.09000015258789,23.170000076293945,22.309999465942383,22.520000457763672,218300,0.0,0
2020-11-02,22.600000381469727,22.809999465942383,22.229999542236328,22.299999237060547,275800,0.0,0
2020-11-03,22.34000015258789,22.780000686645508,22.34000015258789,22.6200008392334,139200,0.0,0
2020-11-04,22.84000015258789,23.56999969482422,22.84000015258789,23.309999465942383,190200,0.0,0
2020-11-05,23.729999542236328,24.399999618530273,23.729999542236328,24.34000015258789,284300,0.0,0
2020-11-06,24.229999542236328,24.3700008392334,24.09000015258789,24.25,180500,0.0,0
2020-11-09,24.84000015258789,25.149999618530273,24.260000228881836,24.299999237060547,265200,0.0,0
